subject,trial_order,video_label,category,main_condition,previous_category,previous_video_label,recovery_is_endvid,recovery_bin,time_mid_s,hr_bpm,hr_rr_count,hr_delta_bpm,scl_us,scl_delta_us,stimulus_end_valence,stimulus_end_arousal
1,1,boring-1,boring,False,,,False,1,5.0,75.58464962534369,13,1.1412448765881607,6.909256799999997,-1.236345599999999,5.163487130600571,2.0333617731172544
1,1,boring-1,boring,False,,,False,2,15.0,77.2758088256454,13,2.8324040768898726,6.846962399999998,-1.298639999999998,5.163487130600571,2.0333617731172544
1,1,boring-1,boring,False,,,False,3,25.0,75.3942098417338,12,0.9508050929782712,6.7783631999999985,-1.3672391999999975,5.163487130600571,2.0333617731172544
1,1,boring-1,boring,False,,,False,4,35.0,74.10701779198966,12,-0.33638695676586394,6.716464799999995,-1.4291376000000007,5.163487130600571,2.0333617731172544
1,1,boring-1,boring,False,,,False,5,45.0,76.2210954706913,13,1.7776907219357696,6.6494399999999985,-1.4961623999999976,5.163487130600571,2.0333617731172544
1,1,boring-1,boring,False,,,False,6,55.0,77.78817047589672,13,3.344765727141194,6.580442399999997,-1.5651599999999988,5.163487130600571,2.0333617731172544
1,1,boring-1,boring,False,,,False,7,65.0,76.91105313511703,13,2.4676483863615033,6.516575999999996,-1.6290263999999999,5.163487130600571,2.0333617731172544
1,1,boring-1,boring,False,,,False,8,75.0,82.29762286033477,14,7.854218111579243,6.455467199999997,-1.6901351999999994,5.163487130600571,2.0333617731172544
1,1,boring-1,boring,False,,,False,9,85.0,81.69068362044139,13,7.2472788716858645,6.397905599999996,-1.7476968,5.163487130600571,2.0333617731172544
1,1,boring-1,boring,False,,,False,10,95.0,77.70066961694802,13,3.257264868192493,6.340739999999997,-1.8048623999999993,5.163487130600571,2.0333617731172544
1,1,boring-1,boring,False,,,False,11,105.0,76.43216438177946,13,1.9887596330239319,6.278843999999995,-1.866758400000001,5.163487130600571,2.0333617731172544
1,1,boring-1,boring,False,,,False,12,115.0,75.72979008233806,12,1.2863853335825297,6.218522399999996,-1.9270800000000001,5.163487130600571,2.0333617731172544
1,2,amusing-1,amusing,True,boring,boring-1,False,1,5.0,73.14721407814584,12,-5.397319522347232,5.320017599999996,-1.0479916000000005,8.865371456399368,6.17763097377103
1,2,amusing-1,amusing,True,boring,boring-1,False,2,15.0,76.43198484722144,13,-2.112548753271625,5.292026399999996,-1.0759828000000011,8.865371456399368,6.17763097377103
1,2,amusing-1,amusing,True,boring,boring-1,False,3,25.0,72.01322857211602,12,-6.531305028377048,5.254180799999997,-1.1138284,8.865371456399368,6.17763097377103
1,2,amusing-1,amusing,True,boring,boring-1,False,4,35.0,78.09714619951195,13,-0.44738740098111407,5.220074399999997,-1.1479347999999998,8.865371456399368,6.17763097377103
1,2,amusing-1,amusing,True,boring,boring-1,False,5,45.0,77.01826832838121,12,-1.526265272111857,5.187155999999996,-1.1808532000000005,8.865371456399368,6.17763097377103
1,2,amusing-1,amusing,True,boring,boring-1,False,6,55.0,77.94132394668078,13,-0.6032096538122858,5.154038399999996,-1.2139708000000011,8.865371456399368,6.17763097377103
1,2,amusing-1,amusing,True,boring,boring-1,False,7,65.0,76.20351408708386,13,-2.3410195134092078,5.125651199999999,-1.2423579999999976,8.865371456399368,6.17763097377103
1,2,amusing-1,amusing,True,boring,boring-1,False,8,75.0,74.90496994955019,12,-3.6395636509428755,5.092929599999999,-1.275079599999998,8.865371456399368,6.17763097377103
1,2,amusing-1,amusing,True,boring,boring-1,False,9,85.0,74.85018776180178,13,-3.694345838691291,5.0598119999999955,-1.3081972000000013,8.865371456399368,6.17763097377103
1,2,amusing-1,amusing,True,boring,boring-1,False,10,95.0,74.74788844200448,12,-3.7966451584885874,5.026298399999996,-1.3417108000000004,8.865371456399368,6.17763097377103
1,2,amusing-1,amusing,True,boring,boring-1,False,11,105.0,77.50652563661346,13,-1.0380079638796076,4.993576799999996,-1.3744324000000008,8.865371456399368,6.17763097377103
1,2,amusing-1,amusing,True,boring,boring-1,False,12,115.0,79.52033759012711,14,0.9758039896340449,4.962626399999998,-1.405382799999999,8.865371456399368,6.17763097377103
1,3,relaxed-1,relaxed,False,amusing,amusing-1,False,1,5.0,78.9636441959845,13,2.5947872573880915,4.651759199999996,-0.39172320000000127,3.9575591992373687,6.276034699714013
1,3,relaxed-1,relaxed,False,amusing,amusing-1,False,2,15.0,79.25756878507181,13,2.8887118464754025,4.647427199999998,-0.3960551999999993,3.9575591992373687,6.276034699714013
1,3,relaxed-1,relaxed,False,amusing,amusing-1,False,3,25.0,75.49715542985324,13,-0.8717015087431719,4.6643735999999985,-0.37910879999999914,3.9575591992373687,6.276034699714013
1,3,relaxed-1,relaxed,False,amusing,amusing-1,False,4,35.0,75.16415651280633,12,-1.2047004257900795,4.646236799999995,-0.3972456000000024,3.9575591992373687,6.276034699714013
1,3,relaxed-1,relaxed,False,amusing,amusing-1,False,5,45.0,75.68699258649924,13,-0.6818643520971648,4.617849599999997,-0.4256328000000007,3.9575591992373687,6.276034699714013
1,3,relaxed-1,relaxed,False,amusing,amusing-1,False,6,55.0,78.51041381195999,13,2.1415568733635837,4.584931199999998,-0.4585511999999996,3.9575591992373687,6.276034699714013
1,3,relaxed-1,relaxed,False,amusing,amusing-1,False,7,65.0,77.65205160968682,13,1.2831946710904134,4.5492551999999975,-0.4942272000000001,3.9575591992373687,6.276034699714013
1,3,relaxed-1,relaxed,False,amusing,amusing-1,False,8,75.0,77.5445316822672,13,1.1756747436707968,4.511207999999995,-0.5322744000000021,3.9575591992373687,6.276034699714013
1,3,relaxed-1,relaxed,False,amusing,amusing-1,False,9,85.0,76.33375005439693,12,-0.03510688419947883,4.478287199999997,-0.5651952000000007,3.9575591992373687,6.276034699714013
1,3,relaxed-1,relaxed,False,amusing,amusing-1,False,10,95.0,77.1832219972333,13,0.8143650586368949,4.4487191999999975,-0.5947632,3.9575591992373687,6.276034699714013
1,3,relaxed-1,relaxed,False,amusing,amusing-1,False,11,105.0,78.55606793731168,13,2.1872109987152726,4.419940799999997,-0.6235416000000003,3.9575591992373687,6.276034699714013
1,3,relaxed-1,relaxed,False,amusing,amusing-1,False,12,115.0,74.22526466973616,12,-2.143592268860246,4.3950983999999975,-0.6483840000000001,3.9575591992373687,6.276034699714013
1,4,scary-1,scary,True,relaxed,relaxed-1,False,1,5.0,73.6512804656935,12,-3.3075949110707654,16.669425599999993,12.202340799999996,0.5,8.96978503336511
1,4,scary-1,scary,True,relaxed,relaxed-1,False,2,15.0,68.36079388183451,11,-8.598081494929758,16.647547199999998,12.180462400000001,0.5,8.96978503336511
1,4,scary-1,scary,True,relaxed,relaxed-1,False,3,25.0,69.06571569891463,11,-7.8931596778496385,16.392662399999995,11.925577599999999,0.5,8.96978503336511
1,4,scary-1,scary,True,relaxed,relaxed-1,False,4,35.0,65.38760609874538,11,-11.571269278018889,16.0392072,11.572122400000003,0.5,8.96978503336511
1,4,scary-1,scary,True,relaxed,relaxed-1,False,5,45.0,68.0333775907888,11,-8.925497785975466,15.722027999999995,11.254943199999998,0.5,8.96978503336511
1,4,scary-1,scary,True,relaxed,relaxed-1,False,6,55.0,73.26398382513389,12,-3.694891551630377,15.3979512,10.930866400000003,0.5,8.96978503336511
1,4,scary-1,scary,True,relaxed,relaxed-1,False,7,65.0,71.41501637791792,12,-5.543858998846346,15.058891199999994,10.591806399999998,0.5,8.96978503336511
1,4,scary-1,scary,True,relaxed,relaxed-1,False,8,75.0,72.10166074816671,12,-4.857214628597561,15.000539999999997,10.5334552,0.5,8.96978503336511
1,4,scary-1,scary,True,relaxed,relaxed-1,False,9,85.0,71.73982000933908,12,-5.2190553674251845,14.627183999999994,10.160099199999998,0.5,8.96978503336511
1,4,scary-1,scary,True,relaxed,relaxed-1,False,10,95.0,70.71456200845711,12,-6.244313368307161,14.279056799999996,9.811971999999999,0.5,8.96978503336511
1,4,scary-1,scary,True,relaxed,relaxed-1,False,11,105.0,69.3124386922233,11,-7.646436684540973,13.936444799999995,9.469359999999998,0.5,8.96978503336511
1,4,scary-1,scary,True,relaxed,relaxed-1,False,12,115.0,74.6581470095623,12,-2.3007283672019696,13.587532799999996,9.120448,0.5,8.96978503336511
1,5,boring-2,boring,False,scary,scary-1,False,1,5.0,75.31880131650279,13,3.6288393523369535,9.011419199999995,-5.403522399999998,6.229085986653955,4.161751382268828
1,5,boring-2,boring,False,scary,scary-1,False,2,15.0,82.7605439836309,13,11.070582019465064,8.809953599999996,-5.604987999999997,6.229085986653955,4.161751382268828
1,5,boring-2,boring,False,scary,scary-1,False,3,25.0,75.15563542592571,13,3.4656734617598772,8.621109599999999,-5.793831999999995,6.229085986653955,4.161751382268828
1,5,boring-2,boring,False,scary,scary-1,False,4,35.0,76.09439388358992,12,4.404431919424084,8.591140799999996,-5.823800799999997,6.229085986653955,4.161751382268828
1,5,boring-2,boring,False,scary,scary-1,False,5,45.0,76.45074813350706,13,4.76078616934123,8.699169599999994,-5.715771999999999,6.229085986653955,4.161751382268828
1,5,boring-2,boring,False,scary,scary-1,False,6,55.0,79.58631120554358,13,7.896349241377749,8.581288799999998,-5.833652799999996,6.229085986653955,4.161751382268828
1,5,boring-2,boring,False,scary,scary-1,False,7,65.0,69.94002696965386,12,-1.7499349945119747,8.448028799999996,-5.966912799999998,6.229085986653955,4.161751382268828
1,5,boring-2,boring,False,scary,scary-1,False,8,75.0,69.9394586329452,12,-1.750503331220628,8.291510399999998,-6.123431199999995,6.229085986653955,4.161751382268828
1,5,boring-2,boring,False,scary,scary-1,False,9,85.0,72.27750260321599,12,0.587540639050161,8.135779199999995,-6.279162399999999,6.229085986653955,4.161751382268828
1,5,boring-2,boring,False,scary,scary-1,False,10,95.0,75.66261919152102,12,3.9726572273551852,7.977679199999997,-6.437262399999996,6.229085986653955,4.161751382268828
1,5,boring-2,boring,False,scary,scary-1,False,11,105.0,77.51578923646005,13,5.8258272722942195,7.828653599999998,-6.586287999999995,6.229085986653955,4.161751382268828
1,5,boring-2,boring,False,scary,scary-1,False,12,115.0,76.3921127875034,13,4.702150823337561,7.681207199999998,-6.733734399999996,6.229085986653955,4.161751382268828
1,6,amusing-2,amusing,True,boring,boring-2,False,1,5.0,79.14246779538168,12,5.431143267279552,11.109242399999996,3.0487659999999988,9.373223260247853,7.2305277407054325
1,6,amusing-2,amusing,True,boring,boring-2,False,2,15.0,72.68577099321398,12,-1.0255535348881466,11.575058399999998,3.5145820000000008,9.373223260247853,7.2305277407054325
1,6,amusing-2,amusing,True,boring,boring-2,False,3,25.0,70.15231981726477,12,-3.559004710837357,11.451064799999997,3.3905884000000004,9.373223260247853,7.2305277407054325
1,6,amusing-2,amusing,True,boring,boring-2,False,4,35.0,62.51061205453493,10,-11.200712473567194,11.378128799999995,3.3176523999999983,9.373223260247853,7.2305277407054325
1,6,amusing-2,amusing,True,boring,boring-2,False,5,45.0,69.1108462603378,12,-4.6004782677643306,11.228702399999996,3.168225999999999,9.373223260247853,7.2305277407054325
1,6,amusing-2,amusing,True,boring,boring-2,False,6,55.0,73.72656534695113,12,0.01524081884900852,11.084404799999998,3.023928400000001,9.373223260247853,7.2305277407054325
1,6,amusing-2,amusing,True,boring,boring-2,False,7,65.0,73.33077243026679,12,-0.3805520978353343,10.910543999999996,2.850067599999999,9.373223260247853,7.2305277407054325
1,6,amusing-2,amusing,True,boring,boring-2,False,8,75.0,69.92037924556075,12,-3.7909452825413723,10.693701599999999,2.633225200000002,9.373223260247853,7.2305277407054325
1,6,amusing-2,amusing,True,boring,boring-2,False,9,85.0,73.03344395638696,12,-0.6778805717151641,10.435855199999997,2.3753788,9.373223260247853,7.2305277407054325
1,6,amusing-2,amusing,True,boring,boring-2,False,10,95.0,74.05017114027413,12,0.33884661217200573,10.157121599999998,2.096645200000001,9.373223260247853,7.2305277407054325
1,6,amusing-2,amusing,True,boring,boring-2,False,11,105.0,76.32698966224419,12,2.6156651341420627,9.868132799999998,1.8076564000000008,9.373223260247853,7.2305277407054325
1,6,amusing-2,amusing,True,boring,boring-2,False,12,115.0,71.61940256146595,12,-2.0919219666361784,9.576775199999997,1.5162987999999995,9.373223260247853,7.2305277407054325
1,7,relaxed-2,relaxed,False,amusing,amusing-2,False,1,5.0,79.14702381384174,13,6.100163981141947,6.749973599999995,-3.5237148000000005,5.083669859680338,4.943570583957056
1,7,relaxed-2,relaxed,False,amusing,amusing-2,False,2,15.0,75.15413840036676,12,2.1072785676669668,6.656932799999995,-3.6167556000000003,5.083669859680338,4.943570583957056
1,7,relaxed-2,relaxed,False,amusing,amusing-2,False,3,25.0,72.11594374189427,12,-0.9309160908055247,6.565855199999997,-3.7078331999999987,5.083669859680338,4.943570583957056
1,7,relaxed-2,relaxed,False,amusing,amusing-2,False,4,35.0,72.65592657188371,12,-0.3909332608160838,6.477938399999997,-3.795749999999999,5.083669859680338,4.943570583957056
1,7,relaxed-2,relaxed,False,amusing,amusing-2,False,5,45.0,72.65766118288678,12,-0.3891986498130109,6.3912071999999975,-3.882481199999998,5.083669859680338,4.943570583957056
1,7,relaxed-2,relaxed,False,amusing,amusing-2,False,6,55.0,71.2796890614756,12,-1.767170771224201,6.316689599999997,-3.956998799999999,5.083669859680338,4.943570583957056
1,7,relaxed-2,relaxed,False,amusing,amusing-2,False,7,65.0,75.07812257570104,13,2.0312627430012498,6.234292799999997,-4.039395599999999,5.083669859680338,4.943570583957056
1,7,relaxed-2,relaxed,False,amusing,amusing-2,False,8,75.0,80.6887644912059,13,7.641904658506107,6.1637207999999974,-4.109967599999998,5.083669859680338,4.943570583957056
1,7,relaxed-2,relaxed,False,amusing,amusing-2,False,9,85.0,78.43420753792483,13,5.387347705225039,6.092755199999997,-4.180933199999998,5.083669859680338,4.943570583957056
1,7,relaxed-2,relaxed,False,amusing,amusing-2,False,10,95.0,76.00663004900284,13,2.959770216303042,6.025142399999998,-4.2485459999999975,5.083669859680338,4.943570583957056
1,7,relaxed-2,relaxed,False,amusing,amusing-2,False,11,105.0,73.9194651257758,12,0.8726052930760062,5.964230399999999,-4.309457999999997,5.083669859680338,4.943570583957056
1,7,relaxed-2,relaxed,False,amusing,amusing-2,False,12,115.0,75.37523515298575,13,2.328375320285957,5.903121599999996,-4.3705668,5.083669859680338,4.943570583957056
1,8,scary-2,scary,True,relaxed,relaxed-2,True,1,5.0,74.96772817364932,12,-1.6506102548957813,7.102041599999998,1.0381644000000003,0.5,9.5
1,8,scary-2,scary,True,relaxed,relaxed-2,True,2,15.0,75.69069255625568,12,-0.9276458722894176,7.316519999999997,1.2526427999999994,0.5,9.5
1,8,scary-2,scary,True,relaxed,relaxed-2,True,3,25.0,67.53699490189013,12,-9.081343526654976,7.491962399999997,1.428085199999999,0.5,9.5
1,8,scary-2,scary,True,relaxed,relaxed-2,True,4,35.0,67.93887822250694,11,-8.679460206038158,7.670164799999997,1.606287599999999,0.5,9.5
1,8,scary-2,scary,True,relaxed,relaxed-2,True,5,45.0,68.9844396374155,11,-7.633898791129596,7.723391999999995,1.6595147999999975,0.5,9.5
1,8,scary-2,scary,True,relaxed,relaxed-2,True,6,55.0,68.15975858973464,12,-8.458579838810465,7.714315199999997,1.6504379999999994,0.5,9.5
1,8,scary-2,scary,True,relaxed,relaxed-2,True,7,65.0,79.59290729846137,13,2.9745688699162685,7.713926399999994,1.6500491999999962,0.5,9.5
1,8,scary-2,scary,True,relaxed,relaxed-2,True,8,75.0,73.99583639428961,12,-2.62250203425549,7.6835711999999985,1.6196940000000009,0.5,9.5
1,8,scary-2,scary,True,relaxed,relaxed-2,True,9,85.0,72.4600965168796,12,-4.158241911665499,7.624828799999996,1.5609515999999983,0.5,9.5
1,8,scary-2,scary,True,relaxed,relaxed-2,True,10,95.0,72.55084531461162,12,-4.06749311393348,7.5270504,1.4631732000000026,0.5,9.5
1,8,scary-2,scary,True,relaxed,relaxed-2,True,11,105.0,72.12555450100818,12,-4.4927839275369195,7.403258399999997,1.3393811999999992,0.5,9.5
1,8,scary-2,scary,True,relaxed,relaxed-2,True,12,115.0,69.63102628409024,12,-6.987312144454862,7.274773333333333,1.2108961333333355,0.5,9.5
2,1,amusing-2,amusing,True,,,False,1,5.0,65.74737984381574,10,0.9516559671932328,28.0654248,19.0629452,4.290807721639657,5.623001334604385
2,1,amusing-2,amusing,True,,,False,2,15.0,66.1601645370037,11,1.3644406603811916,27.32165759999999,18.319177999999994,4.290807721639657,5.623001334604385
2,1,amusing-2,amusing,True,,,False,3,25.0,61.833980267137356,11,-2.961743609485147,26.493515999999993,17.49103639999999,4.290807721639657,5.623001334604385
2,1,amusing-2,amusing,True,,,False,4,35.0,61.69963110363822,10,-3.096092772984285,26.077772400000004,17.075292800000007,4.290807721639657,5.623001334604385
2,1,amusing-2,amusing,True,,,False,5,45.0,62.90931313825068,10,-1.886410738371822,25.875712799999995,16.873233199999994,4.290807721639657,5.623001334604385
2,1,amusing-2,amusing,True,,,False,6,55.0,61.62567343929097,11,-3.1700504373315326,25.610771999999997,16.608292399999996,4.290807721639657,5.623001334604385
2,1,amusing-2,amusing,True,,,False,7,65.0,63.11378223946963,10,-1.6819416371528746,25.422517199999994,16.420037599999993,4.290807721639657,5.623001334604385
2,1,amusing-2,amusing,True,,,False,8,75.0,61.114800442832575,10,-3.6809234337899284,24.8262024,15.8237228,4.290807721639657,5.623001334604385
2,1,amusing-2,amusing,True,,,False,9,85.0,62.41400972135414,11,-2.3817141552683623,23.892204,14.8897244,4.290807721639657,5.623001334604385
2,1,amusing-2,amusing,True,,,False,10,95.0,71.82961909159424,12,7.033895214971736,23.198316,14.1958364,4.290807721639657,5.623001334604385
2,1,amusing-2,amusing,True,,,False,11,105.0,63.91942158674565,10,-0.876302289876854,22.959787199999994,13.957307599999995,4.290807721639657,5.623001334604385
2,1,amusing-2,amusing,True,,,False,12,115.0,61.67859917301323,10,-3.117124703609271,22.4705124,13.468032800000001,4.290807721639657,5.623001334604385
2,2,relaxed-2,relaxed,False,amusing,amusing-2,False,1,5.0,63.40951754854679,10,-0.8250153158125357,9.843491999999996,-13.951431200000007,5.195438703527168,4.877054337464251
2,2,relaxed-2,relaxed,False,amusing,amusing-2,False,2,15.0,63.1858529436889,11,-1.0486799206704234,9.583478399999997,-14.211444800000006,5.195438703527168,4.877054337464251
2,2,relaxed-2,relaxed,False,amusing,amusing-2,False,3,25.0,62.78174594516512,10,-1.452786919194203,9.477424799999998,-14.317498400000005,5.195438703527168,4.877054337464251
2,2,relaxed-2,relaxed,False,amusing,amusing-2,False,4,35.0,65.91944525924393,11,1.6849123948846056,9.160250399999995,-14.634672800000008,5.195438703527168,4.877054337464251
2,2,relaxed-2,relaxed,False,amusing,amusing-2,False,5,45.0,64.36886825636729,11,0.1343353920079693,9.066220799999996,-14.728702400000007,5.195438703527168,4.877054337464251
2,2,relaxed-2,relaxed,False,amusing,amusing-2,False,6,55.0,63.86208675530188,10,-0.37244610905744224,8.829669599999997,-14.965253600000006,5.195438703527168,4.877054337464251
2,2,relaxed-2,relaxed,False,amusing,amusing-2,False,7,65.0,63.491980971686125,11,-0.7425518926731982,8.557235999999994,-15.237687200000009,5.195438703527168,4.877054337464251
2,2,relaxed-2,relaxed,False,amusing,amusing-2,False,8,75.0,63.940206232138664,10,-0.2943266322206597,8.2652952,-15.529628000000002,5.195438703527168,4.877054337464251
2,2,relaxed-2,relaxed,False,amusing,amusing-2,False,9,85.0,67.31691437263544,12,3.0823815082761143,8.007648,-15.787275200000003,5.195438703527168,4.877054337464251
2,2,relaxed-2,relaxed,False,amusing,amusing-2,False,10,95.0,64.31710182613354,10,0.08256896177421424,7.791986399999996,-16.002936800000008,5.195438703527168,4.877054337464251
2,2,relaxed-2,relaxed,False,amusing,amusing-2,False,11,105.0,66.59715060442021,11,2.362617740060884,7.627975199999996,-16.166948000000005,5.195438703527168,4.877054337464251
2,2,relaxed-2,relaxed,False,amusing,amusing-2,False,12,115.0,65.82651521014103,11,1.5919823457817017,7.425333599999997,-16.369589600000005,5.195438703527168,4.877054337464251
2,3,boring-2,boring,False,relaxed,relaxed-2,False,1,5.0,65.11959469402501,11,-0.19499250140680147,5.374425599999997,-2.5714868000000006,5.100485414680648,3.7630207816968544
2,3,boring-2,boring,False,relaxed,relaxed-2,False,2,15.0,77.47838184236406,13,12.163794646932246,7.387089599999999,-0.5588227999999988,5.100485414680648,3.7630207816968544
2,3,boring-2,boring,False,relaxed,relaxed-2,False,3,25.0,81.02037793390545,13,15.705790738473638,11.267733599999996,3.3218211999999987,5.100485414680648,3.7630207816968544
2,3,boring-2,boring,False,relaxed,relaxed-2,False,4,35.0,73.56195186709992,12,8.247364671668109,12.250217999999995,4.3043055999999975,5.100485414680648,3.7630207816968544
2,3,boring-2,boring,False,relaxed,relaxed-2,False,5,45.0,67.77363540766201,11,2.4590482122302006,12.636983999999998,4.691071600000001,5.100485414680648,3.7630207816968544
2,3,boring-2,boring,False,relaxed,relaxed-2,False,6,55.0,67.90653956539865,12,2.591952369966833,12.603472799999997,4.6575603999999995,5.100485414680648,3.7630207816968544
2,3,boring-2,boring,False,relaxed,relaxed-2,False,7,65.0,65.36758857135173,11,0.05300137591991927,12.243122399999997,4.29721,5.100485414680648,3.7630207816968544
2,3,boring-2,boring,False,relaxed,relaxed-2,False,8,75.0,65.00243134614027,10,-0.3121558492915426,11.597726399999997,3.651814,5.100485414680648,3.7630207816968544
2,3,boring-2,boring,False,relaxed,relaxed-2,False,9,85.0,75.16281941925675,13,9.848232223824937,10.863227999999998,2.9173156000000002,5.100485414680648,3.7630207816968544
2,3,boring-2,boring,False,relaxed,relaxed-2,False,10,95.0,72.58719753369014,12,7.272610338258332,11.558297999999995,3.612385599999998,5.100485414680648,3.7630207816968544
2,3,boring-2,boring,False,relaxed,relaxed-2,False,11,105.0,67.9545882453619,11,2.640001049930092,11.866999199999997,3.9210867999999994,5.100485414680648,3.7630207816968544
2,3,boring-2,boring,False,relaxed,relaxed-2,False,12,115.0,69.41060702018336,12,4.096019824751551,11.683672799999998,3.737760400000001,5.100485414680648,3.7630207816968544
2,4,scary-2,scary,True,boring,boring-2,False,1,5.0,64.34630115194568,10,-5.184982406635086,31.651406399999996,20.0158986,1.3571157292659677,8.63728808388942
2,4,scary-2,scary,True,boring,boring-2,False,2,15.0,60.057581670285174,10,-9.473701888295594,30.73692239999999,19.10141459999999,1.3571157292659677,8.63728808388942
2,4,scary-2,scary,True,boring,boring-2,False,3,25.0,62.713950341003304,11,-6.817333217577463,29.736688800000003,18.101181000000004,1.3571157292659677,8.63728808388942
2,4,scary-2,scary,True,boring,boring-2,False,4,35.0,66.10253731010104,10,-3.428746248479726,29.247609599999997,17.612101799999998,1.3571157292659677,8.63728808388942
2,4,scary-2,scary,True,boring,boring-2,False,5,45.0,64.66174279002756,11,-4.8695407685532075,28.507389599999993,16.871881799999997,1.3571157292659677,8.63728808388942
2,4,scary-2,scary,True,boring,boring-2,False,6,55.0,65.10065128487501,11,-4.430632273705754,27.7279368,16.092429000000003,1.3571157292659677,8.63728808388942
2,4,scary-2,scary,True,boring,boring-2,False,7,65.0,67.13354136470545,11,-2.3977421938753167,26.82074879999999,15.185240999999992,1.3571157292659677,8.63728808388942
2,4,scary-2,scary,True,boring,boring-2,False,8,75.0,66.93318479383876,11,-2.598098764742005,25.820124,14.184616200000002,1.3571157292659677,8.63728808388942
2,4,scary-2,scary,True,boring,boring-2,False,9,85.0,70.60286411487296,12,1.07158055629219,24.712656,13.077148200000002,1.3571157292659677,8.63728808388942
2,4,scary-2,scary,True,boring,boring-2,False,10,95.0,66.78171934978263,11,-2.749564208798134,23.523179999999996,11.887672199999999,1.3571157292659677,8.63728808388942
2,4,scary-2,scary,True,boring,boring-2,False,11,105.0,66.0076507332992,11,-3.5236328252815667,22.284619199999998,10.6491114,1.3571157292659677,8.63728808388942
2,4,scary-2,scary,True,boring,boring-2,False,12,115.0,67.8389954021376,11,-1.692288156443169,21.1714368,9.535929000000001,1.3571157292659677,8.63728808388942
2,5,amusing-1,amusing,True,scary,scary-2,False,1,5.0,63.08977156565765,11,-4.505457948668841,15.065594399999998,-8.989866400000004,6.788244518589132,5.98446558627264
2,5,amusing-1,amusing,True,scary,scary-2,False,2,15.0,62.60522455551752,10,-4.990004958808967,16.392859199999997,-7.662601600000006,6.788244518589132,5.98446558627264
2,5,amusing-1,amusing,True,scary,scary-2,False,3,25.0,69.82644536551629,12,2.231215851189802,16.737235199999997,-7.318225600000005,6.788244518589132,5.98446558627264
2,5,amusing-1,amusing,True,scary,scary-2,False,4,35.0,66.32702496749617,11,-1.2682045468303187,16.289955599999992,-7.76550520000001,6.788244518589132,5.98446558627264
2,5,amusing-1,amusing,True,scary,scary-2,False,5,45.0,66.04895318910594,11,-1.5462763252205463,18.220031999999996,-5.835428800000006,6.788244518589132,5.98446558627264
2,5,amusing-1,amusing,True,scary,scary-2,False,6,55.0,66.83858539422336,11,-0.7566441201031324,18.497589599999994,-5.557871200000008,6.788244518589132,5.98446558627264
2,5,amusing-1,amusing,True,scary,scary-2,False,7,65.0,66.58011823021066,11,-1.0151112841158323,18.0635112,-5.991949600000002,6.788244518589132,5.98446558627264
2,5,amusing-1,amusing,True,scary,scary-2,False,8,75.0,64.2934101843012,11,-3.301819330025296,17.345181599999997,-6.710279200000006,6.788244518589132,5.98446558627264
2,5,amusing-1,amusing,True,scary,scary-2,False,9,85.0,64.5525633833778,10,-3.042666130948689,16.601217599999995,-7.454243200000008,6.788244518589132,5.98446558627264
2,5,amusing-1,amusing,True,scary,scary-2,False,10,95.0,65.59178162109805,11,-2.00344789322844,15.778406399999994,-8.277054400000008,6.788244518589132,5.98446558627264
2,5,amusing-1,amusing,True,scary,scary-2,False,11,105.0,64.82952592506435,11,-2.765703589262145,14.964266399999996,-9.091194400000006,6.788244518589132,5.98446558627264
2,5,amusing-1,amusing,True,scary,scary-2,False,12,115.0,63.332110713641015,11,-4.263118800685476,15.249316799999997,-8.806144000000005,6.788244518589132,5.98446558627264
2,6,boring-1,boring,False,amusing,amusing-1,False,1,5.0,65.25146915683058,11,0.38343766065756313,12.896798399999994,-3.4368516000000007,5.169704480457579,4.144011058150619
2,6,boring-1,boring,False,amusing,amusing-1,False,2,15.0,62.57423059702769,10,-2.2938008991453245,12.336167999999997,-3.997481999999998,5.169704480457579,4.144011058150619
2,6,boring-1,boring,False,amusing,amusing-1,False,3,25.0,65.73286308526588,11,0.8648315890928586,11.822056799999997,-4.511593199999998,5.169704480457579,4.144011058150619
2,6,boring-1,boring,False,amusing,amusing-1,False,4,35.0,68.1275217340294,12,3.259490237856383,11.497977599999997,-4.835672399999998,5.169704480457579,4.144011058150619
2,6,boring-1,boring,False,amusing,amusing-1,False,5,45.0,70.0566506676248,11,5.188619171451776,11.267339999999997,-5.066309999999998,5.169704480457579,4.144011058150619
2,6,boring-1,boring,False,amusing,amusing-1,False,6,55.0,72.0817366555408,12,7.213705159367777,11.960241599999998,-4.373408399999997,5.169704480457579,4.144011058150619
2,6,boring-1,boring,False,amusing,amusing-1,False,7,65.0,70.37696783124447,12,5.5089363350714535,12.801388799999994,-3.5322612000000007,5.169704480457579,4.144011058150619
2,6,boring-1,boring,False,amusing,amusing-1,False,8,75.0,68.76690305036705,12,3.898871554194031,13.258725599999996,-3.0749243999999987,5.169704480457579,4.144011058150619
2,6,boring-1,boring,False,amusing,amusing-1,False,9,85.0,71.30885357709927,11,6.440822080926253,13.858780799999995,-2.4748692000000005,5.169704480457579,4.144011058150619
2,6,boring-1,boring,False,amusing,amusing-1,False,10,95.0,69.64869847074281,12,4.780666974569797,14.053149599999994,-2.280500400000001,5.169704480457579,4.144011058150619
2,6,boring-1,boring,False,amusing,amusing-1,False,11,105.0,72.58697894826383,12,7.718947452090816,13.681759199999997,-2.6518907999999985,5.169704480457579,4.144011058150619
2,6,boring-1,boring,False,amusing,amusing-1,False,12,115.0,69.6960831425268,12,4.828051646353785,13.1660712,-3.167578799999996,5.169704480457579,4.144011058150619
2,7,relaxed-1,relaxed,False,boring,boring-1,False,1,5.0,64.89727206820963,11,-5.48730492708377,10.623919199999998,-2.846059999999998,6.611359771210677,2.930863679694948
2,7,relaxed-1,relaxed,False,boring,boring-1,False,2,15.0,76.2010263504937,12,5.816449355200305,11.898542399999998,-1.5714367999999972,6.611359771210677,2.930863679694948
2,7,relaxed-1,relaxed,False,boring,boring-1,False,3,25.0,77.074751016965,13,6.690174021671595,12.096458399999998,-1.3735207999999979,6.611359771210677,2.930863679694948
2,7,relaxed-1,relaxed,False,boring,boring-1,False,4,35.0,71.3524285718779,12,0.9678515765844935,11.731375199999997,-1.7386039999999987,6.611359771210677,2.930863679694948
2,7,relaxed-1,relaxed,False,boring,boring-1,False,5,45.0,65.45623952718474,11,-4.928337468108666,11.264976,-2.205003199999995,6.611359771210677,2.930863679694948
2,7,relaxed-1,relaxed,False,boring,boring-1,False,6,55.0,62.32267251435252,10,-8.061904480940882,10.742193599999997,-2.727785599999999,6.611359771210677,2.930863679694948
2,7,relaxed-1,relaxed,False,boring,boring-1,False,7,65.0,63.994543861432845,11,-6.390033133860555,10.262187599999999,-3.2077915999999966,6.611359771210677,2.930863679694948
2,7,relaxed-1,relaxed,False,boring,boring-1,False,8,75.0,66.71915530285246,11,-3.665421692440944,9.827522399999998,-3.642456799999998,6.611359771210677,2.930863679694948
2,7,relaxed-1,relaxed,False,boring,boring-1,False,9,85.0,69.08330969319411,11,-1.3012673020992906,9.453770399999996,-4.016208799999999,6.611359771210677,2.930863679694948
2,7,relaxed-1,relaxed,False,boring,boring-1,False,10,95.0,68.62477787653482,12,-1.759799118758579,9.177791999999998,-4.292187199999997,6.611359771210677,2.930863679694948
2,7,relaxed-1,relaxed,False,boring,boring-1,False,11,105.0,68.62364620801782,11,-1.7609307872755835,8.935720799999997,-4.534258399999999,6.611359771210677,2.930863679694948
2,7,relaxed-1,relaxed,False,boring,boring-1,False,12,115.0,64.92973743454739,11,-5.454839560746009,8.736623999999996,-4.7333552,6.611359771210677,2.930863679694948
2,8,scary-1,scary,True,relaxed,relaxed-1,True,1,5.0,62.830508538395954,10,-4.1896653723340265,28.948365599999995,19.5494294,2.173908287038559,8.386295782518655
2,8,scary-1,scary,True,relaxed,relaxed-1,True,2,15.0,62.964604459010346,11,-4.055569451719634,28.52631119999999,19.127374999999994,2.173908287038559,8.386295782518655
2,8,scary-1,scary,True,relaxed,relaxed-1,True,3,25.0,65.91920485885814,11,-1.100969051871843,27.679835999999995,18.2808998,2.173908287038559,8.386295782518655
2,8,scary-1,scary,True,relaxed,relaxed-1,True,4,35.0,68.33709166276256,11,1.3169177520325803,27.00822,17.609283800000007,2.173908287038559,8.386295782518655
2,8,scary-1,scary,True,relaxed,relaxed-1,True,5,45.0,67.97913171387091,11,0.9589578031409332,26.9307504,17.531814200000007,2.173908287038559,8.386295782518655
2,8,scary-1,scary,True,relaxed,relaxed-1,True,6,55.0,66.06811429179818,11,-0.9520596189317985,26.4324048,17.033468600000006,2.173908287038559,8.386295782518655
2,8,scary-1,scary,True,relaxed,relaxed-1,True,7,65.0,66.11020804349621,11,-0.9099658672337654,25.7803056,16.381369400000004,2.173908287038559,8.386295782518655
2,8,scary-1,scary,True,relaxed,relaxed-1,True,8,75.0,64.91690410056947,11,-2.103269810160512,24.858139199999993,15.459202999999997,2.173908287038559,8.386295782518655
2,8,scary-1,scary,True,relaxed,relaxed-1,True,9,85.0,68.3412573441892,11,1.321083433459222,24.1610856,14.762149400000004,2.173908287038559,8.386295782518655
2,8,scary-1,scary,True,relaxed,relaxed-1,True,10,95.0,68.1532896567796,12,1.1331157460496257,23.346950399999997,13.948014200000001,2.173908287038559,8.386295782518655
2,8,scary-1,scary,True,relaxed,relaxed-1,True,11,105.0,77.25996587302555,13,10.23979196229557,23.185694399999996,13.7867582,2.173908287038559,8.386295782518655
2,8,scary-1,scary,True,relaxed,relaxed-1,True,12,115.0,77.53138156667727,12,10.511207655947288,24.552367999999994,15.153431799999998,2.173908287038559,8.386295782518655
3,1,relaxed-1,relaxed,False,,,False,1,5.0,63.1094470991129,10,2.5410413512898913,16.1728572,-2.6178302,6.425575387005032,2.6302965380814225
3,1,relaxed-1,relaxed,False,,,False,2,15.0,70.08701459642637,12,9.518608848603364,15.966069599999997,-2.824617800000002,6.425575387005032,2.6302965380814225
3,1,relaxed-1,relaxed,False,,,False,3,25.0,61.40714238218239,10,0.8387366343593854,15.947150399999998,-2.8435370000000013,6.425575387005032,2.6302965380814225
3,1,relaxed-1,relaxed,False,,,False,4,35.0,57.667727293076524,9,-2.9006784547464832,16.1241672,-2.666520200000001,6.425575387005032,2.6302965380814225
3,1,relaxed-1,relaxed,False,,,False,5,45.0,60.22533340949567,10,-0.34307233832733885,16.488460799999995,-2.3022266000000045,6.425575387005032,2.6302965380814225
3,1,relaxed-1,relaxed,False,,,False,6,55.0,59.41692036958322,10,-1.1514853782397907,16.351656,-2.439031400000001,6.425575387005032,2.6302965380814225
3,1,relaxed-1,relaxed,False,,,False,7,65.0,60.99945097670958,10,0.4310452288865747,15.943794,-2.846893399999999,6.425575387005032,2.6302965380814225
3,1,relaxed-1,relaxed,False,,,False,8,75.0,69.08900099164177,12,8.52059524381876,15.704284799999993,-3.0864026000000067,6.425575387005032,2.6302965380814225
3,1,relaxed-1,relaxed,False,,,False,9,85.0,66.07441625462963,11,5.506010506806618,16.357958399999994,-2.4327290000000055,6.425575387005032,2.6302965380814225
3,1,relaxed-1,relaxed,False,,,False,10,95.0,68.23033661838787,11,7.661930870564859,16.285027199999995,-2.505660200000005,6.425575387005032,2.6302965380814225
3,1,relaxed-1,relaxed,False,,,False,11,105.0,62.99773940561824,11,2.429333657795233,16.5582408,-2.2324465999999994,6.425575387005032,2.6302965380814225
3,1,relaxed-1,relaxed,False,,,False,12,115.0,62.22623141381713,10,1.6578256659941246,16.245599999999996,-2.5450874000000034,6.425575387005032,2.6302965380814225
3,2,scary-1,scary,True,relaxed,relaxed-1,False,1,5.0,69.05945740686492,11,3.957115085788601,34.3566168,18.1741326,2.456988308661538,8.478089341337983
3,2,scary-1,scary,True,relaxed,relaxed-1,False,2,15.0,65.59113079343868,11,0.48878847236235856,34.345579199999996,18.163095,2.456988308661538,8.478089341337983
3,2,scary-1,scary,True,relaxed,relaxed-1,False,3,25.0,58.636787475191014,10,-6.465554845885308,34.267514399999996,18.0850302,2.456988308661538,8.478089341337983
3,2,scary-1,scary,True,relaxed,relaxed-1,False,4,35.0,59.96402444468739,9,-5.138317876388932,33.4098072,17.227323000000005,2.456988308661538,8.478089341337983
3,2,scary-1,scary,True,relaxed,relaxed-1,False,5,45.0,54.723869498136686,10,-10.378472822939635,32.307451199999996,16.124966999999998,2.456988308661538,8.478089341337983
3,2,scary-1,scary,True,relaxed,relaxed-1,False,6,55.0,51.41843499735185,8,-13.683907323724469,32.20495079999999,16.022466599999994,2.456988308661538,8.478089341337983
3,2,scary-1,scary,True,relaxed,relaxed-1,False,7,65.0,54.604090370044375,9,-10.498251951031946,31.883032799999995,15.700548599999998,2.456988308661538,8.478089341337983
3,2,scary-1,scary,True,relaxed,relaxed-1,False,8,75.0,52.60543560631708,9,-12.496906714759241,31.4560512,15.273567000000003,2.456988308661538,8.478089341337983
3,2,scary-1,scary,True,relaxed,relaxed-1,False,9,85.0,56.99109535882261,9,-8.11124696225371,31.306624799999998,15.1241406,2.456988308661538,8.478089341337983
3,2,scary-1,scary,True,relaxed,relaxed-1,False,10,95.0,57.788097378011265,10,-7.314244943065056,31.589311199999997,15.406827,2.456988308661538,8.478089341337983
3,2,scary-1,scary,True,relaxed,relaxed-1,False,11,105.0,56.896740648909336,9,-8.205601672166985,31.407952799999997,15.2254686,2.456988308661538,8.478089341337983
3,2,scary-1,scary,True,relaxed,relaxed-1,False,12,115.0,53.67534282718058,9,-11.426999493895742,30.767673599999995,14.585189399999997,2.456988308661538,8.478089341337983
3,3,amusing-1,amusing,True,scary,scary-1,False,1,5.0,61.531648662761086,10,6.0619156249142065,29.195370000000004,-2.2064043999999967,8.42257273593899,6.561681601525263
3,3,amusing-1,amusing,True,scary,scary-1,False,2,15.0,58.307053960804566,10,2.8373209229576872,30.038887199999998,-1.362887200000003,8.42257273593899,6.561681601525263
3,3,amusing-1,amusing,True,scary,scary-1,False,3,25.0,61.08350885713473,10,5.613775819287852,29.736686399999996,-1.6650880000000043,8.42257273593899,6.561681601525263
3,3,amusing-1,amusing,True,scary,scary-1,False,4,35.0,59.85316979820992,10,4.38343676036304,29.455579199999995,-1.9461952000000053,8.42257273593899,6.561681601525263
3,3,amusing-1,amusing,True,scary,scary-1,False,5,45.0,55.85527607251093,9,0.38554303466405315,29.511563999999993,-1.890210400000008,8.42257273593899,6.561681601525263
3,3,amusing-1,amusing,True,scary,scary-1,False,6,55.0,51.87310422404114,8,-3.5966288138057365,29.1799896,-2.221784800000002,8.42257273593899,6.561681601525263
3,3,amusing-1,amusing,True,scary,scary-1,False,7,65.0,51.011458159418424,9,-4.458274878428455,28.836199199999992,-2.5655752000000085,8.42257273593899,6.561681601525263
3,3,amusing-1,amusing,True,scary,scary-1,False,8,75.0,56.31646828229582,9,0.8467352444489435,28.494768,-2.9070064,8.42257273593899,6.561681601525263
3,3,amusing-1,amusing,True,scary,scary-1,False,9,85.0,62.101532300130614,11,6.631799262283735,28.24067279999999,-3.161101600000009,8.42257273593899,6.561681601525263
3,3,amusing-1,amusing,True,scary,scary-1,False,10,95.0,66.99460011831023,11,11.524867080463352,28.449827999999997,-2.951946400000004,8.42257273593899,6.561681601525263
3,3,amusing-1,amusing,True,scary,scary-1,False,11,105.0,59.16078628373139,9,3.691053245884511,28.00254,-3.399234400000001,8.42257273593899,6.561681601525263
3,3,amusing-1,amusing,True,scary,scary-1,False,12,115.0,57.54414121554314,10,2.074408177696263,28.523949599999998,-2.8778248000000026,8.42257273593899,6.561681601525263
3,4,boring-1,boring,False,amusing,amusing-1,False,1,5.0,63.24377765467559,10,4.025179632857096,27.233536799999996,-1.1911228000000023,4.920770257387988,1.327244995233556
3,4,boring-1,boring,False,amusing,amusing-1,False,2,15.0,67.47942388340672,12,8.26082586158823,27.0141348,-1.4105247999999975,4.920770257387988,1.327244995233556
3,4,boring-1,boring,False,amusing,amusing-1,False,3,25.0,59.9040957118527,10,0.6854976900342038,27.154293599999995,-1.2703660000000028,4.920770257387988,1.327244995233556
3,4,boring-1,boring,False,amusing,amusing-1,False,4,35.0,59.70037685903344,10,0.4817788372149465,26.898619199999995,-1.526040400000003,4.920770257387988,1.327244995233556
3,4,boring-1,boring,False,amusing,amusing-1,False,5,45.0,55.54225809031821,9,-3.676339931500287,26.931143999999996,-1.493515600000002,4.920770257387988,1.327244995233556
3,4,boring-1,boring,False,amusing,amusing-1,False,6,55.0,56.800205353167534,9,-2.4183926686509594,27.376653599999997,-1.0480060000000009,4.920770257387988,1.327244995233556
3,4,boring-1,boring,False,amusing,amusing-1,False,7,65.0,60.34366613520349,10,1.125068113384998,26.657337599999998,-1.767322,4.920770257387988,1.327244995233556
3,4,boring-1,boring,False,amusing,amusing-1,False,8,75.0,58.77931615347205,10,-0.43928186834644123,26.5254504,-1.8992091999999978,4.920770257387988,1.327244995233556
3,4,boring-1,boring,False,amusing,amusing-1,False,9,85.0,58.99170966692425,10,-0.22688835489424264,26.0464296,-2.3782299999999985,4.920770257387988,1.327244995233556
3,4,boring-1,boring,False,amusing,amusing-1,False,10,95.0,60.30184887146699,10,1.0832508496484934,26.196051599999997,-2.2286080000000013,4.920770257387988,1.327244995233556
3,4,boring-1,boring,False,amusing,amusing-1,False,11,105.0,60.837228665518886,10,1.6186306437003921,27.186230399999992,-1.238429200000006,4.920770257387988,1.327244995233556
3,4,boring-1,boring,False,amusing,amusing-1,False,12,115.0,62.222468384638226,10,3.0038703628197325,26.5696056,-1.855053999999999,4.920770257387988,1.327244995233556
3,5,amusing-2,amusing,True,boring,boring-1,False,1,5.0,64.03870786019587,11,3.7926682139919023,29.0975928,2.567408600000004,6.855250905624404,7.0437750238322225
3,5,amusing-2,amusing,True,boring,boring-1,False,2,15.0,71.00981363631531,11,10.763773990111346,30.808284000000004,4.278099800000007,6.855250905624404,7.0437750238322225
3,5,amusing-2,amusing,True,boring,boring-1,False,3,25.0,64.86298968415275,11,4.616950037948783,30.451675199999993,3.921490999999996,6.855250905624404,7.0437750238322225
3,5,amusing-2,amusing,True,boring,boring-1,False,4,35.0,61.17134456123599,10,0.9253049150320223,29.3353344,2.8051502000000035,6.855250905624404,7.0437750238322225
3,5,amusing-2,amusing,True,boring,boring-1,False,5,45.0,55.45054740555425,10,-4.795492240649715,28.70944559999999,2.1792613999999944,6.855250905624404,7.0437750238322225
3,5,amusing-2,amusing,True,boring,boring-1,False,6,55.0,57.478403334070585,9,-2.7676363121333836,28.2763536,1.746169400000003,6.855250905624404,7.0437750238322225
3,5,amusing-2,amusing,True,boring,boring-1,False,7,65.0,58.13929305909837,10,-2.1067465871055973,27.940246799999993,1.4100625999999963,6.855250905624404,7.0437750238322225
3,5,amusing-2,amusing,True,boring,boring-1,False,8,75.0,57.205084887127114,9,-3.040954759076854,27.494145600000003,0.9639614000000059,6.855250905624404,7.0437750238322225
3,5,amusing-2,amusing,True,boring,boring-1,False,9,85.0,61.39341323956828,11,1.147373593364314,27.0726864,0.5425022000000013,6.855250905624404,7.0437750238322225
3,5,amusing-2,amusing,True,boring,boring-1,False,10,95.0,70.77035265413048,11,10.524313007926509,27.043703999999998,0.513519800000001,6.855250905624404,7.0437750238322225
3,5,amusing-2,amusing,True,boring,boring-1,False,11,105.0,62.997818867120856,11,2.7517792209168874,27.826895999999998,1.2967118000000006,6.855250905624404,7.0437750238322225
3,5,amusing-2,amusing,True,boring,boring-1,False,12,115.0,62.125901914765144,10,1.879862268561176,27.5986224,1.0684382000000028,6.855250905624404,7.0437750238322225
3,6,boring-2,boring,False,amusing,amusing-2,False,1,5.0,72.91546000773708,12,10.588441522385551,20.537080799999995,-6.958969400000001,5.619508865586273,4.522231839847473
3,6,boring-2,boring,False,amusing,amusing-2,False,2,15.0,62.6449414921456,10,0.31792300679406793,20.5323504,-6.963699799999997,5.619508865586273,4.522231839847473
3,6,boring-2,boring,False,amusing,amusing-2,False,3,25.0,59.00647112433565,10,-3.3205473610158833,20.634067199999997,-6.861982999999999,5.619508865586273,4.522231839847473
3,6,boring-2,boring,False,amusing,amusing-2,False,4,35.0,58.80629993465785,10,-3.5207185506936796,20.325362399999996,-7.1706878,5.619508865586273,4.522231839847473
3,6,boring-2,boring,False,amusing,amusing-2,False,5,45.0,61.041626960005416,10,-1.285391525346114,20.2074792,-7.288570999999994,5.619508865586273,4.522231839847473
3,6,boring-2,boring,False,amusing,amusing-2,False,6,55.0,66.77222144325489,11,4.445202957903362,19.913167199999997,-7.582882999999999,5.619508865586273,4.522231839847473
3,6,boring-2,boring,False,amusing,amusing-2,False,7,65.0,61.475581399435406,10,-0.8514370859161247,19.6095888,-7.886461399999995,5.619508865586273,4.522231839847473
3,6,boring-2,boring,False,amusing,amusing-2,False,8,75.0,57.986028168624614,10,-4.340990316726916,19.420154399999994,-8.075895800000001,5.619508865586273,4.522231839847473
3,6,boring-2,boring,False,amusing,amusing-2,False,9,85.0,60.17680017067018,10,-2.1502183146813536,19.1230776,-8.372972599999997,5.619508865586273,4.522231839847473
3,6,boring-2,boring,False,amusing,amusing-2,False,10,95.0,59.6890471039614,10,-2.6379713813901304,18.962221199999995,-8.533829,5.619508865586273,4.522231839847473
3,6,boring-2,boring,False,amusing,amusing-2,False,11,105.0,68.66067076161117,11,6.333652276259642,19.3044348,-8.191615399999996,5.619508865586273,4.522231839847473
3,6,boring-2,boring,False,amusing,amusing-2,False,12,115.0,63.45054680926547,11,1.1235283239139378,20.14164,-7.354410199999997,5.619508865586273,4.522231839847473
3,7,scary-2,scary,True,boring,boring-2,False,1,5.0,65.86764927493199,11,3.827359569987493,34.3201512,14.893298399999999,1.9886680648236412,8.478234890371784
3,7,scary-2,scary,True,boring,boring-2,False,2,15.0,62.23945101025822,11,0.1991613053137229,34.3692336,14.942380800000002,1.9886680648236412,8.478234890371784
3,7,scary-2,scary,True,boring,boring-2,False,3,25.0,63.45905390008054,10,1.418764195136042,34.2320352,14.8051824,1.9886680648236412,8.478234890371784
3,7,scary-2,scary,True,boring,boring-2,False,4,35.0,63.822285071255415,11,1.781995366310916,35.0489352,15.622082400000004,1.9886680648236412,8.478234890371784
3,7,scary-2,scary,True,boring,boring-2,False,5,45.0,60.61244407690684,10,-1.4278456280376588,34.52969999999999,15.102847199999992,1.9886680648236412,8.478234890371784
3,7,scary-2,scary,True,boring,boring-2,False,6,55.0,56.05995170686239,9,-5.980337998082106,34.8549672,15.428114399999998,1.9886680648236412,8.478234890371784
3,7,scary-2,scary,True,boring,boring-2,False,7,65.0,56.44362291259638,9,-5.596666792348117,34.1316924,14.7048396,1.9886680648236412,8.478234890371784
3,7,scary-2,scary,True,boring,boring-2,False,8,75.0,60.81228755507242,11,-1.2280021498720757,33.56139599999999,14.134543199999989,1.9886680648236412,8.478234890371784
3,7,scary-2,scary,True,boring,boring-2,False,9,85.0,58.81116878201159,9,-3.229120922932907,33.3808224,13.9539696,1.9886680648236412,8.478234890371784
3,7,scary-2,scary,True,boring,boring-2,False,10,95.0,57.195744051859585,10,-4.844545653084914,33.061476,13.6346232,1.9886680648236412,8.478234890371784
3,7,scary-2,scary,True,boring,boring-2,False,11,105.0,58.147487620839264,10,-3.8928020841052344,32.6301552,13.203302399999998,1.9886680648236412,8.478234890371784
3,7,scary-2,scary,True,boring,boring-2,False,12,115.0,58.41621429969501,9,-3.624075405249492,32.33780639999999,12.910953599999992,1.9886680648236412,8.478234890371784
3,8,relaxed-2,relaxed,False,scary,scary-2,True,1,5.0,74.1828512774909,12,15.813773108844138,34.760143199999995,1.5762517999999943,5.979210295519542,4.877881410867492
3,8,relaxed-2,relaxed,False,scary,scary-2,True,2,15.0,72.50418822057956,12,14.135110051932806,33.777648,0.593756599999999,5.979210295519542,4.877881410867492
3,8,relaxed-2,relaxed,False,scary,scary-2,True,3,25.0,59.15310135381283,10,0.7840231851660704,32.8694688,-0.31442260000000033,5.979210295519542,4.877881410867492
3,8,relaxed-2,relaxed,False,scary,scary-2,True,4,35.0,65.67790375177178,11,7.308825583125021,33.006674399999994,-0.17721700000000595,5.979210295519542,4.877881410867492
3,8,relaxed-2,relaxed,False,scary,scary-2,True,5,45.0,71.79189973271589,12,13.422821564069132,34.4267952,1.2429038000000006,5.979210295519542,4.877881410867492
3,8,relaxed-2,relaxed,False,scary,scary-2,True,6,55.0,65.87707580493664,10,7.507997636289879,33.52946159999999,0.3455701999999903,5.979210295519542,4.877881410867492
3,8,relaxed-2,relaxed,False,scary,scary-2,True,7,65.0,57.61143557669699,10,-0.757642591949768,32.3634384,-0.8204530000000005,5.979210295519542,4.877881410867492
3,8,relaxed-2,relaxed,False,scary,scary-2,True,8,75.0,61.96402737583746,10,3.5949492071907017,32.62759799999999,-0.5562934000000084,5.979210295519542,4.877881410867492
3,8,relaxed-2,relaxed,False,scary,scary-2,True,9,85.0,67.68518997133008,12,9.316111802683317,32.6230584,-0.5608330000000024,5.979210295519542,4.877881410867492
3,8,relaxed-2,relaxed,False,scary,scary-2,True,10,95.0,64.63967140703964,10,6.270593238392884,32.4491904,-0.7347010000000012,5.979210295519542,4.877881410867492
3,8,relaxed-2,relaxed,False,scary,scary-2,True,11,105.0,59.579035046608055,10,1.2099568779612966,32.065968,-1.1179234000000022,5.979210295519542,4.877881410867492
3,8,relaxed-2,relaxed,False,scary,scary-2,True,12,115.0,55.05190770520876,9,-3.3171704634379964,31.52723733333333,-1.6566540666666718,5.979210295519542,4.877881410867492
4,1,boring-2,boring,False,,,False,1,5.0,58.15609474018546,9,1.8462355815181866,13.977247199999997,-6.738134000000002,5.814529140559974,4.851002576585379
4,1,boring-2,boring,False,,,False,2,15.0,69.84925582891549,12,13.539396670248216,14.438731200000001,-6.276649999999998,5.814529140559974,4.851002576585379
4,1,boring-2,boring,False,,,False,3,25.0,73.26022314034293,12,16.950363981675657,16.0610904,-4.654290799999998,5.814529140559974,4.851002576585379
4,1,boring-2,boring,False,,,False,4,35.0,71.06245731358767,12,14.752598154920399,17.860077599999997,-2.8553036000000027,5.814529140559974,4.851002576585379
4,1,boring-2,boring,False,,,False,5,45.0,61.002556688385326,10,4.692697529718053,18.749128799999998,-1.966252400000002,5.814529140559974,4.851002576585379
4,1,boring-2,boring,False,,,False,6,55.0,58.98661159105693,10,2.676752432389655,19.256337600000002,-1.4590435999999976,5.814529140559974,4.851002576585379
4,1,boring-2,boring,False,,,False,7,65.0,56.426688306261035,9,0.11682914759376217,19.805337599999994,-0.9100436000000052,5.814529140559974,4.851002576585379
4,1,boring-2,boring,False,,,False,8,75.0,55.59636885633907,9,-0.7134903023282035,19.467851999999997,-1.2475292000000024,5.814529140559974,4.851002576585379
4,1,boring-2,boring,False,,,False,9,85.0,58.147540793629375,10,1.8376816349621024,18.877655999999995,-1.8377252000000048,5.814529140559974,4.851002576585379
4,1,boring-2,boring,False,,,False,10,95.0,69.6512483915334,11,13.341389232866128,18.268132799999997,-2.447248400000003,5.814529140559974,4.851002576585379
4,1,boring-2,boring,False,,,False,11,105.0,64.36162710207962,11,8.05176794341235,18.931076400000002,-1.7843047999999975,5.814529140559974,4.851002576585379
4,1,boring-2,boring,False,,,False,12,115.0,57.058760511158376,9,0.748901352491103,18.402576,-2.3128051999999997,5.814529140559974,4.851002576585379
4,2,amusing-2,amusing,True,boring,boring-2,False,1,5.0,62.97890306070884,11,2.345794629694211,12.064130399999994,-6.8946414000000065,6.5573912297426125,6.228775977121067
4,2,amusing-2,amusing,True,boring,boring-2,False,2,15.0,72.50409055415976,12,11.870982123145133,11.780858399999996,-7.177913400000005,6.5573912297426125,6.228775977121067
4,2,amusing-2,amusing,True,boring,boring-2,False,3,25.0,83.67602826599462,14,23.04291983497999,12.370463999999995,-6.588307800000006,6.5573912297426125,6.228775977121067
4,2,amusing-2,amusing,True,boring,boring-2,False,4,35.0,71.84960378610305,11,11.21649535508842,13.947283199999998,-5.011488600000003,6.5573912297426125,6.228775977121067
4,2,amusing-2,amusing,True,boring,boring-2,False,5,45.0,70.93761527222215,12,10.30450684120752,15.035236799999996,-3.9235350000000047,6.5573912297426125,6.228775977121067
4,2,amusing-2,amusing,True,boring,boring-2,False,6,55.0,59.54271463749525,10,-1.0903937935193753,15.823941600000001,-3.1348301999999997,6.5573912297426125,6.228775977121067
4,2,amusing-2,amusing,True,boring,boring-2,False,7,65.0,59.56802120613622,9,-1.065087224878404,16.136390399999996,-2.8223814000000047,6.5573912297426125,6.228775977121067
4,2,amusing-2,amusing,True,boring,boring-2,False,8,75.0,54.44403056788788,10,-6.189077863126748,16.244025599999993,-2.7147462000000075,6.5573912297426125,6.228775977121067
4,2,amusing-2,amusing,True,boring,boring-2,False,9,85.0,54.18033592380292,8,-6.452772507211705,16.030336799999997,-2.928435000000004,6.5573912297426125,6.228775977121067
4,2,amusing-2,amusing,True,boring,boring-2,False,10,95.0,60.25329061423649,11,-0.37981781677813586,15.551711999999998,-3.4070598000000025,6.5573912297426125,6.228775977121067
4,2,amusing-2,amusing,True,boring,boring-2,False,11,105.0,55.40612274419387,9,-5.226985686820754,15.015326399999998,-3.9434454000000034,6.5573912297426125,6.228775977121067
4,2,amusing-2,amusing,True,boring,boring-2,False,12,115.0,58.37993726535267,9,-2.2531711656619535,14.486039999999997,-4.472731800000004,6.5573912297426125,6.228775977121067
4,3,scary-2,scary,True,amusing,amusing-2,False,1,5.0,63.81842158331656,10,6.660280141047828,27.032075999999996,11.4547708,0.6317680404741935,7.788713060057198
4,3,scary-2,scary,True,amusing,amusing-2,False,2,15.0,64.00175076884865,11,6.843609326579923,28.898296799999997,13.320991600000001,0.6317680404741935,7.788713060057198
4,3,scary-2,scary,True,amusing,amusing-2,False,3,25.0,58.59670994888779,10,1.4385685066190632,29.017559999999992,13.440254799999996,0.6317680404741935,7.788713060057198
4,3,scary-2,scary,True,amusing,amusing-2,False,4,35.0,56.69757917690341,9,-0.4605622653653185,29.083795199999997,13.506490000000001,0.6317680404741935,7.788713060057198
4,3,scary-2,scary,True,amusing,amusing-2,False,5,45.0,57.50842670205209,10,0.35028525978336233,28.9416672,13.364362000000005,0.6317680404741935,7.788713060057198
4,3,scary-2,scary,True,amusing,amusing-2,False,6,55.0,68.07907896770593,11,10.920937525437196,28.596492,13.019186800000005,0.6317680404741935,7.788713060057198
4,3,scary-2,scary,True,amusing,amusing-2,False,7,65.0,58.874637354395304,10,1.7164959121265753,28.795195199999995,13.217889999999999,0.6317680404741935,7.788713060057198
4,3,scary-2,scary,True,amusing,amusing-2,False,8,75.0,56.425039115705346,9,-0.7331023265633831,28.640251199999994,13.062945999999998,0.6317680404741935,7.788713060057198
4,3,scary-2,scary,True,amusing,amusing-2,False,9,85.0,57.996479711329336,10,0.8383382690606069,28.478608799999996,12.9013036,0.6317680404741935,7.788713060057198
4,3,scary-2,scary,True,amusing,amusing-2,False,10,95.0,55.10414128966311,9,-2.0540001526056173,28.138559999999995,12.561254799999999,0.6317680404741935,7.788713060057198
4,3,scary-2,scary,True,amusing,amusing-2,False,11,105.0,55.5012653391783,9,-1.6568761030904255,27.386116800000003,11.808811600000007,0.6317680404741935,7.788713060057198
4,3,scary-2,scary,True,amusing,amusing-2,False,12,115.0,60.581920116621994,10,3.423778674353265,26.672705999999998,11.095400800000002,0.6317680404741935,7.788713060057198
4,4,relaxed-2,relaxed,False,scary,scary-2,False,1,5.0,63.60791912043578,11,6.102579058604427,14.968408799999997,-13.050164200000003,5.440984270734033,6.057157673975214
4,4,relaxed-2,relaxed,False,scary,scary-2,False,2,15.0,59.06157860698482,9,1.5562385451534624,15.373509599999995,-12.645063400000005,5.440984270734033,6.057157673975214
4,4,relaxed-2,relaxed,False,scary,scary-2,False,3,25.0,54.045455622184654,9,-3.4598844396467,14.924841599999997,-13.093731400000003,5.440984270734033,6.057157673975214
4,4,relaxed-2,relaxed,False,scary,scary-2,False,4,35.0,55.79357833691506,10,-1.7117617249162933,14.4369552,-13.5816178,5.440984270734033,6.057157673975214
4,4,relaxed-2,relaxed,False,scary,scary-2,False,5,45.0,55.60870619053216,9,-1.8966338712991941,13.933288799999996,-14.085284200000004,5.440984270734033,6.057157673975214
4,4,relaxed-2,relaxed,False,scary,scary-2,False,6,55.0,59.212000181249756,10,1.7066601194184017,13.442443199999996,-14.576129800000004,5.440984270734033,6.057157673975214
4,4,relaxed-2,relaxed,False,scary,scary-2,False,7,65.0,54.86446359364938,9,-2.640876468181972,12.948047999999996,-15.070525000000004,5.440984270734033,6.057157673975214
4,4,relaxed-2,relaxed,False,scary,scary-2,False,8,75.0,54.97660867735693,9,-2.528731384474426,12.474551999999996,-15.544021000000004,5.440984270734033,6.057157673975214
4,4,relaxed-2,relaxed,False,scary,scary-2,False,9,85.0,55.042301727742206,9,-2.4630383340891484,12.626137199999997,-15.392435800000003,5.440984270734033,6.057157673975214
4,4,relaxed-2,relaxed,False,scary,scary-2,False,10,95.0,56.091024024077754,9,-1.4143160377536006,12.153827999999995,-15.864745000000005,5.440984270734033,6.057157673975214
4,4,relaxed-2,relaxed,False,scary,scary-2,False,11,105.0,59.684443962010604,10,2.17910390017925,11.698653599999997,-16.319919400000003,5.440984270734033,6.057157673975214
4,4,relaxed-2,relaxed,False,scary,scary-2,False,12,115.0,56.322708024695565,10,-1.1826320371357895,11.260634399999995,-16.757938600000003,5.440984270734033,6.057157673975214
4,5,boring-1,boring,False,relaxed,relaxed-2,False,1,5.0,70.63527102980665,11,14.405965635654894,11.225155199999998,-0.9684869999999997,5.881468064823642,6.379548141086749
4,5,boring-1,boring,False,relaxed,relaxed-2,False,2,15.0,67.7402360383149,12,11.510930644163153,12.172547999999995,-0.02109420000000206,5.881468064823642,6.379548141086749
4,5,boring-1,boring,False,relaxed,relaxed-2,False,3,25.0,58.98681994076227,9,2.7575145466105155,12.438871199999998,0.24522900000000014,5.881468064823642,6.379548141086749
4,5,boring-1,boring,False,relaxed,relaxed-2,False,4,35.0,56.06455845200448,10,-0.16474694214726782,12.368889599999997,0.17524739999999994,5.881468064823642,6.379548141086749
4,5,boring-1,boring,False,relaxed,relaxed-2,False,5,45.0,56.22461524326311,9,-0.004690150888642108,12.139826399999999,-0.05381579999999886,5.881468064823642,6.379548141086749
4,5,boring-1,boring,False,relaxed,relaxed-2,False,6,55.0,55.14512233396566,9,-1.084183060186092,11.778295199999999,-0.4153469999999988,5.881468064823642,6.379548141086749
4,5,boring-1,boring,False,relaxed,relaxed-2,False,7,65.0,61.10325779680968,10,4.8739524026579275,11.364724799999998,-0.8289173999999999,5.881468064823642,6.379548141086749
4,5,boring-1,boring,False,relaxed,relaxed-2,False,8,75.0,54.53659706212088,9,-1.6927083320308682,10.942869599999998,-1.2507725999999995,5.881468064823642,6.379548141086749
4,5,boring-1,boring,False,relaxed,relaxed-2,False,9,85.0,52.60521476323416,9,-3.6240906309175926,10.546250399999996,-1.6473918000000012,5.881468064823642,6.379548141086749
4,5,boring-1,boring,False,relaxed,relaxed-2,False,10,95.0,53.7620472928413,9,-2.467258101310449,10.157510399999996,-2.0361318000000015,5.881468064823642,6.379548141086749
4,5,boring-1,boring,False,relaxed,relaxed-2,False,11,105.0,60.111531331796826,10,3.8822259376450745,9.773704799999999,-2.4199373999999985,5.881468064823642,6.379548141086749
4,5,boring-1,boring,False,relaxed,relaxed-2,False,12,115.0,68.37704674028959,11,12.147741346137835,9.795191999999995,-2.3984502000000028,5.881468064823642,6.379548141086749
4,6,relaxed-1,relaxed,False,boring,boring-1,False,1,5.0,68.3480085625635,12,9.51300619199425,19.130176799999994,8.700134799999995,4.966661963775024,2.642861963775024
4,6,relaxed-1,relaxed,False,boring,boring-1,False,2,15.0,71.4123923318249,12,12.577389961255648,21.700137599999998,11.2700956,4.966661963775024,2.642861963775024
4,6,relaxed-1,relaxed,False,boring,boring-1,False,3,25.0,61.535472888458784,9,2.700470517889528,21.877946399999995,11.447904399999997,4.966661963775024,2.642861963775024
4,6,relaxed-1,relaxed,False,boring,boring-1,False,4,35.0,54.40653267452969,10,-4.4284696960395635,21.4501776,11.020135600000001,4.966661963775024,2.642861963775024
4,6,relaxed-1,relaxed,False,boring,boring-1,False,5,45.0,55.82749272444111,9,-3.007509646128149,20.746823999999997,10.316781999999998,4.966661963775024,2.642861963775024
4,6,relaxed-1,relaxed,False,boring,boring-1,False,6,55.0,55.59072548051635,9,-3.244276890052909,19.9370232,9.5069812,4.966661963775024,2.642861963775024
4,6,relaxed-1,relaxed,False,boring,boring-1,False,7,65.0,55.321196056870996,9,-3.513806313698261,19.125242399999998,8.6952004,4.966661963775024,2.642861963775024
4,6,relaxed-1,relaxed,False,boring,boring-1,False,8,75.0,54.23063579950523,9,-4.604366571064027,18.38286,7.952818000000002,4.966661963775024,2.642861963775024
4,6,relaxed-1,relaxed,False,boring,boring-1,False,9,85.0,54.722412147281005,9,-4.112590223288251,17.603811599999997,7.173769599999998,4.966661963775024,2.642861963775024
4,6,relaxed-1,relaxed,False,boring,boring-1,False,10,95.0,55.78688749671098,10,-3.0481148738582746,16.8028812,6.372839200000003,4.966661963775024,2.642861963775024
4,6,relaxed-1,relaxed,False,boring,boring-1,False,11,105.0,63.86708561387157,10,5.032083243302317,16.0624716,5.6324296,4.966661963775024,2.642861963775024
4,6,relaxed-1,relaxed,False,boring,boring-1,False,12,115.0,56.0250730217704,9,-2.8099293487988533,15.532790399999996,5.102748399999998,4.966661963775024,2.642861963775024
4,7,scary-1,scary,True,relaxed,relaxed-1,False,1,5.0,64.29124204764089,11,7.519213755950275,35.2044732,17.952797000000004,0.7154509056244042,8.270735271687322
4,7,scary-1,scary,True,relaxed,relaxed-1,False,2,15.0,67.86231383813332,11,11.0902855464427,39.477672,22.2259958,0.7154509056244042,8.270735271687322
4,7,scary-1,scary,True,relaxed,relaxed-1,False,3,25.0,64.33729377248615,11,7.5652654807955315,39.0715824,21.8199062,0.7154509056244042,8.270735271687322
4,7,scary-1,scary,True,relaxed,relaxed-1,False,4,35.0,66.91875626276376,10,10.146727971073148,37.62227759999999,20.37060139999999,0.7154509056244042,8.270735271687322
4,7,scary-1,scary,True,relaxed,relaxed-1,False,5,45.0,56.0150612174585,10,-0.7569670742321151,36.570981599999996,19.319305399999998,0.7154509056244042,8.270735271687322
4,7,scary-1,scary,True,relaxed,relaxed-1,False,6,55.0,57.995981965329975,9,1.2239536736393575,36.008964,18.7572878,0.7154509056244042,8.270735271687322
4,7,scary-1,scary,True,relaxed,relaxed-1,False,7,65.0,55.8761089999621,9,-0.8959192917285179,36.234677999999995,18.983001799999997,0.7154509056244042,8.270735271687322
4,7,scary-1,scary,True,relaxed,relaxed-1,False,8,75.0,55.158473543217404,10,-1.613554748473213,35.544919199999995,18.293242999999997,0.7154509056244042,8.270735271687322
4,7,scary-1,scary,True,relaxed,relaxed-1,False,9,85.0,56.84257539255005,9,0.07054710085943583,35.1451368,17.893460600000004,0.7154509056244042,8.270735271687322
4,7,scary-1,scary,True,relaxed,relaxed-1,False,10,95.0,61.028547389240586,10,4.256519097549969,34.97343599999999,17.721759799999994,0.7154509056244042,8.270735271687322
4,7,scary-1,scary,True,relaxed,relaxed-1,False,11,105.0,88.06076946065484,15,31.288741168964222,36.071256,18.8195798,0.7154509056244042,8.270735271687322
4,7,scary-1,scary,True,relaxed,relaxed-1,False,12,115.0,81.43893722449145,13,24.666908932800837,36.9463152,19.694639000000002,0.7154509056244042,8.270735271687322
4,8,amusing-1,amusing,True,scary,scary-1,True,1,5.0,65.21020850017781,11,-3.819429298085822,21.895684799999998,-13.923605399999992,7.559980934223069,5.901273212583413
4,8,amusing-1,amusing,True,scary,scary-1,True,2,15.0,72.7869363978969,12,3.757298599633259,22.513487999999995,-13.305802199999995,7.559980934223069,5.901273212583413
4,8,amusing-1,amusing,True,scary,scary-1,True,3,25.0,64.17212039481078,10,-4.85751740345286,23.0110392,-12.808250999999991,7.559980934223069,5.901273212583413
4,8,amusing-1,amusing,True,scary,scary-1,True,4,35.0,56.88591360322131,10,-12.143724195042324,23.341823999999995,-12.477466199999995,7.559980934223069,5.901273212583413
4,8,amusing-1,amusing,True,scary,scary-1,True,5,45.0,55.876953058805526,9,-13.15268473945811,26.216354399999993,-9.602935799999997,7.559980934223069,5.901273212583413
4,8,amusing-1,amusing,True,scary,scary-1,True,6,55.0,57.43446874788052,10,-11.595169050383113,26.814050399999996,-9.005239799999995,7.559980934223069,5.901273212583413
4,8,amusing-1,amusing,True,scary,scary-1,True,7,65.0,54.84961940677855,9,-14.180018391485085,26.990282399999995,-8.829007799999996,7.559980934223069,5.901273212583413
4,8,amusing-1,amusing,True,scary,scary-1,True,8,75.0,55.68786145646749,9,-13.341776341796148,29.940323999999997,-5.878966199999994,7.559980934223069,5.901273212583413
4,8,amusing-1,amusing,True,scary,scary-1,True,9,85.0,65.0692942635015,11,-3.9603435347621314,30.20822159999999,-5.611068599999999,7.559980934223069,5.901273212583413
4,8,amusing-1,amusing,True,scary,scary-1,True,10,95.0,68.83237721289457,11,-0.1972605853690652,29.993745599999993,-5.825544599999997,7.559980934223069,5.901273212583413
4,8,amusing-1,amusing,True,scary,scary-1,True,11,105.0,58.85259864464564,10,-10.177039153617997,31.078348799999993,-4.740941399999997,7.559980934223069,5.901273212583413
4,8,amusing-1,amusing,True,scary,scary-1,True,12,115.0,69.64530126768052,10,0.6156634694168872,32.192878666666665,-3.626411533333325,7.559980934223069,5.901273212583413
5,1,amusing-1,amusing,True,,,False,1,5.0,62.14433099991899,11,-0.35300559754177385,15.066775199999995,-2.1672592,6.571444041944709,5.701393708293613
5,1,amusing-1,amusing,True,,,False,2,15.0,68.89627441467854,11,6.398937817217778,18.363151199999997,1.129116800000002,6.571444041944709,5.701393708293613
5,1,amusing-1,amusing,True,,,False,3,25.0,82.0029473806022,14,19.505610783141428,29.304585599999996,12.0705512,6.571444041944709,5.701393708293613
5,1,amusing-1,amusing,True,,,False,4,35.0,77.1503355189664,12,14.652998921505635,32.078385600000004,14.844351200000009,6.571444041944709,5.701393708293613
5,1,amusing-1,amusing,True,,,False,5,45.0,65.46631921211642,11,2.9689826146556513,32.5053744,15.271340000000006,6.571444041944709,5.701393708293613
5,1,amusing-1,amusing,True,,,False,6,55.0,61.87671583137781,11,-0.6206207660829577,32.893524,15.659489600000004,6.571444041944709,5.701393708293613
5,1,amusing-1,amusing,True,,,False,7,65.0,60.950946057872486,10,-1.5463905395882804,31.721385599999998,14.487351200000003,6.571444041944709,5.701393708293613
5,1,amusing-1,amusing,True,,,False,8,75.0,60.78821032050547,10,-1.7091262769552955,30.990033599999997,13.755999200000002,6.571444041944709,5.701393708293613
5,1,amusing-1,amusing,True,,,False,9,85.0,64.36105715387161,10,1.863720556410847,35.0093184,17.775284000000003,6.571444041944709,5.701393708293613
5,1,amusing-1,amusing,True,,,False,10,95.0,64.18178363123928,11,1.6844470337785182,33.940085999999994,16.7060516,6.571444041944709,5.701393708293613
5,1,amusing-1,amusing,True,,,False,11,105.0,65.80908251678007,11,3.3117459193193,32.6277912,15.393756800000002,6.571444041944709,5.701393708293613
5,1,amusing-1,amusing,True,,,False,12,115.0,65.33491241983637,11,2.837575822375605,32.109537599999996,14.8755032,6.571444041944709,5.701393708293613
5,2,scary-1,scary,True,amusing,amusing-1,False,1,5.0,68.50603475620963,9,4.861817302734892,32.85232079999999,0.1192953999999915,0.6557546234509055,9.25592583412774
5,2,scary-1,scary,True,amusing,amusing-1,False,2,15.0,65.41382068133629,11,1.7696032278615519,32.4326304,-0.30039499999999464,0.6557546234509055,9.25592583412774
5,2,scary-1,scary,True,amusing,amusing-1,False,3,25.0,60.09765525387155,10,-3.546562199603187,31.713307199999996,-1.0197181999999998,0.6557546234509055,9.25592583412774
5,2,scary-1,scary,True,amusing,amusing-1,False,4,35.0,65.2241339287934,11,1.5799164753186687,32.236487999999994,-0.49653740000000113,0.6557546234509055,9.25592583412774
5,2,scary-1,scary,True,amusing,amusing-1,False,5,45.0,61.36972005572203,10,-2.274497397752711,32.29759800000001,-0.4354273999999876,0.6557546234509055,9.25592583412774
5,2,scary-1,scary,True,amusing,amusing-1,False,6,55.0,63.47178620456594,11,-0.17243124890880068,31.033207199999993,-1.6998182000000028,0.6557546234509055,9.25592583412774
5,2,scary-1,scary,True,amusing,amusing-1,False,7,65.0,60.670013306642126,10,-2.974204146832612,30.2559264,-2.4770989999999955,0.6557546234509055,9.25592583412774
5,2,scary-1,scary,True,amusing,amusing-1,False,8,75.0,67.75827845128468,11,4.114060997809943,30.613327199999997,-2.1196981999999984,0.6557546234509055,9.25592583412774
5,2,scary-1,scary,True,amusing,amusing-1,False,9,85.0,64.24585665529001,11,0.6016392018152743,30.414811199999995,-2.3182142,0.6557546234509055,9.25592583412774
5,2,scary-1,scary,True,amusing,amusing-1,False,10,95.0,68.59319163888517,11,4.948974185410435,29.639500799999997,-3.0935245999999985,0.6557546234509055,9.25592583412774
5,2,scary-1,scary,True,amusing,amusing-1,False,11,105.0,65.83812119091971,11,2.1939037374449697,29.771774400000005,-2.96125099999999,0.6557546234509055,9.25592583412774
5,2,scary-1,scary,True,amusing,amusing-1,False,12,115.0,65.4080994162596,11,1.7638819627848648,29.661583199999995,-3.0714422,0.6557546234509055,9.25592583412774
5,3,relaxed-1,relaxed,False,scary,scary-1,False,1,5.0,69.25240273136671,12,3.760415747590528,16.6692276,-13.3902596,5.417135843660629,0.632697807435653
5,3,relaxed-1,relaxed,False,scary,scary-1,False,2,15.0,72.19282739883954,12,6.700840415063354,20.228768399999996,-9.830718800000003,5.417135843660629,0.632697807435653
5,3,relaxed-1,relaxed,False,scary,scary-1,False,3,25.0,68.9936757734136,11,3.501688789637413,24.5604696,-5.499017599999998,5.417135843660629,0.632697807435653
5,3,relaxed-1,relaxed,False,scary,scary-1,False,4,35.0,63.087959345107656,11,-2.4040276386685306,25.423108800000005,-4.636378399999995,5.417135843660629,0.632697807435653
5,3,relaxed-1,relaxed,False,scary,scary-1,False,5,45.0,67.36905030270228,11,1.8770633189260906,25.56918,-4.4903072,5.417135843660629,0.632697807435653
5,3,relaxed-1,relaxed,False,scary,scary-1,False,6,55.0,79.51152834199871,13,14.019541358222526,29.785375199999994,-0.2741120000000059,5.417135843660629,0.632697807435653
5,3,relaxed-1,relaxed,False,scary,scary-1,False,7,65.0,83.90168742857317,14,18.409700444796982,35.44063319999999,5.381145999999994,5.417135843660629,0.632697807435653
5,3,relaxed-1,relaxed,False,scary,scary-1,False,8,75.0,72.65338898008527,12,7.161401996309081,36.0507528,5.991265599999998,5.417135843660629,0.632697807435653
5,3,relaxed-1,relaxed,False,scary,scary-1,False,9,85.0,70.31676818839793,12,4.824781204621743,34.6207764,4.561289199999997,5.417135843660629,0.632697807435653
5,3,relaxed-1,relaxed,False,scary,scary-1,False,10,95.0,66.27103571907038,11,0.7790487352941966,34.480612799999996,4.421125599999996,5.417135843660629,0.632697807435653
5,3,relaxed-1,relaxed,False,scary,scary-1,False,11,105.0,70.39612581147773,11,4.904138827701544,34.4780472,4.418559999999999,5.417135843660629,0.632697807435653
5,3,relaxed-1,relaxed,False,scary,scary-1,False,12,115.0,69.06709333688447,12,3.575106353108282,34.666703999999996,4.607216799999996,5.417135843660629,0.632697807435653
5,4,boring-1,boring,False,relaxed,relaxed-1,False,1,5.0,66.3541637253226,11,-6.179300259406091,19.666759199999998,-15.289495200000001,4.961881410867494,0.8666177311725453
5,4,boring-1,boring,False,relaxed,relaxed-1,False,2,15.0,74.78269762500159,13,2.249233640272891,25.923223199999995,-9.033031200000003,4.961881410867494,0.8666177311725453
5,4,boring-1,boring,False,relaxed,relaxed-1,False,3,25.0,65.59588548204793,11,-6.937578502680765,26.646091199999994,-8.310163200000005,4.961881410867494,0.8666177311725453
5,4,boring-1,boring,False,relaxed,relaxed-1,False,4,35.0,61.042379861111634,10,-11.491084123617064,26.005423199999996,-8.950831200000003,4.961881410867494,0.8666177311725453
5,4,boring-1,boring,False,relaxed,relaxed-1,False,5,45.0,60.662511842823186,10,-11.870952141905512,25.315473599999997,-9.640780800000002,4.961881410867494,0.8666177311725453
5,4,boring-1,boring,False,relaxed,relaxed-1,False,6,55.0,63.070935855706765,11,-9.462528129021933,25.420939199999996,-9.535315200000003,4.961881410867494,0.8666177311725453
5,4,boring-1,boring,False,relaxed,relaxed-1,False,7,65.0,63.96022687793277,10,-8.57323710679593,28.106823600000002,-6.849430799999997,4.961881410867494,0.8666177311725453
5,4,boring-1,boring,False,relaxed,relaxed-1,False,8,75.0,67.63649893541498,11,-4.896965049313721,32.14442519999999,-2.8118292000000054,4.961881410867494,0.8666177311725453
5,4,boring-1,boring,False,relaxed,relaxed-1,False,9,85.0,66.64288088184045,11,-5.890583102888243,32.420604000000004,-2.5356503999999944,4.961881410867494,0.8666177311725453
5,4,boring-1,boring,False,relaxed,relaxed-1,False,10,95.0,62.99205719170798,11,-9.54140679302072,32.296022400000005,-2.6602319999999935,4.961881410867494,0.8666177311725453
5,4,boring-1,boring,False,relaxed,relaxed-1,False,11,105.0,65.60092342758715,11,-6.93254055714155,36.2325108,1.2762564000000012,4.961881410867494,0.8666177311725453
5,4,boring-1,boring,False,relaxed,relaxed-1,False,12,115.0,69.68078060881449,11,-2.8526833759142107,38.98405079999999,4.027796399999993,4.961881410867494,0.8666177311725453
5,5,scary-2,scary,True,boring,boring-1,False,1,5.0,64.61941509134648,11,-1.4988436821664806,35.61174479999999,2.2476719999999943,1.0102835954611973,9.5
5,5,scary-2,scary,True,boring,boring-1,False,2,15.0,62.849823363769836,10,-3.2684354097431267,34.537586399999995,1.1735135999999997,1.0102835954611973,9.5
5,5,scary-2,scary,True,boring,boring-1,False,3,25.0,58.622453313311794,10,-7.495805460201169,33.802489200000004,0.43841640000000837,1.0102835954611973,9.5
5,5,scary-2,scary,True,boring,boring-1,False,4,35.0,60.70059404972859,10,-5.41766472378437,33.02559599999999,-0.33847680000000224,1.0102835954611973,9.5
5,5,scary-2,scary,True,boring,boring-1,False,5,45.0,66.63830596849888,11,0.5200471949859207,35.86742399999999,2.5033511999999973,1.0102835954611973,9.5
5,5,scary-2,scary,True,boring,boring-1,False,6,55.0,60.81178642319726,10,-5.306472350315701,34.188861599999996,0.8247888000000003,1.0102835954611973,9.5
5,5,scary-2,scary,True,boring,boring-1,False,7,65.0,62.838072009090205,11,-3.2801867644227585,34.2038424,0.8397696000000039,1.0102835954611973,9.5
5,5,scary-2,scary,True,boring,boring-1,False,8,75.0,62.34433850974814,10,-3.773920263764822,33.38043359999999,0.016360799999993958,1.0102835954611973,9.5
5,5,scary-2,scary,True,boring,boring-1,False,9,85.0,61.84745510290786,11,-4.270803670605105,32.398331999999996,-0.965740799999999,1.0102835954611973,9.5
5,5,scary-2,scary,True,boring,boring-1,False,10,95.0,64.99167122496937,10,-1.126587548543597,33.786124799999996,0.42205200000000076,1.0102835954611973,9.5
5,5,scary-2,scary,True,boring,boring-1,False,11,105.0,66.27389135296217,11,0.15563257944920394,34.468785600000004,1.1047128000000086,1.0102835954611973,9.5
5,5,scary-2,scary,True,boring,boring-1,False,12,115.0,74.3678744105189,13,8.249615637005931,36.45033599999999,3.0862631999999977,1.0102835954611973,9.5
5,6,amusing-2,amusing,True,scary,scary-2,False,1,5.0,63.63449133306175,11,-2.1336309063092287,33.60673680000001,-0.5079055999999937,8.594773307912298,5.8463374642516674
5,6,amusing-2,amusing,True,scary,scary-2,False,2,15.0,71.32201214108663,12,5.55388990171565,32.644936799999996,-1.4697056000000046,8.594773307912298,5.8463374642516674
5,6,amusing-2,amusing,True,scary,scary-2,False,3,25.0,74.17967788309794,12,8.411555643726956,37.1966748,3.0820323999999957,8.594773307912298,5.8463374642516674
5,6,amusing-2,amusing,True,scary,scary-2,False,4,35.0,72.95069141906181,12,7.18256917969083,36.0617952,1.9471527999999978,8.594773307912298,5.8463374642516674
5,6,amusing-2,amusing,True,scary,scary-2,False,5,45.0,67.26966215007963,11,1.5015399107086438,38.076271199999994,3.9616287999999926,8.594773307912298,5.8463374642516674
5,6,amusing-2,amusing,True,scary,scary-2,False,6,55.0,67.75138169077256,12,1.9832594514015796,36.5579712,2.443328799999996,8.594773307912298,5.8463374642516674
5,6,amusing-2,amusing,True,scary,scary-2,False,7,65.0,68.04049787803548,11,2.2723756386644993,36.3892296,2.274587199999999,8.594773307912298,5.8463374642516674
5,6,amusing-2,amusing,True,scary,scary-2,False,8,75.0,70.71971939969801,12,4.951597160327026,36.464924399999994,2.350281999999993,8.594773307912298,5.8463374642516674
5,6,amusing-2,amusing,True,scary,scary-2,False,9,85.0,69.51687728825516,11,3.7487550488841777,37.4135136,3.2988712000000007,8.594773307912298,5.8463374642516674
5,6,amusing-2,amusing,True,scary,scary-2,False,10,95.0,68.28470683700117,11,2.5165845976301853,35.9991096,1.884467199999996,8.594773307912298,5.8463374642516674
5,6,amusing-2,amusing,True,scary,scary-2,False,11,105.0,64.32903285013305,11,-1.4390893892379353,34.40748,0.2928375999999986,8.594773307912298,5.8463374642516674
5,6,amusing-2,amusing,True,scary,scary-2,False,12,115.0,67.33863166199463,11,1.570509422623644,34.3244832,0.20984080000000205,8.594773307912298,5.8463374642516674
5,7,boring-2,boring,False,amusing,amusing-2,False,1,5.0,71.00139802146803,12,2.9231316861547327,22.211291999999997,-13.621831400000001,5.490513441372735,4.08054118207817
5,7,boring-2,boring,False,amusing,amusing-2,False,2,15.0,88.04709265863531,15,19.968826323322006,36.17435759999999,0.34123419999999527,5.490513441372735,4.08054118207817
5,7,boring-2,boring,False,amusing,amusing-2,False,3,25.0,81.05017043158975,13,12.971904096276447,39.49955279999999,3.6664293999999913,5.490513441372735,4.08054118207817
5,7,boring-2,boring,False,amusing,amusing-2,False,4,35.0,71.01340696009537,12,2.935140624782065,38.72227199999999,2.8891485999999915,5.490513441372735,4.08054118207817
5,7,boring-2,boring,False,amusing,amusing-2,False,5,45.0,69.52140276514034,11,1.4431364298270353,40.40852399999999,4.575400599999995,5.490513441372735,4.08054118207817
5,7,boring-2,boring,False,amusing,amusing-2,False,6,55.0,65.98166074912109,11,-2.0966055861922115,38.9992344,3.166111000000001,5.490513441372735,4.08054118207817
5,7,boring-2,boring,False,amusing,amusing-2,False,7,65.0,61.81534854715762,11,-6.262917788155683,37.0919988,1.2588754000000009,5.490513441372735,4.08054118207817
5,7,boring-2,boring,False,amusing,amusing-2,False,8,75.0,64.40229566195585,10,-3.6759706733574546,40.44263279999999,4.609509399999993,5.490513441372735,4.08054118207817
5,7,boring-2,boring,False,amusing,amusing-2,False,9,85.0,69.24503306852748,12,1.1667667332141747,42.5939208,6.760797400000001,5.490513441372735,4.08054118207817
5,7,boring-2,boring,False,amusing,amusing-2,False,10,95.0,66.75516095721274,11,-1.3231053781005642,40.6693224,4.836199000000001,5.490513441372735,4.08054118207817
5,7,boring-2,boring,False,amusing,amusing-2,False,11,105.0,63.122340804423295,11,-4.955925530890006,39.15654479999999,3.3234213999999938,5.490513441372735,4.08054118207817
5,7,boring-2,boring,False,amusing,amusing-2,False,12,115.0,67.61349970279531,11,-0.46476663251799266,38.1267312,2.2936078000000037,5.490513441372735,4.08054118207817
5,8,relaxed-2,relaxed,False,boring,boring-2,True,1,5.0,67.9744960760642,11,2.4088414765283375,18.477086399999997,-21.2031054,7.808381792183031,5.192805338417541
5,8,relaxed-2,relaxed,False,boring,boring-2,True,2,15.0,70.0779437670373,12,4.512289167501436,19.844171999999997,-19.8360198,7.808381792183031,5.192805338417541
5,8,relaxed-2,relaxed,False,boring,boring-2,True,3,25.0,67.5574774146236,11,1.991822815087744,19.844764799999997,-19.835427,7.808381792183031,5.192805338417541
5,8,relaxed-2,relaxed,False,boring,boring-2,True,4,35.0,72.06660303383013,12,6.500948434294273,23.544867599999996,-16.1353242,7.808381792183031,5.192805338417541
5,8,relaxed-2,relaxed,False,boring,boring-2,True,5,45.0,78.81561034543232,13,13.249955745896457,41.93944799999999,2.259256199999996,7.808381792183031,5.192805338417541
5,8,relaxed-2,relaxed,False,boring,boring-2,True,6,55.0,72.31493345726928,12,6.749278857733415,44.874727199999995,5.1945353999999995,7.808381792183031,5.192805338417541
5,8,relaxed-2,relaxed,False,boring,boring-2,True,7,65.0,65.82963129692742,11,0.2639766973915556,43.2882132,3.6080214000000055,7.808381792183031,5.192805338417541
5,8,relaxed-2,relaxed,False,boring,boring-2,True,8,75.0,67.16412086331898,11,1.5984662637831235,42.32759519999999,2.6474033999999946,7.808381792183031,5.192805338417541
5,8,relaxed-2,relaxed,False,boring,boring-2,True,9,85.0,64.57348636790918,11,-0.9921682316266782,44.12188319999999,4.441691399999996,7.808381792183031,5.192805338417541
5,8,relaxed-2,relaxed,False,boring,boring-2,True,10,95.0,63.56076721068614,11,-2.004887388849724,40.80475439999999,1.1245625999999973,7.808381792183031,5.192805338417541
5,8,relaxed-2,relaxed,False,boring,boring-2,True,11,105.0,62.56937827797951,10,-2.9962763215563513,38.953699199999996,-0.7264926000000003,7.808381792183031,5.192805338417541
5,8,relaxed-2,relaxed,False,boring,boring-2,True,12,115.0,62.304956354682275,11,-3.260698244853586,37.12002933333333,-2.560162466666668,7.808381792183031,5.192805338417541
6,1,relaxed-2,relaxed,False,,,False,1,5.0,76.77333128188086,12,5.642963990231735,9.740390399999995,-3.3309304000000015,5.69570661133853,4.8509846111943355
6,1,relaxed-2,relaxed,False,,,False,2,15.0,57.05358611729349,10,-14.07678117435563,9.9091344,-3.1621863999999977,5.69570661133853,4.8509846111943355
6,1,relaxed-2,relaxed,False,,,False,3,25.0,62.89872478201912,10,-8.23164250963,9.996264,-3.075056799999997,5.69570661133853,4.8509846111943355
6,1,relaxed-2,relaxed,False,,,False,4,35.0,79.13734861397843,14,8.00698132232931,9.971817599999998,-3.099503199999999,5.69570661133853,4.8509846111943355
6,1,relaxed-2,relaxed,False,,,False,5,45.0,76.3732645885221,12,5.242897296872982,10.046731199999996,-3.0245896000000005,5.69570661133853,4.8509846111943355
6,1,relaxed-2,relaxed,False,,,False,6,55.0,64.25637476501345,10,-6.873992526635675,10.178409599999998,-2.8929111999999986,5.69570661133853,4.8509846111943355
6,1,relaxed-2,relaxed,False,,,False,7,65.0,69.03581758722937,12,-2.094549704419748,10.231240799999998,-2.8400799999999986,5.69570661133853,4.8509846111943355
6,1,relaxed-2,relaxed,False,,,False,8,75.0,80.3577312692777,13,9.227363977628585,10.2619896,-2.8093311999999973,5.69570661133853,4.8509846111943355
6,1,relaxed-2,relaxed,False,,,False,9,85.0,80.633114925565,13,9.502747633915874,10.555514399999998,-2.515806399999999,5.69570661133853,4.8509846111943355
6,1,relaxed-2,relaxed,False,,,False,10,95.0,56.36391996206294,10,-14.766447329586185,10.546646399999998,-2.5246743999999985,5.69570661133853,4.8509846111943355
6,1,relaxed-2,relaxed,False,,,False,11,105.0,57.86468771021012,9,-13.265679581439002,10.417523999999995,-2.653796800000002,5.69570661133853,4.8509846111943355
6,1,relaxed-2,relaxed,False,,,False,12,115.0,62.8958938958051,11,-8.23447339584402,10.394459999999999,-2.6768607999999983,5.69570661133853,4.8509846111943355
6,2,scary-2,scary,True,relaxed,relaxed-2,False,1,5.0,59.61541468195524,10,-9.466747574604831,11.660020799999995,1.2587915999999968,3.3114444232602476,7.724314585319353
6,2,scary-2,scary,True,relaxed,relaxed-2,False,2,15.0,60.43621469830856,10,-8.645947558251507,11.938756799999997,1.5375275999999989,3.3114444232602476,7.724314585319353
6,2,scary-2,scary,True,relaxed,relaxed-2,False,3,25.0,78.02176281411546,13,8.939600557555394,12.069251999999997,1.6680227999999993,3.3114444232602476,7.724314585319353
6,2,scary-2,scary,True,relaxed,relaxed-2,False,4,35.0,72.09996058249435,12,3.0177983259342795,12.508454399999998,2.1072252000000002,3.3114444232602476,7.724314585319353
6,2,scary-2,scary,True,relaxed,relaxed-2,False,5,45.0,59.25817126905762,9,-9.823990987502448,12.456016799999995,2.0547875999999974,3.3114444232602476,7.724314585319353
6,2,scary-2,scary,True,relaxed,relaxed-2,False,6,55.0,65.07472941178406,11,-4.007432844776005,12.2403648,1.8391356000000023,3.3114444232602476,7.724314585319353
6,2,scary-2,scary,True,relaxed,relaxed-2,False,7,65.0,78.41923096028492,14,9.337068703724853,12.011695199999997,1.6104659999999988,3.3114444232602476,7.724314585319353
6,2,scary-2,scary,True,relaxed,relaxed-2,False,8,75.0,62.68297155664546,10,-6.399190699914605,11.883167999999994,1.4819387999999964,3.3114444232602476,7.724314585319353
6,2,scary-2,scary,True,relaxed,relaxed-2,False,9,85.0,73.70653426848628,12,4.624372011926212,11.853002399999998,1.4517731999999999,3.3114444232602476,7.724314585319353
6,2,scary-2,scary,True,relaxed,relaxed-2,False,10,95.0,72.54310891376501,12,3.4609466572049428,12.084633599999998,1.6834044000000006,3.3114444232602476,7.724314585319353
6,2,scary-2,scary,True,relaxed,relaxed-2,False,11,105.0,59.554193402995665,10,-9.527968853564403,11.982119999999995,1.580890799999997,3.3114444232602476,7.724314585319353
6,2,scary-2,scary,True,relaxed,relaxed-2,False,12,115.0,67.69265650988854,11,-1.3895057466715315,11.890064399999996,1.4888351999999987,3.3114444232602476,7.724314585319353
6,3,boring-2,boring,False,scary,scary-2,False,1,5.0,73.11976436018259,12,3.2667814205276784,9.498710399999997,-2.4520702000000014,3.253137464251668,3.2866399428026694
6,3,boring-2,boring,False,scary,scary-2,False,2,15.0,77.53552955256292,13,7.682546612908013,9.928060799999997,-2.022719800000001,3.253137464251668,3.2866399428026694
6,3,boring-2,boring,False,scary,scary-2,False,3,25.0,63.1852929312826,10,-6.667690008372304,9.880749599999998,-2.070031,3.253137464251668,3.2866399428026694
6,3,boring-2,boring,False,scary,scary-2,False,4,35.0,63.72962069621792,11,-6.123362243436986,9.823187999999998,-2.1275926,3.253137464251668,3.2866399428026694
6,3,boring-2,boring,False,scary,scary-2,False,5,45.0,68.8663377634375,11,-0.986645176217408,9.680863199999996,-2.2699174000000024,3.253137464251668,3.2866399428026694
6,3,boring-2,boring,False,scary,scary-2,False,6,55.0,71.9417905895727,12,2.088807649917797,9.526310399999996,-2.424470200000002,3.253137464251668,3.2866399428026694
6,3,boring-2,boring,False,scary,scary-2,False,7,65.0,72.59267689012275,12,2.7396939504678386,9.351460799999996,-2.5993198000000017,3.253137464251668,3.2866399428026694
6,3,boring-2,boring,False,scary,scary-2,False,8,75.0,87.53292195404502,15,17.679939014390115,9.354419999999996,-2.5963606000000023,3.253137464251668,3.2866399428026694
6,3,boring-2,boring,False,scary,scary-2,False,9,85.0,71.4301923246457,11,1.5772093849907947,9.594122399999998,-2.3566582,3.253137464251668,3.2866399428026694
6,3,boring-2,boring,False,scary,scary-2,False,10,95.0,62.81609125760532,10,-7.0368916820495855,9.620140799999994,-2.3306398000000037,3.253137464251668,3.2866399428026694
6,3,boring-2,boring,False,scary,scary-2,False,11,105.0,78.93586387481416,14,9.082880935159253,9.5606112,-2.390169399999998,3.253137464251668,3.2866399428026694
6,3,boring-2,boring,False,scary,scary-2,False,12,115.0,68.39777893018845,11,-1.4552040094664562,9.538142399999998,-2.4126382,3.253137464251668,3.2866399428026694
6,4,amusing-2,amusing,True,boring,boring-2,False,1,5.0,67.30659245275315,11,-7.425964295449248,11.482600799999997,1.9794511999999962,7.212252907530983,5.140750047664443
6,4,amusing-2,amusing,True,boring,boring-2,False,2,15.0,64.08438486662003,11,-10.648171881582371,12.161315999999996,2.6581663999999954,7.212252907530983,5.140750047664443
6,4,amusing-2,amusing,True,boring,boring-2,False,3,25.0,67.35026929283903,11,-7.382287455363368,11.954133599999999,2.4509839999999983,7.212252907530983,5.140750047664443
6,4,amusing-2,amusing,True,boring,boring-2,False,4,35.0,73.15286477584725,12,-1.5796919723551497,12.967173599999999,3.4640239999999984,7.212252907530983,5.140750047664443
6,4,amusing-2,amusing,True,boring,boring-2,False,5,45.0,68.04044143377415,11,-6.69211531442825,14.184040799999996,4.680891199999996,7.212252907530983,5.140750047664443
6,4,amusing-2,amusing,True,boring,boring-2,False,6,55.0,62.59875145375008,11,-12.133805294452316,13.942751999999999,4.439602399999998,7.212252907530983,5.140750047664443
6,4,amusing-2,amusing,True,boring,boring-2,False,7,65.0,62.521215530678866,10,-12.211341217523533,13.530364800000001,4.0272152000000006,7.212252907530983,5.140750047664443
6,4,amusing-2,amusing,True,boring,boring-2,False,8,75.0,63.36890136951499,11,-11.363655378687412,13.289867999999995,3.7867183999999945,7.212252907530983,5.140750047664443
6,4,amusing-2,amusing,True,boring,boring-2,False,9,85.0,68.68601700209773,11,-6.046539746104671,13.302878399999994,3.7997287999999934,7.212252907530983,5.140750047664443
6,4,amusing-2,amusing,True,boring,boring-2,False,10,95.0,59.66667294160601,10,-15.06588380659639,13.028872799999997,3.5257231999999963,7.212252907530983,5.140750047664443
6,4,amusing-2,amusing,True,boring,boring-2,False,11,105.0,61.22266160408088,10,-13.509895144121515,12.824846399999998,3.321696799999998,7.212252907530983,5.140750047664443
6,4,amusing-2,amusing,True,boring,boring-2,False,12,115.0,69.66582715926113,12,-5.066729588941271,12.690799199999997,3.1876495999999968,7.212252907530983,5.140750047664443
6,5,scary-1,scary,True,amusing,amusing-2,False,1,5.0,64.6761142477426,11,0.25893411082805073,12.903895199999997,-0.20737640000000113,2.6840343183984743,7.016593708293614
6,5,scary-1,scary,True,amusing,amusing-2,False,2,15.0,61.96412035582697,10,-2.453059781087582,13.408344,0.2970724000000011,2.6840343183984743,7.016593708293614
6,5,scary-1,scary,True,amusing,amusing-2,False,3,25.0,67.51534312000045,11,3.098162983085899,13.656527999999998,0.5452563999999995,2.6840343183984743,7.016593708293614
6,5,scary-1,scary,True,amusing,amusing-2,False,4,35.0,65.98810833482973,11,1.5709281979151797,14.347655999999997,1.2363843999999986,2.6840343183984743,7.016593708293614
6,5,scary-1,scary,True,amusing,amusing-2,False,5,45.0,61.586410398161796,10,-2.830769738752757,14.143231199999997,1.0319595999999986,2.6840343183984743,7.016593708293614
6,5,scary-1,scary,True,amusing,amusing-2,False,6,55.0,70.97719317872499,12,6.560013041810436,13.992823199999998,0.8815515999999999,2.6840343183984743,7.016593708293614
6,5,scary-1,scary,True,amusing,amusing-2,False,7,65.0,62.86204562835685,10,-1.5551345085576997,13.756665599999996,0.6453939999999978,2.6840343183984743,7.016593708293614
6,5,scary-1,scary,True,amusing,amusing-2,False,8,75.0,61.66060670919169,11,-2.756573427722863,13.466099999999997,0.3548283999999988,2.6840343183984743,7.016593708293614
6,5,scary-1,scary,True,amusing,amusing-2,False,9,85.0,61.69531678263134,10,-2.721863354283215,13.247284799999997,0.13601319999999895,2.6840343183984743,7.016593708293614
6,5,scary-1,scary,True,amusing,amusing-2,False,10,95.0,67.2871185784645,11,2.869938441549948,13.2216648,0.11039320000000075,2.6840343183984743,7.016593708293614
6,5,scary-1,scary,True,amusing,amusing-2,False,11,105.0,72.81654219155793,12,8.399362054643376,13.231519199999997,0.12024759999999901,2.6840343183984743,7.016593708293614
6,5,scary-1,scary,True,amusing,amusing-2,False,12,115.0,68.69446080000215,12,4.277280663087595,13.062382799999998,-0.04888880000000029,2.6840343183984743,7.016593708293614
6,6,boring-1,boring,False,scary,scary-1,False,1,5.0,71.90094626486747,12,5.80805780770352,10.878602399999997,-2.4523338,3.3983225929456626,2.972626596758818
6,6,boring-1,boring,False,scary,scary-1,False,2,15.0,81.00871367955715,14,14.915825222393195,11.076523199999999,-2.254412999999998,3.3983225929456626,2.972626596758818
6,6,boring-1,boring,False,scary,scary-1,False,3,25.0,60.22082964469362,9,-5.872058812470328,10.941880799999998,-2.3890553999999984,3.3983225929456626,2.972626596758818
6,6,boring-1,boring,False,scary,scary-1,False,4,35.0,65.76575984387307,11,-0.3271286132908813,10.864211999999998,-2.466724199999998,3.3983225929456626,2.972626596758818
6,6,boring-1,boring,False,scary,scary-1,False,5,45.0,71.03564358416808,12,4.942755127004133,10.794239999999997,-2.5366961999999997,3.3983225929456626,2.972626596758818
6,6,boring-1,boring,False,scary,scary-1,False,6,55.0,62.92211685690941,11,-3.1707716002545396,10.987423199999995,-2.3435130000000015,3.3983225929456626,2.972626596758818
6,6,boring-1,boring,False,scary,scary-1,False,7,65.0,65.69609915162908,11,-0.3967893055348668,10.912514399999997,-2.418421799999999,3.3983225929456626,2.972626596758818
6,6,boring-1,boring,False,scary,scary-1,False,8,75.0,61.72195219344898,10,-4.370936263714974,10.769793599999998,-2.5611425999999984,3.3983225929456626,2.972626596758818
6,6,boring-1,boring,False,scary,scary-1,False,9,85.0,62.78454310884375,10,-3.308345348320202,10.5815328,-2.7494033999999967,3.3983225929456626,2.972626596758818
6,6,boring-1,boring,False,scary,scary-1,False,10,95.0,61.67233259924772,10,-4.420555857916234,10.396039199999995,-2.934897000000001,3.3983225929456626,2.972626596758818
6,6,boring-1,boring,False,scary,scary-1,False,11,105.0,62.93176753777616,10,-3.161120919387791,10.208373599999996,-3.1225626,3.3983225929456626,2.972626596758818
6,6,boring-1,boring,False,scary,scary-1,False,12,115.0,62.27221343826306,11,-3.820675018900893,10.043181599999997,-3.2877545999999995,3.3983225929456626,2.972626596758818
6,7,relaxed-1,relaxed,False,boring,boring-1,False,1,5.0,60.99833341119673,10,-1.8848503449642138,8.264699999999998,-2.220539200000001,7.408861010486177,2.984725834127741
6,7,relaxed-1,relaxed,False,boring,boring-1,False,2,15.0,63.849354458689525,10,0.9661707025285793,8.287369199999999,-2.19787,7.408861010486177,2.984725834127741
6,7,relaxed-1,relaxed,False,boring,boring-1,False,3,25.0,63.75842383409481,11,0.8752400779338672,8.282836799999997,-2.202402400000002,7.408861010486177,2.984725834127741
6,7,relaxed-1,relaxed,False,boring,boring-1,False,4,35.0,60.62583294718864,10,-2.257350808972305,8.186243999999999,-2.2989952000000002,7.408861010486177,2.984725834127741
6,7,relaxed-1,relaxed,False,boring,boring-1,False,5,45.0,66.41476586966257,11,3.531582113501628,8.090243999999998,-2.3949952000000003,7.408861010486177,2.984725834127741
6,7,relaxed-1,relaxed,False,boring,boring-1,False,6,55.0,78.21541699748568,13,15.33223324132473,8.239072799999999,-2.2461664,7.408861010486177,2.984725834127741
6,7,relaxed-1,relaxed,False,boring,boring-1,False,7,65.0,61.80906653997168,10,-1.074117216189265,8.268247199999996,-2.216992000000003,7.408861010486177,2.984725834127741
6,7,relaxed-1,relaxed,False,boring,boring-1,False,8,75.0,56.89327440302403,9,-5.989909353136916,8.200831199999994,-2.2844080000000044,7.408861010486177,2.984725834127741
6,7,relaxed-1,relaxed,False,boring,boring-1,False,9,85.0,69.75052271634675,12,6.867338960185805,8.2832256,-2.202013599999999,7.408861010486177,2.984725834127741
6,7,relaxed-1,relaxed,False,boring,boring-1,False,10,95.0,73.21050958542416,12,10.327325829263216,8.454141599999996,-2.0310976000000025,7.408861010486177,2.984725834127741
6,7,relaxed-1,relaxed,False,boring,boring-1,False,11,105.0,64.18345235731563,10,1.3002686011546842,8.414515199999997,-2.070724000000002,7.408861010486177,2.984725834127741
6,7,relaxed-1,relaxed,False,boring,boring-1,False,12,115.0,84.67181880240987,15,21.788635046248928,8.576949599999997,-1.9082896000000016,7.408861010486177,2.984725834127741
6,8,amusing-1,amusing,True,relaxed,relaxed-1,True,1,5.0,64.65080865850017,11,-5.3135196982276085,7.995818399999997,-0.37049999999999805,6.30669507966089,5.877378789880178
6,8,amusing-1,amusing,True,relaxed,relaxed-1,True,2,15.0,68.23612174876327,11,-1.728206607964509,8.3198952,-0.046423199999996,6.30669507966089,5.877378789880178
6,8,amusing-1,amusing,True,relaxed,relaxed-1,True,3,25.0,66.23765663696814,11,-3.7266717197596364,8.434425599999997,0.06810720000000181,6.30669507966089,5.877378789880178
6,8,amusing-1,amusing,True,relaxed,relaxed-1,True,4,35.0,56.25503505309638,9,-13.709293303631398,8.368785599999994,0.0024671999999981153,6.30669507966089,5.877378789880178
6,8,amusing-1,amusing,True,relaxed,relaxed-1,True,5,45.0,55.841441551592695,10,-14.122886805135082,8.257406399999997,-0.10891199999999834,6.30669507966089,5.877378789880178
6,8,amusing-1,amusing,True,relaxed,relaxed-1,True,6,55.0,61.68351134357933,10,-8.280817013148443,8.154110399999997,-0.21220799999999862,6.30669507966089,5.877378789880178
6,8,amusing-1,amusing,True,relaxed,relaxed-1,True,7,65.0,64.88431630361646,11,-5.080012053111318,8.059291199999997,-0.3070271999999985,6.30669507966089,5.877378789880178
6,8,amusing-1,amusing,True,relaxed,relaxed-1,True,8,75.0,68.5303228932852,11,-1.434005463442574,8.365627199999997,-0.0006911999999985596,6.30669507966089,5.877378789880178
6,8,amusing-1,amusing,True,relaxed,relaxed-1,True,9,85.0,66.43184950118967,11,-3.532478855538102,8.284413599999997,-0.08190479999999845,6.30669507966089,5.877378789880178
6,8,amusing-1,amusing,True,relaxed,relaxed-1,True,10,95.0,60.029949902561825,10,-9.934378454165952,8.189593199999996,-0.17672519999999992,6.30669507966089,5.877378789880178
6,8,amusing-1,amusing,True,relaxed,relaxed-1,True,11,105.0,61.45325901341617,10,-8.511069343311604,8.071516799999998,-0.2948015999999978,6.30669507966089,5.877378789880178
6,8,amusing-1,amusing,True,relaxed,relaxed-1,True,12,115.0,58.328372686416266,10,-11.63595567031151,8.015095999999996,-0.35122239999999927,6.30669507966089,5.877378789880178
7,1,relaxed-1,relaxed,False,,,False,1,5.0,71.54471667303298,12,3.9471789225561906,15.6069072,-8.413892799999994,5.9870020019065775,4.926141944709247
7,1,relaxed-1,relaxed,False,,,False,2,15.0,78.60966486720145,13,11.012127116724656,15.494150399999995,-8.526649599999999,5.9870020019065775,4.926141944709247
7,1,relaxed-1,relaxed,False,,,False,3,25.0,72.22821168921435,12,4.630673938737559,15.4397448,-8.581055199999994,5.9870020019065775,4.926141944709247
7,1,relaxed-1,relaxed,False,,,False,4,35.0,68.6640160889635,11,1.0664783384867178,15.329351999999995,-8.691448,5.9870020019065775,4.926141944709247
7,1,relaxed-1,relaxed,False,,,False,5,45.0,66.594933964824,11,-1.002603785652795,15.237098399999997,-8.783701599999997,5.9870020019065775,4.926141944709247
7,1,relaxed-1,relaxed,False,,,False,6,55.0,67.33232203388546,11,-0.26521571659132803,15.041543999999998,-8.979255999999996,5.9870020019065775,4.926141944709247
7,1,relaxed-1,relaxed,False,,,False,7,65.0,64.74603069033793,11,-2.8515070601388572,14.819971199999992,-9.200828800000002,5.9870020019065775,4.926141944709247
7,1,relaxed-1,relaxed,False,,,False,8,75.0,76.63128532094953,13,9.033747570472741,14.609440799999998,-9.411359199999996,5.9870020019065775,4.926141944709247
7,1,relaxed-1,relaxed,False,,,False,9,85.0,77.9500087864663,12,10.35247103598951,14.454103199999997,-9.566696799999997,5.9870020019065775,4.926141944709247
7,1,relaxed-1,relaxed,False,,,False,10,95.0,67.82133154525101,12,0.2237937947742239,14.2345032,-9.786296799999993,5.9870020019065775,4.926141944709247
7,1,relaxed-1,relaxed,False,,,False,11,105.0,66.165708711485,11,-1.4318290389917934,14.024957999999998,-9.995841999999996,5.9870020019065775,4.926141944709247
7,1,relaxed-1,relaxed,False,,,False,12,115.0,69.20133138513368,11,1.6037936346568955,13.792540799999994,-10.2282592,5.9870020019065775,4.926141944709247
7,2,boring-1,boring,False,relaxed,relaxed-1,False,1,5.0,75.39693393773705,13,4.729697197601695,14.366579999999999,0.043993800000002636,5.1411956148713065,5.003286558627264
7,2,boring-1,boring,False,relaxed,relaxed-1,False,2,15.0,87.82479757898057,14,17.157560838845214,14.510483999999996,0.1878978,5.1411956148713065,5.003286558627264
7,2,boring-1,boring,False,relaxed,relaxed-1,False,3,25.0,68.31294855035692,12,-2.35428818977843,14.539264800000002,0.21667860000000516,5.1411956148713065,5.003286558627264
7,2,boring-1,boring,False,relaxed,relaxed-1,False,4,35.0,64.67670982722964,10,-5.9905269129057075,14.525860799999998,0.20327460000000208,5.1411956148713065,5.003286558627264
7,2,boring-1,boring,False,relaxed,relaxed-1,False,5,45.0,69.40149522781964,12,-1.2657415123157136,14.352583199999998,0.029997000000001606,5.1411956148713065,5.003286558627264
7,2,boring-1,boring,False,relaxed,relaxed-1,False,6,55.0,69.92387357653352,11,-0.7433631636018276,14.1783252,-0.14426099999999664,5.1411956148713065,5.003286558627264
7,2,boring-1,boring,False,relaxed,relaxed-1,False,7,65.0,66.78544516185273,11,-3.8817915782826162,13.938021599999995,-0.3845646000000009,5.1411956148713065,5.003286558627264
7,2,boring-1,boring,False,relaxed,relaxed-1,False,8,75.0,70.07990055124714,12,-0.5873361888882158,13.675053599999995,-0.6475326000000017,5.1411956148713065,5.003286558627264
7,2,boring-1,boring,False,relaxed,relaxed-1,False,9,85.0,69.9202120086565,12,-0.7470247314788452,13.387442399999998,-0.9351437999999987,5.1411956148713065,5.003286558627264
7,2,boring-1,boring,False,relaxed,relaxed-1,False,10,95.0,66.60958687333104,11,-4.0576498668043115,13.171591199999998,-1.1509949999999982,5.1411956148713065,5.003286558627264
7,2,boring-1,boring,False,relaxed,relaxed-1,False,11,105.0,71.94160506642544,12,1.2743683262900873,12.9405576,-1.3820285999999964,5.1411956148713065,5.003286558627264
7,2,boring-1,boring,False,relaxed,relaxed-1,False,12,115.0,84.14790015294457,14,13.480663412809221,12.711103199999998,-1.611482999999998,5.1411956148713065,5.003286558627264
7,3,scary-1,scary,True,boring,boring-1,False,1,5.0,64.46962838864471,10,-7.595879473080217,25.2993084,11.995346800000002,3.9490505243088654,8.354692087702572
7,3,scary-1,scary,True,boring,boring-1,False,2,15.0,62.41019865706462,11,-9.655309204660306,25.656503999999995,12.352542399999995,3.9490505243088654,8.354692087702572
7,3,scary-1,scary,True,boring,boring-1,False,3,25.0,75.1686758820319,12,3.103168020306981,26.312356799999993,13.008395199999994,3.9490505243088654,8.354692087702572
7,3,scary-1,scary,True,boring,boring-1,False,4,35.0,82.90968445305202,14,10.844176591327098,25.853640000000002,12.549678400000003,3.9490505243088654,8.354692087702572
7,3,scary-1,scary,True,boring,boring-1,False,5,45.0,77.44634303691932,13,5.380835175194392,26.321623199999998,13.017661599999999,3.9490505243088654,8.354692087702572
7,3,scary-1,scary,True,boring,boring-1,False,6,55.0,64.82412338541073,10,-7.241384476314195,26.278646399999996,12.974684799999997,3.9490505243088654,8.354692087702572
7,3,scary-1,scary,True,boring,boring-1,False,7,65.0,67.99733304802848,12,-4.068174813696444,26.02395599999999,12.719994399999992,3.9490505243088654,8.354692087702572
7,3,scary-1,scary,True,boring,boring-1,False,8,75.0,81.06199374070957,13,8.996485878984643,25.8782808,12.5743192,3.9490505243088654,8.354692087702572
7,3,scary-1,scary,True,boring,boring-1,False,9,85.0,83.80986445166745,14,11.744356589942527,25.530350399999993,12.226388799999993,3.9490505243088654,8.354692087702572
7,3,scary-1,scary,True,boring,boring-1,False,10,95.0,85.66216240640402,14,13.596654544679097,25.540004399999994,12.236042799999995,3.9490505243088654,8.354692087702572
7,3,scary-1,scary,True,boring,boring-1,False,11,105.0,75.10764633410948,12,3.0421384723845506,25.169008799999993,11.865047199999994,3.9490505243088654,8.354692087702572
7,3,scary-1,scary,True,boring,boring-1,False,12,115.0,66.37531861522767,11,-5.690189246497255,25.046397599999995,11.742435999999996,3.9490505243088654,8.354692087702572
7,4,amusing-1,amusing,True,scary,scary-1,False,1,5.0,64.26671089741127,11,-13.020164786738505,22.591749599999993,-2.9395834000000036,6.234983889418494,5.256263489037178
7,4,amusing-1,amusing,True,scary,scary-1,False,2,15.0,60.40592277857576,10,-16.88095290557402,22.577951999999993,-2.953381000000004,6.234983889418494,5.256263489037178
7,4,amusing-1,amusing,True,scary,scary-1,False,3,25.0,62.33490863176769,10,-14.951967052382088,22.224695999999998,-3.3066369999999985,6.234983889418494,5.256263489037178
7,4,amusing-1,amusing,True,scary,scary-1,False,4,35.0,64.67538675869731,11,-12.611488925452463,22.4318736,-3.099459399999997,6.234983889418494,5.256263489037178
7,4,amusing-1,amusing,True,scary,scary-1,False,5,45.0,65.07886121586547,11,-12.208014468284304,21.993064799999996,-3.538268200000001,6.234983889418494,5.256263489037178
7,4,amusing-1,amusing,True,scary,scary-1,False,6,55.0,73.0662092287413,12,-4.220666455408477,21.651052799999995,-3.8802802000000014,6.234983889418494,5.256263489037178
7,4,amusing-1,amusing,True,scary,scary-1,False,7,65.0,90.4671688483706,15,13.180293164220828,21.551505599999995,-3.9798274000000013,6.234983889418494,5.256263489037178
7,4,amusing-1,amusing,True,scary,scary-1,False,8,75.0,72.21878295850946,11,-5.068092725640312,21.139111199999995,-4.3922218000000015,6.234983889418494,5.256263489037178
7,4,amusing-1,amusing,True,scary,scary-1,False,9,85.0,66.13367356108233,12,-11.153202123067445,20.768111999999995,-4.7632210000000015,6.234983889418494,5.256263489037178
7,4,amusing-1,amusing,True,scary,scary-1,False,10,95.0,66.48482587508244,11,-10.802049809067341,20.609817599999996,-4.9215154000000005,6.234983889418494,5.256263489037178
7,4,amusing-1,amusing,True,scary,scary-1,False,11,105.0,76.93831269474543,12,-0.3485629894043427,25.2005496,-0.33078339999999784,6.234983889418494,5.256263489037178
7,4,amusing-1,amusing,True,scary,scary-1,False,12,115.0,90.43926282388797,15,13.152387139738195,26.077576799999996,0.5462437999999992,6.234983889418494,5.256263489037178
7,5,boring-2,boring,False,amusing,amusing-1,False,1,5.0,79.37050602762156,14,0.9994532996831111,22.659166799999998,0.10138800000000003,5.02483378022069,3.255314314317506
7,5,boring-2,boring,False,amusing,amusing-1,False,2,15.0,103.00235333328743,17,24.631300605348983,23.158886399999997,0.6011075999999989,5.02483378022069,3.255314314317506
7,5,boring-2,boring,False,amusing,amusing-1,False,3,25.0,91.15031287355963,15,12.77926014562118,23.472710399999997,0.9149315999999992,5.02483378022069,3.255314314317506
7,5,boring-2,boring,False,amusing,amusing-1,False,4,35.0,95.08950545478156,15,16.71845272684311,23.189048399999997,0.6312695999999995,5.02483378022069,3.255314314317506
7,5,boring-2,boring,False,amusing,amusing-1,False,5,45.0,87.49883175824932,15,9.127779030310876,22.9844292,0.4266504000000033,5.02483378022069,3.255314314317506
7,5,boring-2,boring,False,amusing,amusing-1,False,6,55.0,71.08103661295432,11,-7.290016114984127,22.782964799999995,0.22518599999999722,5.02483378022069,3.255314314317506
7,5,boring-2,boring,False,amusing,amusing-1,False,7,65.0,69.12962481879119,11,-9.241427909147262,22.67079599999999,0.11301719999999094,5.02483378022069,3.255314314317506
7,5,boring-2,boring,False,amusing,amusing-1,False,8,75.0,79.07560118151176,13,0.7045484535733095,22.3892952,-0.1684835999999983,5.02483378022069,3.255314314317506
7,5,boring-2,boring,False,amusing,amusing-1,False,9,85.0,64.9286929591654,11,-13.442359768773045,22.2765384,-0.28124039999999795,5.02483378022069,3.255314314317506
7,5,boring-2,boring,False,amusing,amusing-1,False,10,95.0,64.91646690265924,11,-13.45458582527921,21.768539999999994,-0.7892388000000032,5.02483378022069,3.255314314317506
7,5,boring-2,boring,False,amusing,amusing-1,False,11,105.0,64.0734841356861,11,-14.297568592252347,21.316915199999993,-1.2408636000000044,5.02483378022069,3.255314314317506
7,5,boring-2,boring,False,amusing,amusing-1,False,12,115.0,68.25758315907498,11,-10.113469568863465,21.143049599999994,-1.4147292000000036,5.02483378022069,3.255314314317506
7,6,amusing-2,amusing,True,boring,boring-2,False,1,5.0,63.31445727206303,11,-5.396530773360475,18.592999199999998,-3.3345231999999996,6.457399313822371,5.788917739579252
7,6,amusing-2,amusing,True,boring,boring-2,False,2,15.0,72.02233677118419,11,3.3113487257606806,19.1561952,-2.771327199999998,6.457399313822371,5.788917739579252
7,6,amusing-2,amusing,True,boring,boring-2,False,3,25.0,73.93986810353194,12,5.22888005810843,19.5147696,-2.4127527999999963,6.457399313822371,5.788917739579252
7,6,amusing-2,amusing,True,boring,boring-2,False,4,35.0,62.520052057252975,11,-6.19093598817053,19.312519199999997,-2.6150032000000003,6.457399313822371,5.788917739579252
7,6,amusing-2,amusing,True,boring,boring-2,False,5,45.0,71.24426585924766,11,2.5332778138241565,19.2502272,-2.677295199999996,6.457399313822371,5.788917739579252
7,6,amusing-2,amusing,True,boring,boring-2,False,6,55.0,89.31724078857077,15,20.606252743147266,19.483226399999996,-2.4442960000000014,6.457399313822371,5.788917739579252
7,6,amusing-2,amusing,True,boring,boring-2,False,7,65.0,95.84846726183099,16,27.137479216407485,19.541381999999995,-2.386140400000002,6.457399313822371,5.788917739579252
7,6,amusing-2,amusing,True,boring,boring-2,False,8,75.0,80.3307852781521,13,11.619797232728601,19.4351304,-2.492391999999999,6.457399313822371,5.788917739579252
7,6,amusing-2,amusing,True,boring,boring-2,False,9,85.0,70.7086465465236,11,1.9976585011000907,19.138060799999995,-2.7894616000000028,6.457399313822371,5.788917739579252
7,6,amusing-2,amusing,True,boring,boring-2,False,10,95.0,67.4611805817379,12,-1.249807463685599,18.980162399999998,-2.9473599999999998,6.457399313822371,5.788917739579252
7,6,amusing-2,amusing,True,boring,boring-2,False,11,105.0,63.48371833600366,10,-5.2272697094198435,20.468475599999998,-1.4590467999999994,6.457399313822371,5.788917739579252
7,6,amusing-2,amusing,True,boring,boring-2,False,12,115.0,66.95635182786842,11,-1.7546362175550883,20.389428,-1.5380943999999985,6.457399313822371,5.788917739579252
7,7,scary-2,scary,True,amusing,amusing-2,False,1,5.0,67.73886687243912,11,-8.104448432553724,27.971986799999996,8.313213600000001,4.397207054337464,8.418862917063871
7,7,scary-2,scary,True,amusing,amusing-2,False,2,15.0,66.90792594507626,11,-8.935389359916584,28.6615416,9.002768400000004,4.397207054337464,8.418862917063871
7,7,scary-2,scary,True,amusing,amusing-2,False,3,25.0,85.46715197292141,14,9.623836667928572,29.362735199999996,9.703962,4.397207054337464,8.418862917063871
7,7,scary-2,scary,True,amusing,amusing-2,False,4,35.0,85.50527211414907,14,9.661956809156223,30.854997599999997,11.196224400000002,4.397207054337464,8.418862917063871
7,7,scary-2,scary,True,amusing,amusing-2,False,5,45.0,75.92339982403206,12,0.0800845190392181,30.5244192,10.865646000000005,4.397207054337464,8.418862917063871
7,7,scary-2,scary,True,amusing,amusing-2,False,6,55.0,84.15941230392646,14,8.316096998933617,30.9127632,11.253990000000005,4.397207054337464,8.418862917063871
7,7,scary-2,scary,True,amusing,amusing-2,False,7,65.0,76.7355987258156,13,0.8922834208227641,30.1526304,10.493857200000004,4.397207054337464,8.418862917063871
7,7,scary-2,scary,True,amusing,amusing-2,False,8,75.0,82.71529710876229,13,6.871981803769444,29.3373024,9.678529200000003,4.397207054337464,8.418862917063871
7,7,scary-2,scary,True,amusing,amusing-2,False,9,85.0,70.66435264287588,12,-5.178962662116959,30.088367999999992,10.429594799999997,4.397207054337464,8.418862917063871
7,7,scary-2,scary,True,amusing,amusing-2,False,10,95.0,68.0157438025828,11,-7.827571502410038,31.019606399999997,11.360833200000002,4.397207054337464,8.418862917063871
7,7,scary-2,scary,True,amusing,amusing-2,False,11,105.0,69.8735381341061,11,-5.9697771708867435,30.225372,10.566598800000005,4.397207054337464,8.418862917063871
7,7,scary-2,scary,True,amusing,amusing-2,False,12,115.0,68.58205497146204,12,-7.2612603335307995,29.356425599999994,9.697652399999999,4.397207054337464,8.418862917063871
7,8,relaxed-2,relaxed,False,scary,scary-2,True,1,5.0,74.81211526139317,12,1.748217504099486,20.786644799999998,-9.243306,5.528964346997141,4.989499714013347
7,8,relaxed-2,relaxed,False,scary,scary-2,True,2,15.0,94.94702488337718,16,21.883127126083494,20.491735199999997,-9.538215600000001,5.528964346997141,4.989499714013347
7,8,relaxed-2,relaxed,False,scary,scary-2,True,3,25.0,65.03598630349713,11,-8.027911453796563,20.189344799999994,-9.840606000000005,5.528964346997141,4.989499714013347
7,8,relaxed-2,relaxed,False,scary,scary-2,True,4,35.0,72.07106222522667,12,-0.9928355320670192,19.588101599999995,-10.441849200000004,5.528964346997141,4.989499714013347
7,8,relaxed-2,relaxed,False,scary,scary-2,True,5,45.0,70.5459677844283,11,-2.5179299728653888,19.077148799999996,-10.952802000000002,5.528964346997141,4.989499714013347
7,8,relaxed-2,relaxed,False,scary,scary-2,True,6,55.0,60.862883409956694,10,-12.201014347336994,18.606011999999993,-11.423938800000006,5.528964346997141,4.989499714013347
7,8,relaxed-2,relaxed,False,scary,scary-2,True,7,65.0,69.86262774811934,12,-3.201270009174351,18.298096799999996,-11.731854000000002,5.528964346997141,4.989499714013347
7,8,relaxed-2,relaxed,False,scary,scary-2,True,8,75.0,60.750523817987734,10,-12.313373939305954,17.983082399999997,-12.046868400000001,5.528964346997141,4.989499714013347
7,8,relaxed-2,relaxed,False,scary,scary-2,True,9,85.0,65.80459037563352,11,-7.2593073816601645,17.568528000000004,-12.461422799999994,5.528964346997141,4.989499714013347
7,8,relaxed-2,relaxed,False,scary,scary-2,True,10,95.0,93.19043270311184,16,20.12653494581815,17.372971199999995,-12.656979600000003,5.528964346997141,4.989499714013347
7,8,relaxed-2,relaxed,False,scary,scary-2,True,11,105.0,73.58911289505137,11,0.5252151377576837,17.0094696,-13.020481199999999,5.528964346997141,4.989499714013347
7,8,relaxed-2,relaxed,False,scary,scary-2,True,12,115.0,62.022103419336034,11,-11.041794337957654,17.32433066666666,-12.705620133333337,5.528964346997141,4.989499714013347
8,1,boring-1,boring,False,,,False,1,5.0,79.42258964129,14,7.80596614669939,17.6984304,-4.142619599999993,4.638809723546235,2.645991229742612
8,1,boring-1,boring,False,,,False,2,15.0,88.75386094303289,14,17.137237448442278,17.56182,-4.279229999999991,4.638809723546235,2.645991229742612
8,1,boring-1,boring,False,,,False,3,25.0,81.29416186096137,14,9.677538366370754,17.419696800000004,-4.421353199999988,4.638809723546235,2.645991229742612
8,1,boring-1,boring,False,,,False,4,35.0,70.2199540378084,11,-1.396669456782206,17.2182312,-4.62281879999999,4.638809723546235,2.645991229742612
8,1,boring-1,boring,False,,,False,5,45.0,72.64066378906904,12,1.024040294478425,17.1212448,-4.719805199999993,4.638809723546235,2.645991229742612
8,1,boring-1,boring,False,,,False,6,55.0,69.84206116610511,12,-1.7745623284855014,16.976944800000002,-4.86410519999999,4.638809723546235,2.645991229742612
8,1,boring-1,boring,False,,,False,7,65.0,70.58147344817847,12,-1.0351500464121415,16.8365856,-5.004464399999993,4.638809723546235,2.645991229742612
8,1,boring-1,boring,False,,,False,8,75.0,70.51785261215947,12,-1.0987708824311397,16.6808592,-5.160190799999992,4.638809723546235,2.645991229742612
8,1,boring-1,boring,False,,,False,9,85.0,75.13587172791614,12,3.519248233325527,16.5136944,-5.3273555999999935,4.638809723546235,2.645991229742612
8,1,boring-1,boring,False,,,False,10,95.0,75.32501551769067,13,3.7083920231000604,16.400543999999996,-5.440505999999996,4.638809723546235,2.645991229742612
8,1,boring-1,boring,False,,,False,11,105.0,70.29187362057814,11,-1.3247498740124684,16.285418399999998,-5.555631599999995,4.638809723546235,2.645991229742612
8,1,boring-1,boring,False,,,False,12,115.0,73.61595784119848,13,1.999334346607867,16.309864799999993,-5.5311851999999995,4.638809723546235,2.645991229742612
8,2,relaxed-1,relaxed,False,boring,boring-1,False,1,5.0,78.91368195214532,13,6.252508843227957,14.629543199999995,-1.8749512000000035,6.280193517635842,0.808869018112488
8,2,relaxed-1,relaxed,False,boring,boring-1,False,2,15.0,77.72303938797047,13,5.061866279053106,14.507726399999996,-1.996768000000003,6.280193517635842,0.808869018112488
8,2,relaxed-1,relaxed,False,boring,boring-1,False,3,25.0,73.45661447981726,13,0.7954413708998942,14.384521199999995,-2.119973200000004,6.280193517635842,0.808869018112488
8,2,relaxed-1,relaxed,False,boring,boring-1,False,4,35.0,71.89588581921097,11,-0.7652872897063929,14.294824799999997,-2.2096696000000016,6.280193517635842,0.808869018112488
8,2,relaxed-1,relaxed,False,boring,boring-1,False,5,45.0,72.5673692191953,13,-0.09380388972206788,14.376040799999995,-2.128453600000004,6.280193517635842,0.808869018112488
8,2,relaxed-1,relaxed,False,boring,boring-1,False,6,55.0,74.09738467490813,12,1.4362115659907602,14.528422799999998,-1.976071600000001,6.280193517635842,0.808869018112488
8,2,relaxed-1,relaxed,False,boring,boring-1,False,7,65.0,71.43007056643145,12,-1.2311025424859139,14.486435999999998,-2.018058400000001,6.280193517635842,0.808869018112488
8,2,relaxed-1,relaxed,False,boring,boring-1,False,8,75.0,70.92599329083261,12,-1.7351798180847595,14.416653599999995,-2.087840800000004,6.280193517635842,0.808869018112488
8,2,relaxed-1,relaxed,False,boring,boring-1,False,9,85.0,73.69186116624466,12,1.0306880573272963,14.362243199999998,-2.1422512000000005,6.280193517635842,0.808869018112488
8,2,relaxed-1,relaxed,False,boring,boring-1,False,10,95.0,73.22859774958968,12,0.5674246406723142,14.311186799999996,-2.1933076000000025,6.280193517635842,0.808869018112488
8,2,relaxed-1,relaxed,False,boring,boring-1,False,11,105.0,72.7758160850302,12,0.11464297611283314,14.241993599999995,-2.2625008000000033,6.280193517635842,0.808869018112488
8,2,relaxed-1,relaxed,False,boring,boring-1,False,12,115.0,73.73287723636817,13,1.0717041274508006,14.254214399999999,-2.25028,6.280193517635842,0.808869018112488
8,3,amusing-1,amusing,True,relaxed,relaxed-1,False,1,5.0,76.65824995101163,12,4.012284603472864,13.913186399999997,-0.43226819999999755,7.307073212583412,7.8230062917063865
8,3,amusing-1,amusing,True,relaxed,relaxed-1,False,2,15.0,73.70138427788586,13,1.055418930347102,14.088232799999997,-0.25722179999999817,7.307073212583412,7.8230062917063865
8,3,amusing-1,amusing,True,relaxed,relaxed-1,False,3,25.0,72.76916430781161,12,0.12319896027284472,14.707607999999993,0.3621533999999986,7.307073212583412,7.8230062917063865
8,3,amusing-1,amusing,True,relaxed,relaxed-1,False,4,35.0,71.7139252472821,12,-0.932040100256657,15.653035199999994,1.3075805999999996,7.307073212583412,7.8230062917063865
8,3,amusing-1,amusing,True,relaxed,relaxed-1,False,5,45.0,70.22389729064331,11,-2.422068056895455,15.687533999999994,1.3420793999999994,7.307073212583412,7.8230062917063865
8,3,amusing-1,amusing,True,relaxed,relaxed-1,False,6,55.0,74.40086921232954,13,1.7549038647907764,15.630955199999994,1.2855005999999989,7.307073212583412,7.8230062917063865
8,3,amusing-1,amusing,True,relaxed,relaxed-1,False,7,65.0,79.07727704284424,13,6.431311695305482,16.030336799999997,1.6848822000000023,7.307073212583412,7.8230062917063865
8,3,amusing-1,amusing,True,relaxed,relaxed-1,False,8,75.0,73.9136128636211,12,1.2676475160823344,15.904178399999997,1.5587238000000028,7.307073212583412,7.8230062917063865
8,3,amusing-1,amusing,True,relaxed,relaxed-1,False,9,85.0,74.38202723339194,13,1.7360618858531751,15.779985599999998,1.4345310000000033,7.307073212583412,7.8230062917063865
8,3,amusing-1,amusing,True,relaxed,relaxed-1,False,10,95.0,74.46697127389956,12,1.8210059263607974,15.615184799999998,1.2697302000000033,7.307073212583412,7.8230062917063865
8,3,amusing-1,amusing,True,relaxed,relaxed-1,False,11,105.0,75.47613449991758,13,2.830169152378815,15.429098399999997,1.0836438000000026,7.307073212583412,7.8230062917063865
8,3,amusing-1,amusing,True,relaxed,relaxed-1,False,12,115.0,73.96051431157588,12,1.3145489640371153,15.293870399999998,0.9484158000000029,7.307073212583412,7.8230062917063865
8,4,scary-1,scary,True,amusing,amusing-1,False,1,5.0,80.61860802151365,14,5.3618895484582225,40.748179199999996,25.072736799999998,0.5,9.5
8,4,scary-1,scary,True,amusing,amusing-1,False,2,15.0,73.09358019613302,12,-2.1631382769224103,39.07532879999999,23.39988639999999,0.5,9.5
8,4,scary-1,scary,True,amusing,amusing-1,False,3,25.0,67.29438307943734,11,-7.9623353936180905,38.207752799999994,22.532310399999997,0.5,9.5
8,4,scary-1,scary,True,amusing,amusing-1,False,4,35.0,65.23083699146743,11,-10.025881481588002,37.99643519999999,22.320992799999996,0.5,9.5
8,4,scary-1,scary,True,amusing,amusing-1,False,5,45.0,67.09432253281368,11,-8.162395940241751,37.393408799999996,21.717966399999998,0.5,9.5
8,4,scary-1,scary,True,amusing,amusing-1,False,6,55.0,69.94916955684464,12,-5.307548916210791,36.71291639999999,21.037473999999992,0.5,9.5
8,4,scary-1,scary,True,amusing,amusing-1,False,7,65.0,68.97385767223919,11,-6.282860800816238,36.3637968,20.688354400000005,0.5,9.5
8,4,scary-1,scary,True,amusing,amusing-1,False,8,75.0,66.52546187646857,11,-8.73125659658686,36.3637968,20.688354400000005,0.5,9.5
8,4,scary-1,scary,True,amusing,amusing-1,False,9,85.0,65.82544513975216,11,-9.431273333303267,35.703808800000004,20.028366400000007,0.5,9.5
8,4,scary-1,scary,True,amusing,amusing-1,False,10,95.0,67.83512336768122,11,-7.421595105374209,35.209795199999995,19.534352799999997,0.5,9.5
8,4,scary-1,scary,True,amusing,amusing-1,False,11,105.0,70.67495606275548,12,-4.581762410299945,34.4417808,18.7663384,0.5,9.5
8,4,scary-1,scary,True,amusing,amusing-1,False,12,115.0,70.74444404135521,12,-4.51227443170022,33.867340799999994,18.191898399999996,0.5,9.5
8,5,boring-2,boring,False,scary,scary-1,False,1,5.0,75.55309211885626,12,7.056157267872692,21.721034399999997,-13.604018800000002,7.174807244995234,2.3241192564346997
8,5,boring-2,boring,False,scary,scary-1,False,2,15.0,77.95713826924916,13,9.460203418265593,21.322833600000003,-14.002219599999997,7.174807244995234,2.3241192564346997
8,5,boring-2,boring,False,scary,scary-1,False,3,25.0,75.0137264419851,13,6.516791591001535,21.195091199999997,-14.129962000000003,7.174807244995234,2.3241192564346997
8,5,boring-2,boring,False,scary,scary-1,False,4,35.0,77.7001275275607,13,9.203192676577132,20.813059199999998,-14.511994000000001,7.174807244995234,2.3241192564346997
8,5,boring-2,boring,False,scary,scary-1,False,5,45.0,75.54120108964283,12,7.044266238659262,20.5083,-14.8167532,7.174807244995234,2.3241192564346997
8,5,boring-2,boring,False,scary,scary-1,False,6,55.0,68.74317288650033,12,0.24623803551676815,20.172784799999995,-15.152268400000004,7.174807244995234,2.3241192564346997
8,5,boring-2,boring,False,scary,scary-1,False,7,65.0,71.01243399874608,11,2.5154991477625117,19.773009599999998,-15.552043600000001,7.174807244995234,2.3241192564346997
8,5,boring-2,boring,False,scary,scary-1,False,8,75.0,71.35536675986486,12,2.8584319088813004,19.413052799999996,-15.912000400000004,7.174807244995234,2.3241192564346997
8,5,boring-2,boring,False,scary,scary-1,False,9,85.0,71.84618337589261,12,3.3492485249090436,19.073599199999997,-16.251454000000003,7.174807244995234,2.3241192564346997
8,5,boring-2,boring,False,scary,scary-1,False,10,95.0,74.20101916174794,13,5.704084310764372,18.814572,-16.5104812,7.174807244995234,2.3241192564346997
8,5,boring-2,boring,False,scary,scary-1,False,11,105.0,75.62710400279997,12,7.130169151816403,19.3320336,-15.9930196,7.174807244995234,2.3241192564346997
8,5,boring-2,boring,False,scary,scary-1,False,12,115.0,75.78748776750112,13,7.290552916517555,19.635016799999992,-15.690036400000007,7.174807244995234,2.3241192564346997
8,6,amusing-2,amusing,True,boring,boring-2,False,1,5.0,75.853006091078,13,2.47038672492549,18.088351199999995,-1.251862800000005,9.25589094375596,5.69976701620591
8,6,amusing-2,amusing,True,boring,boring-2,False,2,15.0,75.0236778597149,13,1.641058493562383,18.478668,-0.8615460000000006,9.25589094375596,5.69976701620591
8,6,amusing-2,amusing,True,boring,boring-2,False,3,25.0,75.27835491982803,12,1.8957355536755216,18.453035999999997,-0.8871780000000022,9.25589094375596,5.69976701620591
8,6,amusing-2,amusing,True,boring,boring-2,False,4,35.0,72.81979223716587,12,-0.5628271289866404,18.671066399999994,-0.6691476000000058,9.25589094375596,5.69976701620591
8,6,amusing-2,amusing,True,boring,boring-2,False,5,45.0,74.78337637431338,13,1.4007570081608662,18.5993064,-0.7409075999999999,9.25589094375596,5.69976701620591
8,6,amusing-2,amusing,True,boring,boring-2,False,6,55.0,73.58641583773691,12,0.20379647158439695,18.5279448,-0.8122691999999994,9.25589094375596,5.69976701620591
8,6,amusing-2,amusing,True,boring,boring-2,False,7,65.0,71.79805669664348,12,-1.584562669509026,18.646622399999995,-0.6935916000000049,9.25589094375596,5.69976701620591
8,6,amusing-2,amusing,True,boring,boring-2,False,8,75.0,76.2991972311889,13,2.9165778650363876,19.024319999999996,-0.31589400000000367,9.25589094375596,5.69976701620591
8,6,amusing-2,amusing,True,boring,boring-2,False,9,85.0,86.38611803264207,14,13.003498666489563,19.179652799999992,-0.16056120000000718,9.25589094375596,5.69976701620591
8,6,amusing-2,amusing,True,boring,boring-2,False,10,95.0,81.19707727443686,13,7.8144579082843535,20.002075199999997,0.661861199999997,9.25589094375596,5.69976701620591
8,6,amusing-2,amusing,True,boring,boring-2,False,11,105.0,68.4524783049963,11,-4.930141061156206,21.797911199999994,2.457697199999995,9.25589094375596,5.69976701620591
8,6,amusing-2,amusing,True,boring,boring-2,False,12,115.0,68.84255619022578,12,-4.540063175926733,21.693429599999995,2.353215599999995,9.25589094375596,5.69976701620591
8,7,relaxed-2,relaxed,False,amusing,amusing-2,False,1,5.0,77.0636715297085,13,1.0967137026749754,17.386972799999995,-2.6703624000000055,7.387546139180172,4.93474528122021
8,7,relaxed-2,relaxed,False,amusing,amusing-2,False,2,15.0,76.63876589794617,12,0.6718080709126468,17.534423999999994,-2.5229112000000065,7.387546139180172,4.93474528122021
8,7,relaxed-2,relaxed,False,amusing,amusing-2,False,3,25.0,73.64265016121252,13,-2.32430766582101,17.288011199999993,-2.769324000000008,7.387546139180172,4.93474528122021
8,7,relaxed-2,relaxed,False,amusing,amusing-2,False,4,35.0,71.92111031628751,12,-4.045847510746015,17.003356799999995,-3.0539784000000054,7.387546139180172,4.93474528122021
8,7,relaxed-2,relaxed,False,amusing,amusing-2,False,5,45.0,75.39697858505546,12,-0.5699792419780607,16.754782799999997,-3.3025524000000033,7.387546139180172,4.93474528122021
8,7,relaxed-2,relaxed,False,amusing,amusing-2,False,6,55.0,76.37778557383693,13,0.41082774680340606,16.5460224,-3.5113128000000025,7.387546139180172,4.93474528122021
8,7,relaxed-2,relaxed,False,amusing,amusing-2,False,7,65.0,74.11487426466893,12,-1.852083562364598,16.75655519999999,-3.3007800000000103,7.387546139180172,4.93474528122021
8,7,relaxed-2,relaxed,False,amusing,amusing-2,False,8,75.0,76.14571911248214,13,0.17876128544861558,17.9038392,-2.1534960000000005,7.387546139180172,4.93474528122021
8,7,relaxed-2,relaxed,False,amusing,amusing-2,False,9,85.0,75.92019569715511,13,-0.04676212987841666,17.95608,-2.1012552000000007,7.387546139180172,4.93474528122021
8,7,relaxed-2,relaxed,False,amusing,amusing-2,False,10,95.0,77.4561972732757,12,1.4892394462421805,17.941295999999994,-2.1160392000000066,7.387546139180172,4.93474528122021
8,7,relaxed-2,relaxed,False,amusing,amusing-2,False,11,105.0,70.3568406605877,12,-5.610117166445832,18.321751199999998,-1.735584000000003,7.387546139180172,4.93474528122021
8,7,relaxed-2,relaxed,False,amusing,amusing-2,False,12,115.0,70.10190299403057,12,-5.865054833002958,18.331610399999995,-1.7257248000000054,7.387546139180172,4.93474528122021
8,8,scary-2,scary,True,relaxed,relaxed-2,True,1,5.0,85.77372801116746,14,11.703259432302076,35.417181600000006,17.54865960000001,0.7702390848427073,8.948862535748333
8,8,scary-2,scary,True,relaxed,relaxed-2,True,2,15.0,76.86557495753229,13,2.795106378666901,34.45321199999999,16.58469,0.7702390848427073,8.948862535748333
8,8,scary-2,scary,True,relaxed,relaxed-2,True,3,25.0,70.56636646410425,12,-3.504102114761139,34.12696319999999,16.258441199999996,0.7702390848427073,8.948862535748333
8,8,scary-2,scary,True,relaxed,relaxed-2,True,4,35.0,67.20109517437108,11,-6.869373404494311,34.066639200000004,16.19811720000001,0.7702390848427073,8.948862535748333
8,8,scary-2,scary,True,relaxed,relaxed-2,True,5,45.0,65.0110740185528,11,-9.059394560312583,33.4876704,15.619148400000004,0.7702390848427073,8.948862535748333
8,8,scary-2,scary,True,relaxed,relaxed-2,True,6,55.0,66.27150930920355,11,-7.798959269661836,33.7601088,15.891586800000002,0.7702390848427073,8.948862535748333
8,8,scary-2,scary,True,relaxed,relaxed-2,True,7,65.0,67.41844759035719,11,-6.652020988508198,33.676519199999994,15.807997199999999,0.7702390848427073,8.948862535748333
8,8,scary-2,scary,True,relaxed,relaxed-2,True,8,75.0,69.60733315611674,12,-4.46313542274865,33.0267792,15.158257200000005,0.7702390848427073,8.948862535748333
8,8,scary-2,scary,True,relaxed,relaxed-2,True,9,85.0,72.62934259882081,12,-1.4411259800445748,32.999184,15.130662000000004,0.7702390848427073,8.948862535748333
8,8,scary-2,scary,True,relaxed,relaxed-2,True,10,95.0,73.6713236350663,12,-0.3991449437990866,35.876097599999994,18.0075756,0.7702390848427073,8.948862535748333
8,8,scary-2,scary,True,relaxed,relaxed-2,True,11,105.0,69.51960968304988,11,-4.550858895815509,33.9710328,16.102510800000008,0.7702390848427073,8.948862535748333
8,8,scary-2,scary,True,relaxed,relaxed-2,True,12,115.0,69.70276991230985,12,-4.36769866655554,32.83004666666666,14.961524666666666,0.7702390848427073,8.948862535748333
9,1,amusing-2,amusing,True,,,False,1,5.0,79.49503235864388,13,3.826055335600742,25.6488192,0.41239320000000035,7.6000651096282175,3.7091709246901816
9,1,amusing-2,amusing,True,,,False,2,15.0,73.59635785135956,12,-2.0726191716835842,25.6744488,0.4380228000000024,7.6000651096282175,3.7091709246901816
9,1,amusing-2,amusing,True,,,False,3,25.0,74.63306125264627,12,-1.035915770396869,27.592707599999994,2.3562815999999955,7.6000651096282175,3.7091709246901816
9,1,amusing-2,amusing,True,,,False,4,35.0,71.2138264961814,12,-4.455150526861743,27.0951552,1.8587292000000026,7.6000651096282175,3.7091709246901816
9,1,amusing-2,amusing,True,,,False,5,45.0,69.67744631008875,11,-5.991530712954386,26.901571199999996,1.6651451999999978,7.6000651096282175,3.7091709246901816
9,1,amusing-2,amusing,True,,,False,6,55.0,73.61763661067576,13,-2.051340412367381,27.569843999999996,2.333417999999998,7.6000651096282175,3.7091709246901816
9,1,amusing-2,amusing,True,,,False,7,65.0,69.27722004471242,11,-6.391756978330719,27.7874712,2.551045200000001,7.6000651096282175,3.7091709246901816
9,1,amusing-2,amusing,True,,,False,8,75.0,73.78352078994922,12,-1.8854562330939189,27.464179199999997,2.2277531999999987,7.6000651096282175,3.7091709246901816
9,1,amusing-2,amusing,True,,,False,9,85.0,71.07274114177346,12,-4.596235881269678,27.5524944,2.3160684000000025,7.6000651096282175,3.7091709246901816
9,1,amusing-2,amusing,True,,,False,10,95.0,68.14593162979062,11,-7.5230453932525165,27.0068424,1.770416400000002,7.6000651096282175,3.7091709246901816
9,1,amusing-2,amusing,True,,,False,11,105.0,71.34022432618436,12,-4.3287526968587855,26.4260976,1.1896716000000005,7.6000651096282175,3.7091709246901816
9,1,amusing-2,amusing,True,,,False,12,115.0,70.53697906946034,12,-5.131997953582797,25.831751999999994,0.5953259999999965,7.6000651096282175,3.7091709246901816
9,2,boring-2,boring,False,amusing,amusing-2,False,1,5.0,75.0012080311809,12,4.251832997638886,15.9995784,-11.011894399999996,5.126918589132507,3.1447625357483315
9,2,boring-2,boring,False,amusing,amusing-2,False,2,15.0,81.9133606098812,14,11.163985576339186,15.9842088,-11.027263999999997,5.126918589132507,3.1447625357483315
9,2,boring-2,boring,False,amusing,amusing-2,False,3,25.0,73.75986172937102,12,3.010486695829016,16.003524,-11.007948799999998,5.126918589132507,3.1447625357483315
9,2,boring-2,boring,False,amusing,amusing-2,False,4,35.0,74.49474360139686,12,3.745368567854854,15.823747199999996,-11.1877256,5.126918589132507,3.1447625357483315
9,2,boring-2,boring,False,amusing,amusing-2,False,5,45.0,75.47234036982921,13,4.722965336287203,15.669194399999999,-11.342278399999998,5.126918589132507,3.1447625357483315
9,2,boring-2,boring,False,amusing,amusing-2,False,6,55.0,73.14540668276639,12,2.3960316492243834,15.424759199999993,-11.586713600000003,5.126918589132507,3.1447625357483315
9,2,boring-2,boring,False,amusing,amusing-2,False,7,65.0,72.95945189809616,12,2.2100768645541535,15.137740799999998,-11.873731999999999,5.126918589132507,3.1447625357483315
9,2,boring-2,boring,False,amusing,amusing-2,False,8,75.0,71.92888284128823,12,1.1795078077462193,14.856244799999995,-12.155228000000001,5.126918589132507,3.1447625357483315
9,2,boring-2,boring,False,amusing,amusing-2,False,9,85.0,80.4316747174597,13,9.682299683917691,14.854070399999994,-12.157402400000002,5.126918589132507,3.1447625357483315
9,2,boring-2,boring,False,amusing,amusing-2,False,10,95.0,75.4076691688019,13,4.658294135259894,15.336451199999996,-11.6750216,5.126918589132507,3.1447625357483315
9,2,boring-2,boring,False,amusing,amusing-2,False,11,105.0,71.67176879512748,12,0.922393761585468,15.318707999999997,-11.692764799999999,5.126918589132507,3.1447625357483315
9,2,boring-2,boring,False,amusing,amusing-2,False,12,115.0,79.19207658298767,13,8.442701549445658,15.300374399999999,-11.711098399999997,5.126918589132507,3.1447625357483315
9,3,relaxed-2,relaxed,False,boring,boring-2,False,1,5.0,76.32439132759758,13,0.935995214072463,12.957904799999998,-2.176026799999997,6.1722089609151585,4.009103431839847
9,3,relaxed-2,relaxed,False,boring,boring-2,False,2,15.0,79.6096684528595,13,4.2212723393343765,13.660663199999997,-1.4732683999999985,6.1722089609151585,4.009103431839847
9,3,relaxed-2,relaxed,False,boring,boring-2,False,3,25.0,70.04129541177481,11,-5.347100701750307,14.073650399999996,-1.0602811999999986,6.1722089609151585,4.009103431839847
9,3,relaxed-2,relaxed,False,boring,boring-2,False,4,35.0,70.08872627035538,12,-5.299669843169738,14.056895999999998,-1.0770355999999968,6.1722089609151585,4.009103431839847
9,3,relaxed-2,relaxed,False,boring,boring-2,False,5,45.0,68.83132873433937,11,-6.557067379185753,13.874152799999996,-1.2597787999999994,6.1722089609151585,4.009103431839847
9,3,relaxed-2,relaxed,False,boring,boring-2,False,6,55.0,73.94171921632277,13,-1.4466768972023516,13.622619599999997,-1.5113119999999984,6.1722089609151585,4.009103431839847
9,3,relaxed-2,relaxed,False,boring,boring-2,False,7,65.0,70.41255236403951,11,-4.975843749485605,13.315300799999997,-1.8186307999999975,6.1722089609151585,4.009103431839847
9,3,relaxed-2,relaxed,False,boring,boring-2,False,8,75.0,70.12694878522103,12,-5.261447328304087,13.060019999999998,-2.073911599999997,6.1722089609151585,4.009103431839847
9,3,relaxed-2,relaxed,False,boring,boring-2,False,9,85.0,78.2592867079677,13,2.870890594442585,12.830956799999996,-2.3029747999999994,6.1722089609151585,4.009103431839847
9,3,relaxed-2,relaxed,False,boring,boring-2,False,10,95.0,75.61099938501165,13,0.22260327148653403,12.639343199999997,-2.494588399999998,6.1722089609151585,4.009103431839847
9,3,relaxed-2,relaxed,False,boring,boring-2,False,11,105.0,81.00598830347242,13,5.6175921899473025,12.454835999999997,-2.6790955999999984,6.1722089609151585,4.009103431839847
9,3,relaxed-2,relaxed,False,boring,boring-2,False,12,115.0,79.49411321780372,13,4.105717104278597,12.257114399999999,-2.876817199999996,6.1722089609151585,4.009103431839847
9,4,scary-2,scary,True,relaxed,relaxed-2,False,1,5.0,76.0339766517838,12,-0.00437668704832106,17.857711199999994,5.098115999999994,2.6991435653002855,7.112512488083888
9,4,scary-2,scary,True,relaxed,relaxed-2,False,2,15.0,84.32875880128881,14,8.29040546245669,19.777540799999997,7.017945599999997,2.6991435653002855,7.112512488083888
9,4,scary-2,scary,True,relaxed,relaxed-2,False,3,25.0,71.55593243880087,12,-4.482420900031258,20.491737599999993,7.732142399999994,2.6991435653002855,7.112512488083888
9,4,scary-2,scary,True,relaxed,relaxed-2,False,4,35.0,73.27641768376158,12,-2.7619356550705447,20.526627599999994,7.767032399999994,2.6991435653002855,7.112512488083888
9,4,scary-2,scary,True,relaxed,relaxed-2,False,5,45.0,76.43350548589669,13,0.3951521470645645,20.784671999999993,8.025076799999994,2.6991435653002855,7.112512488083888
9,4,scary-2,scary,True,relaxed,relaxed-2,False,6,55.0,85.73662042762957,14,9.69826708879745,20.870620799999994,8.111025599999994,2.6991435653002855,7.112512488083888
9,4,scary-2,scary,True,relaxed,relaxed-2,False,7,65.0,79.89469846178125,14,3.856345122949122,22.019289599999997,9.259694399999997,2.6991435653002855,7.112512488083888
9,4,scary-2,scary,True,relaxed,relaxed-2,False,8,75.0,71.41877231956882,11,-4.6195810192633076,22.477804799999994,9.718209599999994,2.6991435653002855,7.112512488083888
9,4,scary-2,scary,True,relaxed,relaxed-2,False,9,85.0,71.99339340514645,12,-4.044959933685675,22.319911199999996,9.560315999999997,2.6991435653002855,7.112512488083888
9,4,scary-2,scary,True,relaxed,relaxed-2,False,10,95.0,71.48283477820978,12,-4.555518560622346,22.296452399999996,9.536857199999996,2.6991435653002855,7.112512488083888
9,4,scary-2,scary,True,relaxed,relaxed-2,False,11,105.0,79.95186366006331,14,3.913510321231186,22.3900872,9.630492,2.6991435653002855,7.112512488083888
9,4,scary-2,scary,True,relaxed,relaxed-2,False,12,115.0,78.97379591116977,13,2.9354425723376494,22.5639552,9.804359999999999,2.6991435653002855,7.112512488083888
9,5,boring-1,boring,False,scary,scary-2,False,1,5.0,79.17980493517801,13,3.234641115881118,19.612154399999998,-2.7324289999999927,5.223584366062916,3.59567397521449
9,5,boring-1,boring,False,scary,scary-2,False,2,15.0,78.64691532719719,13,2.7017515079002976,20.078951999999997,-2.265631399999993,5.223584366062916,3.59567397521449
9,5,boring-1,boring,False,scary,scary-2,False,3,25.0,75.91174963014755,12,-0.033414189149340245,20.180666399999996,-2.1639169999999943,5.223584366062916,3.59567397521449
9,5,boring-1,boring,False,scary,scary-2,False,4,35.0,76.16112526550619,13,0.2159614462092918,19.920659999999998,-2.4239233999999925,5.223584366062916,3.59567397521449
9,5,boring-1,boring,False,scary,scary-2,False,5,45.0,78.27726871616704,13,2.332104896870149,19.499985599999995,-2.8445977999999954,5.223584366062916,3.59567397521449
9,5,boring-1,boring,False,scary,scary-2,False,6,55.0,73.2703278107299,12,-2.6748360085669987,19.073400000000003,-3.2711833999999875,5.223584366062916,3.59567397521449
9,5,boring-1,boring,False,scary,scary-2,False,7,65.0,76.91086624880845,13,0.9657024295115519,18.6412968,-3.7032865999999913,5.223584366062916,3.59567397521449
9,5,boring-1,boring,False,scary,scary-2,False,8,75.0,80.06752756967227,13,4.122363750375371,18.401392799999996,-3.943190599999994,5.223584366062916,3.59567397521449
9,5,boring-1,boring,False,scary,scary-2,False,9,85.0,79.39039988800779,13,3.445236068710898,18.218853599999996,-4.125729799999995,5.223584366062916,3.59567397521449
9,5,boring-1,boring,False,scary,scary-2,False,10,95.0,74.19039344233616,13,-1.7547703769607352,18.329244,-4.015339399999991,5.223584366062916,3.59567397521449
9,5,boring-1,boring,False,scary,scary-2,False,11,105.0,69.19783490828056,11,-6.747328911016339,17.8650072,-4.47957619999999,5.223584366062916,3.59567397521449
9,5,boring-1,boring,False,scary,scary-2,False,12,115.0,70.67623447766017,12,-5.268929341636721,17.377311599999995,-4.967271799999995,5.223584366062916,3.59567397521449
9,6,relaxed-1,relaxed,False,boring,boring-1,False,1,5.0,76.42603704127552,12,1.1385646325058048,14.722197599999996,-3.416653400000003,5.912569971401335,5.1504787416587225
9,6,relaxed-1,relaxed,False,boring,boring-1,False,2,15.0,82.35807854906,14,7.0706061402902805,15.025377599999999,-3.1134734,5.912569971401335,5.1504787416587225
9,6,relaxed-1,relaxed,False,boring,boring-1,False,3,25.0,77.2994643624313,13,2.0119919536615782,14.838895199999996,-3.299955800000003,5.912569971401335,5.1504787416587225
9,6,relaxed-1,relaxed,False,boring,boring-1,False,4,35.0,79.76236163021728,13,4.474889221447569,14.486827199999999,-3.6520238000000003,5.912569971401335,5.1504787416587225
9,6,relaxed-1,relaxed,False,boring,boring-1,False,5,45.0,76.26820275328359,13,0.9807303445138729,14.118196799999996,-4.020654200000003,5.912569971401335,5.1504787416587225
9,6,relaxed-1,relaxed,False,boring,boring-1,False,6,55.0,73.82849660243153,12,-1.458975806338188,13.753709999999998,-4.385141000000001,5.912569971401335,5.1504787416587225
9,6,relaxed-1,relaxed,False,boring,boring-1,False,7,65.0,77.2823389230887,13,1.9948665143189857,13.378180799999999,-4.7606702,5.912569971401335,5.1504787416587225
9,6,relaxed-1,relaxed,False,boring,boring-1,False,8,75.0,84.51485006074566,14,9.227377651975942,13.029856799999996,-5.108994200000003,5.912569971401335,5.1504787416587225
9,6,relaxed-1,relaxed,False,boring,boring-1,False,9,85.0,79.05330076123134,13,3.765828352461625,12.870381599999996,-5.2684694000000025,5.912569971401335,5.1504787416587225
9,6,relaxed-1,relaxed,False,boring,boring-1,False,10,95.0,76.27042931938341,13,0.9829569106136944,12.793106399999996,-5.345744600000003,5.912569971401335,5.1504787416587225
9,6,relaxed-1,relaxed,False,boring,boring-1,False,11,105.0,91.89683309666258,15,16.60936068789286,15.233155199999995,-2.9056958000000037,5.912569971401335,5.1504787416587225
9,6,relaxed-1,relaxed,False,boring,boring-1,False,12,115.0,81.47030134957237,13,6.182828940802651,19.147322399999997,1.0084713999999977,5.912569971401335,5.1504787416587225
9,7,amusing-1,amusing,True,relaxed,relaxed-1,False,1,5.0,82.65403933492605,14,0.6212836325437792,19.095284399999997,4.686617200000001,7.356700762631077,4.077772545281221
9,7,amusing-1,amusing,True,relaxed,relaxed-1,False,2,15.0,90.59917833957391,15,8.566422637191636,24.30380999999999,9.895142799999995,7.356700762631077,4.077772545281221
9,7,amusing-1,amusing,True,relaxed,relaxed-1,False,3,25.0,75.50603183933727,12,-6.526723863045007,26.772254399999998,12.363587200000001,7.356700762631077,4.077772545281221
9,7,amusing-1,amusing,True,relaxed,relaxed-1,False,4,35.0,78.7682371217916,13,-3.264518580590675,26.433196799999997,12.024529600000001,7.356700762631077,4.077772545281221
9,7,amusing-1,amusing,True,relaxed,relaxed-1,False,5,45.0,85.00424432061561,14,2.9714886182333373,26.674087199999995,12.265419999999999,7.356700762631077,4.077772545281221
9,7,amusing-1,amusing,True,relaxed,relaxed-1,False,6,55.0,75.6500623532742,13,-6.382693349108081,26.7606264,12.351959200000003,7.356700762631077,4.077772545281221
9,7,amusing-1,amusing,True,relaxed,relaxed-1,False,7,65.0,69.36650283104855,11,-12.666252871333725,26.334235199999995,11.925567999999998,7.356700762631077,4.077772545281221
9,7,amusing-1,amusing,True,relaxed,relaxed-1,False,8,75.0,86.96899419175007,15,4.9362384893677955,26.765552399999997,12.3568852,7.356700762631077,4.077772545281221
9,7,amusing-1,amusing,True,relaxed,relaxed-1,False,9,85.0,83.08541470871802,13,1.0526590063357446,29.7721704,15.363503200000004,7.356700762631077,4.077772545281221
9,7,amusing-1,amusing,True,relaxed,relaxed-1,False,10,95.0,77.79084602736117,13,-4.241909675021105,30.015823199999993,15.607155999999996,7.356700762631077,4.077772545281221
9,7,amusing-1,amusing,True,relaxed,relaxed-1,False,11,105.0,72.38447642307128,12,-9.648279279310998,28.6999824,14.291315200000003,7.356700762631077,4.077772545281221
9,7,amusing-1,amusing,True,relaxed,relaxed-1,False,12,115.0,75.2210004800909,13,-6.8117552222913815,28.093222799999996,13.6845556,7.356700762631077,4.077772545281221
9,8,scary-1,scary,True,amusing,amusing-1,True,1,5.0,82.01651052698368,13,4.023724073673918,33.068963999999994,4.788799599999997,2.0936674928503334,6.044153288846521
9,8,scary-1,scary,True,amusing,amusing-1,True,2,15.0,76.50640988867953,13,-1.486376564630234,35.904091199999996,7.6239268,2.0936674928503334,6.044153288846521
9,8,scary-1,scary,True,amusing,amusing-1,True,3,25.0,78.56127885482289,13,0.5684924015131259,34.4551872,6.175022800000001,2.0936674928503334,6.044153288846521
9,8,scary-1,scary,True,amusing,amusing-1,True,4,35.0,76.3303130462731,12,-1.6624734070366571,33.399355199999995,5.119190799999998,2.0936674928503334,6.044153288846521
9,8,scary-1,scary,True,amusing,amusing-1,True,5,45.0,67.53883950764046,12,-10.453946945669301,32.850545999999994,4.5703815999999975,2.0936674928503334,6.044153288846521
9,8,scary-1,scary,True,amusing,amusing-1,True,6,55.0,65.72463217242735,11,-12.268154280882413,32.4026688,4.122504400000004,2.0936674928503334,6.044153288846521
9,8,scary-1,scary,True,amusing,amusing-1,True,7,65.0,64.26893238277873,10,-13.723854070531033,31.928572800000005,3.648408400000008,2.0936674928503334,6.044153288846521
9,8,scary-1,scary,True,amusing,amusing-1,True,8,75.0,64.75090754509625,11,-13.241878908213508,31.420768799999998,3.140604400000001,2.0936674928503334,6.044153288846521
9,8,scary-1,scary,True,amusing,amusing-1,True,9,85.0,78.400615566185,13,0.40782911287523405,31.3076076,3.027443200000004,2.0936674928503334,6.044153288846521
9,8,scary-1,scary,True,amusing,amusing-1,True,10,95.0,91.92691738811966,16,13.9341309348099,34.6615764,6.3814120000000045,2.0936674928503334,6.044153288846521
9,8,scary-1,scary,True,amusing,amusing-1,True,11,105.0,74.19338287843469,12,-3.799403574875072,32.726748,4.446583600000004,2.0936674928503334,6.044153288846521
9,8,scary-1,scary,True,amusing,amusing-1,True,12,115.0,73.35794831865445,12,-4.634838134655311,31.610034666666664,3.329870266666667,2.0936674928503334,6.044153288846521
10,1,scary-2,scary,True,,,False,1,5.0,77.51954557005888,13,3.4044379397308546,29.2785576,2.360654000000004,1.77241134334154,8.97290176987066
10,1,scary-2,scary,True,,,False,2,15.0,73.21524242638922,12,-0.899865203938802,29.435668799999995,2.5177651999999995,1.77241134334154,8.97290176987066
10,1,scary-2,scary,True,,,False,3,25.0,73.63776341348411,12,-0.4773442168439175,29.535220799999998,2.6173172000000022,1.77241134334154,8.97290176987066
10,1,scary-2,scary,True,,,False,4,35.0,74.64121911913875,13,0.5261114888107272,31.237631999999998,4.3197284000000025,1.77241134334154,8.97290176987066
10,1,scary-2,scary,True,,,False,5,45.0,75.39573103260354,12,1.2806234022755092,32.1444288,5.226525200000005,1.77241134334154,8.97290176987066
10,1,scary-2,scary,True,,,False,6,55.0,77.18587629411071,13,3.0707686637826868,32.508724799999996,5.590821200000001,1.77241134334154,8.97290176987066
10,1,scary-2,scary,True,,,False,7,65.0,74.82250327666733,13,0.7073956463393074,32.65499039999999,5.737086799999993,1.77241134334154,8.97290176987066
10,1,scary-2,scary,True,,,False,8,75.0,74.77074330595325,12,0.65563567562522,32.405232,5.487328400000003,1.77241134334154,8.97290176987066
10,1,scary-2,scary,True,,,False,9,85.0,78.29520835991501,13,4.180100729586982,34.226905200000004,7.309001600000009,1.77241134334154,8.97290176987066
10,1,scary-2,scary,True,,,False,10,95.0,74.53465881266008,13,0.41955118233205724,35.02883519999999,8.110931599999994,1.77241134334154,8.97290176987066
10,1,scary-2,scary,True,,,False,11,105.0,71.93059010681033,12,-2.184517523517698,34.41102479999999,7.493121199999997,1.77241134334154,8.97290176987066
10,1,scary-2,scary,True,,,False,12,115.0,71.7871118482692,12,-2.327995782058821,33.985027200000005,7.067123600000009,1.77241134334154,8.97290176987066
10,2,relaxed-2,relaxed,False,scary,scary-2,False,1,5.0,72.36363434488274,12,-2.0542611080845177,25.309168799999995,-8.476166999999997,6.881504766444233,5.887241563393709
10,2,relaxed-2,relaxed,False,scary,scary-2,False,2,15.0,74.44408742337035,12,0.02619197040309018,24.647208,-9.138127799999992,6.881504766444233,5.887241563393709
10,2,relaxed-2,relaxed,False,scary,scary-2,False,3,25.0,76.95762685108986,13,2.5397313981225977,25.3345944,-8.450741399999991,6.881504766444233,5.887241563393709
10,2,relaxed-2,relaxed,False,scary,scary-2,False,4,35.0,74.9543456069632,12,0.5364501539959434,31.512427199999998,-2.272908599999994,6.881504766444233,5.887241563393709
10,2,relaxed-2,relaxed,False,scary,scary-2,False,5,45.0,76.11306871399202,13,1.6951732610247632,32.127672,-1.6576637999999946,6.881504766444233,5.887241563393709
10,2,relaxed-2,relaxed,False,scary,scary-2,False,6,55.0,86.79685723618292,15,12.378961783215658,32.5867824,-1.1985533999999944,6.881504766444233,5.887241563393709
10,2,relaxed-2,relaxed,False,scary,scary-2,False,7,65.0,75.01269138630128,12,0.5947959333340265,32.2769016,-1.5084341999999893,6.881504766444233,5.887241563393709
10,2,relaxed-2,relaxed,False,scary,scary-2,False,8,75.0,74.78203694211506,13,0.36414148914779787,31.652786399999997,-2.132549399999995,6.881504766444233,5.887241563393709
10,2,relaxed-2,relaxed,False,scary,scary-2,False,9,85.0,82.5402760869225,13,8.122380633955245,32.2291944,-1.5561413999999942,6.881504766444233,5.887241563393709
10,2,relaxed-2,relaxed,False,scary,scary-2,False,10,95.0,80.87452200108677,14,6.456626548119516,32.4523392,-1.3329965999999942,6.881504766444233,5.887241563393709
10,2,relaxed-2,relaxed,False,scary,scary-2,False,11,105.0,79.82194133540906,13,5.404045882441807,31.952817599999996,-1.8325181999999955,6.881504766444233,5.887241563393709
10,2,relaxed-2,relaxed,False,scary,scary-2,False,12,115.0,74.67640742987999,12,0.25851197691272887,31.5552036,-2.230132199999993,6.881504766444233,5.887241563393709
10,3,boring-2,boring,False,relaxed,relaxed-2,False,1,5.0,72.19709731650698,12,-5.872874119170902,21.4620048,-10.557869,4.987786081982841,3.3263717826501433
10,3,boring-2,boring,False,relaxed,relaxed-2,False,2,15.0,72.97189742651163,12,-5.098074009166254,21.0894336,-10.9304402,4.987786081982841,3.3263717826501433
10,3,boring-2,boring,False,relaxed,relaxed-2,False,3,25.0,69.47992766529387,12,-8.590043770384014,20.738145599999996,-11.281728200000003,4.987786081982841,3.3263717826501433
10,3,boring-2,boring,False,relaxed,relaxed-2,False,4,35.0,69.8533893785311,11,-8.21658205714678,20.395149599999996,-11.624724200000003,4.987786081982841,3.3263717826501433
10,3,boring-2,boring,False,relaxed,relaxed-2,False,5,45.0,71.05058150713644,12,-7.019389928541443,20.072248799999993,-11.947625000000006,4.987786081982841,3.3263717826501433
10,3,boring-2,boring,False,relaxed,relaxed-2,False,6,55.0,76.80466136242337,13,-1.2653100732545113,19.796664,-12.2232098,4.987786081982841,3.3263717826501433
10,3,boring-2,boring,False,relaxed,relaxed-2,False,7,65.0,83.32766333339589,14,5.257691897718004,19.7521152,-12.2677586,4.987786081982841,3.3263717826501433
10,3,boring-2,boring,False,relaxed,relaxed-2,False,8,75.0,74.72140181890539,12,-3.348569616772494,20.137699199999997,-11.882174600000003,4.987786081982841,3.3263717826501433
10,3,boring-2,boring,False,relaxed,relaxed-2,False,9,85.0,72.49596658834126,12,-5.574004847336624,20.0233584,-11.9965154,4.987786081982841,3.3263717826501433
10,3,boring-2,boring,False,relaxed,relaxed-2,False,10,95.0,72.54882123480117,12,-5.521150200876718,20.141246399999996,-11.878627400000003,4.987786081982841,3.3263717826501433
10,3,boring-2,boring,False,relaxed,relaxed-2,False,11,105.0,73.88753230937795,13,-4.18243912629994,20.229168,-11.790705799999998,4.987786081982841,3.3263717826501433
10,3,boring-2,boring,False,relaxed,relaxed-2,False,12,115.0,73.36827829675767,12,-4.70169313892022,20.315111999999992,-11.704761800000007,4.987786081982841,3.3263717826501433
10,4,amusing-2,amusing,True,boring,boring-2,False,1,5.0,74.5979323191957,12,-0.6652519735392417,17.976972,-2.1228111999999975,7.183764201855332,5.338456181338137
10,4,amusing-2,amusing,True,boring,boring-2,False,2,15.0,73.41754596262011,12,-1.8456383301148378,18.5322864,-1.5674967999999971,7.183764201855332,5.338456181338137
10,4,amusing-2,amusing,True,boring,boring-2,False,3,25.0,88.437730179291,15,13.174545886556047,20.081712,-0.018071199999997845,7.183764201855332,5.338456181338137
10,4,amusing-2,amusing,True,boring,boring-2,False,4,35.0,84.46837290215122,14,9.205188609416268,21.290891999999996,1.1911087999999985,7.183764201855332,5.338456181338137
10,4,amusing-2,amusing,True,boring,boring-2,False,5,45.0,86.17162269551255,13,10.908438402777605,21.7586856,1.6589024000000023,7.183764201855332,5.338456181338137
10,4,amusing-2,amusing,True,boring,boring-2,False,6,55.0,74.99383818059756,13,-0.26934611213738435,23.993133600000004,3.8933504000000063,7.183764201855332,5.338456181338137
10,4,amusing-2,amusing,True,boring,boring-2,False,7,65.0,73.90309242793053,12,-1.3600918648044171,24.4335192,4.333736000000002,7.183764201855332,5.338456181338137
10,4,amusing-2,amusing,True,boring,boring-2,False,8,75.0,73.01745786987624,12,-2.2457264228587093,24.7094976,4.609714400000001,7.183764201855332,5.338456181338137
10,4,amusing-2,amusing,True,boring,boring-2,False,9,85.0,76.62362139478907,13,1.3604371020541208,25.269345599999998,5.1695624,7.183764201855332,5.338456181338137
10,4,amusing-2,amusing,True,boring,boring-2,False,10,95.0,83.13359740711273,14,7.870413114377783,27.5379048,7.438121600000002,7.183764201855332,5.338456181338137
10,4,amusing-2,amusing,True,boring,boring-2,False,11,105.0,82.54329480469424,13,7.280110511959293,28.8574872,8.757704000000004,7.183764201855332,5.338456181338137
10,4,amusing-2,amusing,True,boring,boring-2,False,12,115.0,82.36976118340303,14,7.10657689066808,29.305367999999998,9.2055848,7.183764201855332,5.338456181338137
10,5,boring-1,boring,False,amusing,amusing-2,False,1,5.0,72.42646874464909,12,-6.410243235276354,27.1345776,0.4490572000000057,6.851212774070544,3.213723069590085
10,5,boring-1,boring,False,amusing,amusing-2,False,2,15.0,73.7588904517309,13,-5.077821528194534,26.595235199999998,-0.09028519999999673,6.851212774070544,3.213723069590085
10,5,boring-1,boring,False,amusing,amusing-2,False,3,25.0,81.69655581199103,13,2.859843832065593,28.919787599999996,2.2342672000000015,6.851212774070544,3.213723069590085
10,5,boring-1,boring,False,amusing,amusing-2,False,4,35.0,89.50139050352702,15,10.66467852360158,33.43878,6.753259600000007,6.851212774070544,3.213723069590085
10,5,boring-1,boring,False,amusing,amusing-2,False,5,45.0,72.29655022488645,12,-6.540161755038994,32.2903008,5.604780400000003,6.851212774070544,3.213723069590085
10,5,boring-1,boring,False,amusing,amusing-2,False,6,55.0,70.36003320277138,12,-8.476678777154063,31.418003999999996,4.732483600000002,6.851212774070544,3.213723069590085
10,5,boring-1,boring,False,amusing,amusing-2,False,7,65.0,72.6191952231028,12,-6.217516756822633,30.572517599999998,3.8869972000000033,6.851212774070544,3.213723069590085
10,5,boring-1,boring,False,amusing,amusing-2,False,8,75.0,78.8225410375377,13,-0.014170942387735863,32.42336759999999,5.737847199999997,6.851212774070544,3.213723069590085
10,5,boring-1,boring,False,amusing,amusing-2,False,9,85.0,78.94969863372647,13,0.11298665380103046,32.0080152,5.322494800000008,6.851212774070544,3.213723069590085
10,5,boring-1,boring,False,amusing,amusing-2,False,10,95.0,73.12217654894984,12,-5.714535430975602,30.9894456,4.3039252000000054,6.851212774070544,3.213723069590085
10,5,boring-1,boring,False,amusing,amusing-2,False,11,105.0,81.70985486447634,14,2.8731428845509015,30.4518744,3.766354000000007,6.851212774070544,3.213723069590085
10,5,boring-1,boring,False,amusing,amusing-2,False,12,115.0,81.886989730749,14,3.050277750823554,31.333235999999992,4.647715599999998,6.851212774070544,3.213723069590085
10,6,amusing-1,amusing,True,boring,boring-1,False,1,5.0,75.41775263033708,13,-2.662906360999102,22.909718399999996,-8.386691000000003,6.401412392755005,5.172076739752145
10,6,amusing-1,amusing,True,boring,boring-1,False,2,15.0,78.67576726203914,13,0.5951082707029656,22.773895199999995,-8.522514200000003,6.401412392755005,5.172076739752145
10,6,amusing-1,amusing,True,boring,boring-1,False,3,25.0,75.13965795797365,12,-2.941001033362525,22.520390399999997,-8.776019000000002,6.401412392755005,5.172076739752145
10,6,amusing-1,amusing,True,boring,boring-1,False,4,35.0,70.50493120939613,12,-7.575727781940046,22.1257344,-9.170675,6.401412392755005,5.172076739752145
10,6,amusing-1,amusing,True,boring,boring-1,False,5,45.0,74.1505360270008,12,-3.930122964335382,21.726158399999996,-9.570251000000003,6.401412392755005,5.172076739752145
10,6,amusing-1,amusing,True,boring,boring-1,False,6,55.0,81.24284429372254,14,3.162185302386362,23.073133199999994,-8.223276200000004,6.401412392755005,5.172076739752145
10,6,amusing-1,amusing,True,boring,boring-1,False,7,65.0,84.68566300945702,14,6.605004018120837,25.048955999999997,-6.247453400000001,6.401412392755005,5.172076739752145
10,6,amusing-1,amusing,True,boring,boring-1,False,8,75.0,80.83560092193086,13,2.7549419305946827,25.465689599999997,-5.830719800000001,6.401412392755005,5.172076739752145
10,6,amusing-1,amusing,True,boring,boring-1,False,9,85.0,77.62332744642123,13,-0.4573315449149504,25.5725328,-5.723876599999997,6.401412392755005,5.172076739752145
10,6,amusing-1,amusing,True,boring,boring-1,False,10,95.0,84.78576928756293,14,6.705110296226749,31.9382304,0.6418210000000002,6.401412392755005,5.172076739752145
10,6,amusing-1,amusing,True,boring,boring-1,False,11,105.0,85.8699112244059,14,7.789252233069718,38.2402848,6.9438754,6.401412392755005,5.172076739752145
10,6,amusing-1,amusing,True,boring,boring-1,False,12,115.0,83.6602877860308,14,5.579628794694628,41.2652568,9.968847400000005,6.401412392755005,5.172076739752145
10,7,relaxed-1,relaxed,False,amusing,amusing-1,False,1,5.0,78.90993873490969,13,-4.089925985736286,37.5625476,6.3073892000000065,6.793747383246068,3.068308175769218
10,7,relaxed-1,relaxed,False,amusing,amusing-1,False,2,15.0,85.3827724498969,15,2.382907729250931,38.947787999999996,7.6926296,6.793747383246068,3.068308175769218
10,7,relaxed-1,relaxed,False,amusing,amusing-1,False,3,25.0,82.11151882635575,13,-0.8883458942902251,38.4529896,7.197831200000007,6.793747383246068,3.068308175769218
10,7,relaxed-1,relaxed,False,amusing,amusing-1,False,4,35.0,87.81493214534412,15,4.815067424698142,37.77919680000001,6.524038400000013,6.793747383246068,3.068308175769218
10,7,relaxed-1,relaxed,False,amusing,amusing-1,False,5,45.0,100.93625696349437,16,17.9363922428484,37.7480496,6.492891200000006,6.793747383246068,3.068308175769218
10,7,relaxed-1,relaxed,False,amusing,amusing-1,False,6,55.0,80.06332895054439,14,-2.9365357701015853,36.8727936,5.617635200000006,6.793747383246068,3.068308175769218
10,7,relaxed-1,relaxed,False,amusing,amusing-1,False,7,65.0,75.19548044910987,12,-7.804384271536108,36.2409864,4.9858280000000015,6.793747383246068,3.068308175769218
10,7,relaxed-1,relaxed,False,amusing,amusing-1,False,8,75.0,77.98061351533278,13,-5.019251205313196,35.691778799999994,4.436620399999999,6.793747383246068,3.068308175769218
10,7,relaxed-1,relaxed,False,amusing,amusing-1,False,9,85.0,79.63311418496173,13,-3.366750535684247,35.115175199999996,3.8600168000000004,6.793747383246068,3.068308175769218
10,7,relaxed-1,relaxed,False,amusing,amusing-1,False,10,95.0,83.04124151994236,14,0.041376799296386935,36.826460399999995,5.571301999999999,6.793747383246068,3.068308175769218
10,7,relaxed-1,relaxed,False,amusing,amusing-1,False,11,105.0,77.43578339236996,13,-5.564081328276018,37.076421599999996,5.821263200000001,6.793747383246068,3.068308175769218
10,7,relaxed-1,relaxed,False,amusing,amusing-1,False,12,115.0,75.85948084970295,13,-7.140383870943026,36.2116128,4.956454400000002,6.793747383246068,3.068308175769218
10,8,scary-1,scary,True,relaxed,relaxed-1,True,1,5.0,72.6922137608209,13,-5.5993252381443455,30.182200799999997,-6.011538399999999,2.5434890371782655,8.361143946615824
10,8,scary-1,scary,True,relaxed,relaxed-1,True,2,15.0,81.16448225573416,13,2.872943256768906,30.447931199999992,-5.745808000000004,2.5434890371782655,8.361143946615824
10,8,scary-1,scary,True,relaxed,relaxed-1,True,3,25.0,82.94157654327604,14,4.650037544310791,30.383270399999997,-5.810468799999999,2.5434890371782655,8.361143946615824
10,8,scary-1,scary,True,relaxed,relaxed-1,True,4,35.0,78.36463030636216,13,0.07309130739690772,30.325317599999998,-5.868421599999998,2.5434890371782655,8.361143946615824
10,8,scary-1,scary,True,relaxed,relaxed-1,True,5,45.0,77.74424962604664,13,-0.5472893729186126,29.847083999999995,-6.346655200000001,2.5434890371782655,8.361143946615824
10,8,scary-1,scary,True,relaxed,relaxed-1,True,6,55.0,73.37916570254819,12,-4.9123732964170586,29.268703199999994,-6.925036000000002,2.5434890371782655,8.361143946615824
10,8,scary-1,scary,True,relaxed,relaxed-1,True,7,65.0,74.53229691995789,12,-3.7592420790073646,28.758134399999996,-7.4356048,2.5434890371782655,8.361143946615824
10,8,scary-1,scary,True,relaxed,relaxed-1,True,8,75.0,75.57008172887103,13,-2.72145727009422,28.252303199999993,-7.941436000000003,2.5434890371782655,8.361143946615824
10,8,scary-1,scary,True,relaxed,relaxed-1,True,9,85.0,74.37354598033801,12,-3.917993018627243,27.697188,-8.496551199999995,2.5434890371782655,8.361143946615824
10,8,scary-1,scary,True,relaxed,relaxed-1,True,10,95.0,73.17266373905069,13,-5.11887525991456,27.1487736,-9.044965599999998,2.5434890371782655,8.361143946615824
10,8,scary-1,scary,True,relaxed,relaxed-1,True,11,105.0,78.45579137132468,13,0.16425237235942802,26.596418399999994,-9.597320800000002,2.5434890371782655,8.361143946615824
10,8,scary-1,scary,True,relaxed,relaxed-1,True,12,115.0,78.44564562349737,13,0.15410662453211899,26.152394666666662,-10.041344533333334,2.5434890371782655,8.361143946615824
11,1,boring-1,boring,False,,,False,1,5.0,66.51249595406145,11,2.841319054854125,21.3125856,-2.371582399999994,2.8022714966634887,2.3406535748331745
11,1,boring-1,boring,False,,,False,2,15.0,64.45674780347083,11,0.7855709042635084,21.1440312,-2.540136799999992,2.8022714966634887,2.3406535748331745
11,1,boring-1,boring,False,,,False,3,25.0,63.82861703146063,11,0.15744013225330633,21.033250799999998,-2.650917199999995,2.8022714966634887,2.3406535748331745
11,1,boring-1,boring,False,,,False,4,35.0,64.3639643242428,11,0.6927874250354762,20.8863888,-2.7977791999999937,2.8022714966634887,2.3406535748331745
11,1,boring-1,boring,False,,,False,5,45.0,64.2403458706892,10,0.5691689714818722,20.663637599999994,-3.0205303999999984,2.8022714966634887,2.3406535748331745
11,1,boring-1,boring,False,,,False,6,55.0,64.08792512959414,11,0.4167482303868155,20.447973599999994,-3.2361943999999987,2.8022714966634887,2.3406535748331745
11,1,boring-1,boring,False,,,False,7,65.0,66.33994605904343,11,2.6687691598361027,20.235467999999997,-3.448699999999995,2.8022714966634887,2.3406535748331745
11,1,boring-1,boring,False,,,False,8,75.0,68.31659354343967,11,4.645416644232341,20.1069456,-3.577222399999993,2.8022714966634887,2.3406535748331745
11,1,boring-1,boring,False,,,False,9,85.0,62.47308192568648,11,-1.1980949735208455,20.106945599999996,-3.5772223999999966,2.8022714966634887,2.3406535748331745
11,1,boring-1,boring,False,,,False,10,95.0,65.15618946378808,10,1.4850125645807566,19.965013199999994,-3.7191547999999983,2.8022714966634887,2.3406535748331745
11,1,boring-1,boring,False,,,False,11,105.0,71.06563772117853,12,7.394460821971208,19.822291199999995,-3.8618767999999974,2.8022714966634887,2.3406535748331745
11,1,boring-1,boring,False,,,False,12,115.0,70.87062297538007,12,7.199446076172748,19.603476,-4.080691999999992,2.8022714966634887,2.3406535748331745
11,2,scary-1,scary,True,boring,boring-1,False,1,5.0,65.06048454705811,11,-2.4503044052769525,27.127879200000002,7.1545226,5.208665014299333,6.902726406101049
11,2,scary-1,scary,True,boring,boring-1,False,2,15.0,66.48168016680776,11,-1.0291087855272991,26.632692,6.659335399999996,5.208665014299333,6.902726406101049
11,2,scary-1,scary,True,boring,boring-1,False,3,25.0,61.480666122192055,10,-6.030122830143007,26.231337599999996,6.257980999999994,5.208665014299333,6.902726406101049
11,2,scary-1,scary,True,boring,boring-1,False,4,35.0,62.44625865118585,10,-5.064530301149212,25.980585599999994,6.007228999999992,5.208665014299333,6.902726406101049
11,2,scary-1,scary,True,boring,boring-1,False,5,45.0,65.50623756019374,11,-2.004551392141323,26.186593199999997,6.213236599999995,5.208665014299333,6.902726406101049
11,2,scary-1,scary,True,boring,boring-1,False,6,55.0,62.63430211583287,11,-4.876486836502195,26.263665599999996,6.2903089999999935,5.208665014299333,6.902726406101049
11,2,scary-1,scary,True,boring,boring-1,False,7,65.0,63.73853936451301,10,-3.7722495878220528,25.838654399999996,5.865297799999993,5.208665014299333,6.902726406101049
11,2,scary-1,scary,True,boring,boring-1,False,8,75.0,65.27612088760563,11,-2.2346680647294335,25.532316,5.558959399999999,5.208665014299333,6.902726406101049
11,2,scary-1,scary,True,boring,boring-1,False,9,85.0,65.6811718331765,11,-1.8296171191585557,25.312713599999995,5.339356999999993,5.208665014299333,6.902726406101049
11,2,scary-1,scary,True,boring,boring-1,False,10,95.0,66.3461583085215,11,-1.1646306438135667,25.095871199999998,5.122514599999995,5.208665014299333,6.902726406101049
11,2,scary-1,scary,True,boring,boring-1,False,11,105.0,66.26915864407182,11,-1.2416303082632396,24.856365599999997,4.883008999999994,5.208665014299333,6.902726406101049
11,2,scary-1,scary,True,boring,boring-1,False,12,115.0,71.12821020711885,12,3.6174212547837925,24.588468,4.615111399999996,5.208665014299333,6.902726406101049
11,3,amusing-1,amusing,True,scary,scary-1,False,1,5.0,68.46299768580222,11,1.9444731018978985,20.4166332,-4.7874316000000015,5.401526978074357,4.980814585319352
11,3,amusing-1,amusing,True,scary,scary-1,False,2,15.0,69.34196181261431,12,2.8234372287099916,20.326540799999997,-4.877524000000005,5.401526978074357,4.980814585319352
11,3,amusing-1,amusing,True,scary,scary-1,False,3,25.0,68.90732450872594,11,2.388799924821612,20.149919999999998,-5.054144800000003,5.401526978074357,4.980814585319352
11,3,amusing-1,amusing,True,scary,scary-1,False,4,35.0,66.5894386886447,11,0.07091410474038184,19.981175999999998,-5.222888800000003,5.401526978074357,4.980814585319352
11,3,amusing-1,amusing,True,scary,scary-1,False,5,45.0,69.87776981953623,12,3.359245235631903,19.812043199999998,-5.392021600000003,5.401526978074357,4.980814585319352
11,3,amusing-1,amusing,True,scary,scary-1,False,6,55.0,73.27972390086835,12,6.761199316964024,19.670500799999996,-5.5335640000000055,5.401526978074357,4.980814585319352
11,3,amusing-1,amusing,True,scary,scary-1,False,7,65.0,70.42124803554056,12,3.902723451636234,19.655520000000003,-5.548544799999998,5.401526978074357,4.980814585319352
11,3,amusing-1,amusing,True,scary,scary-1,False,8,75.0,68.6433414384518,11,2.1248168545474755,19.486977599999996,-5.717087200000005,5.401526978074357,4.980814585319352
11,3,amusing-1,amusing,True,scary,scary-1,False,9,85.0,68.70599528813929,11,2.1874707042349684,19.381907999999992,-5.822156800000009,5.401526978074357,4.980814585319352
11,3,amusing-1,amusing,True,scary,scary-1,False,10,95.0,68.3099383547173,12,1.79141377081298,19.4240892,-5.7799756,5.401526978074357,4.980814585319352
11,3,amusing-1,amusing,True,scary,scary-1,False,11,105.0,73.3842217382374,12,6.865697154333077,19.403589599999997,-5.800475200000005,5.401526978074357,4.980814585319352
11,3,amusing-1,amusing,True,scary,scary-1,False,12,115.0,72.0141898859483,12,5.4956653020439745,19.2663864,-5.937678400000003,5.401526978074357,4.980814585319352
11,4,relaxed-1,relaxed,False,amusing,amusing-1,False,1,5.0,69.32837907881755,12,-0.9630192092656529,17.9558856,-1.4805261999999964,4.893246615824594,4.008180552907531
11,4,relaxed-1,relaxed,False,amusing,amusing-1,False,2,15.0,71.4307100198954,12,1.1393117318121995,17.9722416,-1.4641701999999945,4.893246615824594,4.008180552907531
11,4,relaxed-1,relaxed,False,amusing,amusing-1,False,3,25.0,75.26900346795365,12,4.9776051798704515,17.931434399999997,-1.5049773999999978,4.893246615824594,4.008180552907531
11,4,relaxed-1,relaxed,False,amusing,amusing-1,False,4,35.0,78.05589744282449,13,7.764499154741287,17.983283999999998,-1.4531277999999972,4.893246615824594,4.008180552907531
11,4,relaxed-1,relaxed,False,amusing,amusing-1,False,5,45.0,65.32878095720038,11,-4.962617330882821,18.0457704,-1.3906413999999963,4.893246615824594,4.008180552907531
11,4,relaxed-1,relaxed,False,amusing,amusing-1,False,6,55.0,67.98028211319635,11,-2.3111161748868483,17.951541599999995,-1.4848701999999996,4.893246615824594,4.008180552907531
11,4,relaxed-1,relaxed,False,amusing,amusing-1,False,7,65.0,69.50110543258569,12,-0.7902928554975119,17.842930799999998,-1.593480999999997,4.893246615824594,4.008180552907531
11,4,relaxed-1,relaxed,False,amusing,amusing-1,False,8,75.0,73.89622596877344,12,3.604827680690235,17.8052784,-1.631133399999996,4.893246615824594,4.008180552907531
11,4,relaxed-1,relaxed,False,amusing,amusing-1,False,9,85.0,71.95734014522002,12,1.665941857136815,17.912711999999996,-1.5236997999999993,4.893246615824594,4.008180552907531
11,4,relaxed-1,relaxed,False,amusing,amusing-1,False,10,95.0,72.48906665010742,12,2.197668362024217,17.862441599999993,-1.5739702000000015,4.893246615824594,4.008180552907531
11,4,relaxed-1,relaxed,False,amusing,amusing-1,False,11,105.0,74.78149334168872,12,4.490095053605515,17.7697944,-1.6666173999999963,4.893246615824594,4.008180552907531
11,4,relaxed-1,relaxed,False,amusing,amusing-1,False,12,115.0,72.93882975122172,12,2.647431463138517,17.977960799999995,-1.4584510000000002,4.893246615824594,4.008180552907531
11,5,scary-2,scary,True,relaxed,relaxed-1,False,1,5.0,61.569171982428905,10,-11.024838232503917,26.1524856,8.290632600000002,4.657088560533842,5.771506196377502
11,5,scary-2,scary,True,relaxed,relaxed-1,False,2,15.0,59.05243604192587,10,-13.54157417300695,25.6194456,7.757592600000002,4.657088560533842,5.771506196377502
11,5,scary-2,scary,True,relaxed,relaxed-1,False,3,25.0,58.766282755223685,10,-13.827727459709138,25.252788,7.3909350000000025,4.657088560533842,5.771506196377502
11,5,scary-2,scary,True,relaxed,relaxed-1,False,4,35.0,66.82833474866561,11,-5.765675466267211,24.9239808,7.0621278000000025,4.657088560533842,5.771506196377502
11,5,scary-2,scary,True,relaxed,relaxed-1,False,5,45.0,71.84065998755163,12,-0.7533502273811905,26.545161599999993,8.683308599999997,4.657088560533842,5.771506196377502
11,5,scary-2,scary,True,relaxed,relaxed-1,False,6,55.0,66.69608560100325,11,-5.897924613929575,26.553839999999997,8.691987000000001,4.657088560533842,5.771506196377502
11,5,scary-2,scary,True,relaxed,relaxed-1,False,7,65.0,61.37543430858144,10,-11.218575906351383,25.741667999999997,7.879815000000001,4.657088560533842,5.771506196377502
11,5,scary-2,scary,True,relaxed,relaxed-1,False,8,75.0,60.416172201315035,10,-12.177838013617787,25.289455199999992,7.4276021999999955,4.657088560533842,5.771506196377502
11,5,scary-2,scary,True,relaxed,relaxed-1,False,9,85.0,68.20085971793235,12,-4.393150497000477,26.103991200000003,8.242138200000007,4.657088560533842,5.771506196377502
11,5,scary-2,scary,True,relaxed,relaxed-1,False,10,95.0,67.43235577437808,11,-5.1616544405547415,25.582387199999996,7.7205341999999995,4.657088560533842,5.771506196377502
11,5,scary-2,scary,True,relaxed,relaxed-1,False,11,105.0,64.33551619929736,10,-8.258494015635463,25.121894399999995,7.260041399999999,4.657088560533842,5.771506196377502
11,5,scary-2,scary,True,relaxed,relaxed-1,False,12,115.0,67.29490745430344,12,-5.299102760629381,24.878441999999996,7.016589,4.657088560533842,5.771506196377502
11,6,boring-2,boring,False,scary,scary-2,False,1,5.0,67.28302102236765,12,2.221846458107237,21.473831999999998,-3.979140999999995,5.200951382268827,3.881014013346044
11,6,boring-2,boring,False,scary,scary-2,False,2,15.0,67.3123304715241,11,2.251155907263694,21.305286,-4.147686999999994,5.200951382268827,3.881014013346044
11,6,boring-2,boring,False,scary,scary-2,False,3,25.0,65.92880398479048,11,0.867629420530065,21.040147199999996,-4.412825799999997,5.200951382268827,3.881014013346044
11,6,boring-2,boring,False,scary,scary-2,False,4,35.0,67.59559424012826,11,2.534419675867852,20.766933599999994,-4.6860393999999985,5.200951382268827,3.881014013346044
11,6,boring-2,boring,False,scary,scary-2,False,5,45.0,68.23205700626441,11,3.1708824420040003,20.537080799999995,-4.915892199999998,5.200951382268827,3.881014013346044
11,6,boring-2,boring,False,scary,scary-2,False,6,55.0,71.32723932037386,12,6.266064756113451,20.3470464,-5.105926599999993,5.200951382268827,3.881014013346044
11,6,boring-2,boring,False,scary,scary-2,False,7,65.0,64.18136541462265,11,-0.8798091496377651,20.162138399999996,-5.290834599999997,5.200951382268827,3.881014013346044
11,6,boring-2,boring,False,scary,scary-2,False,8,75.0,77.24396822767805,13,12.182793663417641,19.938592800000002,-5.514380199999991,5.200951382268827,3.881014013346044
11,6,boring-2,boring,False,scary,scary-2,False,9,85.0,75.97154883135873,12,10.91037426709832,19.833327599999997,-5.619645399999996,5.200951382268827,3.881014013346044
11,6,boring-2,boring,False,scary,scary-2,False,10,95.0,64.76355130170678,11,-0.29762326255362836,19.9251912,-5.5277817999999925,5.200951382268827,3.881014013346044
11,6,boring-2,boring,False,scary,scary-2,False,11,105.0,64.04489215711251,11,-1.016282407147898,19.779321599999996,-5.673651399999997,5.200951382268827,3.881014013346044
11,6,boring-2,boring,False,scary,scary-2,False,12,115.0,67.80390586081073,11,2.7427312965503177,19.597564799999997,-5.855408199999996,5.200951382268827,3.881014013346044
11,7,amusing-2,amusing,True,boring,boring-2,False,1,5.0,70.77255531228131,12,1.431091036732056,17.949969599999996,-1.9227198000000065,6.424616205910391,4.982498474737846
11,7,amusing-2,amusing,True,boring,boring-2,False,2,15.0,71.10941350222792,12,1.7679492266786667,18.042223200000002,-1.8304662,6.424616205910391,4.982498474737846
11,7,amusing-2,amusing,True,boring,boring-2,False,3,25.0,71.72921009668553,12,2.387745821136278,17.973227999999995,-1.899461400000007,6.424616205910391,4.982498474737846
11,7,amusing-2,amusing,True,boring,boring-2,False,4,35.0,71.42572020593437,11,2.084255930385112,18.040643999999997,-1.8320454000000055,6.424616205910391,4.982498474737846
11,7,amusing-2,amusing,True,boring,boring-2,False,5,45.0,67.492290286399,12,-1.849173989150259,18.19283039999999,-1.679859000000011,6.424616205910391,4.982498474737846
11,7,amusing-2,amusing,True,boring,boring-2,False,6,55.0,67.36609637928504,11,-1.975367896264217,18.1403928,-1.7322966000000015,6.424616205910391,4.982498474737846
11,7,amusing-2,amusing,True,boring,boring-2,False,7,65.0,66.01235366005952,11,-3.329110615489739,18.020539199999998,-1.852150200000004,6.424616205910391,4.982498474737846
11,7,amusing-2,amusing,True,boring,boring-2,False,8,75.0,68.18201434021304,11,-1.1594499353362124,17.886098399999998,-1.9865910000000042,6.424616205910391,4.982498474737846
11,7,amusing-2,amusing,True,boring,boring-2,False,9,85.0,74.474252471892,13,5.132788196342744,17.9133024,-1.959387000000003,6.424616205910391,4.982498474737846
11,7,amusing-2,amusing,True,boring,boring-2,False,10,95.0,71.51354057688522,11,2.172076301335963,17.870915999999994,-2.0017734000000083,6.424616205910391,4.982498474737846
11,7,amusing-2,amusing,True,boring,boring-2,False,11,105.0,63.33583299222023,11,-6.0056312833290235,17.7788592,-2.093830200000003,6.424616205910391,4.982498474737846
11,7,amusing-2,amusing,True,boring,boring-2,False,12,115.0,71.87777755816892,12,2.536313282619659,18.117131999999998,-1.7555574000000043,6.424616205910391,4.982498474737846
11,8,relaxed-2,relaxed,False,amusing,amusing-2,True,1,5.0,67.72406664687601,11,-1.6988285719034195,16.364467199999996,-1.5666740000000026,4.997406101048617,4.874315443279314
11,8,relaxed-2,relaxed,False,amusing,amusing-2,True,2,15.0,71.8900184345835,12,2.4671232158040652,16.3039536,-1.6271875999999992,4.997406101048617,4.874315443279314
11,8,relaxed-2,relaxed,False,amusing,amusing-2,True,3,25.0,67.62418164799989,11,-1.7987135707795403,16.669226399999996,-1.2619148000000031,4.997406101048617,4.874315443279314
11,8,relaxed-2,relaxed,False,amusing,amusing-2,True,4,35.0,68.41082189344867,12,-1.0120733253307606,16.52769,-1.4034511999999992,4.997406101048617,4.874315443279314
11,8,relaxed-2,relaxed,False,amusing,amusing-2,True,5,45.0,72.08210963819717,12,2.6592144194177365,16.3745232,-1.5566180000000003,4.997406101048617,4.874315443279314
11,8,relaxed-2,relaxed,False,amusing,amusing-2,True,6,55.0,74.46597556058501,12,5.043080341805577,16.289755199999995,-1.6413860000000042,4.997406101048617,4.874315443279314
11,8,relaxed-2,relaxed,False,amusing,amusing-2,True,7,65.0,84.12142293334038,14,14.698527714560953,16.473086399999993,-1.4580548000000064,4.997406101048617,4.874315443279314
11,8,relaxed-2,relaxed,False,amusing,amusing-2,True,8,75.0,63.87107780375147,11,-5.551817415027962,16.522764000000002,-1.4083771999999968,4.997406101048617,4.874315443279314
11,8,relaxed-2,relaxed,False,amusing,amusing-2,True,9,85.0,65.13498895109554,10,-4.287906267683894,16.473875999999997,-1.457265200000002,4.997406101048617,4.874315443279314
11,8,relaxed-2,relaxed,False,amusing,amusing-2,True,10,95.0,63.49269991002589,11,-5.9301953087535395,16.561394399999994,-1.369746800000005,4.997406101048617,4.874315443279314
11,8,relaxed-2,relaxed,False,amusing,amusing-2,True,11,105.0,62.61699249982745,10,-6.805902718951984,16.556275199999998,-1.3748660000000008,4.997406101048617,4.874315443279314
11,8,relaxed-2,relaxed,False,amusing,amusing-2,True,12,115.0,64.15597527853144,11,-5.266919940247988,16.813109333333337,-1.1180318666666622,4.997406101048617,4.874315443279314
12,1,boring-2,boring,False,,,False,1,5.0,55.8275784684418,10,2.834520658369776,10.251741599999997,-6.415252199999999,5.052335557673976,3.6093231012602827
12,1,boring-2,boring,False,,,False,2,15.0,59.08863261990198,10,6.095574809829955,10.080631199999997,-6.586362599999999,5.052335557673976,3.6093231012602827
12,1,boring-2,boring,False,,,False,3,25.0,60.550082993119005,10,7.5570251830469815,9.859456799999998,-6.807536999999998,5.052335557673976,3.6093231012602827
12,1,boring-2,boring,False,,,False,4,35.0,59.4909385936636,10,6.497880783591576,9.621921599999997,-7.0450722,5.052335557673976,3.6093231012602827
12,1,boring-2,boring,False,,,False,5,45.0,58.51848922289941,9,5.525431412827388,9.406852799999994,-7.260141000000003,5.052335557673976,3.6093231012602827
12,1,boring-2,boring,False,,,False,6,55.0,54.26186188423971,9,1.268804074167683,9.198091199999997,-7.4689026,5.052335557673976,3.6093231012602827
12,1,boring-2,boring,False,,,False,7,65.0,52.22757179560581,9,-0.7654860144662123,8.978104799999997,-7.688889,5.052335557673976,3.6093231012602827
12,1,boring-2,boring,False,,,False,8,75.0,52.73770089739148,9,-0.25535691268054705,8.747466,-7.919527799999997,5.052335557673976,3.6093231012602827
12,1,boring-2,boring,False,,,False,9,85.0,53.70640407233105,9,0.713346262259023,8.524120799999995,-8.142873000000002,5.052335557673976,3.6093231012602827
12,1,boring-2,boring,False,,,False,10,95.0,56.92162282788281,9,3.928565017810783,8.317135199999996,-8.349858600000001,5.052335557673976,3.6093231012602827
12,1,boring-2,boring,False,,,False,11,105.0,53.939996646979495,9,0.9469388369074707,8.115667199999999,-8.551326599999998,5.052335557673976,3.6093231012602827
12,1,boring-2,boring,False,,,False,12,115.0,55.54985660372724,9,2.5567987936552186,7.912437599999994,-8.754556200000003,5.052335557673976,3.6093231012602827
12,2,amusing-2,amusing,True,boring,boring-2,False,1,5.0,55.20700180652762,9,1.0264763325413,14.972939999999994,6.5404513999999985,8.579318303145852,6.901683126787417
12,2,amusing-2,amusing,True,boring,boring-2,False,2,15.0,56.91496272858886,10,2.7344372546025397,15.525887999999998,7.093399400000003,8.579318303145852,6.901683126787417
12,2,amusing-2,amusing,True,boring,boring-2,False,3,25.0,54.48546868564335,9,0.30494321165702587,15.863368799999995,7.430880199999999,8.579318303145852,6.901683126787417
12,2,amusing-2,amusing,True,boring,boring-2,False,4,35.0,51.986288357070976,8,-2.194237116915346,16.0530108,7.6205222000000035,8.579318303145852,6.901683126787417
12,2,amusing-2,amusing,True,boring,boring-2,False,5,45.0,51.71777628992484,9,-2.4627491840614795,16.250728799999997,7.818240200000002,8.579318303145852,6.901683126787417
12,2,amusing-2,amusing,True,boring,boring-2,False,6,55.0,54.449700994113996,9,0.26917552012767487,16.37748,7.944991400000003,8.579318303145852,6.901683126787417
12,2,amusing-2,amusing,True,boring,boring-2,False,7,65.0,52.25964900271738,9,-1.9208764712689401,16.263736799999997,7.831248200000001,8.579318303145852,6.901683126787417
12,2,amusing-2,amusing,True,boring,boring-2,False,8,75.0,51.721511159714176,8,-2.459014314272146,16.128899999999998,7.696411400000002,8.579318303145852,6.901683126787417
12,2,amusing-2,amusing,True,boring,boring-2,False,9,85.0,55.34644672127291,10,1.1659212472865903,15.974153999999995,7.541665399999999,8.579318303145852,6.901683126787417
12,2,amusing-2,amusing,True,boring,boring-2,False,10,95.0,61.31849860476594,10,7.137973130779621,15.818625599999995,7.386137,8.579318303145852,6.901683126787417
12,2,amusing-2,amusing,True,boring,boring-2,False,11,105.0,66.32281774911058,11,12.142292275124262,15.871646399999998,7.439157800000002,8.579318303145852,6.901683126787417
12,2,amusing-2,amusing,True,boring,boring-2,False,12,115.0,59.71355727372601,9,5.533031799739689,15.578522399999997,7.146033800000001,8.579318303145852,6.901683126787417
12,3,relaxed-2,relaxed,False,amusing,amusing-2,False,1,5.0,54.352148643820115,9,-3.853665290676524,10.424227199999997,-5.515036999999998,6.823540991420401,5.994184556720687
12,3,relaxed-2,relaxed,False,amusing,amusing-2,False,2,15.0,56.97929510546644,10,-1.2265188290301978,10.158695999999997,-5.780568199999998,6.823540991420401,5.994184556720687
12,3,relaxed-2,relaxed,False,amusing,amusing-2,False,3,25.0,56.73970089777941,9,-1.466113036717232,9.862021199999997,-6.0772429999999975,6.823540991420401,5.994184556720687
12,3,relaxed-2,relaxed,False,amusing,amusing-2,False,4,35.0,65.0212063004199,11,6.815392365923266,9.580718399999999,-6.358545799999996,6.823540991420401,5.994184556720687
12,3,relaxed-2,relaxed,False,amusing,amusing-2,False,5,45.0,57.11039562117044,10,-1.0954183133261992,9.347911199999997,-6.591352999999998,6.823540991420401,5.994184556720687
12,3,relaxed-2,relaxed,False,amusing,amusing-2,False,6,55.0,52.750277964124265,8,-5.455535970372374,9.081595199999999,-6.857668999999996,6.823540991420401,5.994184556720687
12,3,relaxed-2,relaxed,False,amusing,amusing-2,False,7,65.0,52.512154818613396,9,-5.693659115883243,8.8284864,-7.110777799999996,6.823540991420401,5.994184556720687
12,3,relaxed-2,relaxed,False,amusing,amusing-2,False,8,75.0,50.39883776269765,9,-7.806976171798986,8.585623199999995,-7.353641,6.823540991420401,5.994184556720687
12,3,relaxed-2,relaxed,False,amusing,amusing-2,False,9,85.0,50.91197163498069,8,-7.293842299515951,8.334088799999998,-7.605175399999997,6.823540991420401,5.994184556720687
12,3,relaxed-2,relaxed,False,amusing,amusing-2,False,10,95.0,49.65122957167054,8,-8.554584362826098,8.097143999999997,-7.842120199999998,6.823540991420401,5.994184556720687
12,3,relaxed-2,relaxed,False,amusing,amusing-2,False,11,105.0,52.543671563149495,9,-5.662142371347144,7.866897599999996,-8.072366599999999,6.823540991420401,5.994184556720687
12,3,relaxed-2,relaxed,False,amusing,amusing-2,False,12,115.0,63.77227766217065,11,5.566463727674012,7.774051199999998,-8.165212999999998,6.823540991420401,5.994184556720687
12,4,scary-2,scary,True,relaxed,relaxed-2,False,1,5.0,61.115614329640984,10,7.317602454877438,31.626768,23.3790528,2.3581353670162057,7.845102764537653
12,4,scary-2,scary,True,relaxed,relaxed-2,False,2,15.0,58.45277999553214,10,4.654768120768594,32.817035999999995,24.569320799999996,2.3581353670162057,7.845102764537653
12,4,scary-2,scary,True,relaxed,relaxed-2,False,3,25.0,56.36828501013504,9,2.570273135371494,33.213263999999995,24.965548799999997,2.3581353670162057,7.845102764537653
12,4,scary-2,scary,True,relaxed,relaxed-2,False,4,35.0,53.24764432411939,9,-0.5503675506441539,32.646121199999996,24.398405999999998,2.3581353670162057,7.845102764537653
12,4,scary-2,scary,True,relaxed,relaxed-2,False,5,45.0,51.247911221587586,8,-2.55010065317596,32.11643279999999,23.868717599999993,2.3581353670162057,7.845102764537653
12,4,scary-2,scary,True,relaxed,relaxed-2,False,6,55.0,50.60620364453612,9,-3.191808230227423,31.7941272,23.546412,2.3581353670162057,7.845102764537653
12,4,scary-2,scary,True,relaxed,relaxed-2,False,7,65.0,50.15713730241639,8,-3.6408745723471583,31.524259199999996,23.276543999999998,2.3581353670162057,7.845102764537653
12,4,scary-2,scary,True,relaxed,relaxed-2,False,8,75.0,49.37819924040837,8,-4.419812634355175,31.091361599999992,22.843646399999994,2.3581353670162057,7.845102764537653
12,4,scary-2,scary,True,relaxed,relaxed-2,False,9,85.0,47.86796399647179,8,-5.930047878291759,30.658859999999997,22.4111448,2.3581353670162057,7.845102764537653
12,4,scary-2,scary,True,relaxed,relaxed-2,False,10,95.0,47.38389914251421,8,-6.414112732249336,30.207033599999995,21.959318399999997,2.3581353670162057,7.845102764537653
12,4,scary-2,scary,True,relaxed,relaxed-2,False,11,105.0,48.07781575489983,8,-5.720196119863715,29.7252528,21.4775376,2.3581353670162057,7.845102764537653
12,4,scary-2,scary,True,relaxed,relaxed-2,False,12,115.0,55.176335910082734,9,1.3783240353191886,29.230852799999997,20.9831376,2.3581353670162057,7.845102764537653
12,5,relaxed-1,relaxed,False,scary,scary-2,False,1,5.0,66.71936198893205,11,16.93350185251513,26.3754372,-4.030832799999995,6.505952526215443,5.2507199237368924
12,5,relaxed-1,relaxed,False,scary,scary-2,False,2,15.0,72.035925274401,12,22.250065137984073,26.966033999999997,-3.4402359999999987,6.505952526215443,5.2507199237368924
12,5,relaxed-1,relaxed,False,scary,scary-2,False,3,25.0,70.4684045492908,11,20.682544412873874,26.6626536,-3.743616399999997,6.505952526215443,5.2507199237368924
12,5,relaxed-1,relaxed,False,scary,scary-2,False,4,35.0,61.78994647160425,11,12.004086335187331,26.187772799999994,-4.218497200000002,6.505952526215443,5.2507199237368924
12,5,relaxed-1,relaxed,False,scary,scary-2,False,5,45.0,58.429330741608055,9,8.643470605191133,25.732800000000005,-4.673469999999991,6.505952526215443,5.2507199237368924
12,5,relaxed-1,relaxed,False,scary,scary-2,False,6,55.0,54.676459903792065,9,4.890599767375143,25.290242399999993,-5.1160276000000025,6.505952526215443,5.2507199237368924
12,5,relaxed-1,relaxed,False,scary,scary-2,False,7,65.0,54.286761101867505,9,4.500900965450583,24.856557599999995,-5.549712400000001,6.505952526215443,5.2507199237368924
12,5,relaxed-1,relaxed,False,scary,scary-2,False,8,75.0,53.19760718168777,9,3.4117470452708503,24.418540799999995,-5.9877292,6.505952526215443,5.2507199237368924
12,5,relaxed-1,relaxed,False,scary,scary-2,False,9,85.0,49.874784760822735,9,0.08892462440581284,23.967902399999996,-6.438367599999999,6.505952526215443,5.2507199237368924
12,5,relaxed-1,relaxed,False,scary,scary-2,False,10,95.0,50.01380898562284,8,0.22794884920591585,23.50938,-6.8968899999999955,6.505952526215443,5.2507199237368924
12,5,relaxed-1,relaxed,False,scary,scary-2,False,11,105.0,50.03419137219073,8,0.24833123577381144,23.068603199999995,-7.337666800000001,6.505952526215443,5.2507199237368924
12,5,relaxed-1,relaxed,False,scary,scary-2,False,12,115.0,54.68667993191947,9,4.900819795502549,22.556856,-7.849413999999996,6.505952526215443,5.2507199237368924
12,6,boring-1,boring,False,relaxed,relaxed-1,False,1,5.0,59.12487380199411,10,7.032633424125152,17.774918399999997,-5.954721600000003,5.035903622497617,2.6763029551954243
12,6,boring-1,boring,False,relaxed,relaxed-1,False,2,15.0,61.884064916495674,10,9.791824538626713,17.617414799999995,-6.112225200000005,5.035903622497617,2.6763029551954243
12,6,boring-1,boring,False,relaxed,relaxed-1,False,3,25.0,60.47263348842851,10,8.380393110559545,17.239713599999995,-6.489926400000005,5.035903622497617,2.6763029551954243
12,6,boring-1,boring,False,relaxed,relaxed-1,False,4,35.0,61.477622208236845,10,9.385381830367884,16.832644799999997,-6.896995200000003,5.035903622497617,2.6763029551954243
12,6,boring-1,boring,False,relaxed,relaxed-1,False,5,45.0,51.242433868114134,8,-0.8498065097548277,16.5121128,-7.217527199999999,5.035903622497617,2.6763029551954243
12,6,boring-1,boring,False,relaxed,relaxed-1,False,6,55.0,52.03707970351384,9,-0.05516067435512184,16.134026399999993,-7.595613600000007,5.035903622497617,2.6763029551954243
12,6,boring-1,boring,False,relaxed,relaxed-1,False,7,65.0,52.51602860150789,9,0.42378822363892965,15.739573199999999,-7.990066800000001,5.035903622497617,2.6763029551954243
12,6,boring-1,boring,False,relaxed,relaxed-1,False,8,75.0,51.49633455271818,8,-0.5959058251507798,15.369962399999997,-8.359677600000003,5.035903622497617,2.6763029551954243
12,6,boring-1,boring,False,relaxed,relaxed-1,False,9,85.0,56.92558103644734,10,4.833340658578379,15.018676799999994,-8.710963200000005,5.035903622497617,2.6763029551954243
12,6,boring-1,boring,False,relaxed,relaxed-1,False,10,95.0,53.31761000034109,9,1.2253696224721295,14.658722399999997,-9.070917600000003,5.035903622497617,2.6763029551954243
12,6,boring-1,boring,False,relaxed,relaxed-1,False,11,105.0,54.02703689866158,9,1.9347965207926165,14.492149199999997,-9.237490800000003,5.035903622497617,2.6763029551954243
12,6,boring-1,boring,False,relaxed,relaxed-1,False,12,115.0,59.28204752966635,10,7.189807151797389,14.250671999999998,-9.478968000000002,5.035903622497617,2.6763029551954243
12,7,scary-1,scary,True,boring,boring-1,False,1,5.0,57.14991204341783,10,2.3718567418273366,45.06988319999999,30.148257199999996,4.758261773117255,7.778117826501431
12,7,scary-1,scary,True,boring,boring-1,False,2,15.0,55.23285131848209,9,0.4547960168915992,44.8092816,29.887655600000002,4.758261773117255,7.778117826501431
12,7,scary-1,scary,True,boring,boring-1,False,3,25.0,48.75163438907966,8,-6.0264209125108295,44.343458399999996,29.4218324,4.758261773117255,7.778117826501431
12,7,scary-1,scary,True,boring,boring-1,False,4,35.0,45.173666048549784,7,-9.604389253040708,43.751867999999995,28.830242,4.758261773117255,7.778117826501431
12,7,scary-1,scary,True,boring,boring-1,False,5,45.0,46.531834034851514,8,-8.246221266738978,43.2444528,28.3228268,4.758261773117255,7.778117826501431
12,7,scary-1,scary,True,boring,boring-1,False,6,55.0,47.40758363386212,8,-7.370471667728374,42.716529599999994,27.794903599999998,4.758261773117255,7.778117826501431
12,7,scary-1,scary,True,boring,boring-1,False,7,65.0,48.311420579729926,8,-6.466634721860565,42.21424319999999,27.292617199999995,4.758261773117255,7.778117826501431
12,7,scary-1,scary,True,boring,boring-1,False,8,75.0,50.37041892942658,8,-4.407636372163914,41.7494088,26.8277828,4.758261773117255,7.778117826501431
12,7,scary-1,scary,True,boring,boring-1,False,9,85.0,50.41370169661658,9,-4.364353604973914,41.6873088,26.7656828,4.758261773117255,7.778117826501431
12,7,scary-1,scary,True,boring,boring-1,False,10,95.0,50.733088552574046,8,-4.044966749016446,41.580662399999994,26.659036399999998,4.758261773117255,7.778117826501431
12,7,scary-1,scary,True,boring,boring-1,False,11,105.0,51.92627469096939,9,-2.8517806106210983,41.0622096,26.140583600000006,4.758261773117255,7.778117826501431
12,7,scary-1,scary,True,boring,boring-1,False,12,115.0,53.2475250679859,9,-1.530530233604594,40.530939599999996,25.6093136,4.758261773117255,7.778117826501431
12,8,amusing-1,amusing,True,scary,scary-1,True,1,5.0,56.429513686270056,10,5.535260007956509,34.9146936,-6.556101799999993,7.2205170638703535,7.434902955195425
12,8,amusing-1,amusing,True,scary,scary-1,True,2,15.0,64.31672890815207,10,13.422475229838525,35.75072399999999,-5.720071400000002,7.2205170638703535,7.434902955195425
12,8,amusing-1,amusing,True,scary,scary-1,True,3,25.0,64.60712662681618,11,13.712872948502635,35.155190399999995,-6.315604999999998,7.2205170638703535,7.434902955195425
12,8,amusing-1,amusing,True,scary,scary-1,True,4,35.0,52.47128512895321,9,1.5770314506396659,34.62235199999999,-6.848443400000001,7.2205170638703535,7.434902955195425
12,8,amusing-1,amusing,True,scary,scary-1,True,5,45.0,54.7368102585739,9,3.84255658026035,34.1052768,-7.365518599999994,7.2205170638703535,7.434902955195425
12,8,amusing-1,amusing,True,scary,scary-1,True,6,55.0,55.992209413535,9,5.097955735221454,33.57519119999999,-7.895604200000001,7.2205170638703535,7.434902955195425
12,8,amusing-1,amusing,True,scary,scary-1,True,7,65.0,53.84360304328358,9,2.9493493649700326,33.0457056,-8.425089799999995,7.2205170638703535,7.434902955195425
12,8,amusing-1,amusing,True,scary,scary-1,True,8,75.0,53.95452501844662,9,3.0602713401330703,32.566677600000006,-8.904117799999987,7.2205170638703535,7.434902955195425
12,8,amusing-1,amusing,True,scary,scary-1,True,9,85.0,52.74743385520567,9,1.853180176892124,32.0218176,-9.448977799999994,7.2205170638703535,7.434902955195425
12,8,amusing-1,amusing,True,scary,scary-1,True,10,95.0,50.97976690555005,8,0.08551322723650401,31.6318872,-9.838908199999992,7.2205170638703535,7.434902955195425
12,8,amusing-1,amusing,True,scary,scary-1,True,11,105.0,52.360634649600826,9,1.466380971287279,31.605475199999994,-9.8653202,7.2205170638703535,7.434902955195425
12,8,amusing-1,amusing,True,scary,scary-1,True,12,115.0,54.14817308285934,9,3.2539194045457904,31.51453333333333,-9.956262066666664,7.2205170638703535,7.434902955195425
13,1,relaxed-1,relaxed,False,,,False,1,5.0,83.6153108971803,14,7.869080933676429,25.051915199999996,-3.4461782000000056,5.895977025738798,2.3293608198284077
13,1,relaxed-1,relaxed,False,,,False,2,15.0,77.9095267583211,13,2.163296794817242,25.104350399999998,-3.393743000000004,5.895977025738798,2.3293608198284077
13,1,relaxed-1,relaxed,False,,,False,3,25.0,75.28418853198032,13,-0.46204143152354504,24.851632799999997,-3.6464606000000046,5.895977025738798,2.3293608198284077
13,1,relaxed-1,relaxed,False,,,False,4,35.0,74.9457902924524,12,-0.8004396710514641,24.762331199999995,-3.735762200000007,5.895977025738798,2.3293608198284077
13,1,relaxed-1,relaxed,False,,,False,5,45.0,73.63096354177917,12,-2.115266421724698,24.9677376,-3.5303558000000024,5.895977025738798,2.3293608198284077
13,1,relaxed-1,relaxed,False,,,False,6,55.0,74.41072338413507,13,-1.335506579368797,24.536025599999995,-3.962067800000007,5.895977025738798,2.3293608198284077
13,1,relaxed-1,relaxed,False,,,False,7,65.0,75.82985929948534,12,0.08362933598147038,24.219045599999998,-4.279047800000004,5.895977025738798,2.3293608198284077
13,1,relaxed-1,relaxed,False,,,False,8,75.0,75.77777709328191,13,0.03154712977804763,23.983283999999998,-4.514809400000004,5.895977025738798,2.3293608198284077
13,1,relaxed-1,relaxed,False,,,False,9,85.0,73.27767720565778,12,-2.4685527578460835,24.422086799999995,-4.076006600000007,5.895977025738798,2.3293608198284077
13,1,relaxed-1,relaxed,False,,,False,10,95.0,75.12297219808403,13,-0.6232577654198366,24.0031872,-4.494906200000003,5.895977025738798,2.3293608198284077
13,1,relaxed-1,relaxed,False,,,False,11,105.0,74.48245723690178,12,-1.2637727266020846,23.573051999999997,-4.925041400000005,5.895977025738798,2.3293608198284077
13,1,relaxed-1,relaxed,False,,,False,12,115.0,80.17713274443398,13,4.430902780930111,23.37887999999999,-5.11921340000001,5.895977025738798,2.3293608198284077
13,2,boring-1,boring,False,relaxed,relaxed-1,False,1,5.0,83.00022288863047,14,7.172324337031299,24.0554292,0.1255066000000049,3.547738036224976,4.969844137273594
13,2,boring-1,boring,False,relaxed,relaxed-1,False,2,15.0,101.93102884371994,17,26.103130292120767,24.013243199999994,0.08332060000000041,3.547738036224976,4.969844137273594
13,2,boring-1,boring,False,relaxed,relaxed-1,False,3,25.0,81.83232282561706,13,6.004424274017879,24.346979999999995,0.4170574000000009,3.547738036224976,4.969844137273594
13,2,boring-1,boring,False,relaxed,relaxed-1,False,4,35.0,79.73505448434042,13,3.9071559327412473,24.057793199999995,0.1278706000000014,3.547738036224976,4.969844137273594
13,2,boring-1,boring,False,relaxed,relaxed-1,False,5,45.0,77.57840869295272,13,1.7505101413535442,23.89949759999999,-0.030425000000004587,3.547738036224976,4.969844137273594
13,2,boring-1,boring,False,relaxed,relaxed-1,False,6,55.0,73.5422843013235,12,-2.285614250275671,23.391105599999996,-0.5388169999999981,3.547738036224976,4.969844137273594
13,2,boring-1,boring,False,relaxed,relaxed-1,False,7,65.0,76.3116771021287,13,0.48377855052952157,22.982063999999998,-0.9478585999999964,3.547738036224976,4.969844137273594
13,2,boring-1,boring,False,relaxed,relaxed-1,False,8,75.0,76.88454375013863,13,1.0566451985394565,22.9694448,-0.9604777999999925,3.547738036224976,4.969844137273594
13,2,boring-1,boring,False,relaxed,relaxed-1,False,9,85.0,77.3511078833253,13,1.5232093317261217,22.612245599999994,-1.3176769999999998,3.547738036224976,4.969844137273594
13,2,boring-1,boring,False,relaxed,relaxed-1,False,10,95.0,78.26883787822229,13,2.440939326623109,22.188622799999997,-1.7412997999999966,3.547738036224976,4.969844137273594
13,2,boring-1,boring,False,relaxed,relaxed-1,False,11,105.0,76.44395351994966,12,0.6160549683504826,21.965865599999994,-1.9640570000000004,3.547738036224976,4.969844137273594
13,2,boring-1,boring,False,relaxed,relaxed-1,False,12,115.0,74.68658382600186,13,-1.1413147255973115,21.891547199999998,-2.038375399999996,3.547738036224976,4.969844137273594
13,3,scary-1,scary,True,boring,boring-1,False,1,5.0,84.90919387862223,14,8.24863286619349,36.502972799999995,14.068007799999997,2.2919283126787415,7.594911344137273
13,3,scary-1,scary,True,boring,boring-1,False,2,15.0,79.71891198905814,14,3.0583509766293986,35.6667456,13.2317806,2.2919283126787415,7.594911344137273
13,3,scary-1,scary,True,boring,boring-1,False,3,25.0,74.69328620888194,12,-1.9672748035468004,34.6872048,12.252239800000005,2.2919283126787415,7.594911344137273
13,3,scary-1,scary,True,boring,boring-1,False,4,35.0,73.65210477840904,12,-3.008456234019704,34.20561599999999,11.770650999999994,2.2919283126787415,7.594911344137273
13,3,scary-1,scary,True,boring,boring-1,False,5,45.0,73.7045906902336,12,-2.9559703221951423,32.928807600000006,10.493842600000008,2.2919283126787415,7.594911344137273
13,3,scary-1,scary,True,boring,boring-1,False,6,55.0,78.85277163277023,13,2.192210620341484,32.0872608,9.652295800000005,2.2919283126787415,7.594911344137273
13,3,scary-1,scary,True,boring,boring-1,False,7,65.0,73.33933180808603,13,-3.321229204342714,31.5954192,9.1604542,2.2919283126787415,7.594911344137273
13,3,scary-1,scary,True,boring,boring-1,False,8,75.0,75.27765555503383,12,-1.3829054573949122,31.0247328,8.5897678,2.2919283126787415,7.594911344137273
13,3,scary-1,scary,True,boring,boring-1,False,9,85.0,74.10063320804115,13,-2.5599278043875984,30.485581199999995,8.050616199999997,2.2919283126787415,7.594911344137273
13,3,scary-1,scary,True,boring,boring-1,False,10,95.0,74.30081322472971,12,-2.3597477876990354,29.968709999999998,7.533745,2.2919283126787415,7.594911344137273
13,3,scary-1,scary,True,boring,boring-1,False,11,105.0,79.18444107907251,13,2.5238800666437697,29.691741599999993,7.256776599999995,2.2919283126787415,7.594911344137273
13,3,scary-1,scary,True,boring,boring-1,False,12,115.0,76.72023255977496,13,0.059671547346212606,29.363918399999996,6.9289533999999975,2.2919283126787415,7.594911344137273
13,4,amusing-1,amusing,True,scary,scary-1,False,1,5.0,78.56048637665961,13,3.054934694135497,31.55638919999999,1.2013719999999957,8.760284938036227,5.696999809342231
13,4,amusing-1,amusing,True,scary,scary-1,False,2,15.0,86.59123210411794,14,11.085680421593821,31.408936799999992,1.0539195999999968,8.760284938036227,5.696999809342231
13,4,amusing-1,amusing,True,scary,scary-1,False,3,25.0,73.50475228095341,12,-2.0007994015707027,31.676243999999997,1.3212268000000016,8.760284938036227,5.696999809342231
13,4,amusing-1,amusing,True,scary,scary-1,False,4,35.0,68.8849478215026,11,-6.620603861021507,31.396714799999994,1.0416975999999991,8.760284938036227,5.696999809342231
13,4,amusing-1,amusing,True,scary,scary-1,False,5,45.0,78.35481206802133,13,2.8492603854972174,30.9105912,0.5555740000000036,8.760284938036227,5.696999809342231
13,4,amusing-1,amusing,True,scary,scary-1,False,6,55.0,76.20697522752545,13,0.7014235450013331,30.416189999999993,0.06117279999999781,8.760284938036227,5.696999809342231
13,4,amusing-1,amusing,True,scary,scary-1,False,7,65.0,72.21498535558676,12,-3.290566326937352,30.30048,-0.05453719999999507,8.760284938036227,5.696999809342231
13,4,amusing-1,amusing,True,scary,scary-1,False,8,75.0,75.4910104489724,13,-0.014541233551710775,29.634379199999994,-0.720638000000001,8.760284938036227,5.696999809342231
13,4,amusing-1,amusing,True,scary,scary-1,False,9,85.0,73.43574824312451,12,-2.0698034393996068,29.162251200000004,-1.1927659999999918,8.760284938036227,5.696999809342231
13,4,amusing-1,amusing,True,scary,scary-1,False,10,95.0,73.63279343032619,12,-1.8727582521979258,28.7543904,-1.600626799999997,8.760284938036227,5.696999809342231
13,4,amusing-1,amusing,True,scary,scary-1,False,11,105.0,74.25816385502715,12,-1.247387827496965,28.3534248,-2.0015923999999963,8.760284938036227,5.696999809342231
13,4,amusing-1,amusing,True,scary,scary-1,False,12,115.0,79.72846030605697,14,4.2229086235328595,28.043741999999998,-2.311275199999997,8.760284938036227,5.696999809342231
13,5,relaxed-2,relaxed,False,amusing,amusing-1,False,1,5.0,83.48282704637695,14,8.548402103307438,23.689948799999993,-5.351495800000002,5.462216603804865,4.912865701049893
13,5,relaxed-2,relaxed,False,amusing,amusing-1,False,2,15.0,82.55295726624828,14,7.618532323178769,23.456155199999998,-5.585289399999997,5.462216603804865,4.912865701049893
13,5,relaxed-2,relaxed,False,amusing,amusing-1,False,3,25.0,73.48328059233349,12,-1.4511443507360298,24.4908864,-4.550558199999994,5.462216603804865,4.912865701049893
13,5,relaxed-2,relaxed,False,amusing,amusing-1,False,4,35.0,74.31986034849216,13,-0.6145645945773595,24.795645599999993,-4.245799000000002,5.462216603804865,4.912865701049893
13,5,relaxed-2,relaxed,False,amusing,amusing-1,False,5,45.0,72.36790583792977,12,-2.566519105139747,24.749320799999992,-4.292123800000002,5.462216603804865,4.912865701049893
13,5,relaxed-2,relaxed,False,amusing,amusing-1,False,6,55.0,70.27118686447835,11,-4.663238078591164,24.681511199999996,-4.359933399999999,5.462216603804865,4.912865701049893
13,5,relaxed-2,relaxed,False,amusing,amusing-1,False,7,65.0,73.71613729577521,12,-1.2182876472943036,24.2949372,-4.746507399999995,5.462216603804865,4.912865701049893
13,5,relaxed-2,relaxed,False,amusing,amusing-1,False,8,75.0,76.18447991110988,13,1.2500549680403594,24.130929599999995,-4.910515,5.462216603804865,4.912865701049893
13,5,relaxed-2,relaxed,False,amusing,amusing-1,False,9,85.0,71.51092282710393,12,-3.42350211596559,24.169567199999996,-4.871877399999999,5.462216603804865,4.912865701049893
13,5,relaxed-2,relaxed,False,amusing,amusing-1,False,10,95.0,70.37112536627859,12,-4.563299576790925,23.9182272,-5.123217399999994,5.462216603804865,4.912865701049893
13,5,relaxed-2,relaxed,False,amusing,amusing-1,False,11,105.0,71.26610554837815,11,-3.668319394691366,23.824982399999996,-5.216462199999999,5.462216603804865,4.912865701049893
13,5,relaxed-2,relaxed,False,amusing,amusing-1,False,12,115.0,74.23439336818535,13,-0.7000315748841643,24.37891799999999,-4.662526600000003,5.462216603804865,4.912865701049893
13,6,amusing-2,amusing,True,relaxed,relaxed-2,False,1,5.0,89.72715328846601,15,16.760704801714084,29.0889192,4.969325600000001,8.213318161346127,5.107586460433738
13,6,amusing-2,amusing,True,relaxed,relaxed-2,False,2,15.0,81.8829815251986,13,8.916533038446673,28.982860799999997,4.863267199999999,8.213318161346127,5.107586460433738
13,6,amusing-2,amusing,True,relaxed,relaxed-2,False,3,25.0,71.2023947066867,11,-1.7640537800652254,28.5065952,4.387001600000001,8.213318161346127,5.107586460433738
13,6,amusing-2,amusing,True,relaxed,relaxed-2,False,4,35.0,72.25668526410378,13,-0.7097632226481494,28.053988800000003,3.9343952000000044,8.213318161346127,5.107586460433738
13,6,amusing-2,amusing,True,relaxed,relaxed-2,False,5,45.0,75.69242505977411,12,2.72597657302218,27.639038399999997,3.5194447999999987,8.213318161346127,5.107586460433738
13,6,amusing-2,amusing,True,relaxed,relaxed-2,False,6,55.0,79.57092677145683,13,6.604478284704896,27.302731199999993,3.183137599999995,8.213318161346127,5.107586460433738
13,6,amusing-2,amusing,True,relaxed,relaxed-2,False,7,65.0,78.2568435654064,13,5.29039507865447,27.058099200000004,2.9385056000000063,8.213318161346127,5.107586460433738
13,6,amusing-2,amusing,True,relaxed,relaxed-2,False,8,75.0,77.99047921406651,13,5.024030727314582,27.821772,3.702178400000001,8.213318161346127,5.107586460433738
13,6,amusing-2,amusing,True,relaxed,relaxed-2,False,9,85.0,75.38671797558825,13,2.4202694888363254,27.646132799999997,3.5265391999999984,8.213318161346127,5.107586460433738
13,6,amusing-2,amusing,True,relaxed,relaxed-2,False,10,95.0,77.48358654052561,13,4.517138053773678,27.511888799999998,3.3922951999999995,8.213318161346127,5.107586460433738
13,6,amusing-2,amusing,True,relaxed,relaxed-2,False,11,105.0,84.36130479048917,13,11.394856303737242,27.286963199999995,3.167369599999997,8.213318161346127,5.107586460433738
13,6,amusing-2,amusing,True,relaxed,relaxed-2,False,12,115.0,72.43209266563223,12,-0.5343558211197035,27.0107856,2.891192,8.213318161346127,5.107586460433738
13,7,boring-2,boring,False,amusing,amusing-2,False,1,5.0,80.03841480862208,13,2.3187884565886634,21.553869599999995,-5.835403999999997,5.0608711153479495,4.313064632983794
13,7,boring-2,boring,False,amusing,amusing-2,False,2,15.0,75.87441198262515,13,-1.8452143694082679,21.2502912,-6.138982399999993,5.0608711153479495,4.313064632983794
13,7,boring-2,boring,False,amusing,amusing-2,False,3,25.0,72.96152929085879,12,-4.758097061174624,21.468905999999997,-5.920367599999995,5.0608711153479495,4.313064632983794
13,7,boring-2,boring,False,amusing,amusing-2,False,4,35.0,75.48732962095504,12,-2.232296731078378,21.9193404,-5.469933199999993,5.0608711153479495,4.313064632983794
13,7,boring-2,boring,False,amusing,amusing-2,False,5,45.0,74.541695220085,13,-3.1779311319484123,21.670961999999992,-5.7183116,5.0608711153479495,4.313064632983794
13,7,boring-2,boring,False,amusing,amusing-2,False,6,55.0,73.05739786404219,12,-4.662228487991229,21.313178399999998,-6.076095199999994,5.0608711153479495,4.313064632983794
13,7,boring-2,boring,False,amusing,amusing-2,False,7,65.0,74.81620348844913,12,-2.9034228635842823,21.271185599999995,-6.118087999999997,5.0608711153479495,4.313064632983794
13,7,boring-2,boring,False,amusing,amusing-2,False,8,75.0,73.54111401253317,12,-4.178512339500244,21.216381599999995,-6.172891999999997,5.0608711153479495,4.313064632983794
13,7,boring-2,boring,False,amusing,amusing-2,False,9,85.0,72.80937643565349,13,-4.910249916379925,21.0060432,-6.3832303999999915,5.0608711153479495,4.313064632983794
13,7,boring-2,boring,False,amusing,amusing-2,False,10,95.0,70.82301036340962,11,-6.896615988623793,21.007032,-6.382241599999993,5.0608711153479495,4.313064632983794
13,7,boring-2,boring,False,amusing,amusing-2,False,11,105.0,72.01037789512937,12,-5.709248456904049,20.692418399999998,-6.696855199999995,5.0608711153479495,4.313064632983794
13,7,boring-2,boring,False,amusing,amusing-2,False,12,115.0,74.76952504047065,13,-2.9501013115627615,21.970796399999994,-5.418477199999998,5.0608711153479495,4.313064632983794
13,8,scary-2,scary,True,boring,boring-2,True,1,5.0,81.38584567853808,13,8.207884336887943,35.30165999999999,14.107683799999993,2.7410575936061212,7.0343087223542256
13,8,scary-2,scary,True,boring,boring-2,True,2,15.0,71.98228206851591,12,-1.1956792731342176,33.755376,12.5613998,2.7410575936061212,7.0343087223542256
13,8,scary-2,scary,True,boring,boring-2,True,3,25.0,69.29401084829506,12,-3.883950493355073,32.8726248,11.678648599999999,2.7410575936061212,7.0343087223542256
13,8,scary-2,scary,True,boring,boring-2,True,4,35.0,69.83836700835332,11,-3.339594333296816,32.085482400000004,10.891506200000006,2.7410575936061212,7.0343087223542256
13,8,scary-2,scary,True,boring,boring-2,True,5,45.0,72.00277558635689,12,-1.175185755293242,31.951042799999993,10.757066599999995,2.7410575936061212,7.0343087223542256
13,8,scary-2,scary,True,boring,boring-2,True,6,55.0,73.13697605515823,13,-0.04098528649190314,31.126840799999997,9.932864599999998,2.7410575936061212,7.0343087223542256
13,8,scary-2,scary,True,boring,boring-2,True,7,65.0,70.67089090406539,11,-2.507070437584744,30.892060799999996,9.698084599999998,2.7410575936061212,7.0343087223542256
13,8,scary-2,scary,True,boring,boring-2,True,8,75.0,69.36801601264644,12,-3.809945329003696,30.608393999999997,9.414417799999999,2.7410575936061212,7.0343087223542256
13,8,scary-2,scary,True,boring,boring-2,True,9,85.0,72.8197953570025,12,-0.35816598464762706,29.926323599999996,8.732347399999998,2.7410575936061212,7.0343087223542256
13,8,scary-2,scary,True,boring,boring-2,True,10,95.0,73.14480788240077,12,-0.03315345924936253,29.948797199999994,8.754820999999996,2.7410575936061212,7.0343087223542256
13,8,scary-2,scary,True,boring,boring-2,True,11,105.0,72.8696044541088,12,-0.3083568875413363,29.4208896,8.2269134,2.7410575936061212,7.0343087223542256
13,8,scary-2,scary,True,boring,boring-2,True,12,115.0,70.81349705554383,12,-2.3644642861062977,29.00638666666666,7.8124104666666625,2.7410575936061212,7.0343087223542256
14,1,amusing-2,amusing,True,,,False,1,5.0,66.14963258324826,11,3.8593843677004998,31.300714799999998,1.5267357999999973,7.79286707588593,5.015599688709018
14,1,amusing-2,amusing,True,,,False,2,15.0,62.79034086512419,11,0.5000926495764304,30.843177599999997,1.0691985999999964,7.79286707588593,5.015599688709018
14,1,amusing-2,amusing,True,,,False,3,25.0,61.530607560039904,10,-0.7596406555078588,29.865612,0.09163299999999808,7.79286707588593,5.015599688709018
14,1,amusing-2,amusing,True,,,False,4,35.0,65.79590959299303,11,3.5056613774452643,30.8831904,1.1092113999999995,7.79286707588593,5.015599688709018
14,1,amusing-2,amusing,True,,,False,5,45.0,62.26541879023316,10,-0.024829425314599973,30.286677599999997,0.5126985999999967,7.79286707588593,5.015599688709018
14,1,amusing-2,amusing,True,,,False,6,55.0,61.6250633175203,10,-0.6651848980274622,29.302408799999995,-0.4715702000000057,7.79286707588593,5.015599688709018
14,1,amusing-2,amusing,True,,,False,7,65.0,61.31264017658777,11,-0.9776080389599926,28.4801856,-1.293793400000002,7.79286707588593,5.015599688709018
14,1,amusing-2,amusing,True,,,False,8,75.0,62.220716803007555,10,-0.06953141254020778,27.868096799999996,-1.9058822000000042,7.79286707588593,5.015599688709018
14,1,amusing-2,amusing,True,,,False,9,85.0,69.66076838574476,12,7.370520170196997,28.527496799999994,-1.2464822000000062,7.79286707588593,5.015599688709018
14,1,amusing-2,amusing,True,,,False,10,95.0,66.37234519674708,11,4.082096981199314,29.072755199999996,-0.7012238000000046,7.79286707588593,5.015599688709018
14,1,amusing-2,amusing,True,,,False,11,105.0,64.24517059920178,10,1.9549223836540222,29.87980319999999,0.10582419999999004,7.79286707588593,5.015599688709018
14,1,amusing-2,amusing,True,,,False,12,115.0,64.90739823764423,11,2.6171500220964674,30.381892799999996,0.6079137999999951,7.79286707588593,5.015599688709018
14,2,boring-2,boring,False,amusing,amusing-2,False,1,5.0,76.04741273166094,12,11.138115587479405,33.035452799999995,4.000414399999997,5.41172223804848,4.128258537027871
14,2,boring-2,boring,False,amusing,amusing-2,False,2,15.0,66.67287963372748,11,1.7635824895459393,32.96803439999999,3.9329959999999957,5.41172223804848,4.128258537027871
14,2,boring-2,boring,False,amusing,amusing-2,False,3,25.0,62.63278667088619,11,-2.276510473295346,33.7729176,4.737879200000002,5.41172223804848,4.128258537027871
14,2,boring-2,boring,False,amusing,amusing-2,False,4,35.0,62.01110236331512,10,-2.898194780866419,32.9154036,3.8803652,5.41172223804848,4.128258537027871
14,2,boring-2,boring,False,amusing,amusing-2,False,5,45.0,62.33603743717769,10,-2.5732597070038494,31.957154399999997,2.922115999999999,5.41172223804848,4.128258537027871
14,2,boring-2,boring,False,amusing,amusing-2,False,6,55.0,61.28273159629289,11,-3.626565547888646,31.357483199999997,2.3224447999999995,5.41172223804848,4.128258537027871
14,2,boring-2,boring,False,amusing,amusing-2,False,7,65.0,62.33820949714103,10,-2.571087647040507,30.2864832,1.2514448000000016,5.41172223804848,4.128258537027871
14,2,boring-2,boring,False,amusing,amusing-2,False,8,75.0,62.11007808259617,10,-2.7992190615853687,29.535218399999998,0.5001800000000003,5.41172223804848,4.128258537027871
14,2,boring-2,boring,False,amusing,amusing-2,False,9,85.0,63.68807413380219,11,-1.2212230103793473,28.8915936,-0.14344479999999749,5.41172223804848,4.128258537027871
14,2,boring-2,boring,False,amusing,amusing-2,False,10,95.0,62.171806592905185,10,-2.737490551276352,28.142306399999995,-0.8927320000000023,5.41172223804848,4.128258537027871
14,2,boring-2,boring,False,amusing,amusing-2,False,11,105.0,63.78468953296847,11,-1.1246076112130652,27.36798,-1.6670583999999984,5.41172223804848,4.128258537027871
14,2,boring-2,boring,False,amusing,amusing-2,False,12,115.0,62.66505806544801,10,-2.2442390787335285,26.586367199999994,-2.4486712000000033,5.41172223804848,4.128258537027871
14,3,scary-2,scary,True,boring,boring-2,False,1,5.0,64.10332211053992,10,1.279904002227319,46.79282159999999,18.32449679999999,4.604273689227836,9.11053279313632
14,3,scary-2,scary,True,boring,boring-2,False,2,15.0,62.05663902673937,11,-0.7667790815732332,44.79035639999999,16.322031599999995,4.604273689227836,9.11053279313632
14,3,scary-2,scary,True,boring,boring-2,False,3,25.0,61.916038871707336,10,-0.9073792366052658,45.32280839999999,16.854483599999995,4.604273689227836,9.11053279313632
14,3,scary-2,scary,True,boring,boring-2,False,4,35.0,58.25189865270088,10,-4.571519455611721,43.738656000000006,15.270331200000008,4.604273689227836,9.11053279313632
14,3,scary-2,scary,True,boring,boring-2,False,5,45.0,58.69185148300663,9,-4.131566625305972,44.1701772,15.7018524,4.604273689227836,9.11053279313632
14,3,scary-2,scary,True,boring,boring-2,False,6,55.0,58.9771321641618,10,-3.8462859441508,41.652813599999995,13.184488799999997,4.604273689227836,9.11053279313632
14,3,scary-2,scary,True,boring,boring-2,False,7,65.0,60.055983514040506,10,-2.767434594272096,40.59619199999999,12.12786719999999,4.604273689227836,9.11053279313632
14,3,scary-2,scary,True,boring,boring-2,False,8,75.0,64.24524802322217,11,1.4218299149095728,40.376784,11.908459200000003,4.604273689227836,9.11053279313632
14,3,scary-2,scary,True,boring,boring-2,False,9,85.0,63.24010448549535,10,0.41668637718274937,41.853102,13.384777200000002,4.604273689227836,9.11053279313632
14,3,scary-2,scary,True,boring,boring-2,False,10,95.0,64.37979977452335,11,1.556381666210747,39.4786584,11.010333600000003,4.604273689227836,9.11053279313632
14,3,scary-2,scary,True,boring,boring-2,False,11,105.0,61.9623545656324,10,-0.8610635426801991,39.2040552,10.735730400000001,4.604273689227836,9.11053279313632
14,3,scary-2,scary,True,boring,boring-2,False,12,115.0,62.56783204143188,11,-0.25558606688072416,38.80545359999999,10.337128799999995,4.604273689227836,9.11053279313632
14,4,relaxed-2,relaxed,False,scary,scary-2,False,1,5.0,67.07226626748059,11,4.283280491565755,31.323971999999998,-8.72840219999999,5.215386558627265,4.129763775023831
14,4,relaxed-2,relaxed,False,scary,scary-2,False,2,15.0,66.37345031305553,11,3.584464537140697,33.2207568,-6.831617399999992,5.215386558627265,4.129763775023831
14,4,relaxed-2,relaxed,False,scary,scary-2,False,3,25.0,66.1432974458559,11,3.354311669941062,34.2712632,-5.781110999999989,5.215386558627265,4.129763775023831
14,4,relaxed-2,relaxed,False,scary,scary-2,False,4,35.0,64.69062087807133,11,1.9016351021564972,35.36040479999999,-4.691969399999998,5.215386558627265,4.129763775023831
14,4,relaxed-2,relaxed,False,scary,scary-2,False,5,45.0,64.53223958068313,10,1.743253804768294,35.0181888,-5.034185399999991,5.215386558627265,4.129763775023831
14,4,relaxed-2,relaxed,False,scary,scary-2,False,6,55.0,62.38910524289144,11,-0.3998805330233921,34.40156399999999,-5.650810199999995,5.215386558627265,4.129763775023831
14,4,relaxed-2,relaxed,False,scary,scary-2,False,7,65.0,80.49056118233528,13,17.701575406420453,35.1204984,-4.931875799999986,5.215386558627265,4.129763775023831
14,4,relaxed-2,relaxed,False,scary,scary-2,False,8,75.0,68.18929097857303,11,5.4003052026581955,34.515312,-5.537062199999987,5.215386558627265,4.129763775023831
14,4,relaxed-2,relaxed,False,scary,scary-2,False,9,85.0,66.65701276117854,11,3.868026985263704,33.5105376,-6.541836599999989,5.215386558627265,4.129763775023831
14,4,relaxed-2,relaxed,False,scary,scary-2,False,10,95.0,63.436063341168165,11,0.6470775652533334,32.94871919999999,-7.103654999999996,5.215386558627265,4.129763775023831
14,4,relaxed-2,relaxed,False,scary,scary-2,False,11,105.0,71.94101545131781,12,9.152029675402979,33.372546,-6.679828199999989,5.215386558627265,4.129763775023831
14,4,relaxed-2,relaxed,False,scary,scary-2,False,12,115.0,71.58365291326113,12,8.794667137346302,33.2010432,-6.851330999999988,5.215386558627265,4.129763775023831
14,5,scary-1,scary,True,relaxed,relaxed-2,False,1,5.0,64.99554482703219,10,-5.715588796330991,42.540299999999995,8.762190599999997,4.961349475691135,7.014845757864632
14,5,scary-1,scary,True,relaxed,relaxed-2,False,2,15.0,58.90478153556903,10,-11.806352087794153,43.101924000000004,9.323814600000006,4.961349475691135,7.014845757864632
14,5,scary-1,scary,True,relaxed,relaxed-2,False,3,25.0,64.12455985094803,11,-6.58657377241515,41.556021599999994,7.777912199999996,4.961349475691135,7.014845757864632
14,5,scary-1,scary,True,relaxed,relaxed-2,False,4,35.0,68.8695317130319,11,-1.8416019103312777,41.397528,7.619418600000003,4.961349475691135,7.014845757864632
14,5,scary-1,scary,True,relaxed,relaxed-2,False,5,45.0,64.93767786154034,11,-5.773455761822845,40.170388800000005,6.392279400000007,4.961349475691135,7.014845757864632
14,5,scary-1,scary,True,relaxed,relaxed-2,False,6,55.0,64.31266039674864,11,-6.398473226614541,39.38955359999999,5.611444199999994,4.961349475691135,7.014845757864632
14,5,scary-1,scary,True,relaxed,relaxed-2,False,7,65.0,60.694491670727885,10,-10.016641952635297,38.7778608,4.999751400000001,4.961349475691135,7.014845757864632
14,5,scary-1,scary,True,relaxed,relaxed-2,False,8,75.0,60.409794411209816,10,-10.301339212153366,38.689543199999996,4.9114337999999975,4.961349475691135,7.014845757864632
14,5,scary-1,scary,True,relaxed,relaxed-2,False,9,85.0,59.387243422996484,10,-11.323890200366698,38.6166048,4.838495399999999,4.961349475691135,7.014845757864632
14,5,scary-1,scary,True,relaxed,relaxed-2,False,10,95.0,60.69478865447898,10,-10.016344968884205,37.79693640000001,4.018827000000009,4.961349475691135,7.014845757864632
14,5,scary-1,scary,True,relaxed,relaxed-2,False,11,105.0,62.971321758903535,10,-7.7398118644596465,37.265274,3.4871646,4.961349475691135,7.014845757864632
14,5,scary-1,scary,True,relaxed,relaxed-2,False,12,115.0,62.192618863928416,11,-8.518514759434765,36.7440612,2.965951799999999,4.961349475691135,7.014845757864632
14,6,amusing-1,amusing,True,scary,scary-1,False,1,5.0,69.51766263783833,11,8.440692036422277,29.0453544,-8.936359000000003,6.778307054337463,5.682973879885605
14,6,amusing-1,amusing,True,scary,scary-1,False,2,15.0,70.99051907804792,12,9.913548476631874,31.017047999999996,-6.964665400000008,6.778307054337463,5.682973879885605
14,6,amusing-1,amusing,True,scary,scary-1,False,3,25.0,66.12009239717094,11,5.043121795754885,31.126651200000005,-6.855062199999999,6.778307054337463,5.682973879885605
14,6,amusing-1,amusing,True,scary,scary-1,False,4,35.0,62.04285312927552,10,0.9658825278594705,30.6251484,-7.356565000000003,6.778307054337463,5.682973879885605
14,6,amusing-1,amusing,True,scary,scary-1,False,5,45.0,62.77670609154054,11,1.699735490124489,30.06332999999999,-7.918383400000014,6.778307054337463,5.682973879885605
14,6,amusing-1,amusing,True,scary,scary-1,False,6,55.0,65.33481364986906,11,4.257843048453012,29.4451344,-8.536579000000003,6.778307054337463,5.682973879885605
14,6,amusing-1,amusing,True,scary,scary-1,False,7,65.0,67.14438740718384,11,6.067416805767792,28.961771999999996,-9.019941400000008,6.778307054337463,5.682973879885605
14,6,amusing-1,amusing,True,scary,scary-1,False,8,75.0,61.368161289407475,10,0.2911906879914241,28.401926399999997,-9.579787000000007,6.778307054337463,5.682973879885605
14,6,amusing-1,amusing,True,scary,scary-1,False,9,85.0,60.60532451201111,10,-0.4716460894049419,27.857652,-10.124061400000002,6.778307054337463,5.682973879885605
14,6,amusing-1,amusing,True,scary,scary-1,False,10,95.0,60.815000547250875,10,-0.26197005416517527,27.9954432,-9.986270200000003,6.778307054337463,5.682973879885605
14,6,amusing-1,amusing,True,scary,scary-1,False,11,105.0,62.44358421571149,11,1.3666136142954386,27.781562399999995,-10.200151000000009,6.778307054337463,5.682973879885605
14,6,amusing-1,amusing,True,scary,scary-1,False,12,115.0,64.7370047147817,10,3.660034113365654,27.308647200000003,-10.673066200000001,6.778307054337463,5.682973879885605
14,7,boring-1,boring,False,amusing,amusing-1,False,1,5.0,64.93216087020387,11,2.017280249456128,22.155703199999994,-5.8954640000000005,4.956118207816968,3.6340396568160154
14,7,boring-1,boring,False,amusing,amusing-1,False,2,15.0,64.35097900074116,11,1.4360983799934175,21.828662399999995,-6.222504799999999,4.956118207816968,3.6340396568160154
14,7,boring-1,boring,False,amusing,amusing-1,False,3,25.0,73.51879376240105,12,10.603913141653301,21.6482892,-6.402877999999994,4.956118207816968,3.6340396568160154
14,7,boring-1,boring,False,amusing,amusing-1,False,4,35.0,70.1890353106394,12,7.2741546898916525,21.525873599999997,-6.525293599999998,4.956118207816968,3.6340396568160154
14,7,boring-1,boring,False,amusing,amusing-1,False,5,45.0,61.31925738029621,10,-1.5956232404515376,21.267636,-6.783531199999995,4.956118207816968,3.6340396568160154
14,7,boring-1,boring,False,amusing,amusing-1,False,6,55.0,60.088424841104185,10,-2.8264557796435597,20.9879124,-7.063254799999996,4.956118207816968,3.6340396568160154
14,7,boring-1,boring,False,amusing,amusing-1,False,7,65.0,57.687368490819786,9,-5.227512129927959,20.6866992,-7.364467999999995,4.956118207816968,3.6340396568160154
14,7,boring-1,boring,False,amusing,amusing-1,False,8,75.0,59.38004333776926,10,-3.5348372829784864,20.384107199999995,-7.667059999999999,4.956118207816968,3.6340396568160154
14,7,boring-1,boring,False,amusing,amusing-1,False,9,85.0,63.66188485664362,11,0.7470042358958722,20.11936319999999,-7.931804000000003,4.956118207816968,3.6340396568160154
14,7,boring-1,boring,False,amusing,amusing-1,False,10,95.0,64.04191470475017,11,1.1270340840024247,20.793343199999992,-7.257824000000003,4.956118207816968,3.6340396568160154
14,7,boring-1,boring,False,amusing,amusing-1,False,11,105.0,61.77614524368971,10,-1.1387353770580333,20.859575999999993,-7.191591200000001,4.956118207816968,3.6340396568160154
14,7,boring-1,boring,False,amusing,amusing-1,False,12,115.0,63.082397681031026,10,0.16751706028328073,20.754117599999994,-7.297049600000001,4.956118207816968,3.6340396568160154
14,8,relaxed-1,relaxed,False,boring,boring-1,True,1,5.0,68.83369449965463,11,7.090842463300383,25.3763892,4.776854800000002,5.084642897998093,3.2113968541468068
14,8,relaxed-1,relaxed,False,boring,boring-1,True,2,15.0,76.34276903602736,13,14.59991699967312,29.4189156,8.819381200000002,5.084642897998093,3.2113968541468068
14,8,relaxed-1,relaxed,False,boring,boring-1,True,3,25.0,72.14673601076753,12,10.403883974413283,31.73006399999999,11.130529599999996,5.084642897998093,3.2113968541468068
14,8,relaxed-1,relaxed,False,boring,boring-1,True,4,35.0,70.60026281962661,11,8.857410783272364,31.91142,11.311885600000004,5.084642897998093,3.2113968541468068
14,8,relaxed-1,relaxed,False,boring,boring-1,True,5,45.0,69.29306177519751,12,7.550209738843272,31.776386399999996,11.176852,5.084642897998093,3.2113968541468068
14,8,relaxed-1,relaxed,False,boring,boring-1,True,6,55.0,64.51259771113037,10,2.769745674776125,31.484438400000005,10.88490400000001,5.084642897998093,3.2113968541468068
14,8,relaxed-1,relaxed,False,boring,boring-1,True,7,65.0,60.51536816534988,10,-1.2274838710043667,30.9450888,10.345554400000005,5.084642897998093,3.2113968541468068
14,8,relaxed-1,relaxed,False,boring,boring-1,True,8,75.0,58.75422649795287,10,-2.9886255384013722,30.2874672,9.687932800000002,5.084642897998093,3.2113968541468068
14,8,relaxed-1,relaxed,False,boring,boring-1,True,9,85.0,58.68868482639728,10,-3.0541672099569652,29.565384,8.965849600000006,5.084642897998093,3.2113968541468068
14,8,relaxed-1,relaxed,False,boring,boring-1,True,10,95.0,58.40983589281841,10,-3.3330161435358363,28.8093864,8.209852000000005,5.084642897998093,3.2113968541468068
14,8,relaxed-1,relaxed,False,boring,boring-1,True,11,105.0,60.793950529885784,10,-0.9489015064684594,27.965087999999998,7.365553600000002,5.084642897998093,3.2113968541468068
14,8,relaxed-1,relaxed,False,boring,boring-1,True,12,115.0,61.80677137004458,10,0.06391933369033609,27.1178244,6.518290000000004,5.084642897998093,3.2113968541468068
15,1,boring-1,boring,False,,,False,1,5.0,76.39297189948266,12,5.681584538196688,17.5340316,-6.387250000000002,6.088090848427074,4.071652716873212
15,1,boring-1,boring,False,,,False,2,15.0,73.59881454953576,12,2.887427188249788,17.5328424,-6.3884392000000005,6.088090848427074,4.071652716873212
15,1,boring-1,boring,False,,,False,3,25.0,66.81289496743685,11,-3.898492393849125,17.4165408,-6.5047408,6.088090848427074,4.071652716873212
15,1,boring-1,boring,False,,,False,4,35.0,68.14484639536836,11,-2.5665409659176106,17.115328799999997,-6.805952800000004,6.088090848427074,4.071652716873212
15,1,boring-1,boring,False,,,False,5,45.0,70.60353174493271,12,-0.10785561635326246,16.926283199999997,-6.994998400000004,6.088090848427074,4.071652716873212
15,1,boring-1,boring,False,,,False,6,55.0,72.95050520426906,12,2.2391178429830916,16.692686399999996,-7.228595200000004,6.088090848427074,4.071652716873212
15,1,boring-1,boring,False,,,False,7,65.0,74.47351029340216,13,3.762122932116185,16.4543616,-7.466920000000002,6.088090848427074,4.071652716873212
15,1,boring-1,boring,False,,,False,8,75.0,77.83251284334715,13,7.121125482061174,16.2057792,-7.715502400000002,6.088090848427074,4.071652716873212
15,1,boring-1,boring,False,,,False,9,85.0,74.70328315139595,12,3.9918957901099787,16.0206768,-7.9006048,6.088090848427074,4.071652716873212
15,1,boring-1,boring,False,,,False,10,95.0,67.80626234996733,11,-2.9051250113186455,15.760271999999997,-8.161009600000003,6.088090848427074,4.071652716873212
15,1,boring-1,boring,False,,,False,11,105.0,67.54196332206887,12,-3.1694240392171054,15.499274399999996,-8.422007200000005,6.088090848427074,4.071652716873212
15,1,boring-1,boring,False,,,False,12,115.0,69.39721455330586,11,-1.314172807980114,15.250502399999998,-8.670779200000002,6.088090848427074,4.071652716873212
15,2,relaxed-1,relaxed,False,boring,boring-1,False,1,5.0,70.54315040173768,12,-1.6257316037529392,15.8261112,-0.039033199999995105,2.112440800762631,3.9155637750238323
15,2,relaxed-1,relaxed,False,boring,boring-1,False,2,15.0,71.7030155760126,12,-0.4658664294780124,16.263931199999995,0.3987867999999999,2.112440800762631,3.9155637750238323
15,2,relaxed-1,relaxed,False,boring,boring-1,False,3,25.0,75.36090926969692,12,3.1920272642063026,16.203021599999992,0.33787719999999766,2.112440800762631,3.9155637750238323
15,2,relaxed-1,relaxed,False,boring,boring-1,False,4,35.0,68.54925080862013,12,-3.619631196870486,16.1249616,0.2598172000000041,2.112440800762631,3.9155637750238323
15,2,relaxed-1,relaxed,False,boring,boring-1,False,5,45.0,69.12990641609404,11,-3.0389755893965713,15.960158399999994,0.09501399999999904,2.112440800762631,3.9155637750238323
15,2,relaxed-1,relaxed,False,boring,boring-1,False,6,55.0,69.64136979899628,12,-2.527512206494336,16.183703999999995,0.3185596000000004,2.112440800762631,3.9155637750238323
15,2,relaxed-1,relaxed,False,boring,boring-1,False,7,65.0,69.48424971269385,11,-2.6846322927967634,16.192180799999996,0.3270364000000008,2.112440800762631,3.9155637750238323
15,2,relaxed-1,relaxed,False,boring,boring-1,False,8,75.0,70.5501304736512,12,-1.6187515318394219,16.101693599999997,0.23654920000000246,2.112440800762631,3.9155637750238323
15,2,relaxed-1,relaxed,False,boring,boring-1,False,9,85.0,69.09040442822669,11,-3.078477577263925,15.925663199999997,0.060518800000002315,2.112440800762631,3.9155637750238323
15,2,relaxed-1,relaxed,False,boring,boring-1,False,10,95.0,68.1610578554942,12,-4.007824149996409,15.700937999999997,-0.16420639999999764,2.112440800762631,3.9155637750238323
15,2,relaxed-1,relaxed,False,boring,boring-1,False,11,105.0,67.21790054241892,11,-4.950981463071699,15.496514399999995,-0.36862999999999957,2.112440800762631,3.9155637750238323
15,2,relaxed-1,relaxed,False,boring,boring-1,False,12,115.0,74.84227839264237,12,2.6733963871517545,15.397559999999999,-0.46758439999999624,2.112440800762631,3.9155637750238323
15,3,amusing-1,amusing,True,relaxed,relaxed-1,False,1,5.0,77.53458801326342,13,7.587345952709953,13.0176384,-2.7847865999999986,6.527911147731028,5.425585793600989
15,3,amusing-1,amusing,True,relaxed,relaxed-1,False,2,15.0,79.235957384911,13,9.28871532435754,16.317553199999992,0.5151281999999942,6.527911147731028,5.425585793600989
15,3,amusing-1,amusing,True,relaxed,relaxed-1,False,3,25.0,72.17594442483345,12,2.2287023642799824,16.9105128,1.1080878000000016,6.527911147731028,5.425585793600989
15,3,amusing-1,amusing,True,relaxed,relaxed-1,False,4,35.0,72.34710653238146,12,2.3998644718279962,17.1937848,1.3913598000000018,6.527911147731028,5.425585793600989
15,3,amusing-1,amusing,True,relaxed,relaxed-1,False,5,45.0,78.6196114747908,13,8.672369414237338,22.554692399999993,6.752267399999996,6.527911147731028,5.425585793600989
15,3,amusing-1,amusing,True,relaxed,relaxed-1,False,6,55.0,73.37039910609309,12,3.423157045539625,23.420673599999994,7.618248599999996,6.527911147731028,5.425585793600989
15,3,amusing-1,amusing,True,relaxed,relaxed-1,False,7,65.0,72.84221951073955,12,2.89497745018609,22.474850399999998,6.6724254,6.527911147731028,5.425585793600989
15,3,amusing-1,amusing,True,relaxed,relaxed-1,False,8,75.0,70.83662869592484,12,0.8893866353713804,22.229423999999995,6.426998999999997,6.527911147731028,5.425585793600989
15,3,amusing-1,amusing,True,relaxed,relaxed-1,False,9,85.0,65.8261394206769,11,-4.121102639876568,21.987943199999997,6.185518199999999,6.527911147731028,5.425585793600989
15,3,amusing-1,amusing,True,relaxed,relaxed-1,False,10,95.0,69.43492271793104,11,-0.5123193426224191,21.714526799999998,5.9121018,6.527911147731028,5.425585793600989
15,3,amusing-1,amusing,True,relaxed,relaxed-1,False,11,105.0,69.03506868399897,12,-0.9121733765544917,21.395180399999994,5.592755399999996,6.527911147731028,5.425585793600989
15,3,amusing-1,amusing,True,relaxed,relaxed-1,False,12,115.0,69.18195626527391,11,-0.7652857952795529,21.0580896,5.255664600000001,6.527911147731028,5.425585793600989
15,4,scary-1,scary,True,amusing,amusing-1,False,1,5.0,70.479019399613,12,0.892929470183148,47.0619012,25.25189880000001,5.414618875119161,6.9542211630123925
15,4,scary-1,scary,True,amusing,amusing-1,False,2,15.0,67.02395217528537,11,-2.562137754144473,46.558824,24.74882160000001,5.414618875119161,6.9542211630123925
15,4,scary-1,scary,True,amusing,amusing-1,False,3,25.0,69.35712809908193,12,-0.22896183034791306,45.13375919999999,23.3237568,5.414618875119161,6.9542211630123925
15,4,scary-1,scary,True,amusing,amusing-1,False,4,35.0,65.51093224853855,10,-4.075157680891294,48.309154799999995,26.499152400000003,5.414618875119161,6.9542211630123925
15,4,scary-1,scary,True,amusing,amusing-1,False,5,45.0,70.44676588949123,12,0.8606759600613856,46.77429119999999,24.964288800000002,5.414618875119161,6.9542211630123925
15,4,scary-1,scary,True,amusing,amusing-1,False,6,55.0,75.19407649498808,13,5.607986565558235,48.415804800000004,26.605802400000012,5.414618875119161,6.9542211630123925
15,4,scary-1,scary,True,amusing,amusing-1,False,7,65.0,77.91348738262232,13,8.327397453192475,49.61397839999999,27.803976000000002,5.414618875119161,6.9542211630123925
15,4,scary-1,scary,True,amusing,amusing-1,False,8,75.0,74.74249082978724,12,5.156400900357397,47.164216800000005,25.354214400000014,5.414618875119161,6.9542211630123925
15,4,scary-1,scary,True,amusing,amusing-1,False,9,85.0,68.69987278360242,11,-0.8862171458274304,46.1280888,24.31808640000001,5.414618875119161,6.9542211630123925
15,4,scary-1,scary,True,amusing,amusing-1,False,10,95.0,64.4636489788341,11,-5.122440950595745,44.832539999999995,23.022537600000003,5.414618875119161,6.9542211630123925
15,4,scary-1,scary,True,amusing,amusing-1,False,11,105.0,64.18563999397507,11,-5.400449935454773,44.150856,22.340853600000006,5.414618875119161,6.9542211630123925
15,4,scary-1,scary,True,amusing,amusing-1,False,12,115.0,64.2795772418933,10,-5.306512687536539,43.07609999999999,21.2660976,5.414618875119161,6.9542211630123925
15,5,amusing-2,amusing,True,scary,scary-1,False,1,5.0,71.40580880809821,11,1.9437238423482626,39.6665232,-6.161106799999999,7.599638131553861,5.244362440419446
15,5,amusing-2,amusing,True,scary,scary-1,False,2,15.0,69.39383952220147,12,-0.06824544354847717,39.815553599999994,-6.012076400000005,7.599638131553861,5.244362440419446
15,5,amusing-2,amusing,True,scary,scary-1,False,3,25.0,64.39606139806169,10,-5.066023567688262,39.194196,-6.633434000000001,7.599638131553861,5.244362440419446
15,5,amusing-2,amusing,True,scary,scary-1,False,4,35.0,71.85702408153278,12,2.394939115782833,40.2403728,-5.587257199999996,7.599638131553861,5.244362440419446
15,5,amusing-2,amusing,True,scary,scary-1,False,5,45.0,75.3900488853649,13,5.927963919614953,39.84630479999999,-5.981325200000008,7.599638131553861,5.244362440419446
15,5,amusing-2,amusing,True,scary,scary-1,False,6,55.0,72.25435127451534,12,2.7922663087653916,38.9044152,-6.923214799999997,7.599638131553861,5.244362440419446
15,5,amusing-2,amusing,True,scary,scary-1,False,7,65.0,73.41746510360623,12,3.955380137856281,38.5073952,-7.3202348000000015,7.599638131553861,5.244362440419446
15,5,amusing-2,amusing,True,scary,scary-1,False,8,75.0,75.02625911612772,13,5.564174150377767,39.293947200000005,-6.533682799999994,7.599638131553861,5.244362440419446
15,5,amusing-2,amusing,True,scary,scary-1,False,9,85.0,79.86241576233326,13,10.400330796583305,45.12054719999999,-0.7070828000000091,7.599638131553861,5.244362440419446
15,5,amusing-2,amusing,True,scary,scary-1,False,10,95.0,79.24362676280329,13,9.781541797053336,43.6225512,-2.2050788000000026,7.599638131553861,5.244362440419446
15,5,amusing-2,amusing,True,scary,scary-1,False,11,105.0,77.60636753468236,13,8.144282568932411,41.3224224,-4.5052075999999985,7.599638131553861,5.244362440419446
15,5,amusing-2,amusing,True,scary,scary-1,False,12,115.0,70.24796836291723,12,0.7858833971672823,39.92318639999999,-5.904443600000008,7.599638131553861,5.244362440419446
15,6,boring-2,boring,False,amusing,amusing-2,False,1,5.0,75.31682955200617,13,-0.6909059859620896,28.762476000000003,-12.535865599999997,4.923762821734986,4.963956244041944
15,6,boring-2,boring,False,amusing,amusing-2,False,2,15.0,76.37027490846157,13,0.36253937049330887,28.333717200000002,-12.964624399999998,4.923762821734986,4.963956244041944
15,6,boring-2,boring,False,amusing,amusing-2,False,3,25.0,76.75322557317514,12,0.7454900352068847,28.164184799999994,-13.134156800000007,4.923762821734986,4.963956244041944
15,6,boring-2,boring,False,amusing,amusing-2,False,4,35.0,73.44527942120466,13,-2.562456116763599,29.35879079999999,-11.93955080000001,4.923762821734986,4.963956244041944
15,6,boring-2,boring,False,amusing,amusing-2,False,5,45.0,70.9135043163051,11,-5.094231221663165,28.988774399999993,-12.309567200000007,4.923762821734986,4.963956244041944
15,6,boring-2,boring,False,amusing,amusing-2,False,6,55.0,67.31080140592584,12,-8.696934132042415,28.794405599999997,-12.503936000000003,4.923762821734986,4.963956244041944
15,6,boring-2,boring,False,amusing,amusing-2,False,7,65.0,71.69691759491278,11,-4.310817943055483,28.715555999999992,-12.582785600000008,4.923762821734986,4.963956244041944
15,6,boring-2,boring,False,amusing,amusing-2,False,8,75.0,72.86309107398975,13,-3.1446444639785085,29.333558399999998,-11.964783200000003,4.923762821734986,4.963956244041944
15,6,boring-2,boring,False,amusing,amusing-2,False,9,85.0,74.65254222135916,12,-1.3551933166091032,30.0047832,-11.293558400000002,4.923762821734986,4.963956244041944
15,6,boring-2,boring,False,amusing,amusing-2,False,10,95.0,77.47114468295803,13,1.4634091449897682,29.538767999999997,-11.759573600000003,4.923762821734986,4.963956244041944
15,6,boring-2,boring,False,amusing,amusing-2,False,11,105.0,74.88491163885526,12,-1.1228238991130013,28.980103199999995,-12.318238400000006,4.923762821734986,4.963956244041944
15,6,boring-2,boring,False,amusing,amusing-2,False,12,115.0,74.24665453475113,13,-1.7610810032171287,29.155156799999997,-12.143184800000004,4.923762821734986,4.963956244041944
15,7,scary-2,scary,True,boring,boring-2,False,1,5.0,75.69125091948438,12,1.3308845186911356,41.990303999999995,12.7023164,2.8900636796949475,8.935017063870353
15,7,scary-2,scary,True,boring,boring-2,False,2,15.0,70.63764725872569,12,-3.7227191420675467,42.021252,12.733264400000003,2.8900636796949475,8.935017063870353
15,7,scary-2,scary,True,boring,boring-2,False,3,25.0,72.85720402758248,12,-1.5031623732107562,40.851672,11.563684400000007,2.8900636796949475,8.935017063870353
15,7,scary-2,scary,True,boring,boring-2,False,4,35.0,71.86036208304331,12,-2.5000043177499265,39.800769599999995,10.512782000000001,2.8900636796949475,8.935017063870353
15,7,scary-2,scary,True,boring,boring-2,False,5,45.0,80.682865625148,13,6.3224992243547575,39.6397152,10.351727600000004,2.8900636796949475,8.935017063870353
15,7,scary-2,scary,True,boring,boring-2,False,6,55.0,82.23422723800319,14,7.873860837209946,43.1628384,13.874850800000004,2.8900636796949475,8.935017063870353
15,7,scary-2,scary,True,boring,boring-2,False,7,65.0,72.21786872235036,12,-2.1424976784428793,43.97167199999999,14.683684399999997,2.8900636796949475,8.935017063870353
15,7,scary-2,scary,True,boring,boring-2,False,8,75.0,64.42086328492681,10,-9.93950311586643,43.42541279999999,14.137425199999996,2.8900636796949475,8.935017063870353
15,7,scary-2,scary,True,boring,boring-2,False,9,85.0,66.47661530649474,11,-7.883751094298503,44.1382464,14.850258800000006,2.8900636796949475,8.935017063870353
15,7,scary-2,scary,True,boring,boring-2,False,10,95.0,68.33947895719325,12,-6.020887443599989,42.2053704,12.917382800000006,2.8900636796949475,8.935017063870353
15,7,scary-2,scary,True,boring,boring-2,False,11,105.0,67.77162347129186,11,-6.588742929501379,41.19507839999999,11.907090799999999,2.8900636796949475,8.935017063870353
15,7,scary-2,scary,True,boring,boring-2,False,12,115.0,65.96786002670068,11,-8.392506374092562,40.419563999999994,11.1315764,2.8900636796949475,8.935017063870353
15,8,relaxed-2,relaxed,False,scary,scary-2,True,1,5.0,73.28381621182878,12,5.623011855811569,33.7695672,-8.789656799999989,6.038835081029552,4.911123927550047
15,8,relaxed-2,relaxed,False,scary,scary-2,True,2,15.0,75.37545231136805,12,7.714647955350841,33.730927199999996,-8.82829679999999,6.038835081029552,4.911123927550047
15,8,relaxed-2,relaxed,False,scary,scary-2,True,3,25.0,79.74802491544393,14,12.087220559426726,33.83599919999999,-8.723224799999997,6.038835081029552,4.911123927550047
15,8,relaxed-2,relaxed,False,scary,scary-2,True,4,35.0,77.6065007487589,12,9.945696392741695,34.9077924,-7.651431599999988,6.038835081029552,4.911123927550047
15,8,relaxed-2,relaxed,False,scary,scary-2,True,5,45.0,76.01823586317629,13,8.357431507159077,34.3909248,-8.168299199999986,6.038835081029552,4.911123927550047
15,8,relaxed-2,relaxed,False,scary,scary-2,True,6,55.0,71.8960269476944,12,4.235222591677186,34.1106,-8.448623999999988,6.038835081029552,4.911123927550047
15,8,relaxed-2,relaxed,False,scary,scary-2,True,7,65.0,77.16514936406806,13,9.504345008050848,33.531830400000004,-9.027393599999982,6.038835081029552,4.911123927550047
15,8,relaxed-2,relaxed,False,scary,scary-2,True,8,75.0,76.45222745479738,12,8.791423098780172,33.173052,-9.386171999999988,6.038835081029552,4.911123927550047
15,8,relaxed-2,relaxed,False,scary,scary-2,True,9,85.0,73.82734541421918,12,6.166541058201972,32.698360799999996,-9.86086319999999,6.038835081029552,4.911123927550047
15,8,relaxed-2,relaxed,False,scary,scary-2,True,10,95.0,69.02899417938367,12,1.368189823366464,32.3792088,-10.180015199999985,6.038835081029552,4.911123927550047
15,8,relaxed-2,relaxed,False,scary,scary-2,True,11,105.0,67.96069765894313,11,0.2998933029259234,31.8609528,-10.698271199999986,6.038835081029552,4.911123927550047
15,8,relaxed-2,relaxed,False,scary,scary-2,True,12,115.0,67.17595015605666,11,-0.48485419996055157,31.356394666666663,-11.202829333333323,6.038835081029552,4.911123927550047
16,1,amusing-2,amusing,True,,,False,1,5.0,58.60572678292241,10,1.7756428883827127,18.3757656,-3.684489799999998,8.901127904626554,5.275921356057363
16,1,amusing-2,amusing,True,,,False,2,15.0,54.72385262399779,9,-2.1062312705419046,18.249211199999998,-3.8110442000000013,8.901127904626554,5.275921356057363
16,1,amusing-2,amusing,True,,,False,3,25.0,56.811798474254246,9,-0.018285420285451437,18.0879576,-3.9722977999999998,8.901127904626554,5.275921356057363
16,1,amusing-2,amusing,True,,,False,4,35.0,53.646428796913916,9,-3.183655097625781,17.905415999999995,-4.154839400000004,8.901127904626554,5.275921356057363
16,1,amusing-2,amusing,True,,,False,5,45.0,55.0938783275784,9,-1.7362055669612957,17.697645599999998,-4.362609800000001,8.901127904626554,5.275921356057363
16,1,amusing-2,amusing,True,,,False,6,55.0,54.53726032558916,9,-2.2928235689505385,17.466412799999993,-4.593842600000006,8.901127904626554,5.275921356057363
16,1,amusing-2,amusing,True,,,False,7,65.0,55.63545836465385,9,-1.1946255298858475,17.2284792,-4.8317762,8.901127904626554,5.275921356057363
16,1,amusing-2,amusing,True,,,False,8,75.0,54.48429946916523,10,-2.345784425374468,17.0021808,-5.058074599999998,8.901127904626554,5.275921356057363
16,1,amusing-2,amusing,True,,,False,9,85.0,55.55788341088137,9,-1.272200483658331,16.7431512,-5.317104199999999,8.901127904626554,5.275921356057363
16,1,amusing-2,amusing,True,,,False,10,95.0,54.64793516838128,9,-2.1821487261584167,16.479789599999997,-5.5804658000000025,8.901127904626554,5.275921356057363
16,1,amusing-2,amusing,True,,,False,11,105.0,56.86663181054984,9,0.036547916010142956,16.231408800000004,-5.828846599999995,8.901127904626554,5.275921356057363
16,1,amusing-2,amusing,True,,,False,12,115.0,56.41073984610193,10,-0.4193440484377646,16.0062888,-6.053966599999999,8.901127904626554,5.275921356057363
16,2,relaxed-2,relaxed,False,amusing,amusing-2,False,1,5.0,57.47034290577986,9,1.8753148353714906,13.454272800000002,-3.160943599999996,6.208631077216396,4.953006673021926
16,2,relaxed-2,relaxed,False,amusing,amusing-2,False,2,15.0,58.69213865753643,10,3.097110587128064,13.325351999999995,-3.2898644000000026,6.208631077216396,4.953006673021926
16,2,relaxed-2,relaxed,False,amusing,amusing-2,False,3,25.0,56.60014150260359,9,1.0051134321952233,13.218117599999996,-3.397098800000002,6.208631077216396,4.953006673021926
16,2,relaxed-2,relaxed,False,amusing,amusing-2,False,4,35.0,56.118931853129524,9,0.5239037827211561,13.119551999999999,-3.495664399999999,6.208631077216396,4.953006673021926
16,2,relaxed-2,relaxed,False,amusing,amusing-2,False,5,45.0,55.81639056785716,10,0.22136249744879422,13.0192128,-3.5960035999999977,6.208631077216396,4.953006673021926
16,2,relaxed-2,relaxed,False,amusing,amusing-2,False,6,55.0,58.33177006146975,9,2.736741991061379,12.923606399999997,-3.6916100000000007,6.208631077216396,4.953006673021926
16,2,relaxed-2,relaxed,False,amusing,amusing-2,False,7,65.0,57.22021614485269,10,1.6251880744443241,12.8301672,-3.785049199999998,6.208631077216396,4.953006673021926
16,2,relaxed-2,relaxed,False,amusing,amusing-2,False,8,75.0,56.514841477125124,9,0.9198134067167558,12.747374399999998,-3.8678419999999996,6.208631077216396,4.953006673021926
16,2,relaxed-2,relaxed,False,amusing,amusing-2,False,9,85.0,56.79795362114995,10,1.2029255507415826,12.662608799999997,-3.9526076000000003,6.208631077216396,4.953006673021926
16,2,relaxed-2,relaxed,False,amusing,amusing-2,False,10,95.0,57.3314364399395,9,1.7364083695311336,12.573904799999998,-4.0413116,6.208631077216396,4.953006673021926
16,2,relaxed-2,relaxed,False,amusing,amusing-2,False,11,105.0,55.56295716670212,9,-0.032070903706248544,12.496036799999997,-4.119179600000001,6.208631077216396,4.953006673021926
16,2,relaxed-2,relaxed,False,amusing,amusing-2,False,12,115.0,59.39340413761987,10,3.7983760672114997,12.391952399999994,-4.223264000000004,6.208631077216396,4.953006673021926
16,3,boring-2,boring,False,relaxed,relaxed-2,False,1,5.0,62.185787502828,10,5.013877769667893,10.828139999999996,-1.788867399999999,4.940972354623452,2.7667302192564347
16,3,boring-2,boring,False,relaxed,relaxed-2,False,2,15.0,56.94921918150419,10,-0.22269055165591567,10.900089599999998,-1.7169177999999974,4.940972354623452,2.7667302192564347
16,3,boring-2,boring,False,relaxed,relaxed-2,False,3,25.0,57.07650304193385,9,-0.095406691226259,10.869141599999997,-1.7478657999999978,4.940972354623452,2.7667302192564347
16,3,boring-2,boring,False,relaxed,relaxed-2,False,4,35.0,56.921472919395306,10,-0.2504368137648001,10.852977599999997,-1.7640297999999976,4.940972354623452,2.7667302192564347
16,3,boring-2,boring,False,relaxed,relaxed-2,False,5,45.0,58.22824470377442,9,1.0563349706143157,10.845095999999998,-1.771911399999997,4.940972354623452,2.7667302192564347
16,3,boring-2,boring,False,relaxed,relaxed-2,False,6,55.0,59.76481070918923,10,2.592900976029121,10.806261599999997,-1.8107457999999976,4.940972354623452,2.7667302192564347
16,3,boring-2,boring,False,relaxed,relaxed-2,False,7,65.0,58.012731480421664,10,0.8408217472615576,10.727603999999996,-1.889403399999999,4.940972354623452,2.7667302192564347
16,3,boring-2,boring,False,relaxed,relaxed-2,False,8,75.0,56.73063553137114,9,-0.44127420178896415,10.615245599999998,-2.001761799999997,4.940972354623452,2.7667302192564347
16,3,boring-2,boring,False,relaxed,relaxed-2,False,9,85.0,53.9677394440223,9,-3.2041702891378065,10.733918399999997,-1.8830889999999982,4.940972354623452,2.7667302192564347
16,3,boring-2,boring,False,relaxed,relaxed-2,False,10,95.0,56.02937410420205,9,-1.1425356289580577,10.757565599999996,-1.859441799999999,4.940972354623452,2.7667302192564347
16,3,boring-2,boring,False,relaxed,relaxed-2,False,11,105.0,55.55899658591098,10,-1.6129131472491238,10.732339199999997,-1.8846681999999984,4.940972354623452,2.7667302192564347
16,3,boring-2,boring,False,relaxed,relaxed-2,False,12,115.0,62.903467390735365,10,5.731557657575259,10.858103999999997,-1.7589033999999977,4.940972354623452,2.7667302192564347
16,4,scary-2,scary,True,boring,boring-2,False,1,5.0,55.53838228670867,9,-1.7476123849937721,17.747912399999997,7.010449599999999,0.5295081029551955,9.206097235462344
16,4,scary-2,scary,True,boring,boring-2,False,2,15.0,55.35314400289917,10,-1.932850668803269,18.535833599999997,7.798370799999999,0.5295081029551955,9.206097235462344
16,4,scary-2,scary,True,boring,boring-2,False,3,25.0,55.8520971711888,9,-1.4338975005136376,19.272302399999997,8.5348396,0.5295081029551955,9.206097235462344
16,4,scary-2,scary,True,boring,boring-2,False,4,35.0,52.683969895922644,8,-4.602024775779796,19.8471288,9.109666000000002,0.5295081029551955,9.206097235462344
16,4,scary-2,scary,True,boring,boring-2,False,5,45.0,53.715045880093044,9,-3.5709487916093963,19.947662399999995,9.210199599999997,0.5295081029551955,9.206097235462344
16,4,scary-2,scary,True,boring,boring-2,False,6,55.0,53.16393297272502,9,-4.122061698977419,20.115225599999995,9.377762799999998,0.5295081029551955,9.206097235462344
16,4,scary-2,scary,True,boring,boring-2,False,7,65.0,52.533151293705146,9,-4.752843377997294,20.2954008,9.557938000000002,0.5295081029551955,9.206097235462344
16,4,scary-2,scary,True,boring,boring-2,False,8,75.0,53.81601759708113,9,-3.469977074621312,20.341924799999997,9.604462,0.5295081029551955,9.206097235462344
16,4,scary-2,scary,True,boring,boring-2,False,9,85.0,57.06315912237082,9,-0.2228355493316201,20.5083,9.7708372,0.5295081029551955,9.206097235462344
16,4,scary-2,scary,True,boring,boring-2,False,10,95.0,55.53997537747759,9,-1.7460192942248511,20.573349599999997,9.835886799999999,0.5295081029551955,9.206097235462344
16,4,scary-2,scary,True,boring,boring-2,False,11,105.0,53.935691939126045,9,-3.350302732576395,20.537078399999995,9.799615599999997,0.5295081029551955,9.206097235462344
16,4,scary-2,scary,True,boring,boring-2,False,12,115.0,54.17692842265728,9,-3.1090662490451635,20.390221199999996,9.652758399999998,0.5295081029551955,9.206097235462344
16,5,boring-1,boring,False,scary,scary-2,False,1,5.0,55.00682564398681,9,0.4960050185838014,15.635294399999998,-4.8057514,5.0,5.0
16,5,boring-1,boring,False,scary,scary-2,False,2,15.0,54.540652548168445,9,0.02983192276543889,15.882487199999996,-4.558558600000001,5.0,5.0
16,5,boring-1,boring,False,scary,scary-2,False,3,25.0,56.45488536548734,9,1.944064740084336,16.178181599999995,-4.262864200000003,5.0,5.0
16,5,boring-1,boring,False,scary,scary-2,False,4,35.0,57.3118162726866,10,2.8009956472835924,16.099526399999995,-4.341519400000003,5.0,5.0
16,5,boring-1,boring,False,scary,scary-2,False,5,45.0,56.39851676096235,9,1.8876961355593451,16.116285599999998,-4.3247602,5.0,5.0
16,5,boring-1,boring,False,scary,scary-2,False,6,55.0,55.11514912611297,9,0.6043285007099612,15.813103199999997,-4.627942600000001,5.0,5.0
16,5,boring-1,boring,False,scary,scary-2,False,7,65.0,55.25951439235132,10,0.748693766948314,15.515834399999994,-4.925211400000004,5.0,5.0
16,5,boring-1,boring,False,scary,scary-2,False,8,75.0,55.21731673120959,9,0.7064961058065862,15.161789999999996,-5.279255800000001,5.0,5.0
16,5,boring-1,boring,False,scary,scary-2,False,9,85.0,55.16613587899744,9,0.6553152535944307,14.760443999999996,-5.680601800000002,5.0,5.0
16,5,boring-1,boring,False,scary,scary-2,False,10,95.0,55.30474775917579,9,0.7939271337727831,14.416255199999995,-6.024790600000003,5.0,5.0
16,5,boring-1,boring,False,scary,scary-2,False,11,105.0,56.76631082944076,10,2.2554902040377556,14.153289599999999,-6.287756199999999,5.0,5.0
16,5,boring-1,boring,False,scary,scary-2,False,12,115.0,62.18851622872627,10,7.677695603323265,14.402061599999996,-6.038984200000002,5.0,5.0
16,6,amusing-1,amusing,True,boring,boring-1,False,1,5.0,57.819550441146994,9,1.094336093258768,16.116285599999998,1.3813397999999992,9.339883759236477,5.8846836242800595
16,6,amusing-1,amusing,True,boring,boring-1,False,2,15.0,55.396494240815855,10,-1.328720107072371,16.117466399999994,1.3825205999999959,9.339883759236477,5.8846836242800595
16,6,amusing-1,amusing,True,boring,boring-1,False,3,25.0,54.51966204972603,9,-2.2055522981621962,16.11333,1.3783842000000028,9.339883759236477,5.8846836242800595
16,6,amusing-1,amusing,True,boring,boring-1,False,4,35.0,54.96470632805187,9,-1.760508019836358,15.957398399999999,1.2224526000000004,9.339883759236477,5.8846836242800595
16,6,amusing-1,amusing,True,boring,boring-1,False,5,45.0,55.002128448806,9,-1.7230858990822284,15.685953599999996,0.9510077999999975,9.339883759236477,5.8846836242800595
16,6,amusing-1,amusing,True,boring,boring-1,False,6,55.0,57.00211871686665,9,0.2769043689784212,15.325406399999995,0.5904605999999966,9.339883759236477,5.8846836242800595
16,6,amusing-1,amusing,True,boring,boring-1,False,7,65.0,53.769703577290926,9,-2.9555107705973,14.875166399999998,0.14022059999999925,9.339883759236477,5.8846836242800595
16,6,amusing-1,amusing,True,boring,boring-1,False,8,75.0,53.960914289589795,9,-2.7643000582984314,14.623243199999996,-0.11170260000000276,9.339883759236477,5.8846836242800595
16,6,amusing-1,amusing,True,boring,boring-1,False,9,85.0,54.96942501468836,9,-1.7557893331998642,14.399104799999998,-0.3358410000000003,9.339883759236477,5.8846836242800595
16,6,amusing-1,amusing,True,boring,boring-1,False,10,95.0,54.07730637057902,9,-2.6479079773092096,14.011155599999995,-0.7237902000000034,9.339883759236477,5.8846836242800595
16,6,amusing-1,amusing,True,boring,boring-1,False,11,105.0,54.03297803574704,9,-2.6922363121411834,13.625774400000001,-1.1091713999999975,9.339883759236477,5.8846836242800595
16,6,amusing-1,amusing,True,boring,boring-1,False,12,115.0,54.725396935537994,9,-1.9998174123502324,13.234871999999996,-1.5000738000000027,9.339883759236477,5.8846836242800595
16,7,scary-1,scary,True,amusing,amusing-1,False,1,5.0,55.22675633366705,9,0.9708022964281824,28.5217812,14.393561800000002,0.693630534526085,8.926738654032539
16,7,scary-1,scary,True,amusing,amusing-1,False,2,15.0,53.912165941328595,9,-0.34378809591026993,28.609106399999995,14.480886999999997,0.693630534526085,8.926738654032539
16,7,scary-1,scary,True,amusing,amusing-1,False,3,25.0,53.753262763939055,9,-0.5026912732998099,28.18074839999999,14.052528999999994,0.693630534526085,8.926738654032539
16,7,scary-1,scary,True,amusing,amusing-1,False,4,35.0,53.33881692636791,9,-0.9171371108709536,27.664464,13.536244600000002,0.693630534526085,8.926738654032539
16,7,scary-1,scary,True,amusing,amusing-1,False,5,45.0,52.79349754600394,9,-1.4624564912349243,27.378232799999996,13.250013399999998,0.693630534526085,8.926738654032539
16,7,scary-1,scary,True,amusing,amusing-1,False,6,55.0,56.08689268170926,9,1.8309386444703932,27.821572799999995,13.693353399999998,0.693630534526085,8.926738654032539
16,7,scary-1,scary,True,amusing,amusing-1,False,7,65.0,52.5583695001376,9,-1.697584537101264,27.7709136,13.642694200000003,0.693630534526085,8.926738654032539
16,7,scary-1,scary,True,amusing,amusing-1,False,8,75.0,56.4277218121068,9,2.171767774867938,27.347083199999997,13.2188638,0.693630534526085,8.926738654032539
16,7,scary-1,scary,True,amusing,amusing-1,False,9,85.0,53.37415570454647,9,-0.8817983326923979,27.256012799999997,13.1277934,0.693630534526085,8.926738654032539
16,7,scary-1,scary,True,amusing,amusing-1,False,10,95.0,52.125397514744435,9,-2.1305565224944303,27.066765599999997,12.9385462,0.693630534526085,8.926738654032539
16,7,scary-1,scary,True,amusing,amusing-1,False,11,105.0,51.526982185647796,8,-2.7289718515910693,26.804784,12.676564600000004,0.693630534526085,8.926738654032539
16,7,scary-1,scary,True,amusing,amusing-1,False,12,115.0,52.96788408188289,9,-1.2880699553559722,26.294419199999993,12.166199799999996,0.693630534526085,8.926738654032539
16,8,relaxed-1,relaxed,False,scary,scary-1,True,1,5.0,55.68696675251705,9,2.492672129763349,21.7340448,-5.355951599999994,7.157795614871307,3.5808244041944706
16,8,relaxed-1,relaxed,False,scary,scary-1,True,2,15.0,54.47619610017876,9,1.281901477425059,21.560174399999994,-5.529821999999999,7.157795614871307,3.5808244041944706
16,8,relaxed-1,relaxed,False,scary,scary-1,True,3,25.0,53.71608002809159,9,0.5217854053378872,21.672926399999994,-5.417069999999999,7.157795614871307,3.5808244041944706
16,8,relaxed-1,relaxed,False,scary,scary-1,True,4,35.0,54.15986935903598,9,0.965574736282278,21.231367199999994,-5.858629199999999,7.157795614871307,3.5808244041944706
16,8,relaxed-1,relaxed,False,scary,scary-1,True,5,45.0,56.80060589500947,10,3.606311272255766,21.100471199999994,-5.989525199999999,7.157795614871307,3.5808244041944706
16,8,relaxed-1,relaxed,False,scary,scary-1,True,6,55.0,54.22614909628689,9,1.031854473533187,20.929756799999996,-6.160239599999997,7.157795614871307,3.5808244041944706
16,8,relaxed-1,relaxed,False,scary,scary-1,True,7,65.0,56.04527518518117,9,2.8509805624274662,20.6259816,-6.464014799999994,7.157795614871307,3.5808244041944706
16,8,relaxed-1,relaxed,False,scary,scary-1,True,8,75.0,58.43163181716717,9,5.23733719441347,20.349014399999998,-6.740981999999995,7.157795614871307,3.5808244041944706
16,8,relaxed-1,relaxed,False,scary,scary-1,True,9,85.0,56.78976815763864,10,3.5954735348849383,19.89128879999999,-7.198707600000002,7.157795614871307,3.5808244041944706
16,8,relaxed-1,relaxed,False,scary,scary-1,True,10,95.0,56.602159842946165,9,3.4078652201924626,19.405364400000003,-7.68463199999999,7.157795614871307,3.5808244041944706
16,8,relaxed-1,relaxed,False,scary,scary-1,True,11,105.0,55.899686906680586,10,2.7053922839268836,18.902486399999997,-8.187509999999996,7.157795614871307,3.5808244041944706
16,8,relaxed-1,relaxed,False,scary,scary-1,True,12,115.0,54.834307733530984,9,1.6400131107772822,18.48650933333333,-8.603487066666663,7.157795614871307,3.5808244041944706
17,1,scary-1,scary,True,,,False,1,5.0,68.46900126320914,11,2.095484418188448,37.0048656,5.552823600000007,4.097136939700851,7.687628827067597
17,1,scary-1,scary,True,,,False,2,15.0,64.29098026875235,11,-2.082536576268339,36.88698,5.434938000000006,4.097136939700851,7.687628827067597
17,1,scary-1,scary,True,,,False,3,25.0,64.15065193766242,10,-2.2228649073582716,36.4426512,4.990609200000005,4.097136939700851,7.687628827067597
17,1,scary-1,scary,True,,,False,4,35.0,66.31911824413602,11,-0.0543986008846673,35.7899508,4.337908800000005,4.097136939700851,7.687628827067597
17,1,scary-1,scary,True,,,False,5,45.0,66.79509196920651,11,0.42157512418582144,35.136467999999994,3.6844259999999984,4.097136939700851,7.687628827067597
17,1,scary-1,scary,True,,,False,6,55.0,66.01023017462713,11,-0.3632866703935633,34.4654352,3.0133932000000065,4.097136939700851,7.687628827067597
17,1,scary-1,scary,True,,,False,7,65.0,64.15193563969923,11,-2.2215812053214563,33.83225279999999,2.380210799999997,4.097136939700851,7.687628827067597
17,1,scary-1,scary,True,,,False,8,75.0,67.15945660529697,11,0.7859397602762783,36.98949119999999,5.537449199999994,4.097136939700851,7.687628827067597
17,1,scary-1,scary,True,,,False,9,85.0,69.2214755605848,12,2.8479587155641184,36.967999199999994,5.515957199999999,4.097136939700851,7.687628827067597
17,1,scary-1,scary,True,,,False,10,95.0,66.81162181354821,11,0.4381049685275258,36.06889199999999,4.616849999999996,4.097136939700851,7.687628827067597
17,1,scary-1,scary,True,,,False,11,105.0,68.4919449879498,11,2.1184281429291048,35.2358208,3.783778800000004,4.097136939700851,7.687628827067597
17,1,scary-1,scary,True,,,False,12,115.0,65.4577016938496,11,-0.9158151511710884,34.4035368,2.9514948000000025,4.097136939700851,7.687628827067597
17,2,relaxed-1,relaxed,False,scary,scary-1,False,1,5.0,65.18745231703552,11,-1.7298159646181972,27.7748568,-7.808142,5.225121818856022,5.609202563535349
17,2,relaxed-1,relaxed,False,scary,scary-1,False,2,15.0,65.47521794556872,10,-1.4420503360850034,27.347085599999993,-8.235913200000006,5.225121818856022,5.609202563535349
17,2,relaxed-1,relaxed,False,scary,scary-1,False,3,25.0,65.200779299955,11,-1.716488981698717,26.944550399999997,-8.638448400000001,5.225121818856022,5.609202563535349
17,2,relaxed-1,relaxed,False,scary,scary-1,False,4,35.0,67.65661650545069,12,0.7393482237969664,26.5818288,-9.001169999999998,5.225121818856022,5.609202563535349
17,2,relaxed-1,relaxed,False,scary,scary-1,False,5,45.0,66.80239651655653,11,-0.11487176509719177,26.229364799999995,-9.353634000000003,5.225121818856022,5.609202563535349
17,2,relaxed-1,relaxed,False,scary,scary-1,False,6,55.0,66.0408805278713,11,-0.8763877537824243,25.909228799999994,-9.673770000000005,5.225121818856022,5.609202563535349
17,2,relaxed-1,relaxed,False,scary,scary-1,False,7,65.0,68.14758750997213,11,1.2303192283184075,25.6050576,-9.9779412,5.225121818856022,5.609202563535349
17,2,relaxed-1,relaxed,False,scary,scary-1,False,8,75.0,69.7154456016223,12,2.7981773199685875,25.319423999999998,-10.2635748,5.225121818856022,5.609202563535349
17,2,relaxed-1,relaxed,False,scary,scary-1,False,9,85.0,68.08025374062021,11,1.1629854589664887,25.028853599999994,-10.554145200000004,5.225121818856022,5.609202563535349
17,2,relaxed-1,relaxed,False,scary,scary-1,False,10,95.0,64.56052458949688,11,-2.35674369215684,24.7370976,-10.8459012,5.225121818856022,5.609202563535349
17,2,relaxed-1,relaxed,False,scary,scary-1,False,11,105.0,65.43210728406403,11,-1.4851609975896878,24.459146399999995,-11.123852400000004,5.225121818856022,5.609202563535349
17,2,relaxed-1,relaxed,False,scary,scary-1,False,12,115.0,66.73782588329648,11,-0.17944239835723863,24.188687999999996,-11.394310800000003,5.225121818856022,5.609202563535349
17,3,boring-1,boring,False,relaxed,relaxed-1,False,1,5.0,68.13655571880678,12,0.9854118934125324,21.2780832,-3.611627999999996,3.682163203050525,3.859996568160153
17,3,boring-1,boring,False,relaxed,relaxed-1,False,2,15.0,67.01161838920581,11,-0.1395254361884355,21.079574399999995,-3.810136800000002,3.682163203050525,3.859996568160153
17,3,boring-1,boring,False,relaxed,relaxed-1,False,3,25.0,65.09435325880297,11,-2.0567905665912747,20.888361599999996,-4.001349600000001,3.682163203050525,3.859996568160153
17,3,boring-1,boring,False,relaxed,relaxed-1,False,4,35.0,69.05038990279306,11,1.8992460773988142,20.700302399999998,-4.189408799999999,3.682163203050525,3.859996568160153
17,3,boring-1,boring,False,relaxed,relaxed-1,False,5,45.0,66.65797106268832,11,-0.4931727627059246,20.5366872,-4.353023999999998,3.682163203050525,3.859996568160153
17,3,boring-1,boring,False,relaxed,relaxed-1,False,6,55.0,68.52188912838301,12,1.370745302988766,20.379376799999996,-4.510334400000001,3.682163203050525,3.859996568160153
17,3,boring-1,boring,False,relaxed,relaxed-1,False,7,65.0,68.84968254717283,11,1.6985387217785899,20.1952632,-4.694447999999998,3.682163203050525,3.859996568160153
17,3,boring-1,boring,False,relaxed,relaxed-1,False,8,75.0,69.24545022082636,12,2.0943063954321133,20.007983999999993,-4.881727200000004,3.682163203050525,3.859996568160153
17,3,boring-1,boring,False,relaxed,relaxed-1,False,9,85.0,70.31970097445958,11,3.168557149065336,19.824263999999996,-5.065447200000001,3.682163203050525,3.859996568160153
17,3,boring-1,boring,False,relaxed,relaxed-1,False,10,95.0,69.57263501971377,12,2.421491194319529,19.657883999999996,-5.2318272000000015,3.682163203050525,3.859996568160153
17,3,boring-1,boring,False,relaxed,relaxed-1,False,11,105.0,70.35289572809022,12,3.2017519026959746,19.485203999999996,-5.404507200000001,3.682163203050525,3.859996568160153
17,3,boring-1,boring,False,relaxed,relaxed-1,False,12,115.0,70.2975982377708,11,3.1464544123765563,19.307193599999998,-5.582517599999999,3.682163203050525,3.859996568160153
17,4,amusing-1,amusing,True,boring,boring-1,False,1,5.0,64.68716405245256,11,-5.083684802286584,17.947600799999996,-1.7986979999999946,5.649907530981888,5.325198856053385
17,4,amusing-1,amusing,True,boring,boring-1,False,2,15.0,68.79236722811586,11,-0.9784816266232781,17.827744799999998,-1.9185539999999932,5.649907530981888,5.325198856053385
17,4,amusing-1,amusing,True,boring,boring-1,False,3,25.0,66.77829981160329,11,-2.9925490431358526,17.6972496,-2.049049199999992,5.649907530981888,5.325198856053385
17,4,amusing-1,amusing,True,boring,boring-1,False,4,35.0,63.61422510031829,11,-6.156623754420849,17.560836000000002,-2.185462799999989,5.649907530981888,5.325198856053385
17,4,amusing-1,amusing,True,boring,boring-1,False,5,45.0,67.01062182509575,11,-2.7602270296433886,17.4331008,-2.3131979999999928,5.649907530981888,5.325198856053385
17,4,amusing-1,amusing,True,boring,boring-1,False,6,55.0,67.23242898341657,11,-2.5384198713225743,17.295890399999998,-2.4504083999999935,5.649907530981888,5.325198856053385
17,4,amusing-1,amusing,True,boring,boring-1,False,7,65.0,70.15441931444589,12,0.3835704597067462,17.152579199999998,-2.593719599999993,5.649907530981888,5.325198856053385
17,4,amusing-1,amusing,True,boring,boring-1,False,8,75.0,68.41333593407055,11,-1.3575129206685972,17.0207112,-2.72558759999999,5.649907530981888,5.325198856053385
17,4,amusing-1,amusing,True,boring,boring-1,False,9,85.0,65.84891312643605,11,-3.9219357283030973,16.885087199999997,-2.8612115999999936,5.649907530981888,5.325198856053385
17,4,amusing-1,amusing,True,boring,boring-1,False,10,95.0,65.19125183812616,11,-4.579597016612979,16.7439408,-3.0023579999999903,5.649907530981888,5.325198856053385
17,4,amusing-1,amusing,True,boring,boring-1,False,11,105.0,65.35845227330327,11,-4.412396581435871,16.6154088,-3.13088999999999,5.649907530981888,5.325198856053385
17,4,amusing-1,amusing,True,boring,boring-1,False,12,115.0,67.6212481393743,11,-2.1496007153648407,16.475450399999993,-3.2708483999999984,5.649907530981888,5.325198856053385
17,5,scary-2,scary,True,amusing,amusing-1,False,1,5.0,69.16797750160514,11,2.0244215882056693,25.938204000000002,9.122674400000001,3.5035356353375744,7.53355834557437
17,5,scary-2,scary,True,amusing,amusing-1,False,2,15.0,67.35964470487617,12,0.21608879147670734,26.985551999999995,10.170022399999993,3.5035356353375744,7.53355834557437
17,5,scary-2,scary,True,amusing,amusing-1,False,3,25.0,61.66176455237651,10,-5.481791361022957,27.555254399999995,10.739724799999994,3.5035356353375744,7.53355834557437
17,5,scary-2,scary,True,amusing,amusing-1,False,4,35.0,64.30217639543574,11,-2.8413795179637304,27.9305856,11.115056,3.5035356353375744,7.53355834557437
17,5,scary-2,scary,True,amusing,amusing-1,False,5,45.0,65.8689431896673,11,-1.2746127237321616,28.136589599999997,11.321059999999996,3.5035356353375744,7.53355834557437
17,5,scary-2,scary,True,amusing,amusing-1,False,6,55.0,73.62755619568851,12,6.4840002822890455,27.914030399999994,11.098500799999993,3.5035356353375744,7.53355834557437
17,5,scary-2,scary,True,amusing,amusing-1,False,7,65.0,73.1722382076696,12,6.028682294270126,31.327527600000003,14.511998000000002,3.5035356353375744,7.53355834557437
17,5,scary-2,scary,True,amusing,amusing-1,False,8,75.0,73.35630394827425,12,6.212748034874778,35.769451200000006,18.953921600000005,3.5035356353375744,7.53355834557437
17,5,scary-2,scary,True,amusing,amusing-1,False,9,85.0,73.84902497729571,12,6.7054690638962455,34.639103999999996,17.823574399999995,3.5035356353375744,7.53355834557437
17,5,scary-2,scary,True,amusing,amusing-1,False,10,95.0,73.38763417666259,12,6.24407826326312,34.222963199999995,17.407433599999994,3.5035356353375744,7.53355834557437
17,5,scary-2,scary,True,amusing,amusing-1,False,11,105.0,70.8724810528968,12,3.728925139497335,34.205222400000004,17.389692800000002,3.5035356353375744,7.53355834557437
17,5,scary-2,scary,True,amusing,amusing-1,False,12,115.0,71.5132755535235,12,4.369719640124032,33.88113839999999,17.06560879999999,3.5035356353375744,7.53355834557437
17,6,relaxed-2,relaxed,False,scary,scary-2,False,1,5.0,67.67107726694188,11,-5.020749052445197,24.261624,-9.745943799999996,4.188713060057197,4.262305433746425
17,6,relaxed-2,relaxed,False,scary,scary-2,False,2,15.0,65.55897976858908,11,-7.132846550797993,23.6497392,-10.357828599999998,4.188713060057197,4.262305433746425
17,6,relaxed-2,relaxed,False,scary,scary-2,False,3,25.0,66.60468824353784,11,-6.087138075849239,23.077080000000002,-10.930487799999995,4.188713060057197,4.262305433746425
17,6,relaxed-2,relaxed,False,scary,scary-2,False,4,35.0,65.30731901832111,11,-7.384507301065966,22.521964799999996,-11.485603000000001,4.188713060057197,4.262305433746425
17,6,relaxed-2,relaxed,False,scary,scary-2,False,5,45.0,68.06994887407015,11,-4.621877445316926,22.006077599999998,-12.0014902,4.188713060057197,4.262305433746425
17,6,relaxed-2,relaxed,False,scary,scary-2,False,6,55.0,67.47361561126591,11,-5.218210708121163,21.517989599999996,-12.4895782,4.188713060057197,4.262305433746425
17,6,relaxed-2,relaxed,False,scary,scary-2,False,7,65.0,67.16617040798371,11,-5.525655911403362,21.0624252,-12.945142599999997,4.188713060057197,4.262305433746425
17,6,relaxed-2,relaxed,False,scary,scary-2,False,8,75.0,67.43061284415764,12,-5.2612134752294395,20.638799999999996,-13.3687678,4.188713060057197,4.262305433746425
17,6,relaxed-2,relaxed,False,scary,scary-2,False,9,85.0,67.64259399342939,11,-5.049232325957689,20.234879999999997,-13.7726878,4.188713060057197,4.262305433746425
17,6,relaxed-2,relaxed,False,scary,scary-2,False,10,95.0,67.74494361993078,11,-4.946882699456296,19.8589584,-14.148609399999998,4.188713060057197,4.262305433746425
17,6,relaxed-2,relaxed,False,scary,scary-2,False,11,105.0,70.08790846712398,12,-2.603917852263095,19.503338399999993,-14.504229400000003,4.188713060057197,4.262305433746425
17,6,relaxed-2,relaxed,False,scary,scary-2,False,12,115.0,69.85734229438388,11,-2.834484025003192,19.169402399999996,-14.838165400000001,4.188713060057197,4.262305433746425
17,7,boring-2,boring,False,relaxed,relaxed-2,False,1,5.0,70.74412797042622,12,2.409660187949953,15.672553199999996,-4.405414200000003,5.103232030505243,3.0494812202097235
17,7,boring-2,boring,False,relaxed,relaxed-2,False,2,15.0,70.05308212742061,11,1.718614344944342,15.532790399999996,-4.5451770000000025,5.103232030505243,3.0494812202097235
17,7,boring-2,boring,False,relaxed,relaxed-2,False,3,25.0,66.66013533573147,11,-1.674332446744799,15.401500800000003,-4.676466599999996,5.103232030505243,3.0494812202097235
17,7,boring-2,boring,False,relaxed,relaxed-2,False,4,35.0,69.10680574767812,12,0.7723379652018565,15.2816472,-4.7963201999999985,5.103232030505243,3.0494812202097235
17,7,boring-2,boring,False,relaxed,relaxed-2,False,5,45.0,69.19217156143358,11,0.8577037789573154,15.157456799999997,-4.920510600000002,5.103232030505243,3.0494812202097235
17,7,boring-2,boring,False,relaxed,relaxed-2,False,6,55.0,68.82816362025055,12,0.4936958377742826,15.042727199999996,-5.035240200000002,5.103232030505243,3.0494812202097235
17,7,boring-2,boring,False,relaxed,relaxed-2,False,7,65.0,68.38265429603362,11,0.04818651355735426,14.928789599999998,-5.1491778,5.103232030505243,3.0494812202097235
17,7,boring-2,boring,False,relaxed,relaxed-2,False,8,75.0,69.7358365758694,12,1.4013687933931323,14.823520799999997,-5.254446600000001,5.103232030505243,3.0494812202097235
17,7,boring-2,boring,False,relaxed,relaxed-2,False,9,85.0,68.24926624718279,11,-0.08520153529347851,14.715492000000001,-5.3624753999999974,5.103232030505243,3.0494812202097235
17,7,boring-2,boring,False,relaxed,relaxed-2,False,10,95.0,67.51184735326994,11,-0.8226204292063244,14.611017599999993,-5.466949800000005,5.103232030505243,3.0494812202097235
17,7,boring-2,boring,False,relaxed,relaxed-2,False,11,105.0,69.93038883411414,12,1.5959210516378732,14.512847999999995,-5.565119400000004,5.103232030505243,3.0494812202097235
17,7,boring-2,boring,False,relaxed,relaxed-2,False,12,115.0,70.43991924493152,12,2.1054514624552496,14.420985599999995,-5.656981800000004,5.103232030505243,3.0494812202097235
17,8,amusing-2,amusing,True,boring,boring-2,True,1,5.0,65.62946660949804,11,-3.4553911110864703,13.795699199999998,-0.8730763999999986,7.494886060426058,5.397058409301033
17,8,amusing-2,amusing,True,boring,boring-2,True,2,15.0,65.94925288455305,11,-3.1356048360314617,13.759821599999999,-0.9089539999999978,7.494886060426058,5.397058409301033
17,8,amusing-2,amusing,True,boring,boring-2,True,3,25.0,63.11941461065307,10,-5.965443109931442,13.679983199999995,-0.9887924000000012,7.494886060426058,5.397058409301033
17,8,amusing-2,amusing,True,boring,boring-2,True,4,35.0,64.45015222607144,11,-4.634705494513071,13.590290399999997,-1.0784851999999994,7.494886060426058,5.397058409301033
17,8,amusing-2,amusing,True,boring,boring-2,True,5,45.0,67.40578450871358,11,-1.6790732118709286,13.493303999999998,-1.175471599999998,7.494886060426058,5.397058409301033
17,8,amusing-2,amusing,True,boring,boring-2,True,6,55.0,70.31659922598861,12,1.231741505404102,13.410508799999999,-1.2582667999999977,7.494886060426058,5.397058409301033
17,8,amusing-2,amusing,True,boring,boring-2,True,7,65.0,64.5319101649393,11,-4.552947555645204,13.338753599999995,-1.3300220000000014,7.494886060426058,5.397058409301033
17,8,amusing-2,amusing,True,boring,boring-2,True,8,75.0,63.596581722383384,10,-5.488275998201125,13.256556,-1.4122195999999967,7.494886060426058,5.397058409301033
17,8,amusing-2,amusing,True,boring,boring-2,True,9,85.0,64.44005605242931,11,-4.644801668155196,13.181049599999994,-1.487726000000002,7.494886060426058,5.397058409301033
17,8,amusing-2,amusing,True,boring,boring-2,True,10,95.0,64.02923710150347,10,-5.05562061908104,13.359652799999997,-1.309122799999999,7.494886060426058,5.397058409301033
17,8,amusing-2,amusing,True,boring,boring-2,True,11,105.0,65.92474463806217,11,-3.1601130825223436,13.9155552,-0.7532203999999965,7.494886060426058,5.397058409301033
17,8,amusing-2,amusing,True,boring,boring-2,True,12,115.0,66.57174115376331,12,-2.5131165668211963,14.092183199999994,-0.5765924000000027,7.494886060426058,5.397058409301033
18,1,amusing-2,amusing,True,,,False,1,5.0,78.80032021526867,13,2.0814031157692767,14.885617199999995,-3.766553199999997,7.026783412774071,5.830913632030506
18,1,amusing-2,amusing,True,,,False,2,15.0,76.91642408196557,13,0.19750698246618015,14.778971999999992,-3.8731983999999997,7.026783412774071,5.830913632030506
18,1,amusing-2,amusing,True,,,False,3,25.0,80.59294442801696,14,3.8740273285175704,14.845598399999995,-3.8065719999999974,7.026783412774071,5.830913632030506
18,1,amusing-2,amusing,True,,,False,4,35.0,81.68606465960198,13,4.967147560102589,15.0691392,-3.5830311999999918,7.026783412774071,5.830913632030506
18,1,amusing-2,amusing,True,,,False,5,45.0,76.60166832191268,13,-0.11724877758670971,14.942980799999997,-3.709189599999995,7.026783412774071,5.830913632030506
18,1,amusing-2,amusing,True,,,False,6,55.0,86.4433450179538,14,9.72442791845441,14.812087199999997,-3.840083199999995,7.026783412774071,5.830913632030506
18,1,amusing-2,amusing,True,,,False,7,65.0,81.39517431950937,14,4.676257220009973,14.629154399999994,-4.023015999999998,7.026783412774071,5.830913632030506
18,1,amusing-2,amusing,True,,,False,8,75.0,79.37493992848843,13,2.6560228289890375,14.494711199999998,-4.157459199999995,7.026783412774071,5.830913632030506
18,1,amusing-2,amusing,True,,,False,9,85.0,80.32293599488982,13,3.604018895390425,14.289705599999996,-4.362464799999996,7.026783412774071,5.830913632030506
18,1,amusing-2,amusing,True,,,False,10,95.0,78.38806700666092,13,1.6691499071615254,14.028899999999997,-4.623270399999996,7.026783412774071,5.830913632030506
18,1,amusing-2,amusing,True,,,False,11,105.0,76.9641877048203,13,0.24527060532091127,13.7994408,-4.852729599999993,7.026783412774071,5.830913632030506
18,1,amusing-2,amusing,True,,,False,12,115.0,77.53160426467167,13,0.812687165172278,13.609607999999998,-5.042562399999994,7.026783412774071,5.830913632030506
18,2,scary-2,scary,True,amusing,amusing-2,False,1,5.0,75.48817804797599,12,-3.538340865530813,27.739570800000003,13.597650800000007,6.5791476420026385,7.510783304236008
18,2,scary-2,scary,True,amusing,amusing-2,False,2,15.0,83.48534386016009,14,4.45882494665328,27.466941599999995,13.3250216,6.5791476420026385,7.510783304236008
18,2,scary-2,scary,True,amusing,amusing-2,False,3,25.0,69.37348844453297,12,-9.653030468973839,26.6800008,12.538080800000003,6.5791476420026385,7.510783304236008
18,2,scary-2,scary,True,amusing,amusing-2,False,4,35.0,73.73719955461016,12,-5.289319358896648,25.605650399999995,11.4637304,6.5791476420026385,7.510783304236008
18,2,scary-2,scary,True,amusing,amusing-2,False,5,45.0,80.20538813967886,13,1.1788692261720541,26.3212272,12.179307200000004,6.5791476420026385,7.510783304236008
18,2,scary-2,scary,True,amusing,amusing-2,False,6,55.0,86.7705408125976,15,7.7440218990907965,32.939056799999996,18.7971368,6.5791476420026385,7.510783304236008
18,2,scary-2,scary,True,amusing,amusing-2,False,7,65.0,77.3285666263242,13,-1.697952287182602,30.841991999999994,16.700072,6.5791476420026385,7.510783304236008
18,2,scary-2,scary,True,amusing,amusing-2,False,8,75.0,76.39805729671203,12,-2.6284616167947803,29.107250399999998,14.965330400000003,6.5791476420026385,7.510783304236008
18,2,scary-2,scary,True,amusing,amusing-2,False,9,85.0,76.14709529608146,13,-2.8794236174253456,27.625039199999993,13.483119199999997,6.5791476420026385,7.510783304236008
18,2,scary-2,scary,True,amusing,amusing-2,False,10,95.0,76.40427326943022,13,-2.6222456440765853,26.383127999999992,12.241207999999997,6.5791476420026385,7.510783304236008
18,2,scary-2,scary,True,amusing,amusing-2,False,11,105.0,79.66755744282575,13,0.6410385293189478,25.20981119999999,11.067891199999995,6.5791476420026385,7.510783304236008
18,2,scary-2,scary,True,amusing,amusing-2,False,12,115.0,78.6436268534399,13,-0.3828920600669079,24.236390399999998,10.094470400000002,6.5791476420026385,7.510783304236008
18,3,boring-2,boring,False,scary,scary-2,False,1,5.0,80.03400864403318,14,2.589057463437527,13.728479999999996,-13.505455200000002,5.614546139180171,4.467816587225929
18,3,boring-2,boring,False,scary,scary-2,False,2,15.0,92.8143872969009,15,15.369436116305252,17.440989599999998,-9.7929456,5.614546139180171,4.467816587225929
18,3,boring-2,boring,False,scary,scary-2,False,3,25.0,89.85231130830066,15,12.407360127705005,19.7611824,-7.4727527999999985,5.614546139180171,4.467816587225929
18,3,boring-2,boring,False,scary,scary-2,False,4,35.0,77.10894875142388,13,-0.3360024291717707,19.526205599999997,-7.7077296,5.614546139180171,4.467816587225929
18,3,boring-2,boring,False,scary,scary-2,False,5,45.0,74.4817657106093,12,-2.9631854699863567,19.779515999999997,-7.4544192,5.614546139180171,4.467816587225929
18,3,boring-2,boring,False,scary,scary-2,False,6,55.0,79.57668088401387,13,2.131729703418216,20.886787199999997,-6.347148000000001,5.614546139180171,4.467816587225929
18,3,boring-2,boring,False,scary,scary-2,False,7,65.0,78.4283193110101,13,0.9833681304144477,20.510664,-6.723271199999999,5.614546139180171,4.467816587225929
18,3,boring-2,boring,False,scary,scary-2,False,8,75.0,75.69483284705608,13,-1.7501183335395751,19.940373599999997,-7.2935616,5.614546139180171,4.467816587225929
18,3,boring-2,boring,False,scary,scary-2,False,9,85.0,77.88706242357648,13,0.44211124298082893,19.142198399999995,-8.091736800000003,5.614546139180171,4.467816587225929
18,3,boring-2,boring,False,scary,scary-2,False,10,95.0,80.11925811195592,13,2.674306931360263,18.3724128,-8.861522399999998,5.614546139180171,4.467816587225929
18,3,boring-2,boring,False,scary,scary-2,False,11,105.0,79.46012775641819,14,2.0151765758225366,17.426399999999994,-9.807535200000004,5.614546139180171,4.467816587225929
18,3,boring-2,boring,False,scary,scary-2,False,12,115.0,74.49556931309708,12,-2.9493818674985732,16.517635199999997,-10.7163,5.614546139180171,4.467816587225929
18,4,relaxed-2,relaxed,False,boring,boring-2,False,1,5.0,80.00046367724123,13,2.2559538648847877,11.072385599999999,-7.5792284,6.786493422306959,5.432082364156339
18,4,relaxed-2,relaxed,False,boring,boring-2,False,2,15.0,78.07087130542129,13,0.3263614930648515,11.440811999999998,-7.210802000000001,6.786493422306959,5.432082364156339
18,4,relaxed-2,relaxed,False,boring,boring-2,False,3,25.0,75.41316064723475,13,-2.3313491651216935,11.305187999999998,-7.346426000000001,6.786493422306959,5.432082364156339
18,4,relaxed-2,relaxed,False,boring,boring-2,False,4,35.0,74.39509691023328,12,-3.349412902123163,11.127772799999997,-7.5238412000000015,6.786493422306959,5.432082364156339
18,4,relaxed-2,relaxed,False,boring,boring-2,False,5,45.0,74.52391151814622,13,-3.2205982942102196,10.943263199999997,-7.708350800000002,6.786493422306959,5.432082364156339
18,4,relaxed-2,relaxed,False,boring,boring-2,False,6,55.0,75.16089176852427,12,-2.5836180438321747,10.783786799999998,-7.867827200000001,6.786493422306959,5.432082364156339
18,4,relaxed-2,relaxed,False,boring,boring-2,False,7,65.0,75.92959319747933,13,-1.8149166148771059,10.707890399999998,-7.9437236,6.786493422306959,5.432082364156339
18,4,relaxed-2,relaxed,False,boring,boring-2,False,8,75.0,80.15263816413969,13,2.4081283517832475,10.698628799999996,-7.952985200000002,6.786493422306959,5.432082364156339
18,4,relaxed-2,relaxed,False,boring,boring-2,False,9,85.0,80.07154126001821,13,2.327031447661767,10.633377599999998,-8.018236400000001,6.786493422306959,5.432082364156339
18,4,relaxed-2,relaxed,False,boring,boring-2,False,10,95.0,80.1756295858389,14,2.4311197734824646,10.507411199999995,-8.144202800000004,6.786493422306959,5.432082364156339
18,4,relaxed-2,relaxed,False,boring,boring-2,False,11,105.0,76.78239770380334,12,-0.9621121085531001,10.410823199999998,-8.240790800000001,6.786493422306959,5.432082364156339
18,4,relaxed-2,relaxed,False,boring,boring-2,False,12,115.0,76.299762947581,13,-1.4447468647754391,10.273027199999998,-8.3785868,6.786493422306959,5.432082364156339
18,5,amusing-1,amusing,True,relaxed,relaxed-2,False,1,5.0,78.13563885724906,13,-0.14312459207428674,12.9060624,2.3675360000000047,6.97328217349857,5.622182268827455
18,5,amusing-1,amusing,True,relaxed,relaxed-2,False,2,15.0,76.07739463886067,13,-2.2013688104626823,13.381142399999998,2.842616000000003,6.97328217349857,5.622182268827455
18,5,amusing-1,amusing,True,relaxed,relaxed-2,False,3,25.0,79.52829962487188,13,1.2495361755485277,14.810709599999996,4.272183200000001,6.97328217349857,5.622182268827455
18,5,amusing-1,amusing,True,relaxed,relaxed-2,False,4,35.0,91.68487697111497,15,13.406113521791625,21.0125496,10.474023200000005,6.97328217349857,5.622182268827455
18,5,amusing-1,amusing,True,relaxed,relaxed-2,False,5,45.0,78.56039601754462,13,0.28163256822126925,20.661271199999995,10.1227448,6.97328217349857,5.622182268827455
18,5,amusing-1,amusing,True,relaxed,relaxed-2,False,6,55.0,75.57899482840108,13,-2.6997686209222707,20.102215199999996,9.563688800000001,6.97328217349857,5.622182268827455
18,5,amusing-1,amusing,True,relaxed,relaxed-2,False,7,65.0,74.48976811376225,12,-3.788995335561097,19.2348504,8.696324000000004,6.97328217349857,5.622182268827455
18,5,amusing-1,amusing,True,relaxed,relaxed-2,False,8,75.0,75.49517963372702,13,-2.78358381559633,18.371032800000002,7.832506400000007,6.97328217349857,5.622182268827455
18,5,amusing-1,amusing,True,relaxed,relaxed-2,False,9,85.0,78.15255793127243,13,-0.12620551805092362,17.546051999999996,7.007525600000001,6.97328217349857,5.622182268827455
18,5,amusing-1,amusing,True,relaxed,relaxed-2,False,10,95.0,76.99664101818095,13,-1.2821224311423975,16.782578399999995,6.244052,6.97328217349857,5.622182268827455
18,5,amusing-1,amusing,True,relaxed,relaxed-2,False,11,105.0,80.42988528863712,13,2.151121839313774,16.647543599999995,6.1090172,6.97328217349857,5.622182268827455
18,5,amusing-1,amusing,True,relaxed,relaxed-2,False,12,115.0,82.66620420482151,14,4.387440755498162,20.136907199999996,9.598380800000001,6.97328217349857,5.622182268827455
18,6,boring-1,boring,False,amusing,amusing-1,False,1,5.0,76.94968196995555,13,-1.1935168321762006,12.953961599999996,-5.165865800000002,5.497997712106768,4.0455264061010485
18,6,boring-1,boring,False,amusing,amusing-1,False,2,15.0,81.57948999231209,14,3.4362911901803415,12.775564799999998,-5.3442626,5.497997712106768,4.0455264061010485
18,6,boring-1,boring,False,amusing,amusing-1,False,3,25.0,86.51099011933663,14,8.367791317204876,15.691871999999995,-2.4279554000000036,5.497997712106768,4.0455264061010485
18,6,boring-1,boring,False,amusing,amusing-1,False,4,35.0,73.65106080741076,12,-4.492137994720991,16.087507199999994,-2.0323202000000045,5.497997712106768,4.0455264061010485
18,6,boring-1,boring,False,amusing,amusing-1,False,5,45.0,74.68847462593988,13,-3.454724176191874,15.908901600000002,-2.2109257999999965,5.497997712106768,4.0455264061010485
18,6,boring-1,boring,False,amusing,amusing-1,False,6,55.0,73.55515285762496,12,-4.5880459445067885,15.4539336,-2.665893799999999,5.497997712106768,4.0455264061010485
18,6,boring-1,boring,False,amusing,amusing-1,False,7,65.0,75.27146980145487,12,-2.871729000676879,14.847964799999996,-3.271862600000002,5.497997712106768,4.0455264061010485
18,6,boring-1,boring,False,amusing,amusing-1,False,8,75.0,74.40455892348322,13,-3.7386398786485273,14.171421599999997,-3.9484058000000015,5.497997712106768,4.0455264061010485
18,6,boring-1,boring,False,amusing,amusing-1,False,9,85.0,74.86189901673595,12,-3.2812997853958024,13.520505600000002,-4.599321799999997,5.497997712106768,4.0455264061010485
18,6,boring-1,boring,False,amusing,amusing-1,False,10,95.0,75.02834895206811,13,-3.114849850063635,12.9011328,-5.218694599999999,5.497997712106768,4.0455264061010485
18,6,boring-1,boring,False,amusing,amusing-1,False,11,105.0,82.0510886914742,13,3.9078898893424565,13.007975999999996,-5.111851400000003,5.497997712106768,4.0455264061010485
18,6,boring-1,boring,False,amusing,amusing-1,False,12,115.0,84.77419471127025,14,6.630995909138505,21.5485488,3.4287214000000006,5.497997712106768,4.0455264061010485
18,7,scary-1,scary,True,boring,boring-1,False,1,5.0,73.70824300765324,13,-4.184368773481921,27.825712799999998,12.8261212,5.7400041944709255,5.7958093422306955
18,7,scary-1,scary,True,boring,boring-1,False,2,15.0,76.72368987832927,12,-1.1689219028058915,26.924243999999998,11.9246524,5.7400041944709255,5.7958093422306955
18,7,scary-1,scary,True,boring,boring-1,False,3,25.0,75.08398987568096,13,-2.8086219054542028,26.0196192,11.020027600000002,5.7400041944709255,5.7958093422306955
18,7,scary-1,scary,True,boring,boring-1,False,4,35.0,74.60978371230875,12,-3.2828280688264044,25.078526399999998,10.078934799999999,5.7400041944709255,5.7958093422306955
18,7,scary-1,scary,True,boring,boring-1,False,5,45.0,80.34865742597526,14,2.4560456448401027,25.0639416,10.064350000000001,5.7400041944709255,5.7958093422306955
18,7,scary-1,scary,True,boring,boring-1,False,6,55.0,76.45221126129097,12,-1.4404005198441894,24.309724799999998,9.3101332,5.7400041944709255,5.7958093422306955
18,7,scary-1,scary,True,boring,boring-1,False,7,65.0,76.66575355163326,13,-1.2268582295019002,23.363111999999994,8.363520399999995,5.7400041944709255,5.7958093422306955
18,7,scary-1,scary,True,boring,boring-1,False,8,75.0,75.08146131232489,13,-2.8111504688102684,22.369387199999995,7.369795599999996,5.7400041944709255,5.7958093422306955
18,7,scary-1,scary,True,boring,boring-1,False,9,85.0,77.714393056511,13,-0.1782187246241591,21.4288824,6.4292908,5.7400041944709255,5.7958093422306955
18,7,scary-1,scary,True,boring,boring-1,False,10,95.0,85.42849050028622,14,7.535878719151057,20.784472799999993,5.784881199999994,5.7400041944709255,5.7958093422306955
18,7,scary-1,scary,True,boring,boring-1,False,11,105.0,80.91971076539593,13,3.0270989842607747,19.959299999999995,4.959708399999997,5.7400041944709255,5.7958093422306955
18,7,scary-1,scary,True,boring,boring-1,False,12,115.0,83.61494245973181,14,5.722330678596649,21.0137328,6.014141200000001,5.7400041944709255,5.7958093422306955
18,8,relaxed-1,relaxed,False,scary,scary-1,True,1,5.0,81.91532943235805,14,1.8957643779018127,16.6615368,-4.8249444,7.4922009532888465,4.145336034318397
18,8,relaxed-1,relaxed,False,scary,scary-1,True,2,15.0,79.91584285556097,13,-0.10372219889526946,17.008485599999993,-4.477995600000007,7.4922009532888465,4.145336034318397
18,8,relaxed-1,relaxed,False,scary,scary-1,True,3,25.0,80.17197301718458,13,0.152407962728347,16.547596799999997,-4.938884400000003,7.4922009532888465,4.145336034318397
18,8,relaxed-1,relaxed,False,scary,scary-1,True,4,35.0,76.3682877000161,13,-3.65127735444014,16.0252128,-5.461268400000002,7.4922009532888465,4.145336034318397
18,8,relaxed-1,relaxed,False,scary,scary-1,True,5,45.0,76.26056568565456,13,-3.758999368801682,15.4858728,-6.000608400000001,7.4922009532888465,4.145336034318397
18,8,relaxed-1,relaxed,False,scary,scary-1,True,6,55.0,75.8069390817865,12,-4.212625972669741,15.070130399999993,-6.416350800000007,7.4922009532888465,4.145336034318397
18,8,relaxed-1,relaxed,False,scary,scary-1,True,7,65.0,91.84884023314014,16,11.8292751786839,16.9982328,-4.4882484,7.4922009532888465,4.145336034318397
18,8,relaxed-1,relaxed,False,scary,scary-1,True,8,75.0,76.77725934449653,12,-3.242305709959709,17.0209068,-4.465574400000001,7.4922009532888465,4.145336034318397
18,8,relaxed-1,relaxed,False,scary,scary-1,True,9,85.0,75.13525649499266,13,-4.884308559463577,16.623688799999996,-4.862792400000004,7.4922009532888465,4.145336034318397
18,8,relaxed-1,relaxed,False,scary,scary-1,True,10,95.0,76.85574051771275,13,-3.1638245367434905,16.14112439999999,-5.345356800000012,7.4922009532888465,4.145336034318397
18,8,relaxed-1,relaxed,False,scary,scary-1,True,11,105.0,76.56690614459306,13,-3.4526589098631746,15.645151199999992,-5.841330000000008,7.4922009532888465,4.145336034318397
18,8,relaxed-1,relaxed,False,scary,scary-1,True,12,115.0,79.82848840853227,13,-0.191076645923971,15.769426666666662,-5.717054533333338,7.4922009532888465,4.145336034318397
19,1,boring-1,boring,False,,,False,1,5.0,62.388231005487135,10,-3.5620479113969097,17.158493999999997,-5.418436,4.417444041944709,5.141117254528122
19,1,boring-1,boring,False,,,False,2,15.0,62.33990608902797,11,-3.610372827856075,16.870893599999995,-5.706036400000002,4.417444041944709,5.141117254528122
19,1,boring-1,boring,False,,,False,3,25.0,60.9967139478956,10,-4.953564968988445,16.5956976,-5.981232399999996,4.417444041944709,5.141117254528122
19,1,boring-1,boring,False,,,False,4,35.0,68.11065984668878,11,2.160380929804731,16.341799199999997,-6.2351308,4.417444041944709,5.141117254528122
19,1,boring-1,boring,False,,,False,5,45.0,71.90778080566376,12,5.957501888779717,16.172467199999993,-6.404462800000005,4.417444041944709,5.141117254528122
19,1,boring-1,boring,False,,,False,6,55.0,64.1606310816487,11,-1.7896478352353427,15.999777599999996,-6.577152400000001,4.417444041944709,5.141117254528122
19,1,boring-1,boring,False,,,False,7,65.0,63.46516338844763,10,-2.485115528436417,15.792995999999997,-6.783934,4.417444041944709,5.141117254528122
19,1,boring-1,boring,False,,,False,8,75.0,64.30613320032276,11,-1.6441457165612832,15.593104799999997,-6.9838252,4.417444041944709,5.141117254528122
19,1,boring-1,boring,False,,,False,9,85.0,63.68828088181734,10,-2.2619980350667035,15.405050399999997,-7.1718796000000005,4.417444041944709,5.141117254528122
19,1,boring-1,boring,False,,,False,10,95.0,63.20161738631039,11,-2.7486615305736564,15.196096799999998,-7.3808332,4.417444041944709,5.141117254528122
19,1,boring-1,boring,False,,,False,11,105.0,63.51694660585134,11,-2.433332311032707,14.983787999999999,-7.5931419999999985,4.417444041944709,5.141117254528122
19,1,boring-1,boring,False,,,False,12,115.0,63.158013238936064,10,-2.792265677947981,14.777390399999998,-7.799539599999999,4.417444041944709,5.141117254528122
19,2,amusing-1,amusing,True,boring,boring-1,False,1,5.0,69.60355586816878,12,6.04186945214753,21.787269599999995,6.495865199999997,6.159666444232602,6.123872640610105
19,2,amusing-1,amusing,True,boring,boring-1,False,2,15.0,69.05311482306384,11,5.491428407042584,22.274568,6.983163600000001,6.159666444232602,6.123872640610105
19,2,amusing-1,amusing,True,boring,boring-1,False,3,25.0,70.58710295645035,12,7.025416540429099,22.7488608,7.457456400000002,6.159666444232602,6.123872640610105
19,2,amusing-1,amusing,True,boring,boring-1,False,4,35.0,62.448496951003484,10,-1.1131894650177685,22.801691999999996,7.510287599999998,6.159666444232602,6.123872640610105
19,2,amusing-1,amusing,True,boring,boring-1,False,5,45.0,63.46617224926093,11,-0.09551416676032431,22.4644032,7.172998800000002,6.159666444232602,6.123872640610105
19,2,amusing-1,amusing,True,boring,boring-1,False,6,55.0,63.6115570234676,11,0.049870607446344195,21.989126399999993,6.697721999999995,6.159666444232602,6.123872640610105
19,2,amusing-1,amusing,True,boring,boring-1,False,7,65.0,66.4547955508553,11,2.8931091348340416,21.452937599999995,6.161533199999997,6.159666444232602,6.123872640610105
19,2,amusing-1,amusing,True,boring,boring-1,False,8,75.0,77.49468132383275,12,13.932994907811498,21.3646248,6.073220400000004,6.159666444232602,6.123872640610105
19,2,amusing-1,amusing,True,boring,boring-1,False,9,85.0,70.18557666982004,12,6.623890253798784,21.552292799999996,6.260888399999999,6.159666444232602,6.123872640610105
19,2,amusing-1,amusing,True,boring,boring-1,False,10,95.0,64.89891883147352,11,1.3372324154522701,21.1199916,5.828587200000001,6.159666444232602,6.123872640610105
19,2,amusing-1,amusing,True,boring,boring-1,False,11,105.0,66.51265850861296,11,2.950972092591705,20.556002399999997,5.2645979999999994,6.159666444232602,6.123872640610105
19,2,amusing-1,amusing,True,boring,boring-1,False,12,115.0,63.83152044981955,10,0.26983403379829696,20.045836799999996,4.754432399999999,6.159666444232602,6.123872640610105
19,3,scary-1,scary,True,amusing,amusing-1,False,1,5.0,76.76782189451073,12,8.305009921042242,43.5452736,22.529992600000003,0.5,9.5
19,3,scary-1,scary,True,amusing,amusing-1,False,2,15.0,77.21157691331423,12,8.748764939845742,41.2833912,20.2681102,0.5,9.5
19,3,scary-1,scary,True,amusing,amusing-1,False,3,25.0,67.64273142263652,8,-0.8200805508319746,40.07024639999999,19.05496539999999,0.5,9.5
19,3,scary-1,scary,True,amusing,amusing-1,False,4,35.0,68.20172489143279,10,-0.26108708203570075,39.6913584,18.6760774,0.5,9.5
19,3,scary-1,scary,True,amusing,amusing-1,False,5,45.0,66.31531923012872,9,-2.147492743339768,39.1650192,18.149738200000005,0.5,9.5
19,3,scary-1,scary,True,amusing,amusing-1,False,6,55.0,61.13038512197178,10,-7.332426851496713,38.298632399999995,17.283351399999997,0.5,9.5
19,3,scary-1,scary,True,amusing,amusing-1,False,7,65.0,62.65317168210724,10,-5.809640291361248,37.70211839999999,16.68683739999999,0.5,9.5
19,3,scary-1,scary,True,amusing,amusing-1,False,8,75.0,70.77129032582049,12,2.3084783523519974,38.327811600000004,17.312530600000006,0.5,9.5
19,3,scary-1,scary,True,amusing,amusing-1,False,9,85.0,79.62615086113895,13,11.163338887670463,38.503056,17.487775000000003,0.5,9.5
19,3,scary-1,scary,True,amusing,amusing-1,False,10,95.0,64.6000565771079,11,-3.8627553963605834,37.5528888,16.5376078,0.5,9.5
19,3,scary-1,scary,True,amusing,amusing-1,False,11,105.0,71.31942195552632,12,2.856609982057833,37.854103200000004,16.838822200000006,0.5,9.5
19,3,scary-1,scary,True,amusing,amusing-1,False,12,115.0,85.62696890048426,14,17.164156927015767,37.635684,16.620403,0.5,9.5
19,4,relaxed-1,relaxed,False,scary,scary-1,False,1,5.0,67.14511741566072,11,-6.134582755825491,30.320781599999997,-7.6084954000000025,8.345922592945662,4.997216491897045
19,4,relaxed-1,relaxed,False,scary,scary-1,False,2,15.0,68.09815411023774,11,-5.1815460612484685,29.9929512,-7.936325799999999,8.345922592945662,4.997216491897045
19,4,relaxed-1,relaxed,False,scary,scary-1,False,3,25.0,57.893626145409534,9,-15.386074026076678,29.5297032,-8.399573799999999,8.345922592945662,4.997216491897045
19,4,relaxed-1,relaxed,False,scary,scary-1,False,4,35.0,61.08809368525003,11,-12.191606486236182,28.913474399999995,-9.015802600000004,8.345922592945662,4.997216491897045
19,4,relaxed-1,relaxed,False,scary,scary-1,False,5,45.0,64.40102617112561,10,-8.878674000360604,28.774696799999997,-9.154580200000002,8.345922592945662,4.997216491897045
19,4,relaxed-1,relaxed,False,scary,scary-1,False,6,55.0,75.2273754532673,13,1.9476752817810876,28.760899199999994,-9.168377800000005,8.345922592945662,4.997216491897045
19,4,relaxed-1,relaxed,False,scary,scary-1,False,7,65.0,63.16781403036465,10,-10.111886141121559,28.27872,-9.650557,8.345922592945662,4.997216491897045
19,4,relaxed-1,relaxed,False,scary,scary-1,False,8,75.0,60.921978639729886,10,-12.357721531756326,27.6845688,-10.244708199999998,8.345922592945662,4.997216491897045
19,4,relaxed-1,relaxed,False,scary,scary-1,False,9,85.0,60.7020048603437,10,-12.577695311142513,27.127879199999995,-10.801397800000004,8.345922592945662,4.997216491897045
19,4,relaxed-1,relaxed,False,scary,scary-1,False,10,95.0,70.31261348332468,12,-2.9670866881615297,26.826273599999997,-11.103003400000002,8.345922592945662,4.997216491897045
19,4,relaxed-1,relaxed,False,scary,scary-1,False,11,105.0,72.34754197687758,11,-0.9321581946086326,26.669356799999992,-11.259920200000007,8.345922592945662,4.997216491897045
19,4,relaxed-1,relaxed,False,scary,scary-1,False,12,115.0,62.04374968999034,11,-11.23595048149587,26.275688399999996,-11.653588600000003,8.345922592945662,4.997216491897045
19,5,boring-2,boring,False,relaxed,relaxed-1,False,1,5.0,65.64445581384831,11,0.4886191663510431,19.6164912,-7.527256599999998,5.0,5.0
19,5,boring-2,boring,False,relaxed,relaxed-1,False,2,15.0,70.48105406146756,11,5.325217413970293,19.7599968,-7.383750999999997,5.0,5.0
19,5,boring-2,boring,False,relaxed,relaxed-1,False,3,25.0,60.34825898726833,11,-4.807577660228937,19.603281599999995,-7.540466200000001,5.0,5.0
19,5,boring-2,boring,False,relaxed,relaxed-1,False,4,35.0,75.39389191421593,12,10.23805526671866,19.35627839999999,-7.787469400000006,5.0,5.0
19,5,boring-2,boring,False,relaxed,relaxed-1,False,5,45.0,62.743263782140005,10,-2.4125728653572622,19.165459199999997,-7.978288599999999,5.0,5.0
19,5,boring-2,boring,False,relaxed,relaxed-1,False,6,55.0,60.51791940833375,10,-4.637917239163514,18.959459999999996,-8.1842878,5.0,5.0
19,5,boring-2,boring,False,relaxed,relaxed-1,False,7,65.0,75.36413133227212,13,10.208294684774856,18.755039999999997,-8.388707799999999,5.0,5.0
19,5,boring-2,boring,False,relaxed,relaxed-1,False,8,75.0,83.40062172073307,13,18.244785073235803,18.595367999999997,-8.5483798,5.0,5.0
19,5,boring-2,boring,False,relaxed,relaxed-1,False,9,85.0,66.15289916998337,11,0.9970625224861038,18.327662399999998,-8.816085399999999,5.0,5.0
19,5,boring-2,boring,False,relaxed,relaxed-1,False,10,95.0,67.98640429442472,12,2.8305676469274488,18.039859199999995,-9.103888600000001,5.0,5.0
19,5,boring-2,boring,False,relaxed,relaxed-1,False,11,105.0,73.34105540240807,11,8.185218754910807,17.756388,-9.387359799999995,5.0,5.0
19,5,boring-2,boring,False,relaxed,relaxed-1,False,12,115.0,62.69732990379637,11,-2.4585067437008945,17.483174400000003,-9.660573399999993,5.0,5.0
19,6,amusing-2,amusing,True,boring,boring-2,False,1,5.0,70.2986613885197,12,-1.5870114348638253,27.79811759999999,9.638535599999994,6.987331267874167,4.987228979980934
19,6,amusing-2,amusing,True,boring,boring-2,False,2,15.0,66.31487448260026,10,-5.57079834078327,28.87326,10.713678000000002,6.987331267874167,4.987228979980934
19,6,amusing-2,amusing,True,boring,boring-2,False,3,25.0,59.76018155225324,10,-12.125491271130286,28.2467832,10.087201200000003,6.987331267874167,4.987228979980934
19,6,amusing-2,amusing,True,boring,boring-2,False,4,35.0,57.92913935192731,10,-13.956533471456218,27.789055199999996,9.6294732,6.987331267874167,4.987228979980934
19,6,amusing-2,amusing,True,boring,boring-2,False,5,45.0,59.124123614919164,10,-12.761549208464366,27.234328799999993,9.074746799999996,6.987331267874167,4.987228979980934
19,6,amusing-2,amusing,True,boring,boring-2,False,6,55.0,61.05898637940853,10,-10.826686443975,26.617708800000003,8.458126800000006,6.987331267874167,4.987228979980934
19,6,amusing-2,amusing,True,boring,boring-2,False,7,65.0,60.77906515766847,10,-11.10660766571506,27.652240799999998,9.492658800000001,6.987331267874167,4.987228979980934
19,6,amusing-2,amusing,True,boring,boring-2,False,8,75.0,59.48271949720985,10,-12.40295332617368,27.522530399999994,9.362948399999997,6.987331267874167,4.987228979980934
19,6,amusing-2,amusing,True,boring,boring-2,False,9,85.0,64.98699609037998,11,-6.898676733003555,26.7194256,8.559843600000004,6.987331267874167,4.987228979980934
19,6,amusing-2,amusing,True,boring,boring-2,False,10,95.0,61.22581399836552,10,-10.659858825018013,28.24461839999999,10.085036399999993,6.987331267874167,4.987228979980934
19,6,amusing-2,amusing,True,boring,boring-2,False,11,105.0,59.585398979333306,10,-12.300273844050224,28.287789599999996,10.1282076,6.987331267874167,4.987228979980934
19,6,amusing-2,amusing,True,boring,boring-2,False,12,115.0,61.04532501761484,10,-10.840347805768687,27.743512799999998,9.583930800000001,6.987331267874167,4.987228979980934
19,7,relaxed-2,relaxed,False,amusing,amusing-2,False,1,5.0,58.22238010148887,10,-3.0241802836930844,19.7000736,-7.994946000000002,5.391868893993,5.301299415870661
19,7,relaxed-2,relaxed,False,amusing,amusing-2,False,2,15.0,59.5215632095081,10,-1.724997175673856,19.3190244,-8.375995200000002,5.391868893993,5.301299415870661
19,7,relaxed-2,relaxed,False,amusing,amusing-2,False,3,25.0,60.54771974624182,10,-0.6988406389401405,18.834679199999993,-8.860340400000009,5.391868893993,5.301299415870661
19,7,relaxed-2,relaxed,False,amusing,amusing-2,False,4,35.0,61.159271728726765,10,-0.08728865645519335,18.419133600000002,-9.275886,5.391868893993,5.301299415870661
19,7,relaxed-2,relaxed,False,amusing,amusing-2,False,5,45.0,63.07284838981909,11,1.826288004637135,18.158529599999994,-9.536490000000008,5.391868893993,5.301299415870661
19,7,relaxed-2,relaxed,False,amusing,amusing-2,False,6,55.0,61.54334055844605,10,0.29678017326408934,17.823218400000002,-9.8718012,5.391868893993,5.301299415870661
19,7,relaxed-2,relaxed,False,amusing,amusing-2,False,7,65.0,59.14648918098952,10,-2.1000712041924388,17.467401599999995,-10.227618000000007,5.391868893993,5.301299415870661
19,7,relaxed-2,relaxed,False,amusing,amusing-2,False,8,75.0,72.14642744871554,12,10.899867063533584,17.1078384,-10.587181200000003,5.391868893993,5.301299415870661
19,7,relaxed-2,relaxed,False,amusing,amusing-2,False,9,85.0,62.656439302032446,10,1.409878916850488,16.784150399999998,-10.910869200000004,5.391868893993,5.301299415870661
19,7,relaxed-2,relaxed,False,amusing,amusing-2,False,10,95.0,62.45010746273604,11,1.2035470775540844,16.4683536,-11.226666000000002,5.391868893993,5.301299415870661
19,7,relaxed-2,relaxed,False,amusing,amusing-2,False,11,105.0,64.2654680466868,10,3.018907661504848,16.189022399999992,-11.50599720000001,5.391868893993,5.301299415870661
19,7,relaxed-2,relaxed,False,amusing,amusing-2,False,12,115.0,62.729030934481735,11,1.4824705492997765,15.903777599999994,-11.791242000000008,5.391868893993,5.301299415870661
19,8,scary-2,scary,True,relaxed,relaxed-2,True,1,5.0,64.57204509677888,9,0.45623858035591525,26.5983888,9.944964800000001,0.5004246901811249,9.483095614871305
19,8,scary-2,scary,True,relaxed,relaxed-2,True,2,15.0,67.18337308477118,11,3.0675665683482123,26.938636799999994,10.285212799999996,0.5004246901811249,9.483095614871305
19,8,scary-2,scary,True,relaxed,relaxed-2,True,3,25.0,71.1880300820353,12,7.072223565612333,26.999349599999995,10.345925599999998,0.5004246901811249,9.483095614871305
19,8,scary-2,scary,True,relaxed,relaxed-2,True,4,35.0,66.97289076376472,11,2.85708424734176,28.051622400000003,11.398198400000005,0.5004246901811249,9.483095614871305
19,8,scary-2,scary,True,relaxed,relaxed-2,True,5,45.0,64.15709446003333,10,0.0412879436103708,27.865931999999997,11.212508,0.5004246901811249,9.483095614871305
19,8,scary-2,scary,True,relaxed,relaxed-2,True,6,55.0,59.51064384555991,10,-4.605162670863052,27.580487999999995,10.927063999999998,0.5004246901811249,9.483095614871305
19,8,scary-2,scary,True,relaxed,relaxed-2,True,7,65.0,60.35573229002462,10,-3.760074226398345,27.298593599999993,10.645169599999996,0.5004246901811249,9.483095614871305
19,8,scary-2,scary,True,relaxed,relaxed-2,True,8,75.0,61.267491729180776,11,-2.848314787242188,27.0194592,10.366035200000002,0.5004246901811249,9.483095614871305
19,8,scary-2,scary,True,relaxed,relaxed-2,True,9,85.0,60.0779954077237,10,-4.037811108699266,26.897627999999997,10.244204,0.5004246901811249,9.483095614871305
19,8,scary-2,scary,True,relaxed,relaxed-2,True,10,95.0,71.64634479084583,11,7.530538274422867,27.595075199999997,10.941651199999999,0.5004246901811249,9.483095614871305
19,8,scary-2,scary,True,relaxed,relaxed-2,True,11,105.0,83.7560806917727,14,19.64027417534973,29.452031999999996,12.798607999999998,0.5004246901811249,9.483095614871305
19,8,scary-2,scary,True,relaxed,relaxed-2,True,12,115.0,67.86435448057868,11,3.748547964155719,29.961151999999995,13.307727999999997,0.5004246901811249,9.483095614871305
20,1,boring-2,boring,False,,,False,1,5.0,73.02251459610298,12,-1.8826172803255332,20.811285599999998,-5.4456099999999985,6.392148164592502,5.3740370476775015
20,1,boring-2,boring,False,,,False,2,15.0,80.34566640583769,13,5.440534529409177,20.4653232,-5.791572399999996,6.392148164592502,5.3740370476775015
20,1,boring-2,boring,False,,,False,3,25.0,70.7973245444936,12,-4.107807331934907,20.128034399999997,-6.128861199999999,6.392148164592502,5.3740370476775015
20,1,boring-2,boring,False,,,False,4,35.0,68.50149101165734,11,-6.403640864771177,19.7799096,-6.476985999999997,6.392148164592502,5.3740370476775015
20,1,boring-2,boring,False,,,False,5,45.0,69.34980048263175,12,-5.555331393796763,19.445774399999998,-6.811121199999999,6.392148164592502,5.3740370476775015
20,1,boring-2,boring,False,,,False,6,55.0,74.44176047830736,12,-0.46337139812115424,19.373234399999994,-6.883661200000002,6.392148164592502,5.3740370476775015
20,1,boring-2,boring,False,,,False,7,65.0,73.86125050269574,12,-1.0438813737327735,19.461151199999996,-6.7957444,6.392148164592502,5.3740370476775015
20,1,boring-2,boring,False,,,False,8,75.0,77.92069811115479,13,3.015566234726279,19.129581599999995,-7.127314000000002,6.392148164592502,5.3740370476775015
20,1,boring-2,boring,False,,,False,9,85.0,76.3701702966735,13,1.4650384202449942,19.058414399999997,-7.1984812,6.392148164592502,5.3740370476775015
20,1,boring-2,boring,False,,,False,10,95.0,76.723293005414,13,1.8181611289854942,18.82640399999999,-7.430491600000007,6.392148164592502,5.3740370476775015
20,1,boring-2,boring,False,,,False,11,105.0,71.05393617724809,11,-3.8511956991804226,18.542143199999995,-7.714752400000002,6.392148164592502,5.3740370476775015
20,1,boring-2,boring,False,,,False,12,115.0,77.47011025991385,13,2.5649783834853395,18.3193896,-7.9375059999999955,6.392148164592502,5.3740370476775015
20,2,scary-2,scary,True,boring,boring-2,False,1,5.0,72.19917111320133,12,-3.510480029906759,31.3269312,12.437417200000002,2.5668775278151963,9.032773315788006
20,2,scary-2,scary,True,boring,boring-2,False,2,15.0,71.3517320991492,12,-4.357919043958887,31.710346800000003,12.820832800000005,2.5668775278151963,9.032773315788006
20,2,scary-2,scary,True,boring,boring-2,False,3,25.0,70.13295161101384,12,-5.576699532094253,30.406533599999996,11.517019599999998,2.5668775278151963,9.032773315788006
20,2,scary-2,scary,True,boring,boring-2,False,4,35.0,70.53841913802667,11,-5.171232005081421,29.421870000000002,10.532356000000004,2.5668775278151963,9.032773315788006
20,2,scary-2,scary,True,boring,boring-2,False,5,45.0,71.7064835877777,12,-4.003167555330393,28.9832568,10.093742800000001,2.5668775278151963,9.032773315788006
20,2,scary-2,scary,True,boring,boring-2,False,6,55.0,72.0665235056813,12,-3.6431276374267867,28.378468799999997,9.488954799999998,2.5668775278151963,9.032773315788006
20,2,scary-2,scary,True,boring,boring-2,False,7,65.0,72.06865800461917,12,-3.6409931384889234,27.9057528,9.0162388,2.5668775278151963,9.032773315788006
20,2,scary-2,scary,True,boring,boring-2,False,8,75.0,72.66123732205402,12,-3.048413821054069,27.413323199999997,8.523809199999999,2.5668775278151963,9.032773315788006
20,2,scary-2,scary,True,boring,boring-2,False,9,85.0,74.59150500499204,12,-1.118146138116046,27.205348800000003,8.315834800000005,2.5668775278151963,9.032773315788006
20,2,scary-2,scary,True,boring,boring-2,False,10,95.0,75.41266887826441,13,-0.2969822648436775,27.334471199999996,8.444957199999997,2.5668775278151963,9.032773315788006
20,2,scary-2,scary,True,boring,boring-2,False,11,105.0,71.9234244006191,12,-3.786226742488992,26.877523199999995,7.988009199999997,2.5668775278151963,9.032773315788006
20,2,scary-2,scary,True,boring,boring-2,False,12,115.0,84.19151508331704,14,8.481863940208953,27.524503199999998,8.6349892,2.5668775278151963,9.032773315788006
20,3,amusing-2,amusing,True,scary,scary-2,False,1,5.0,75.3935296545679,12,0.007078942950712985,30.515354399999996,3.138534,8.366410676835082,6.163226692087703
20,3,amusing-2,amusing,True,scary,scary-2,False,2,15.0,73.24355933734452,13,-2.142891374272665,29.126377199999997,1.7495568000000006,8.366410676835082,6.163226692087703
20,3,amusing-2,amusing,True,scary,scary-2,False,3,25.0,70.42458101155377,11,-4.961869700063417,28.1655624,0.7887420000000027,8.366410676835082,6.163226692087703
20,3,amusing-2,amusing,True,scary,scary-2,False,4,35.0,70.78187708494721,11,-4.604573626669975,27.5812776,0.20445720000000378,8.366410676835082,6.163226692087703
20,3,amusing-2,amusing,True,scary,scary-2,False,5,45.0,66.65757385989436,11,-8.72887685172283,27.1054056,-0.2714147999999952,8.366410676835082,6.163226692087703
20,3,amusing-2,amusing,True,scary,scary-2,False,6,55.0,71.63617648687665,12,-3.7502742247405365,26.7312552,-0.6455651999999965,8.366410676835082,6.163226692087703
20,3,amusing-2,amusing,True,scary,scary-2,False,7,65.0,71.50756172673731,12,-3.878888984879879,26.6508288,-0.7259915999999969,8.366410676835082,6.163226692087703
20,3,amusing-2,amusing,True,scary,scary-2,False,8,75.0,73.42797898799806,12,-1.9584717236191267,26.1457824,-1.2310379999999945,8.366410676835082,6.163226692087703
20,3,amusing-2,amusing,True,scary,scary-2,False,9,85.0,70.83695553515659,12,-4.549495176460596,25.709931599999997,-1.6668887999999988,8.366410676835082,6.163226692087703
20,3,amusing-2,amusing,True,scary,scary-2,False,10,95.0,73.46454725421522,12,-1.9219034574019673,25.333219199999995,-2.0436012000000012,8.366410676835082,6.163226692087703
20,3,amusing-2,amusing,True,scary,scary-2,False,11,105.0,69.92657987888437,12,-5.459870832732818,24.977203199999998,-2.399617199999998,8.366410676835082,6.163226692087703
20,3,amusing-2,amusing,True,scary,scary-2,False,12,115.0,76.1818178444557,12,0.795367132838507,24.618818399999995,-2.758002000000001,8.366410676835082,6.163226692087703
20,4,relaxed-2,relaxed,False,amusing,amusing-2,False,1,5.0,76.16997088868659,13,3.612397350778707,21.519962399999997,-4.052668200000003,5.04440142993327,5.1116835081029555
20,4,relaxed-2,relaxed,False,amusing,amusing-2,False,2,15.0,72.81277636998097,12,0.25520283207308125,21.389459999999996,-4.183170600000004,5.04440142993327,5.1116835081029555
20,4,relaxed-2,relaxed,False,amusing,amusing-2,False,3,25.0,72.27832153787848,12,-0.27925200002940187,20.975884799999996,-4.596745800000004,5.04440142993327,5.1116835081029555
20,4,relaxed-2,relaxed,False,amusing,amusing-2,False,4,35.0,73.95701446656534,12,1.3994409286574552,20.576109600000002,-4.996520999999998,5.04440142993327,5.1116835081029555
20,4,relaxed-2,relaxed,False,amusing,amusing-2,False,5,45.0,68.00792308141455,11,-4.549650456493339,20.19762,-5.3750105999999995,5.04440142993327,5.1116835081029555
20,4,relaxed-2,relaxed,False,amusing,amusing-2,False,6,55.0,77.13192914095484,13,4.574355603046953,19.880246399999994,-5.6923842000000064,5.04440142993327,5.1116835081029555
20,4,relaxed-2,relaxed,False,amusing,amusing-2,False,7,65.0,77.6316357210466,13,5.074062183138722,19.6988928,-5.873737800000001,5.04440142993327,5.1116835081029555
20,4,relaxed-2,relaxed,False,amusing,amusing-2,False,8,75.0,71.7574372898298,12,-0.8001362480780898,19.387821599999995,-6.184809000000005,5.04440142993327,5.1116835081029555
20,4,relaxed-2,relaxed,False,amusing,amusing-2,False,9,85.0,72.21148020554882,12,-0.3460933323590609,19.280779199999998,-6.291851400000002,5.04440142993327,5.1116835081029555
20,4,relaxed-2,relaxed,False,amusing,amusing-2,False,10,95.0,71.8811477807448,12,-0.6764257571630878,19.3152744,-6.2573562,5.04440142993327,5.1116835081029555
20,4,relaxed-2,relaxed,False,amusing,amusing-2,False,11,105.0,73.77743986225666,12,1.2198663243487715,19.037721599999998,-6.5349090000000025,5.04440142993327,5.1116835081029555
20,4,relaxed-2,relaxed,False,amusing,amusing-2,False,12,115.0,75.46613837066468,12,2.9085648327567952,18.8267952,-6.745835400000001,5.04440142993327,5.1116835081029555
20,5,boring-1,boring,False,relaxed,relaxed-2,False,1,5.0,77.35773253360486,13,3.5175272393289276,16.299220799999993,-2.9586600000000054,5.231306865112016,4.463835754220173
20,5,boring-1,boring,False,relaxed,relaxed-2,False,2,15.0,82.82591480337808,14,8.98570950910215,16.548587999999995,-2.7092928000000036,5.231306865112016,4.463835754220173
20,5,boring-1,boring,False,relaxed,relaxed-2,False,3,25.0,77.01911470922599,13,3.1789094149500556,16.442330399999996,-2.815550400000003,5.231306865112016,4.463835754220173
20,5,boring-1,boring,False,relaxed,relaxed-2,False,4,35.0,73.21252362144095,12,-0.6276816728349814,16.256635199999998,-3.0012456000000007,5.231306865112016,4.463835754220173
20,5,boring-1,boring,False,relaxed,relaxed-2,False,5,45.0,71.06884337380524,11,-2.771361920470696,16.020088799999996,-3.2377920000000024,5.231306865112016,4.463835754220173
20,5,boring-1,boring,False,relaxed,relaxed-2,False,6,55.0,64.9434964883943,11,-8.89670880588163,15.776824799999996,-3.4810560000000024,5.231306865112016,4.463835754220173
20,5,boring-1,boring,False,relaxed,relaxed-2,False,7,65.0,66.68574335751292,11,-7.154461936763013,15.5426424,-3.7152383999999987,5.231306865112016,4.463835754220173
20,5,boring-1,boring,False,relaxed,relaxed-2,False,8,75.0,68.49042044003481,12,-5.349784854241122,15.313579199999998,-3.944301600000001,5.231306865112016,4.463835754220173
20,5,boring-1,boring,False,relaxed,relaxed-2,False,9,85.0,71.26829083337834,12,-2.571914460897588,15.436389600000002,-3.821491199999997,5.231306865112016,4.463835754220173
20,5,boring-1,boring,False,relaxed,relaxed-2,False,10,95.0,73.92308155199913,12,0.08287625772319984,15.195892799999996,-4.061988000000003,5.231306865112016,4.463835754220173
20,5,boring-1,boring,False,relaxed,relaxed-2,False,11,105.0,69.11810426471152,11,-4.7221010295644135,15.034053599999996,-4.223827200000002,5.231306865112016,4.463835754220173
20,5,boring-1,boring,False,relaxed,relaxed-2,False,12,115.0,67.47131749805888,11,-6.368887796217052,14.825097599999998,-4.432783200000001,5.231306865112016,4.463835754220173
20,6,amusing-1,amusing,True,boring,boring-1,False,1,5.0,71.95984801666133,12,2.391611346689359,18.492663599999997,3.2680544000000005,5.931595233555767,6.305986653956149
20,6,amusing-1,amusing,True,boring,boring-1,False,2,15.0,73.55534951589901,12,3.9871128459270437,20.176533599999996,4.951924399999999,5.931595233555767,6.305986653956149
20,6,amusing-1,amusing,True,boring,boring-1,False,3,25.0,69.64834097379597,12,0.08010430382400102,19.264420799999996,4.0398116,5.931595233555767,6.305986653956149
20,6,amusing-1,amusing,True,boring,boring-1,False,4,35.0,68.97314179838332,11,-0.5950948715886426,18.8914512,3.6668420000000026,5.931595233555767,6.305986653956149
20,6,amusing-1,amusing,True,boring,boring-1,False,5,45.0,70.46810847220793,12,0.899871802235964,18.546873599999998,3.3222644000000017,5.931595233555767,6.305986653956149
20,6,amusing-1,amusing,True,boring,boring-1,False,6,55.0,71.86606789387561,12,2.2978312239036427,18.2436936,3.019084400000004,5.931595233555767,6.305986653956149
20,6,amusing-1,amusing,True,boring,boring-1,False,7,65.0,72.58070893174929,12,3.0124722617773187,17.953123199999993,2.728513999999997,5.931595233555767,6.305986653956149
20,6,amusing-1,amusing,True,boring,boring-1,False,8,75.0,74.49833067178136,12,4.930094001809394,17.729186399999996,2.5045772,5.931595233555767,6.305986653956149
20,6,amusing-1,amusing,True,boring,boring-1,False,9,85.0,75.88225614120034,13,6.314019471228377,17.8506168,2.6260076000000048,5.931595233555767,6.305986653956149
20,6,amusing-1,amusing,True,boring,boring-1,False,10,95.0,74.61835602548108,12,5.050119355509111,17.573061599999996,2.3484523999999993,5.931595233555767,6.305986653956149
20,6,amusing-1,amusing,True,boring,boring-1,False,11,105.0,77.48899726889982,13,7.920760598927856,17.403134399999992,2.1785251999999957,5.931595233555767,6.305986653956149
20,6,amusing-1,amusing,True,boring,boring-1,False,12,115.0,80.41410546764202,13,10.84586879767005,17.303385599999995,2.078776399999999,5.931595233555767,6.305986653956149
20,7,relaxed-1,relaxed,False,amusing,amusing-1,False,1,5.0,72.66493141220923,12,-3.3294474272413055,24.528735599999994,6.893317599999996,5.420018017159198,3.52683956148713
20,7,relaxed-1,relaxed,False,amusing,amusing-1,False,2,15.0,78.67019576544509,13,2.6758169259945532,25.0377216,7.402303600000003,5.420018017159198,3.52683956148713
20,7,relaxed-1,relaxed,False,amusing,amusing-1,False,3,25.0,77.84155279652084,13,1.8471739570703107,25.4901336,7.854715600000002,5.420018017159198,3.52683956148713
20,7,relaxed-1,relaxed,False,amusing,amusing-1,False,4,35.0,73.05056604911023,12,-2.943812790340303,24.342840000000002,6.707422000000005,5.420018017159198,3.52683956148713
20,7,relaxed-1,relaxed,False,amusing,amusing-1,False,5,45.0,75.52323006082212,12,-0.4711487786284181,23.7417984,6.106380400000003,5.420018017159198,3.52683956148713
20,7,relaxed-1,relaxed,False,amusing,amusing-1,False,6,55.0,71.89801813637541,12,-4.096360703075121,23.335908,5.700490000000002,5.420018017159198,3.52683956148713
20,7,relaxed-1,relaxed,False,amusing,amusing-1,False,7,65.0,72.65029769999133,12,-3.344081139459206,22.954267199999997,5.318849199999999,5.420018017159198,3.52683956148713
20,7,relaxed-1,relaxed,False,amusing,amusing-1,False,8,75.0,70.41162528157112,12,-5.582753557879414,22.661332799999997,5.025914799999999,5.420018017159198,3.52683956148713
20,7,relaxed-1,relaxed,False,amusing,amusing-1,False,9,85.0,73.18009485309368,12,-2.8142839863568554,22.3088712,4.673453200000001,5.420018017159198,3.52683956148713
20,7,relaxed-1,relaxed,False,amusing,amusing-1,False,10,95.0,77.60480713973404,13,1.6104283002835018,22.670405999999993,5.034987999999995,5.420018017159198,3.52683956148713
20,7,relaxed-1,relaxed,False,amusing,amusing-1,False,11,105.0,73.68921097338144,12,-2.305167866069098,22.932187199999998,5.2967692,5.420018017159198,3.52683956148713
20,7,relaxed-1,relaxed,False,amusing,amusing-1,False,12,115.0,78.78839627457361,13,2.794017435123081,23.209550399999994,5.574132399999996,5.420018017159198,3.52683956148713
20,8,scary-1,scary,True,relaxed,relaxed-1,True,1,5.0,74.64313919626865,12,0.1527825735328321,27.247537199999993,4.458101399999997,2.4440926596758814,8.640247473784557
20,8,scary-1,scary,True,relaxed,relaxed-1,True,2,15.0,72.93198007750799,13,-1.55837654522783,26.860178399999995,4.070742599999999,2.4440926596758814,8.640247473784557
20,8,scary-1,scary,True,relaxed,relaxed-1,True,3,25.0,67.59291360043008,11,-6.897443022305737,26.2108368,3.421401000000003,2.4440926596758814,8.640247473784557
20,8,scary-1,scary,True,relaxed,relaxed-1,True,4,35.0,71.43417727087905,11,-3.0561793518567697,25.682131199999997,2.892695400000001,2.4440926596758814,8.640247473784557
20,8,scary-1,scary,True,relaxed,relaxed-1,True,5,45.0,71.97087565824988,12,-2.519480964485936,25.3028592,2.513423400000004,2.4440926596758814,8.640247473784557
20,8,scary-1,scary,True,relaxed,relaxed-1,True,6,55.0,71.52355058439976,12,-2.9668060383360597,24.933634799999997,2.1441990000000004,2.4440926596758814,8.640247473784557
20,8,scary-1,scary,True,relaxed,relaxed-1,True,7,65.0,74.3194441227803,13,-0.17091249995552005,24.562051199999996,1.7726153999999994,2.4440926596758814,8.640247473784557
20,8,scary-1,scary,True,relaxed,relaxed-1,True,8,75.0,74.81190794786166,12,0.3215513251258386,24.5054736,1.7160378000000023,2.4440926596758814,8.640247473784557
20,8,scary-1,scary,True,relaxed,relaxed-1,True,9,85.0,73.13547897916115,12,-1.3548776435746674,24.6058104,1.8163746000000032,2.4440926596758814,8.640247473784557
20,8,scary-1,scary,True,relaxed,relaxed-1,True,10,95.0,72.42867197998002,12,-2.061684642755793,25.701061199999998,2.911625400000002,2.4440926596758814,8.640247473784557
20,8,scary-1,scary,True,relaxed,relaxed-1,True,11,105.0,72.23094746693518,12,-2.2594091558006397,24.936201599999997,2.1467658000000007,2.4440926596758814,8.640247473784557
20,8,scary-1,scary,True,relaxed,relaxed-1,True,12,115.0,73.09565373699893,12,-1.3947028857368906,24.26674933333333,1.4773135333333336,2.4440926596758814,8.640247473784557
21,1,amusing-1,amusing,True,,,False,1,5.0,75.7433122489519,13,0.06955138108264691,10.212904799999999,-0.5513015999999986,5.275604194470925,5.750560533841754
21,1,amusing-1,amusing,True,,,False,2,15.0,85.46448162833265,14,9.790720760463401,10.3802688,-0.38393759999999766,5.275604194470925,5.750560533841754
21,1,amusing-1,amusing,True,,,False,3,25.0,77.72540906927128,13,2.051648201402031,10.429939199999998,-0.3342671999999993,5.275604194470925,5.750560533841754
21,1,amusing-1,amusing,True,,,False,4,35.0,80.28423561408125,13,4.610474746212006,10.353455999999998,-0.4107503999999995,5.275604194470925,5.750560533841754
21,1,amusing-1,amusing,True,,,False,5,45.0,79.11250396900037,13,3.4387431011311236,10.433493599999995,-0.33071280000000236,5.275604194470925,5.750560533841754
21,1,amusing-1,amusing,True,,,False,6,55.0,78.9127920536608,13,3.2390311857915464,10.330792799999998,-0.43341359999999973,5.275604194470925,5.750560533841754
21,1,amusing-1,amusing,True,,,False,7,65.0,77.22025325426839,13,1.5464923863991373,10.254895199999996,-0.5093112000000009,5.275604194470925,5.750560533841754
21,1,amusing-1,amusing,True,,,False,8,75.0,66.33596762408253,11,-9.33779324378672,10.2158616,-0.5483447999999971,5.275604194470925,5.750560533841754
21,1,amusing-1,amusing,True,,,False,9,85.0,75.52854096220197,12,-0.14521990566727538,10.133464799999997,-0.6307416000000003,5.275604194470925,5.750560533841754
21,1,amusing-1,amusing,True,,,False,10,95.0,88.96073351869741,15,13.286972650828162,10.139183999999997,-0.6250224000000006,5.275604194470925,5.750560533841754
21,1,amusing-1,amusing,True,,,False,11,105.0,78.27963624606541,13,2.60587537819616,10.372384799999997,-0.3918216000000001,5.275604194470925,5.750560533841754
21,1,amusing-1,amusing,True,,,False,12,115.0,78.33465977920801,13,2.660898911338762,10.457935199999998,-0.3062711999999994,5.275604194470925,5.750560533841754
21,2,relaxed-1,relaxed,False,amusing,amusing-1,False,1,5.0,85.25596845060757,14,7.200146647674629,10.360156799999999,0.09786920000000165,5.1873103908484275,4.597025357483318
21,2,relaxed-1,relaxed,False,amusing,amusing-1,False,2,15.0,80.87418659384863,13,2.8183647909156946,10.344779999999997,0.08249239999999958,5.1873103908484275,4.597025357483318
21,2,relaxed-1,relaxed,False,amusing,amusing-1,False,3,25.0,77.2789534853706,13,-0.7768683175623465,10.248189599999998,-0.014097999999998834,5.1873103908484275,4.597025357483318
21,2,relaxed-1,relaxed,False,amusing,amusing-1,False,4,35.0,77.93116707128382,13,-0.124654731649116,10.267509599999997,0.005221999999999838,5.1873103908484275,4.597025357483318
21,2,relaxed-1,relaxed,False,amusing,amusing-1,False,5,45.0,84.29864155416773,14,6.242819751234791,10.426394399999996,0.164106799999999,5.1873103908484275,4.597025357483318
21,2,relaxed-1,relaxed,False,amusing,amusing-1,False,6,55.0,81.41867844972784,13,3.3628566467948957,10.538757599999999,0.27647000000000155,5.1873103908484275,4.597025357483318
21,2,relaxed-1,relaxed,False,amusing,amusing-1,False,7,65.0,81.5558233685828,14,3.5000015656498533,10.437434399999995,0.1751467999999985,5.1873103908484275,4.597025357483318
21,2,relaxed-1,relaxed,False,amusing,amusing-1,False,8,75.0,85.07891786566063,14,7.023096062727689,10.676745599999997,0.41445799999999977,5.1873103908484275,4.597025357483318
21,2,relaxed-1,relaxed,False,amusing,amusing-1,False,9,85.0,84.16187964924411,14,6.106057846311174,10.876240799999996,0.6139531999999992,5.1873103908484275,4.597025357483318
21,2,relaxed-1,relaxed,False,amusing,amusing-1,False,10,95.0,85.23148584439073,14,7.175664041457793,10.864019999999996,0.6017323999999995,5.1873103908484275,4.597025357483318
21,2,relaxed-1,relaxed,False,amusing,amusing-1,False,11,105.0,77.35840808046088,13,-0.6974137224720636,10.738643999999997,0.47635640000000024,5.1873103908484275,4.597025357483318
21,2,relaxed-1,relaxed,False,amusing,amusing-1,False,12,115.0,82.66262955347345,14,4.606807750540511,10.692914399999998,0.43062680000000064,5.1873103908484275,4.597025357483318
21,3,boring-1,boring,False,relaxed,relaxed-1,False,1,5.0,78.40352599166378,13,-4.335385008154475,11.294347199999999,0.580014000000002,4.326403745677177,2.4349950584943767
21,3,boring-1,boring,False,relaxed,relaxed-1,False,2,15.0,93.95932948813179,16,11.220418488313527,11.670071999999994,0.9557387999999971,4.326403745677177,2.4349950584943767
21,3,boring-1,boring,False,relaxed,relaxed-1,False,3,25.0,90.22210847487256,15,7.483197475054297,11.482996799999999,0.7686636000000018,4.326403745677177,2.4349950584943767
21,3,boring-1,boring,False,relaxed,relaxed-1,False,4,35.0,72.83862935019809,11,-9.900281649620169,11.270491199999999,0.5561580000000017,4.326403745677177,2.4349950584943767
21,3,boring-1,boring,False,relaxed,relaxed-1,False,5,45.0,75.40903598610367,13,-7.3298750137145845,11.214115199999998,0.4997820000000015,4.326403745677177,2.4349950584943767
21,3,boring-1,boring,False,relaxed,relaxed-1,False,6,55.0,73.7846021592848,12,-8.954308840533457,11.285471999999997,0.5711388,4.326403745677177,2.4349950584943767
21,3,boring-1,boring,False,relaxed,relaxed-1,False,7,65.0,79.43000035825747,13,-3.308910641560786,11.188487999999998,0.4741548000000009,4.326403745677177,2.4349950584943767
21,3,boring-1,boring,False,relaxed,relaxed-1,False,8,75.0,74.83126604328913,13,-7.907644956529126,11.368665599999996,0.6543323999999995,4.326403745677177,2.4349950584943767
21,3,boring-1,boring,False,relaxed,relaxed-1,False,9,85.0,85.23290051412675,14,2.4939895143084954,11.531295599999996,0.8169623999999995,4.326403745677177,2.4349950584943767
21,3,boring-1,boring,False,relaxed,relaxed-1,False,10,95.0,86.49175900613423,13,3.752848006315972,11.415575999999996,0.7012427999999993,4.326403745677177,2.4349950584943767
21,3,boring-1,boring,False,relaxed,relaxed-1,False,11,105.0,83.99296741062027,15,1.2540564108020078,11.251963199999997,0.53763,4.326403745677177,2.4349950584943767
21,3,boring-1,boring,False,relaxed,relaxed-1,False,12,115.0,86.50196536811583,14,3.763054368297574,11.156162399999996,0.44182919999999903,4.326403745677177,2.4349950584943767
21,4,scary-1,scary,True,boring,boring-1,False,1,5.0,80.97480050233499,14,-1.8785161295010084,10.878211199999997,-0.4404806000000008,4.8374817921830315,6.107780743565299
21,4,scary-1,scary,True,boring,boring-1,False,2,15.0,80.60912415737,13,-2.24419247446599,11.061736799999997,-0.2569550000000014,4.8374817921830315,6.107780743565299
21,4,scary-1,scary,True,boring,boring-1,False,3,25.0,76.50715344939859,13,-6.346163182437408,10.974407999999997,-0.34428380000000125,4.8374817921830315,6.107780743565299
21,4,scary-1,scary,True,boring,boring-1,False,4,35.0,75.98051138670762,13,-6.872805245128376,10.831687199999998,-0.48700460000000056,4.8374817921830315,6.107780743565299
21,4,scary-1,scary,True,boring,boring-1,False,5,45.0,82.8102358344879,13,-0.04308079734809667,10.769793599999998,-0.5488982,4.8374817921830315,6.107780743565299
21,4,scary-1,scary,True,boring,boring-1,False,6,55.0,75.73048663922721,13,-7.122829992608786,10.721296799999996,-0.5973950000000023,4.8374817921830315,6.107780743565299
21,4,scary-1,scary,True,boring,boring-1,False,7,65.0,67.21464046953088,11,-15.638676162305117,10.663737599999996,-0.6549542000000024,4.8374817921830315,6.107780743565299
21,4,scary-1,scary,True,boring,boring-1,False,8,75.0,84.48265423135608,14,1.6293375995200847,10.631602799999998,-0.6870890000000003,4.8374817921830315,6.107780743565299
21,4,scary-1,scary,True,boring,boring-1,False,9,85.0,92.301889806611,15,9.448573174775007,10.853375999999997,-0.46531580000000083,4.8374817921830315,6.107780743565299
21,4,scary-1,scary,True,boring,boring-1,False,10,95.0,76.1434701928848,12,-6.709846438951189,10.873876799999994,-0.44481500000000374,4.8374817921830315,6.107780743565299
21,4,scary-1,scary,True,boring,boring-1,False,11,105.0,79.64434795402717,14,-3.2089686778088264,10.850215199999997,-0.4684766000000007,4.8374817921830315,6.107780743565299
21,4,scary-1,scary,True,boring,boring-1,False,12,115.0,81.89917989137567,13,-0.9541367404603278,11.029214399999995,-0.28947740000000266,4.8374817921830315,6.107780743565299
21,5,relaxed-2,relaxed,False,scary,scary-1,False,1,5.0,82.38816018651498,14,1.3745095059849461,10.128734399999995,-0.6882694000000029,5.0,5.1875446048466545
21,5,relaxed-2,relaxed,False,scary,scary-1,False,2,15.0,101.39263478806458,17,20.37898410753455,10.179597600000001,-0.6374061999999974,5.0,5.1875446048466545
21,5,relaxed-2,relaxed,False,scary,scary-1,False,3,25.0,98.20118893911345,16,17.187538258583416,10.217044799999998,-0.5999590000000001,5.0,5.1875446048466545
21,5,relaxed-2,relaxed,False,scary,scary-1,False,4,35.0,76.32662266679047,12,-4.687028013739564,10.182741599999996,-0.634262200000002,5.0,5.1875446048466545
21,5,relaxed-2,relaxed,False,scary,scary-1,False,5,45.0,85.93494429102444,15,4.921293610494402,10.181959199999998,-0.6350446000000005,5.0,5.1875446048466545
21,5,relaxed-2,relaxed,False,scary,scary-1,False,6,55.0,74.83853641736589,12,-6.175114263164147,10.228874399999999,-0.5881293999999997,5.0,5.1875446048466545
21,5,relaxed-2,relaxed,False,scary,scary-1,False,7,65.0,72.13541583289692,12,-8.87823484763311,10.202063999999998,-0.6149398000000001,5.0,5.1875446048466545
21,5,relaxed-2,relaxed,False,scary,scary-1,False,8,75.0,70.92578498639358,12,-10.087865694136454,10.160471999999999,-0.6565317999999998,5.0,5.1875446048466545
21,5,relaxed-2,relaxed,False,scary,scary-1,False,9,85.0,76.86370394308298,13,-4.149946737447053,10.112963999999995,-0.7040398000000039,5.0,5.1875446048466545
21,5,relaxed-2,relaxed,False,scary,scary-1,False,10,95.0,73.24064396601227,12,-7.773006714517763,10.051655999999998,-0.7653478000000007,5.0,5.1875446048466545
21,5,relaxed-2,relaxed,False,scary,scary-1,False,11,105.0,81.28142608861302,13,0.26777540808298284,10.012624799999998,-0.8043790000000008,5.0,5.1875446048466545
21,5,relaxed-2,relaxed,False,scary,scary-1,False,12,115.0,82.19447989365675,14,1.1808292131267137,10.0234632,-0.7935405999999983,5.0,5.1875446048466545
21,6,boring-2,boring,False,relaxed,relaxed-2,False,1,5.0,85.05546904178487,15,8.710317116168085,10.021295999999998,-0.07257800000000003,4.866158245948522,1.5496385128693995
21,6,boring-2,boring,False,relaxed,relaxed-2,False,2,15.0,105.0500105125745,17,28.704858586957712,10.103901599999997,0.010027599999999026,4.866158245948522,1.5496385128693995
21,6,boring-2,boring,False,relaxed,relaxed-2,False,3,25.0,86.31021577603778,14,9.96506385042099,10.290376799999995,0.19650279999999753,4.866158245948522,1.5496385128693995
21,6,boring-2,boring,False,relaxed,relaxed-2,False,4,35.0,72.77792387703778,12,-3.567228048579011,10.219017599999997,0.12514359999999947,4.866158245948522,1.5496385128693995
21,6,boring-2,boring,False,relaxed,relaxed-2,False,5,45.0,75.9204636791587,13,-0.4246882464580892,10.144504799999998,0.05063080000000042,4.866158245948522,1.5496385128693995
21,6,boring-2,boring,False,relaxed,relaxed-2,False,6,55.0,74.50244288557842,12,-1.8427090400383719,10.090094399999996,-0.0037796000000014374,4.866158245948522,1.5496385128693995
21,6,boring-2,boring,False,relaxed,relaxed-2,False,7,65.0,95.03567858119504,16,18.690526655578253,10.043963999999999,-0.04990999999999879,4.866158245948522,1.5496385128693995
21,6,boring-2,boring,False,relaxed,relaxed-2,False,8,75.0,103.88437906305334,17,27.539227137436555,9.988379999999998,-0.1054940000000002,4.866158245948522,1.5496385128693995
21,6,boring-2,boring,False,relaxed,relaxed-2,False,9,85.0,88.89869490136961,15,12.55354297575282,9.984830399999998,-0.10904359999999969,4.866158245948522,1.5496385128693995
21,6,boring-2,boring,False,relaxed,relaxed-2,False,10,95.0,71.54218410338211,12,-4.802967822234677,9.974183999999997,-0.1196900000000003,4.866158245948522,1.5496385128693995
21,6,boring-2,boring,False,relaxed,relaxed-2,False,11,105.0,77.80219628462967,13,1.4570443590128832,9.912681599999996,-0.18119240000000225,4.866158245948522,1.5496385128693995
21,6,boring-2,boring,False,relaxed,relaxed-2,False,12,115.0,89.38833178239065,14,13.043179856773861,9.878779199999999,-0.21509479999999925,4.866158245948522,1.5496385128693995
21,7,amusing-2,amusing,True,boring,boring-2,False,1,5.0,68.92326812336724,11,-20.058997747734054,10.839969599999995,0.8761663999999989,4.958594852240229,5.670867492850333
21,7,amusing-2,amusing,True,boring,boring-2,False,2,15.0,69.54309064737282,12,-19.43917522372847,10.797784799999999,0.8339816000000031,4.958594852240229,5.670867492850333
21,7,amusing-2,amusing,True,boring,boring-2,False,3,25.0,66.99484281769945,11,-21.98742305340184,10.718733599999997,0.754930400000001,4.958594852240229,5.670867492850333
21,7,amusing-2,amusing,True,boring,boring-2,False,4,35.0,69.17886535492026,11,-19.80340051618103,10.625495999999998,0.6616928000000026,4.958594852240229,5.670867492850333
21,7,amusing-2,amusing,True,boring,boring-2,False,5,45.0,73.32253101514146,12,-15.659734855959826,10.571481599999997,0.6076784000000011,4.958594852240229,5.670867492850333
21,7,amusing-2,amusing,True,boring,boring-2,False,6,55.0,80.85095386006003,14,-8.13131201104126,10.583505599999999,0.6197024000000031,4.958594852240229,5.670867492850333
21,7,amusing-2,amusing,True,boring,boring-2,False,7,65.0,77.52139037686494,12,-11.460875494236348,10.864411199999996,0.9006080000000001,4.958594852240229,5.670867492850333
21,7,amusing-2,amusing,True,boring,boring-2,False,8,75.0,77.60275257411986,13,-11.379513296981429,11.398235999999994,1.434432799999998,4.958594852240229,5.670867492850333
21,7,amusing-2,amusing,True,boring,boring-2,False,9,85.0,79.92088014760651,13,-9.06138572349478,11.566977599999998,1.603174400000002,4.958594852240229,5.670867492850333
21,7,amusing-2,amusing,True,boring,boring-2,False,10,95.0,81.76300725572871,14,-7.219258615372581,11.510992799999995,1.5471895999999994,4.958594852240229,5.670867492850333
21,7,amusing-2,amusing,True,boring,boring-2,False,11,105.0,83.56491577244192,14,-5.4173500986593695,11.380490399999996,1.4166872000000001,4.958594852240229,5.670867492850333
21,7,amusing-2,amusing,True,boring,boring-2,False,12,115.0,77.21316481959599,12,-11.769101051505302,11.379707999999997,1.4159048000000016,4.958594852240229,5.670867492850333
21,8,scary-2,scary,True,amusing,amusing-2,True,1,5.0,81.57585969207504,13,1.842362126249867,10.979925599999998,-0.37021039999999594,4.781070352716873,6.847657959961869
21,8,scary-2,scary,True,amusing,amusing-2,True,2,15.0,78.65784375100345,13,-1.0756538148217203,10.878208799999998,-0.4719271999999961,4.781070352716873,6.847657959961869
21,8,scary-2,scary,True,amusing,amusing-2,True,3,25.0,79.34738453430973,13,-0.38611303151544973,11.259453599999997,-0.09068239999999683,4.781070352716873,6.847657959961869
21,8,scary-2,scary,True,amusing,amusing-2,True,4,35.0,78.56098906466175,13,-1.1725085011634206,11.584319999999996,0.2341840000000026,4.781070352716873,6.847657959961869
21,8,scary-2,scary,True,amusing,amusing-2,True,5,45.0,79.91113585528845,14,0.17763828946327465,11.417551199999998,0.06741520000000456,4.781070352716873,6.847657959961869
21,8,scary-2,scary,True,amusing,amusing-2,True,6,55.0,84.27139048067376,14,4.537892914848584,11.413209599999997,0.06307360000000273,4.781070352716873,6.847657959961869
21,8,scary-2,scary,True,amusing,amusing-2,True,7,65.0,77.79840836944932,12,-1.9350891963758556,11.480632799999995,0.1304968000000013,4.781070352716873,6.847657959961869
21,8,scary-2,scary,True,amusing,amusing-2,True,8,75.0,74.58081289234947,13,-5.152684673475704,11.730590399999997,0.3804544000000032,4.781070352716873,6.847657959961869
21,8,scary-2,scary,True,amusing,amusing-2,True,9,85.0,73.11070637055163,12,-6.62279119527355,11.592599999999996,0.2424640000000018,4.781070352716873,6.847657959961869
21,8,scary-2,scary,True,amusing,amusing-2,True,10,95.0,75.70919029632158,12,-4.024307269503595,11.460916799999994,0.11078080000000057,4.781070352716873,6.847657959961869
21,8,scary-2,scary,True,amusing,amusing-2,True,11,105.0,81.1458679847296,14,1.4123704189044304,11.537013599999998,0.1868776000000043,4.781070352716873,6.847657959961869
21,8,scary-2,scary,True,amusing,amusing-2,True,12,115.0,81.20998330781934,13,1.4764857419941677,11.416189333333328,0.06605333333333441,4.781070352716873,6.847657959961869
22,1,amusing-2,amusing,True,,,False,1,5.0,76.24104414806422,13,-9.579340130146093,10.148841599999995,-0.32949560000000133,4.2325520926997795,7.1377749697223365
22,1,amusing-2,amusing,True,,,False,2,15.0,75.84536686428545,13,-9.97501741392486,10.017943199999996,-0.46039400000000086,4.2325520926997795,7.1377749697223365
22,1,amusing-2,amusing,True,,,False,3,25.0,81.04371808698664,13,-4.7766661912236685,9.8837016,-0.5946355999999966,4.2325520926997795,7.1377749697223365
22,1,amusing-2,amusing,True,,,False,4,35.0,77.30859429363987,13,-8.511789984570441,9.744727199999994,-0.7336100000000023,4.2325520926997795,7.1377749697223365
22,1,amusing-2,amusing,True,,,False,5,45.0,78.77460904818011,13,-7.045775230030202,9.614234399999997,-0.8641027999999995,4.2325520926997795,7.1377749697223365
22,1,amusing-2,amusing,True,,,False,6,55.0,79.89192024359008,13,-5.928464034620234,9.482551199999998,-0.995785999999999,4.2325520926997795,7.1377749697223365
22,1,amusing-2,amusing,True,,,False,7,65.0,75.62926412164138,12,-10.191120156568928,9.358558799999997,-1.1197783999999995,4.2325520926997795,7.1377749697223365
22,1,amusing-2,amusing,True,,,False,8,75.0,76.18297410858285,13,-9.637410169627458,9.219775199999997,-1.2585619999999995,4.2325520926997795,7.1377749697223365
22,1,amusing-2,amusing,True,,,False,9,85.0,78.1660584959168,13,-7.654325782293512,9.082384799999996,-1.3959524000000005,4.2325520926997795,7.1377749697223365
22,1,amusing-2,amusing,True,,,False,10,95.0,84.8021208556908,14,-1.0182634225195102,8.959766399999998,-1.518570799999999,4.2325520926997795,7.1377749697223365
22,1,amusing-2,amusing,True,,,False,11,105.0,92.47329561902434,15,6.652911340814029,9.295478399999997,-1.1828588,4.2325520926997795,7.1377749697223365
22,1,amusing-2,amusing,True,,,False,12,115.0,94.98912222016676,16,9.16873794195645,9.444700799999996,-1.0336364000000007,4.2325520926997795,7.1377749697223365
22,2,scary-2,scary,True,amusing,amusing-2,False,1,5.0,81.17025919873655,13,-3.2664115856718468,10.942869599999998,1.7160922000000003,1.16726577693041,8.606721258341276
22,2,scary-2,scary,True,amusing,amusing-2,False,2,15.0,76.66402156337485,13,-7.7726492210335465,10.740616799999994,1.5138393999999966,1.16726577693041,8.606721258341276
22,2,scary-2,scary,True,amusing,amusing-2,False,3,25.0,81.73237252631749,13,-2.704298258090901,10.586858399999999,1.360081000000001,1.16726577693041,8.606721258341276
22,2,scary-2,scary,True,amusing,amusing-2,False,4,35.0,79.24374033297129,13,-5.192930451437107,10.453600799999995,1.2268233999999971,1.16726577693041,8.606721258341276
22,2,scary-2,scary,True,amusing,amusing-2,False,5,45.0,81.20175886392875,14,-3.2349119204796466,10.617019199999996,1.3902417999999983,1.16726577693041,8.606721258341276
22,2,scary-2,scary,True,amusing,amusing-2,False,6,55.0,85.32995455698925,14,0.8932837725808582,10.483953599999998,1.2571762,1.16726577693041,8.606721258341276
22,2,scary-2,scary,True,amusing,amusing-2,False,7,65.0,77.24404450296596,13,-7.192626281442429,10.362921599999998,1.1361442000000004,1.16726577693041,8.606721258341276
22,2,scary-2,scary,True,amusing,amusing-2,False,8,75.0,79.88947646136337,13,-4.547194323045019,10.222567199999997,0.995789799999999,1.16726577693041,8.606721258341276
22,2,scary-2,scary,True,amusing,amusing-2,False,9,85.0,78.17013986089276,13,-6.2665309235156315,10.066833599999997,0.8400561999999994,1.16726577693041,8.606721258341276
22,2,scary-2,scary,True,amusing,amusing-2,False,10,95.0,90.61429098737128,15,6.177620202962885,9.934360799999995,0.7075833999999972,1.16726577693041,8.606721258341276
22,2,scary-2,scary,True,amusing,amusing-2,False,11,105.0,86.4772422878128,14,2.040571503404408,9.779025599999995,0.5522481999999975,1.16726577693041,8.606721258341276
22,2,scary-2,scary,True,amusing,amusing-2,False,12,115.0,79.9851454620736,13,-4.451525322334788,9.624479999999998,0.3977026000000006,1.16726577693041,8.606721258341276
22,3,boring-2,boring,False,scary,scary-2,False,1,5.0,79.12947340691473,13,-3.1995418841321026,8.276920799999997,-1.7214439999999982,5.295803110045181,5.029775937334388
22,3,boring-2,boring,False,scary,scary-2,False,2,15.0,85.99963141092324,14,3.6706161198764136,8.150759999999998,-1.8476047999999974,5.295803110045181,5.029775937334388
22,3,boring-2,boring,False,scary,scary-2,False,3,25.0,79.20180188872284,13,-3.1272134023239886,8.024797199999998,-1.9735675999999973,5.295803110045181,5.029775937334388
22,3,boring-2,boring,False,scary,scary-2,False,4,35.0,85.66291053173111,15,3.333895240684285,7.920909599999999,-2.0774551999999966,5.295803110045181,5.029775937334388
22,3,boring-2,boring,False,scary,scary-2,False,5,45.0,93.42875164855671,15,11.099736357509883,7.968215999999996,-2.030148799999999,5.295803110045181,5.029775937334388
22,3,boring-2,boring,False,scary,scary-2,False,6,55.0,87.42606253718401,15,5.09704724613718,7.902379199999999,-2.095985599999997,5.295803110045181,5.029775937334388
22,3,boring-2,boring,False,scary,scary-2,False,7,65.0,94.11967215602631,15,11.790656864979482,7.884640799999998,-2.1137239999999977,5.295803110045181,5.029775937334388
22,3,boring-2,boring,False,scary,scary-2,False,8,75.0,83.98400414202423,14,1.6549888509774036,7.813672799999997,-2.1846919999999983,5.295803110045181,5.029775937334388
22,3,boring-2,boring,False,scary,scary-2,False,9,85.0,87.10964174373653,15,4.780626452689702,7.737580799999996,-2.2607839999999992,5.295803110045181,5.029775937334388
22,3,boring-2,boring,False,scary,scary-2,False,10,95.0,81.07132016537358,13,-1.2576951256732514,7.656362399999997,-2.3420023999999984,5.295803110045181,5.029775937334388
22,3,boring-2,boring,False,scary,scary-2,False,11,105.0,85.75429751193496,14,3.4252822208881355,7.586380799999998,-2.4119839999999977,5.295803110045181,5.029775937334388
22,3,boring-2,boring,False,scary,scary-2,False,12,115.0,79.57516345482037,13,-2.7538518362264597,7.542422399999998,-2.455942399999998,5.295803110045181,5.029775937334388
22,4,relaxed-2,relaxed,False,boring,boring-2,False,1,5.0,83.9806768805864,14,-1.5333733422039728,6.692409600000002,-1.0111003999999948,8.550796854146807,5.696761868446139
22,4,relaxed-2,relaxed,False,boring,boring-2,False,2,15.0,87.12236344871901,15,1.6083132259286401,6.6482591999999965,-1.0552508000000005,8.550796854146807,5.696761868446139
22,4,relaxed-2,relaxed,False,boring,boring-2,False,3,25.0,81.07533383700385,13,-4.43871638578652,6.591091199999997,-1.1124188000000004,8.550796854146807,5.696761868446139
22,4,relaxed-2,relaxed,False,boring,boring-2,False,4,35.0,85.40165301928812,14,-0.11239720350225468,6.550089599999998,-1.153420399999999,8.550796854146807,5.696761868446139
22,4,relaxed-2,relaxed,False,boring,boring-2,False,5,45.0,88.54676603991425,15,3.032715817123872,6.523279199999995,-1.1802308000000021,8.550796854146807,5.696761868446139
22,4,relaxed-2,relaxed,False,boring,boring-2,False,6,55.0,77.606389253088,13,-7.907660969702377,6.500416799999996,-1.2030932000000005,8.550796854146807,5.696761868446139
22,4,relaxed-2,relaxed,False,boring,boring-2,False,7,65.0,80.66140588862702,13,-4.852644334163358,6.455469599999995,-1.2480404000000016,8.550796854146807,5.696761868446139
22,4,relaxed-2,relaxed,False,boring,boring-2,False,8,75.0,87.56593568272909,15,2.051885459938717,6.409732799999998,-1.2937771999999992,8.550796854146807,5.696761868446139
22,4,relaxed-2,relaxed,False,boring,boring-2,False,9,85.0,82.15352453678899,13,-3.360525686001381,6.350594399999997,-1.3529156000000002,8.550796854146807,5.696761868446139
22,4,relaxed-2,relaxed,False,boring,boring-2,False,10,95.0,87.97181254665593,15,2.457762323865552,6.292048799999995,-1.4114612000000024,8.550796854146807,5.696761868446139
22,4,relaxed-2,relaxed,False,boring,boring-2,False,11,105.0,77.48053103921293,13,-8.03351918357744,6.243359999999997,-1.4601499999999996,8.550796854146807,5.696761868446139
22,4,relaxed-2,relaxed,False,boring,boring-2,False,12,115.0,84.58721624414798,14,-0.9268339786423923,6.216155999999996,-1.4873540000000007,8.550796854146807,5.696761868446139
22,5,scary-1,scary,True,relaxed,relaxed-2,False,1,5.0,84.41337854900898,14,0.7853273454062872,11.416171199999997,5.0882776000000005,0.5714014299332698,6.495794852240229
22,5,scary-1,scary,True,relaxed,relaxed-2,False,2,15.0,79.02266239731391,13,-4.605388806288786,11.231459999999998,4.903566400000002,0.5714014299332698,6.495794852240229
22,5,scary-1,scary,True,relaxed,relaxed-2,False,3,25.0,83.73413488406553,14,0.1060836804628309,11.171534399999995,4.843640799999998,0.5714014299332698,6.495794852240229
22,5,scary-1,scary,True,relaxed,relaxed-2,False,4,35.0,81.64003012207955,13,-1.9880210815231436,11.234615999999997,4.9067224000000005,0.5714014299332698,6.495794852240229
22,5,scary-1,scary,True,relaxed,relaxed-2,False,5,45.0,84.01044034369902,14,0.38238914009632197,11.095053599999998,4.767160000000001,0.5714014299332698,6.495794852240229
22,5,scary-1,scary,True,relaxed,relaxed-2,False,6,55.0,78.67510377585583,13,-4.952947427746864,10.963370399999999,4.635476800000002,0.5714014299332698,6.495794852240229
22,5,scary-1,scary,True,relaxed,relaxed-2,False,7,65.0,83.90667398375918,14,0.278622780156482,10.880971199999998,4.553077600000001,0.5714014299332698,6.495794852240229
22,5,scary-1,scary,True,relaxed,relaxed-2,False,8,75.0,86.31621154581481,14,2.6881603422121145,10.874857199999996,4.546963599999999,0.5714014299332698,6.495794852240229
22,5,scary-1,scary,True,relaxed,relaxed-2,False,9,85.0,87.48447666946176,15,3.8564254658590613,12.628703999999995,6.300810399999999,0.5714014299332698,6.495794852240229
22,5,scary-1,scary,True,relaxed,relaxed-2,False,10,95.0,78.91672693982544,13,-4.711324263777257,11.4345072,5.106613600000004,0.5714014299332698,6.495794852240229
22,5,scary-1,scary,True,relaxed,relaxed-2,False,11,105.0,82.27926662967684,13,-1.3487845739258546,11.113581599999998,4.785688000000001,0.5714014299332698,6.495794852240229
22,5,scary-1,scary,True,relaxed,relaxed-2,False,12,115.0,86.32596420094708,15,2.697912997344389,10.974014399999998,4.646120800000001,0.5714014299332698,6.495794852240229
22,6,relaxed-1,relaxed,False,scary,scary-1,False,1,5.0,87.73841676240633,15,3.38335810914802,9.390489599999999,-1.9272829999999956,5.10738484270734,2.219807340324118
22,6,relaxed-1,relaxed,False,scary,scary-1,False,2,15.0,87.7983262178042,15,3.4432675645458914,9.257434799999999,-2.0603377999999957,5.10738484270734,2.219807340324118
22,6,relaxed-1,relaxed,False,scary,scary-1,False,3,25.0,82.47451021955557,13,-1.8805484337027423,9.122003999999999,-2.1957685999999956,5.10738484270734,2.219807340324118
22,6,relaxed-1,relaxed,False,scary,scary-1,False,4,35.0,82.78253492436987,14,-1.5725237288884415,8.9861832,-2.331589399999995,5.10738484270734,2.219807340324118
22,6,relaxed-1,relaxed,False,scary,scary-1,False,5,45.0,84.29824481636057,14,-0.05681383689774577,8.840313599999998,-2.477458999999996,5.10738484270734,2.219807340324118
22,6,relaxed-1,relaxed,False,scary,scary-1,False,6,55.0,90.77859500221385,15,6.423536348955537,8.712175199999999,-2.6055973999999953,5.10738484270734,2.219807340324118
22,6,relaxed-1,relaxed,False,scary,scary-1,False,7,65.0,81.53818043845142,14,-2.8168782148068914,8.576555999999998,-2.741216599999996,5.10738484270734,2.219807340324118
22,6,relaxed-1,relaxed,False,scary,scary-1,False,8,75.0,84.99413792243125,14,0.6390792691729388,8.444875199999997,-2.8728973999999976,5.10738484270734,2.219807340324118
22,6,relaxed-1,relaxed,False,scary,scary-1,False,9,85.0,90.98946997264483,15,6.6344113193865155,8.315951999999998,-3.0018205999999967,5.10738484270734,2.219807340324118
22,6,relaxed-1,relaxed,False,scary,scary-1,False,10,95.0,86.75292487792504,14,2.3978662246667284,8.232173999999997,-3.0855985999999973,5.10738484270734,2.219807340324118
22,6,relaxed-1,relaxed,False,scary,scary-1,False,11,105.0,79.75821212095865,13,-4.596846532299665,8.129863199999997,-3.187909399999997,5.10738484270734,2.219807340324118
22,6,relaxed-1,relaxed,False,scary,scary-1,False,12,115.0,86.42098543926701,15,2.0659267860087027,8.014742399999994,-3.3030302000000002,5.10738484270734,2.219807340324118
22,7,boring-1,boring,False,relaxed,relaxed-1,False,1,5.0,84.262595886499,14,-0.9610158087297975,7.209280799999999,-1.0764129999999978,5.0,5.043356720686368
22,7,boring-1,boring,False,relaxed,relaxed-1,False,2,15.0,95.3806040513469,16,10.156992356118096,7.387685999999995,-0.898007800000002,5.0,5.043356720686368
22,7,boring-1,boring,False,relaxed,relaxed-1,False,3,25.0,86.60009975831703,15,1.3764880630882317,7.426907999999996,-0.8587858000000015,5.0,5.043356720686368
22,7,boring-1,boring,False,relaxed,relaxed-1,False,4,35.0,91.20770833437942,15,5.984096639150621,7.401676799999999,-0.8840169999999983,5.0,5.043356720686368
22,7,boring-1,boring,False,relaxed,relaxed-1,False,5,45.0,83.7240365080072,14,-1.4995751872215948,7.369547999999997,-0.9161457999999998,5.0,5.043356720686368
22,7,boring-1,boring,False,relaxed,relaxed-1,False,6,55.0,87.63206625989105,14,2.40845456466225,7.438540799999997,-0.8471530000000005,5.0,5.043356720686368
22,7,boring-1,boring,False,relaxed,relaxed-1,False,7,65.0,82.95046303868357,14,-2.2731486565452315,7.4631839999999965,-0.8225098000000006,5.0,5.043356720686368
22,7,boring-1,boring,False,relaxed,relaxed-1,False,8,75.0,90.45620984210588,15,5.232598146877081,7.402463999999997,-0.8832298000000005,5.0,5.043356720686368
22,7,boring-1,boring,False,relaxed,relaxed-1,False,9,85.0,81.83585678973189,14,-3.387754905496905,7.3768416000000006,-0.9088521999999966,5.0,5.043356720686368
22,7,boring-1,boring,False,relaxed,relaxed-1,False,10,95.0,83.46059379565453,13,-1.7630178995742654,7.322433599999995,-0.9632602000000023,5.0,5.043356720686368
22,7,boring-1,boring,False,relaxed,relaxed-1,False,11,105.0,83.75283498124229,14,-1.4707767139865098,7.265267999999996,-1.0204258000000008,5.0,5.043356720686368
22,7,boring-1,boring,False,relaxed,relaxed-1,False,12,115.0,86.12950109198775,15,0.9058893967589512,7.2278112,-1.0578825999999975,5.0,5.043356720686368
22,8,amusing-1,amusing,True,boring,boring-1,True,1,5.0,90.55613297429538,15,5.693526495588074,8.200041599999997,0.8570412000000012,7.298829361296472,5.509152335557674
22,8,amusing-1,amusing,True,boring,boring-1,True,2,15.0,89.58295247387262,15,4.720345995165317,8.155492799999996,0.8124924,7.298829361296472,5.509152335557674
22,8,amusing-1,amusing,True,boring,boring-1,True,3,25.0,85.98932653298672,14,1.1267200542794171,8.073881999999998,0.7308816000000018,7.298829361296472,5.509152335557674
22,8,amusing-1,amusing,True,boring,boring-1,True,4,35.0,86.17679372545447,15,1.3141872467471671,8.030512799999997,0.687512400000001,7.298829361296472,5.509152335557674
22,8,amusing-1,amusing,True,boring,boring-1,True,5,45.0,79.52621088500005,13,-5.336395593707252,7.958757599999997,0.6157572000000009,7.298829361296472,5.509152335557674
22,8,amusing-1,amusing,True,boring,boring-1,True,6,55.0,80.11045182094459,13,-4.752154657762716,7.868080799999999,0.5250804000000029,7.298829361296472,5.509152335557674
22,8,amusing-1,amusing,True,boring,boring-1,True,7,65.0,82.12319127035826,14,-2.739415208349044,7.763800799999997,0.42080040000000096,7.298829361296472,5.509152335557674
22,8,amusing-1,amusing,True,boring,boring-1,True,8,75.0,86.3260276975114,14,1.4634212188041005,7.672331999999997,0.3293316000000015,7.298829361296472,5.509152335557674
22,8,amusing-1,amusing,True,boring,boring-1,True,9,85.0,85.58619196743346,14,0.7235854887261581,7.576725599999999,0.23372520000000296,7.298829361296472,5.509152335557674
22,8,amusing-1,amusing,True,boring,boring-1,True,10,95.0,83.51178193102926,14,-1.3508245476780445,7.481116799999998,0.13811640000000214,7.298829361296472,5.509152335557674
22,8,amusing-1,amusing,True,boring,boring-1,True,11,105.0,87.78206359193051,15,2.919457113223203,7.4186327999999975,0.07563240000000171,7.298829361296472,5.509152335557674
22,8,amusing-1,amusing,True,boring,boring-1,True,12,115.0,88.60881361917016,15,3.7462071404628574,7.380346666666662,0.03734626666666596,7.298829361296472,5.509152335557674
23,1,scary-1,scary,True,,,False,1,5.0,84.88917429014256,14,1.7570750772221686,16.229630399999998,-0.0908801999999973,4.809189704480459,7.412020591039086
23,1,scary-1,scary,True,,,False,2,15.0,80.08877447827004,13,-3.043324734650355,16.066413599999997,-0.254096999999998,4.809189704480459,7.412020591039086
23,1,scary-1,scary,True,,,False,3,25.0,78.21790999108056,13,-4.914189221839834,16.207952399999996,-0.11255819999999872,4.809189704480459,7.412020591039086
23,1,scary-1,scary,True,,,False,4,35.0,79.12686704262987,13,-4.005232170290526,16.1222016,-0.19830899999999474,4.809189704480459,7.412020591039086
23,1,scary-1,scary,True,,,False,5,45.0,79.82060385885119,13,-3.3114953540692085,15.9380832,-0.38242739999999564,4.809189704480459,7.412020591039086
23,1,scary-1,scary,True,,,False,6,55.0,83.50006769519457,14,0.3679684822741791,15.819806399999994,-0.5007042000000013,4.809189704480459,7.412020591039086
23,1,scary-1,scary,True,,,False,7,65.0,89.81884503943294,15,6.686745826512549,15.960549599999997,-0.3599609999999984,4.809189704480459,7.412020591039086
23,1,scary-1,scary,True,,,False,8,75.0,79.47930831864761,13,-3.6527908942727834,15.755536799999998,-0.5649737999999971,4.809189704480459,7.412020591039086
23,1,scary-1,scary,True,,,False,9,85.0,80.20514325172879,13,-2.9269559611916094,15.568665599999997,-0.7518449999999977,4.809189704480459,7.412020591039086
23,1,scary-1,scary,True,,,False,10,95.0,84.58833036523313,15,1.4562311523127391,15.535943999999995,-0.7845665999999998,4.809189704480459,7.412020591039086
23,1,scary-1,scary,True,,,False,11,105.0,80.66213530785944,13,-2.4699639050609505,15.5351544,-0.7853561999999954,4.809189704480459,7.412020591039086
23,1,scary-1,scary,True,,,False,12,115.0,86.69464958833449,14,3.562550375414091,15.634697999999997,-0.6858125999999984,4.809189704480459,7.412020591039086
23,2,amusing-1,amusing,True,scary,scary-1,False,1,5.0,84.58238478258922,15,0.7951756895321012,16.473086399999993,0.8079949999999947,7.4528071496663495,5.039588274547188
23,2,amusing-1,amusing,True,scary,scary-1,False,2,15.0,92.82897544133702,15,9.041766348279907,16.616793599999998,0.9517021999999997,7.4528071496663495,5.039588274547188
23,2,amusing-1,amusing,True,scary,scary-1,False,3,25.0,75.86276202580561,13,-7.924447067251506,16.114704,0.4496126000000018,7.4528071496663495,5.039588274547188
23,2,amusing-1,amusing,True,scary,scary-1,False,4,35.0,80.18741890441692,13,-3.599790188640199,15.830447999999995,0.1653565999999973,7.4528071496663495,5.039588274547188
23,2,amusing-1,amusing,True,scary,scary-1,False,5,45.0,77.53900242726004,13,-6.2482066657970705,15.838331999999998,0.17324059999999974,7.4528071496663495,5.039588274547188
23,2,amusing-1,amusing,True,scary,scary-1,False,6,55.0,79.70555712160548,13,-4.081651971451635,15.7153272,0.05023580000000294,7.4528071496663495,5.039588274547188
23,2,amusing-1,amusing,True,scary,scary-1,False,7,65.0,83.30556159808216,14,-0.4816474949749505,15.820987199999996,0.15589579999999792,7.4528071496663495,5.039588274547188
23,2,amusing-1,amusing,True,scary,scary-1,False,8,75.0,83.24102621163026,13,-0.5461828814268586,15.693643199999997,0.028551799999998906,7.4528071496663495,5.039588274547188
23,2,amusing-1,amusing,True,scary,scary-1,False,9,85.0,84.59636797457172,14,0.8091588815146054,15.525686399999998,-0.139405,7.4528071496663495,5.039588274547188
23,2,amusing-1,amusing,True,scary,scary-1,False,10,95.0,81.5566558777712,14,-2.2305532152859087,15.561175200000003,-0.10391619999999513,7.4528071496663495,5.039588274547188
23,2,amusing-1,amusing,True,scary,scary-1,False,11,105.0,78.65317504314618,13,-5.134034049910937,15.460634399999998,-0.20445699999999967,7.4528071496663495,5.039588274547188
23,2,amusing-1,amusing,True,scary,scary-1,False,12,115.0,84.37585080184276,14,0.5886417087856444,15.387705599999999,-0.27738579999999935,7.4528071496663495,5.039588274547188
23,3,boring-1,boring,False,amusing,amusing-1,False,1,5.0,82.39005124193538,14,-0.2722258781114846,15.619523999999995,0.04455199999999593,3.7485905034576636,3.2830654453516805
23,3,boring-1,boring,False,amusing,amusing-1,False,2,15.0,80.7530463770297,14,-1.9092307430171616,15.505782,-0.06918999999999897,3.7485905034576636,3.2830654453516805
23,3,boring-1,boring,False,amusing,amusing-1,False,3,25.0,81.58512888461541,13,-1.0771482354314514,15.312400799999997,-0.2625712000000018,3.7485905034576636,3.2830654453516805
23,3,boring-1,boring,False,amusing,amusing-1,False,4,35.0,81.88591418157888,13,-0.7763629384679831,15.233944799999994,-0.3410272000000045,3.7485905034576636,3.2830654453516805
23,3,boring-1,boring,False,amusing,amusing-1,False,5,45.0,78.24528391108623,13,-4.416993208960633,15.290716799999998,-0.2842552000000005,3.7485905034576636,3.2830654453516805
23,3,boring-1,boring,False,amusing,amusing-1,False,6,55.0,77.53625587250879,13,-5.126021247538077,15.155486400000001,-0.419485599999998,3.7485905034576636,3.2830654453516805
23,3,boring-1,boring,False,amusing,amusing-1,False,7,65.0,76.90714817960614,13,-5.755128940440727,15.0644112,-0.5105607999999986,3.7485905034576636,3.2830654453516805
23,3,boring-1,boring,False,amusing,amusing-1,False,8,75.0,81.99372194273076,14,-0.668555177316108,15.1594248,-0.4155471999999989,3.7485905034576636,3.2830654453516805
23,3,boring-1,boring,False,amusing,amusing-1,False,9,85.0,79.02276670979646,13,-3.6395104102504092,15.019464,-0.5555079999999997,3.7485905034576636,3.2830654453516805
23,3,boring-1,boring,False,amusing,amusing-1,False,10,95.0,75.08651040384738,12,-7.575766716199482,15.0025128,-0.5724591999999991,3.7485905034576636,3.2830654453516805
23,3,boring-1,boring,False,amusing,amusing-1,False,11,105.0,75.90788607459987,13,-6.754391045446994,15.249316799999999,-0.3256551999999999,3.7485905034576636,3.2830654453516805
23,3,boring-1,boring,False,amusing,amusing-1,False,12,115.0,82.89473318548637,13,0.23245606543950714,15.115267199999996,-0.4597048000000026,3.7485905034576636,3.2830654453516805
23,4,relaxed-1,relaxed,False,boring,boring-1,False,1,5.0,80.42529263864574,13,1.7012775618796638,15.473253599999998,0.3715207999999972,2.8440781696854147,2.959059675881792
23,4,relaxed-1,relaxed,False,boring,boring-1,False,2,15.0,79.97373408714573,13,1.2497190103796498,15.603357599999999,0.5016247999999983,2.8440781696854147,2.959059675881792
23,4,relaxed-1,relaxed,False,boring,boring-1,False,3,25.0,80.48936514929994,14,1.7653500725338631,15.454324799999995,0.35259199999999424,2.8440781696854147,2.959059675881792
23,4,relaxed-1,relaxed,False,boring,boring-1,False,4,35.0,78.02026023571851,12,-0.7037548410475694,15.335265599999996,0.23353279999999543,2.8440781696854147,2.959059675881792
23,4,relaxed-1,relaxed,False,boring,boring-1,False,5,45.0,78.17695276656195,14,-0.5470623102041259,15.155088000000001,0.05335520000000038,2.8440781696854147,2.959059675881792
23,4,relaxed-1,relaxed,False,boring,boring-1,False,6,55.0,77.63017289238707,12,-1.0938421843790138,15.200035199999997,0.09830239999999613,2.8440781696854147,2.959059675881792
23,4,relaxed-1,relaxed,False,boring,boring-1,False,7,65.0,80.02711328698082,14,1.303098210214742,15.172240799999997,0.07050799999999668,2.8440781696854147,2.959059675881792
23,4,relaxed-1,relaxed,False,boring,boring-1,False,8,75.0,76.70376085490862,12,-2.0202542218574564,15.059680799999995,-0.04205200000000531,2.8440781696854147,2.959059675881792
23,4,relaxed-1,relaxed,False,boring,boring-1,False,9,85.0,79.60440929328108,13,0.8803942165150005,14.993445599999996,-0.1082872000000048,2.8440781696854147,2.959059675881792
23,4,relaxed-1,relaxed,False,boring,boring-1,False,10,95.0,78.62222850238271,13,-0.10178657438336813,14.960721599999994,-0.14101120000000655,2.8440781696854147,2.959059675881792
23,4,relaxed-1,relaxed,False,boring,boring-1,False,11,105.0,83.3480749130247,14,4.624059836258624,15.040952399999995,-0.06078040000000584,2.8440781696854147,2.959059675881792
23,4,relaxed-1,relaxed,False,boring,boring-1,False,12,115.0,91.54972723784145,16,12.825712161075373,14.979645599999994,-0.12208720000000639,2.8440781696854147,2.959059675881792
23,5,scary-2,scary,True,relaxed,relaxed-1,False,1,5.0,82.40702838824298,14,0.3406906783884267,16.244419199999996,1.2099713999999988,3.473896282173498,7.753950810295518
23,5,scary-2,scary,True,relaxed,relaxed-1,False,2,15.0,79.43763040526568,13,-2.628707304588872,15.864748799999996,0.8303009999999986,3.473896282173498,7.753950810295518
23,5,scary-2,scary,True,relaxed,relaxed-1,False,3,25.0,75.13432327619779,12,-6.932014433656761,15.590740799999992,0.5562929999999948,3.473896282173498,7.753950810295518
23,5,scary-2,scary,True,relaxed,relaxed-1,False,4,35.0,76.1273312217569,13,-5.939006488097647,15.481535999999997,0.4470881999999996,3.473896282173498,7.753950810295518
23,5,scary-2,scary,True,relaxed,relaxed-1,False,5,45.0,78.16052612558309,13,-3.9058115842714614,15.472468800000001,0.43802100000000443,3.473896282173498,7.753950810295518
23,5,scary-2,scary,True,relaxed,relaxed-1,False,6,55.0,78.24864953132425,13,-3.817688178530304,15.677872799999994,0.643424999999997,3.473896282173498,7.753950810295518
23,5,scary-2,scary,True,relaxed,relaxed-1,False,7,65.0,82.41966470052606,14,0.35332699067150486,15.326983199999995,0.29253539999999845,3.473896282173498,7.753950810295518
23,5,scary-2,scary,True,relaxed,relaxed-1,False,8,75.0,78.62456094155321,13,-3.441776768301338,15.181703999999996,0.14725619999999928,3.473896282173498,7.753950810295518
23,5,scary-2,scary,True,relaxed,relaxed-1,False,9,85.0,78.08022524852367,13,-3.986112461330876,15.032279999999997,-0.002167800000000497,3.473896282173498,7.753950810295518
23,5,scary-2,scary,True,relaxed,relaxed-1,False,10,95.0,78.61237393241832,13,-3.453963777436229,15.040754399999997,0.006306600000000273,3.473896282173498,7.753950810295518
23,5,scary-2,scary,True,relaxed,relaxed-1,False,11,105.0,82.59769514487799,14,0.5313574350234376,15.0636192,0.029171400000002734,3.473896282173498,7.753950810295518
23,5,scary-2,scary,True,relaxed,relaxed-1,False,12,115.0,80.86619898736535,13,-1.2001387224892,14.997386399999996,-0.03706140000000069,3.473896282173498,7.753950810295518
23,6,relaxed-2,relaxed,False,scary,scary-2,False,1,5.0,83.1039736130753,13,2.8461397847772503,14.691839999999996,-0.41528120000000257,5.072919733079123,3.463191229742612
23,6,relaxed-2,relaxed,False,scary,scary-2,False,2,15.0,80.63157318239143,14,0.373739354093388,14.723378399999998,-0.3837428000000003,5.072919733079123,3.463191229742612
23,6,relaxed-2,relaxed,False,scary,scary-2,False,3,25.0,81.66040307108841,13,1.4025692427903635,14.533348799999999,-0.5737723999999993,5.072919733079123,3.463191229742612
23,6,relaxed-2,relaxed,False,scary,scary-2,False,4,35.0,86.0289900736433,14,5.771156245345253,15.103437600000001,-0.0036835999999969005,5.072919733079123,3.463191229742612
23,6,relaxed-2,relaxed,False,scary,scary-2,False,5,45.0,84.21967009780292,14,3.9618362695048717,14.824701600000001,-0.2824195999999972,5.072919733079123,3.463191229742612
23,6,relaxed-2,relaxed,False,scary,scary-2,False,6,55.0,85.29790777721487,14,5.040073948916827,14.750387999999996,-0.3567332000000025,5.072919733079123,3.463191229742612
23,6,relaxed-2,relaxed,False,scary,scary-2,False,7,65.0,81.90769955533703,14,1.6498657270389856,14.696570399999995,-0.4105508000000029,5.072919733079123,3.463191229742612
23,6,relaxed-2,relaxed,False,scary,scary-2,False,8,75.0,82.47744821904972,14,2.2196143907516728,14.675871599999997,-0.431249600000001,5.072919733079123,3.463191229742612
23,6,relaxed-2,relaxed,False,scary,scary-2,False,9,85.0,85.53532108869929,14,5.277487260401244,14.870039999999994,-0.237081200000004,5.072919733079123,3.463191229742612
23,6,relaxed-2,relaxed,False,scary,scary-2,False,10,95.0,78.13534691088593,13,-2.122486917412118,14.910256799999996,-0.1968644000000026,5.072919733079123,3.463191229742612
23,6,relaxed-2,relaxed,False,scary,scary-2,False,11,105.0,81.29707413746911,13,1.0392403091710634,14.903159999999996,-0.20396120000000195,5.072919733079123,3.463191229742612
23,6,relaxed-2,relaxed,False,scary,scary-2,False,12,115.0,81.51236805485385,14,1.2545342265558048,14.8554576,-0.25166359999999877,5.072919733079123,3.463191229742612
23,7,boring-2,boring,False,relaxed,relaxed-2,False,1,5.0,79.3137754550882,13,-2.548190282470017,14.954213999999997,0.13565459999999874,2.834247800990211,3.078286276300984
23,7,boring-2,boring,False,relaxed,relaxed-2,False,2,15.0,80.65770089388121,13,-1.2042648436770094,15.655399199999996,0.8368397999999981,2.834247800990211,3.078286276300984
23,7,boring-2,boring,False,relaxed,relaxed-2,False,3,25.0,80.96361336169191,14,-0.8983523758663097,15.131629199999997,0.3130697999999992,2.834247800990211,3.078286276300984
23,7,boring-2,boring,False,relaxed,relaxed-2,False,4,35.0,81.48143397281004,13,-0.3805317647481843,15.736617599999999,0.9180582000000008,2.834247800990211,3.078286276300984
23,7,boring-2,boring,False,relaxed,relaxed-2,False,5,45.0,76.22234963065482,13,-5.639616106903404,15.1767696,0.35821020000000203,2.834247800990211,3.078286276300984
23,7,boring-2,boring,False,relaxed,relaxed-2,False,6,55.0,75.09128860653517,12,-6.770677131023049,15.1091544,0.2905950000000015,2.834247800990211,3.078286276300984
23,7,boring-2,boring,False,relaxed,relaxed-2,False,7,65.0,82.92600348888702,14,1.0640377513287973,15.159626400000002,0.34106700000000423,2.834247800990211,3.078286276300984
23,7,boring-2,boring,False,relaxed,relaxed-2,False,8,75.0,78.26289471212904,13,-3.5990710254291827,15.177561599999995,0.3590021999999973,2.834247800990211,3.078286276300984
23,7,boring-2,boring,False,relaxed,relaxed-2,False,9,85.0,80.46830630527892,13,-1.393659432279307,15.063227999999999,0.24466860000000068,2.834247800990211,3.078286276300984
23,7,boring-2,boring,False,relaxed,relaxed-2,False,10,95.0,80.09319463609609,14,-1.7687711014621357,15.0588912,0.24033180000000165,2.834247800990211,3.078286276300984
23,7,boring-2,boring,False,relaxed,relaxed-2,False,11,105.0,76.93103151614929,12,-4.930934221408933,15.043907999999998,0.22534860000000023,2.834247800990211,3.078286276300984
23,7,boring-2,boring,False,relaxed,relaxed-2,False,12,115.0,77.5874607163552,13,-4.2745050212030264,14.8377144,0.019155000000001365,2.834247800990211,3.078286276300984
23,8,amusing-2,amusing,True,boring,boring-2,True,1,5.0,77.53881042172387,13,-1.9242750780543219,16.075083599999996,1.0182619999999964,8.417046043851288,5.159900571973308
23,8,amusing-2,amusing,True,boring,boring-2,True,2,15.0,73.25684072760815,12,-6.206244772170038,15.772883999999996,0.7160623999999967,8.417046043851288,5.159900571973308
23,8,amusing-2,amusing,True,boring,boring-2,True,3,25.0,74.14869278542237,13,-5.314392714355819,15.467342399999996,0.4105207999999969,8.417046043851288,5.159900571973308
23,8,amusing-2,amusing,True,boring,boring-2,True,4,35.0,77.02558296933103,12,-2.437502530447162,15.347488799999997,0.2906671999999979,8.417046043851288,5.159900571973308
23,8,amusing-2,amusing,True,boring,boring-2,True,5,45.0,84.96494433803265,15,5.5018588382544635,15.5862096,0.5293880000000009,8.417046043851288,5.159900571973308
23,8,amusing-2,amusing,True,boring,boring-2,True,6,55.0,83.8175090960996,13,4.354423596321411,15.610456799999998,0.5536351999999987,8.417046043851288,5.159900571973308
23,8,amusing-2,amusing,True,boring,boring-2,True,7,65.0,75.49366171643977,13,-3.9694237833384136,15.037598399999998,-0.019223200000000773,8.417046043851288,5.159900571973308
23,8,amusing-2,amusing,True,boring,boring-2,True,8,75.0,74.63729205012827,12,-4.825793449649922,15.0441072,-0.012714400000000126,8.417046043851288,5.159900571973308
23,8,amusing-2,amusing,True,boring,boring-2,True,9,85.0,78.9728589372811,14,-0.4902265624970852,14.965848,-0.09097359999999988,8.417046043851288,5.159900571973308
23,8,amusing-2,amusing,True,boring,boring-2,True,10,95.0,81.03227122393407,13,1.5691857241558864,15.769144799999992,0.712323199999993,8.417046043851288,5.159900571973308
23,8,amusing-2,amusing,True,boring,boring-2,True,11,105.0,78.83242036769707,13,-0.6306651320811199,15.188212800000002,0.13139120000000304,8.417046043851288,5.159900571973308
23,8,amusing-2,amusing,True,boring,boring-2,True,12,115.0,74.67962418875226,12,-4.783461311025931,15.138839999999997,0.08201839999999727,8.417046043851288,5.159900571973308
24,1,relaxed-2,relaxed,False,,,False,1,5.0,73.0718838450306,12,3.763669507662314,5.5415879999999955,-0.45911040000000014,6.75644787692485,5.622885603279478
24,1,relaxed-2,relaxed,False,,,False,2,15.0,85.68653281240371,14,16.378318475035428,5.659466399999998,-0.341231999999998,6.75644787692485,5.622885603279478
24,1,relaxed-2,relaxed,False,,,False,3,25.0,80.01310320890268,13,10.704888871534394,5.786224799999999,-0.21447359999999627,6.75644787692485,5.622885603279478
24,1,relaxed-2,relaxed,False,,,False,4,35.0,82.36906790338882,14,13.06085356602054,5.7901631999999985,-0.21053519999999715,6.75644787692485,5.622885603279478
24,1,relaxed-2,relaxed,False,,,False,5,45.0,73.63598783096788,12,4.327773493599594,5.836096799999998,-0.16460159999999746,6.75644787692485,5.622885603279478
24,1,relaxed-2,relaxed,False,,,False,6,55.0,73.96407856768407,12,4.655864230315785,5.922830399999998,-0.07786799999999783,6.75644787692485,5.622885603279478
24,1,relaxed-2,relaxed,False,,,False,7,65.0,64.97296754887644,11,-4.335246788491844,6.382729199999996,0.3820308000000008,6.75644787692485,5.622885603279478
24,1,relaxed-2,relaxed,False,,,False,8,75.0,73.60739088212311,12,4.299176544754829,6.407373599999997,0.40667520000000135,6.75644787692485,5.622885603279478
24,1,relaxed-2,relaxed,False,,,False,9,85.0,77.33988800715362,13,8.031673669785334,6.4215575999999945,0.4208591999999989,6.75644787692485,5.622885603279478
24,1,relaxed-2,relaxed,False,,,False,10,95.0,76.93138617793831,13,7.6231718405700235,6.4223519999999965,0.42165360000000085,6.75644787692485,5.622885603279478
24,1,relaxed-2,relaxed,False,,,False,11,105.0,76.66633688045388,12,7.358122543085599,6.726324,0.7256256000000043,6.75644787692485,5.622885603279478
24,1,relaxed-2,relaxed,False,,,False,12,115.0,75.0101056221742,13,5.70189128480591,6.921081599999996,0.9203832000000007,6.75644787692485,5.622885603279478
24,2,scary-2,scary,True,relaxed,relaxed-2,False,1,5.0,65.39293949161747,10,-8.913078260855826,8.692070399999997,2.145167399999999,3.0937638982252897,7.239406197080172
24,2,scary-2,scary,True,relaxed,relaxed-2,False,2,15.0,69.70508408981908,12,-4.600933662654214,8.860024799999998,2.3131218000000002,3.0937638982252897,7.239406197080172
24,2,scary-2,scary,True,relaxed,relaxed-2,False,3,25.0,64.16186393576244,11,-10.144153816710855,9.593137199999997,3.0462342,3.0937638982252897,7.239406197080172
24,2,scary-2,scary,True,relaxed,relaxed-2,False,4,35.0,67.33385753035668,11,-6.972160222116614,9.294095999999996,2.7471929999999984,3.0937638982252897,7.239406197080172
24,2,scary-2,scary,True,relaxed,relaxed-2,False,5,45.0,77.5473500578466,13,3.241332305373305,9.518819999999998,2.9719170000000004,3.0937638982252897,7.239406197080172
24,2,scary-2,scary,True,relaxed,relaxed-2,False,6,55.0,71.86571008464959,12,-2.440307667823703,13.212590399999996,6.665687399999999,3.0937638982252897,7.239406197080172
24,2,scary-2,scary,True,relaxed,relaxed-2,False,7,65.0,69.49441834298729,11,-4.811599409486007,12.715831199999998,6.168928200000001,3.0937638982252897,7.239406197080172
24,2,scary-2,scary,True,relaxed,relaxed-2,False,8,75.0,72.64257001952812,12,-1.6634477329451727,12.157171199999997,5.610268199999999,3.0937638982252897,7.239406197080172
24,2,scary-2,scary,True,relaxed,relaxed-2,False,9,85.0,80.72621268060011,14,6.4201949281268185,11.857144799999995,5.310241799999997,3.0937638982252897,7.239406197080172
24,2,scary-2,scary,True,relaxed,relaxed-2,False,10,95.0,74.40914007982627,12,0.10312232735297755,12.109862399999999,5.562959400000001,3.0937638982252897,7.239406197080172
24,2,scary-2,scary,True,relaxed,relaxed-2,False,11,105.0,71.54417509267516,12,-2.761842659798134,11.631239999999995,5.084336999999997,3.0937638982252897,7.239406197080172
24,2,scary-2,scary,True,relaxed,relaxed-2,False,12,115.0,71.40740403274623,12,-2.8986137197270665,11.666323199999997,5.1194201999999995,3.0937638982252897,7.239406197080172
24,3,boring-2,boring,False,scary,scary-2,False,1,5.0,70.3274580451938,12,-3.2978166123208865,8.430283199999995,-3.592645599999999,5.018017159199238,2.0548818826410975
24,3,boring-2,boring,False,scary,scary-2,False,2,15.0,71.0242018002909,12,-2.601072857223784,8.249719199999998,-3.773209599999996,5.018017159199238,2.0548818826410975
24,3,boring-2,boring,False,scary,scary-2,False,3,25.0,69.06561917592408,11,-4.559655481590596,8.066587199999995,-3.9563415999999982,5.018017159199238,2.0548818826410975
24,3,boring-2,boring,False,scary,scary-2,False,4,35.0,69.94051385613018,12,-3.684760801384499,7.893311999999999,-4.129616799999995,5.018017159199238,2.0548818826410975
24,3,boring-2,boring,False,scary,scary-2,False,5,45.0,69.41682472687808,12,-4.208449930636604,7.729699199999996,-4.293229599999997,5.018017159199238,2.0548818826410975
24,3,boring-2,boring,False,scary,scary-2,False,6,55.0,70.05003877509363,11,-3.5752358824210546,7.565289599999997,-4.4576391999999965,5.018017159199238,2.0548818826410975
24,3,boring-2,boring,False,scary,scary-2,False,7,65.0,72.68229481319939,12,-0.942979844315289,7.411922399999997,-4.611006399999996,5.018017159199238,2.0548818826410975
24,3,boring-2,boring,False,scary,scary-2,False,8,75.0,71.11397594701313,12,-2.511298710501549,7.269010799999998,-4.753917999999995,5.018017159199238,2.0548818826410975
24,3,boring-2,boring,False,scary,scary-2,False,9,85.0,63.95547995559501,10,-9.66979470191967,7.145015999999998,-4.877912799999995,5.018017159199238,2.0548818826410975
24,3,boring-2,boring,False,scary,scary-2,False,10,95.0,69.12067370995993,12,-4.504600947554749,7.016097599999997,-5.006831199999997,5.018017159199238,2.0548818826410975
24,3,boring-2,boring,False,scary,scary-2,False,11,105.0,70.63457106975414,12,-2.9907035877605352,6.895850399999998,-5.127078399999996,5.018017159199238,2.0548818826410975
24,3,boring-2,boring,False,scary,scary-2,False,12,115.0,75.8804890615598,12,2.2552144040451196,6.787430399999995,-5.235498399999998,5.018017159199238,2.0548818826410975
24,4,amusing-2,amusing,True,boring,boring-2,False,1,5.0,73.40314295016799,12,2.649730739113892,12.762947999999998,5.6753934,7.381415443279314,5.124003241182078
24,4,amusing-2,amusing,True,boring,boring-2,False,2,15.0,76.16905205673348,12,5.4156398456793795,13.9423584,6.854803800000002,7.381415443279314,5.124003241182078
24,4,amusing-2,amusing,True,boring,boring-2,False,3,25.0,70.23631836113752,12,-0.5170938499165771,13.201552799999996,6.113998199999998,7.381415443279314,5.124003241182078
24,4,amusing-2,amusing,True,boring,boring-2,False,4,35.0,73.84349768990597,12,3.0900854788518757,12.711695999999998,5.6241414,7.381415443279314,5.124003241182078
24,4,amusing-2,amusing,True,boring,boring-2,False,5,45.0,73.95261278216442,13,3.1992005711103246,12.964809599999995,5.877254999999997,7.381415443279314,5.124003241182078
24,4,amusing-2,amusing,True,boring,boring-2,False,6,55.0,69.85713797633429,11,-0.8962742347198116,12.589276799999999,5.501722200000001,7.381415443279314,5.124003241182078
24,4,amusing-2,amusing,True,boring,boring-2,False,7,65.0,69.87262576736069,12,-0.8807864436934096,12.411074399999999,5.323519800000001,7.381415443279314,5.124003241182078
24,4,amusing-2,amusing,True,boring,boring-2,False,8,75.0,74.76679548455789,12,4.013383273503791,12.445178399999998,5.3576238,7.381415443279314,5.124003241182078
24,4,amusing-2,amusing,True,boring,boring-2,False,9,85.0,76.24821866100473,13,5.49480644995063,12.858551999999998,5.7709974,7.381415443279314,5.124003241182078
24,4,amusing-2,amusing,True,boring,boring-2,False,10,95.0,74.26672934013135,12,3.513317129077251,12.426451199999997,5.338896599999999,7.381415443279314,5.124003241182078
24,4,amusing-2,amusing,True,boring,boring-2,False,11,105.0,78.17639077695023,13,7.4229785658961305,13.086436799999998,5.9988822,7.381415443279314,5.124003241182078
24,4,amusing-2,amusing,True,boring,boring-2,False,12,115.0,79.3315163059407,13,8.578104094886598,12.452865599999996,5.3653109999999975,7.381415443279314,5.124003241182078
24,5,relaxed-1,relaxed,False,amusing,amusing-2,False,1,5.0,79.12899135110668,13,3.5862787941034355,10.223748,-2.3896783999999958,5.828498474737845,3.0271170638703526
24,5,relaxed-1,relaxed,False,amusing,amusing-2,False,2,15.0,80.29918207501356,13,4.75646951801032,10.148049599999998,-2.465376799999998,5.828498474737845,3.0271170638703526
24,5,relaxed-1,relaxed,False,amusing,amusing-2,False,3,25.0,77.92424532872332,13,2.3815327717200745,10.018737599999998,-2.5946887999999984,5.828498474737845,3.0271170638703526
24,5,relaxed-1,relaxed,False,amusing,amusing-2,False,4,35.0,86.73918497116034,15,11.1964724141571,9.879568799999996,-2.7338576000000003,5.828498474737845,3.0271170638703526
24,5,relaxed-1,relaxed,False,amusing,amusing-2,False,5,45.0,89.8734486361317,15,14.330736079128457,9.770351999999995,-2.843074400000001,5.828498474737845,3.0271170638703526
24,5,relaxed-1,relaxed,False,amusing,amusing-2,False,6,55.0,73.59449434297908,12,-1.9482182140241662,9.651091199999998,-2.9623351999999983,5.828498474737845,3.0271170638703526
24,5,relaxed-1,relaxed,False,amusing,amusing-2,False,7,65.0,82.74962403488021,14,7.206911477876972,9.518037599999998,-3.0953887999999985,5.828498474737845,3.0271170638703526
24,5,relaxed-1,relaxed,False,amusing,amusing-2,False,8,75.0,83.80779599294564,13,8.265083435942401,9.373145999999997,-3.2402803999999996,5.828498474737845,3.0271170638703526
24,5,relaxed-1,relaxed,False,amusing,amusing-2,False,9,85.0,74.11335576784013,13,-1.4293567891631085,9.248555999999997,-3.364870399999999,5.828498474737845,3.0271170638703526
24,5,relaxed-1,relaxed,False,amusing,amusing-2,False,10,95.0,78.19434163952782,12,2.651629082524579,9.158673599999997,-3.4547527999999996,5.828498474737845,3.0271170638703526
24,5,relaxed-1,relaxed,False,amusing,amusing-2,False,11,105.0,79.97681769902188,14,4.4341051420186375,9.036260399999994,-3.577166000000002,5.828498474737845,3.0271170638703526
24,5,relaxed-1,relaxed,False,amusing,amusing-2,False,12,115.0,81.21636523193,13,5.673652674926757,8.901419999999998,-3.712006399999998,5.828498474737845,3.0271170638703526
24,6,boring-1,boring,False,relaxed,relaxed-1,False,1,5.0,74.68388231929269,12,-5.383079767470207,7.4485895999999965,-1.7574260000000006,3.7445607948423736,3.683553682575503
24,6,boring-1,boring,False,relaxed,relaxed-1,False,2,15.0,78.76536460594922,13,-1.3015974808136832,7.357522799999998,-1.848492799999999,3.7445607948423736,3.683553682575503
24,6,boring-1,boring,False,relaxed,relaxed-1,False,3,25.0,76.76100121395542,13,-3.305960872807475,7.265661599999999,-1.9403539999999984,3.7445607948423736,3.683553682575503
24,6,boring-1,boring,False,relaxed,relaxed-1,False,4,35.0,81.55321293179989,14,1.4862508450369916,7.180108799999997,-2.0259068000000005,3.7445607948423736,3.683553682575503
24,6,boring-1,boring,False,relaxed,relaxed-1,False,5,45.0,82.88927539646626,13,2.822313309703361,7.2461423999999965,-1.9598732000000005,3.7445607948423736,3.683553682575503
24,6,boring-1,boring,False,relaxed,relaxed-1,False,6,55.0,75.04164760008717,13,-5.025314486675725,7.2191423999999955,-1.9868732000000016,3.7445607948423736,3.683553682575503
24,6,boring-1,boring,False,relaxed,relaxed-1,False,7,65.0,73.9844622336827,12,-6.0824998530801935,7.236088799999999,-1.9699267999999979,3.7445607948423736,3.683553682575503
24,6,boring-1,boring,False,relaxed,relaxed-1,False,8,75.0,74.26276622194942,12,-5.8041958648134795,7.216379999999999,-1.989635599999998,3.7445607948423736,3.683553682575503
24,6,boring-1,boring,False,relaxed,relaxed-1,False,9,85.0,71.2983423180872,12,-8.768619768675705,7.141077599999997,-2.0649379999999997,3.7445607948423736,3.683553682575503
24,6,boring-1,boring,False,relaxed,relaxed-1,False,10,95.0,73.04905033283687,12,-7.017911753926029,7.0598591999999964,-2.1461564000000006,3.7445607948423736,3.683553682575503
24,6,boring-1,boring,False,relaxed,relaxed-1,False,11,105.0,72.47501304987442,12,-7.591949036888479,6.988106399999998,-2.2179091999999994,3.7445607948423736,3.683553682575503
24,6,boring-1,boring,False,relaxed,relaxed-1,False,12,115.0,79.21749097360957,14,-0.8494711131533279,6.9340943999999975,-2.2719211999999995,3.7445607948423736,3.683553682575503
24,7,amusing-1,amusing,True,boring,boring-1,False,1,5.0,77.0806383997675,13,2.893064298312055,6.115622399999999,-0.9803119999999996,7.006018493803623,5.121798284080076
24,7,amusing-1,amusing,True,boring,boring-1,False,2,15.0,82.60425165001257,13,8.416677548557132,6.255585599999996,-0.8403488000000019,7.006018493803623,5.121798284080076
24,7,amusing-1,amusing,True,boring,boring-1,False,3,25.0,77.39256504720396,13,3.20499094574852,6.237448799999997,-0.8584856000000016,7.006018493803623,5.121798284080076
24,7,amusing-1,amusing,True,boring,boring-1,False,4,35.0,81.33920684724367,14,7.151632745788234,6.211034399999997,-0.8849000000000009,7.006018493803623,5.121798284080076
24,7,amusing-1,amusing,True,boring,boring-1,False,5,45.0,78.79089020628983,13,4.603316104834391,6.218128799999997,-0.8778056000000012,7.006018493803623,5.121798284080076
24,7,amusing-1,amusing,True,boring,boring-1,False,6,55.0,77.29236223865306,13,3.104788137197616,6.213789599999996,-0.8821448000000025,7.006018493803623,5.121798284080076
24,7,amusing-1,amusing,True,boring,boring-1,False,7,65.0,80.28512621748911,13,6.097552116033668,6.207875999999996,-0.888058400000002,7.006018493803623,5.121798284080076
24,7,amusing-1,amusing,True,boring,boring-1,False,8,75.0,74.95026647312392,12,0.7626923716684786,6.191320799999997,-0.9046136000000011,7.006018493803623,5.121798284080076
24,7,amusing-1,amusing,True,boring,boring-1,False,9,85.0,76.99422788844112,13,2.8066537869856774,6.1850136,-0.9109207999999986,7.006018493803623,5.121798284080076
24,7,amusing-1,amusing,True,boring,boring-1,False,10,95.0,79.82440207228562,14,5.636827970830183,6.1794936,-0.9164407999999984,7.006018493803623,5.121798284080076
24,7,amusing-1,amusing,True,boring,boring-1,False,11,105.0,76.7206696581925,12,2.5330955567370665,6.2271959999999975,-0.8687384000000007,7.006018493803623,5.121798284080076
24,7,amusing-1,amusing,True,boring,boring-1,False,12,115.0,74.95593548992792,13,0.7683613884724849,6.2279807999999965,-0.8679536000000017,7.006018493803623,5.121798284080076
24,8,scary-1,scary,True,amusing,amusing-1,True,1,5.0,76.12619195501257,13,-1.2329200882854963,11.774351999999999,5.571205200000002,2.6630602959174094,6.601662001015356
24,8,scary-1,scary,True,amusing,amusing-1,True,2,15.0,81.27501000219226,14,3.915897958894192,13.322990399999998,7.119843600000002,2.6630602959174094,6.601662001015356
24,8,scary-1,scary,True,amusing,amusing-1,True,3,25.0,68.91377317652984,11,-8.445338866768225,13.213780799999999,7.010634000000002,2.6630602959174094,6.601662001015356
24,8,scary-1,scary,True,amusing,amusing-1,True,4,35.0,79.45296658384974,13,2.093854540551675,12.726081599999997,6.522934800000001,2.6630602959174094,6.601662001015356
24,8,scary-1,scary,True,amusing,amusing-1,True,5,45.0,77.12512581862754,13,-0.23398622467053087,12.613718399999998,6.410571600000002,2.6630602959174094,6.601662001015356
24,8,scary-1,scary,True,amusing,amusing-1,True,6,55.0,74.95246535261374,12,-2.406646690684326,12.327293999999997,6.1241472,2.6630602959174094,6.601662001015356
24,8,scary-1,scary,True,amusing,amusing-1,True,7,65.0,73.25759126324485,13,-4.101520780053221,12.159933599999993,5.956786799999997,2.6630602959174094,6.601662001015356
24,8,scary-1,scary,True,amusing,amusing-1,True,8,75.0,72.57752943360715,12,-4.781582609690915,12.027465599999996,5.8243187999999995,2.6630602959174094,6.601662001015356
24,8,scary-1,scary,True,amusing,amusing-1,True,9,85.0,72.58428418925624,12,-4.774827854041831,11.910170399999997,5.7070236,2.6630602959174094,6.601662001015356
24,8,scary-1,scary,True,amusing,amusing-1,True,10,95.0,70.7257669495694,11,-6.633345093728664,11.8047072,5.601560400000003,2.6630602959174094,6.601662001015356
24,8,scary-1,scary,True,amusing,amusing-1,True,11,105.0,70.9434381276331,12,-6.415673915664968,11.707130399999997,5.503983600000001,2.6630602959174094,6.601662001015356
24,8,scary-1,scary,True,amusing,amusing-1,True,12,115.0,73.7820962525167,12,-3.577015790781374,11.618141333333332,5.414994533333336,2.6630602959174094,6.601662001015356
25,1,amusing-1,amusing,True,,,False,1,5.0,70.16326187875997,11,1.2334609877189706,6.362819999999996,-3.342746,3.608736709259634,5.934904217547199
25,1,amusing-1,amusing,True,,,False,2,15.0,71.23049869845377,12,2.3006978074127744,6.578474399999999,-3.1270915999999964,3.608736709259634,5.934904217547199
25,1,amusing-1,amusing,True,,,False,3,25.0,70.66809825883807,12,1.738297367797074,6.766535999999998,-2.939029999999998,3.608736709259634,5.934904217547199
25,1,amusing-1,amusing,True,,,False,4,35.0,71.23909186201678,12,2.3092909709757805,7.171235999999999,-2.534329999999997,3.608736709259634,5.934904217547199
25,1,amusing-1,amusing,True,,,False,5,45.0,71.26102682798911,12,2.3312259369481154,7.328347199999996,-2.3772187999999996,3.608736709259634,5.934904217547199
25,1,amusing-1,amusing,True,,,False,6,55.0,76.39279998047927,12,7.46299908943827,7.509309599999997,-2.1962563999999984,3.608736709259634,5.934904217547199
25,1,amusing-1,amusing,True,,,False,7,65.0,71.54632872204296,12,2.61652783100196,7.570809599999997,-2.1347563999999988,3.608736709259634,5.934904217547199
25,1,amusing-1,amusing,True,,,False,8,75.0,68.74707710377545,12,-0.1827237872655445,7.615756799999998,-2.0898091999999977,3.608736709259634,5.934904217547199
25,1,amusing-1,amusing,True,,,False,9,85.0,70.37730623707408,11,1.4475053460330827,7.680016799999999,-2.025549199999997,3.608736709259634,5.934904217547199
25,1,amusing-1,amusing,True,,,False,10,95.0,71.56716337834719,12,2.6373624873061914,7.711166399999996,-1.9943995999999995,3.608736709259634,5.934904217547199
25,1,amusing-1,amusing,True,,,False,11,105.0,72.99186701409697,12,4.0620661230559705,7.620487199999998,-2.085078799999998,3.608736709259634,5.934904217547199
25,1,amusing-1,amusing,True,,,False,12,115.0,71.31554440667215,12,2.385743515631148,7.519951199999997,-2.185614799999999,3.608736709259634,5.934904217547199
25,2,scary-1,scary,True,amusing,amusing-1,False,1,5.0,70.68810724247459,12,-0.4128242519906564,27.1128984,19.4932004,1.9665612964728314,8.294371782650142
25,2,scary-1,scary,True,amusing,amusing-1,False,2,15.0,68.50043656131916,11,-2.6004949331460807,27.091607999999997,19.47191,1.9665612964728314,8.294371782650142
25,2,scary-1,scary,True,amusing,amusing-1,False,3,25.0,66.52960186673005,11,-4.571329627735196,26.467889999999993,18.848191999999997,1.9665612964728314,8.294371782650142
25,2,scary-1,scary,True,amusing,amusing-1,False,4,35.0,69.77287450186545,12,-1.328056992599798,26.047808399999997,18.4281104,1.9665612964728314,8.294371782650142
25,2,scary-1,scary,True,amusing,amusing-1,False,5,45.0,67.1036435446174,11,-3.997287949847845,25.714072799999997,18.094374799999997,1.9665612964728314,8.294371782650142
25,2,scary-1,scary,True,amusing,amusing-1,False,6,55.0,66.42392061914869,11,-4.6770108753165545,25.3951152,17.7754172,1.9665612964728314,8.294371782650142
25,2,scary-1,scary,True,amusing,amusing-1,False,7,65.0,70.16787511328188,12,-0.9330563811833628,25.111247999999996,17.491549999999997,1.9665612964728314,8.294371782650142
25,2,scary-1,scary,True,amusing,amusing-1,False,8,75.0,71.80166485023544,12,0.7007333557701969,24.814766399999993,17.195068399999997,1.9665612964728314,8.294371782650142
25,2,scary-1,scary,True,amusing,amusing-1,False,9,85.0,71.80299257757959,12,0.7020610831143443,24.5157252,16.8960272,1.9665612964728314,8.294371782650142
25,2,scary-1,scary,True,amusing,amusing-1,False,10,95.0,69.37777030650646,11,-1.7231611879587803,24.278575199999995,16.6588772,1.9665612964728314,8.294371782650142
25,2,scary-1,scary,True,amusing,amusing-1,False,11,105.0,69.13328188905999,12,-1.9676496054052564,23.889837599999993,16.270139599999993,1.9665612964728314,8.294371782650142
25,2,scary-1,scary,True,amusing,amusing-1,False,12,115.0,69.28312413298282,11,-1.8178073614824228,23.446492799999998,15.8267948,1.9665612964728314,8.294371782650142
25,3,relaxed-1,relaxed,False,scary,scary-1,False,1,5.0,72.86049850639134,12,2.5727897635875365,15.799699199999997,-8.543075,5.898179807146006,2.6146902606982403
25,3,relaxed-1,relaxed,False,scary,scary-1,False,2,15.0,71.97545356880187,12,1.6877448259980667,15.329745599999999,-9.013028599999998,5.898179807146006,2.6146902606982403
25,3,relaxed-1,relaxed,False,scary,scary-1,False,3,25.0,70.28660528685799,11,-0.0011034559458096282,14.873195999999997,-9.4695782,5.898179807146006,2.6146902606982403
25,3,relaxed-1,relaxed,False,scary,scary-1,False,4,35.0,77.60055850303371,13,7.312849760229909,14.402848800000005,-9.939925399999993,5.898179807146006,2.6146902606982403
25,3,relaxed-1,relaxed,False,scary,scary-1,False,5,45.0,83.46432682202042,14,13.176618079216624,13.969171199999996,-10.373603000000001,5.898179807146006,2.6146902606982403
25,3,relaxed-1,relaxed,False,scary,scary-1,False,6,55.0,74.87413338804423,13,4.586424645240427,13.568210399999998,-10.7745638,5.898179807146006,2.6146902606982403
25,3,relaxed-1,relaxed,False,scary,scary-1,False,7,65.0,70.45857872678681,11,0.17086998398301034,13.168039199999999,-11.174734999999998,5.898179807146006,2.6146902606982403
25,3,relaxed-1,relaxed,False,scary,scary-1,False,8,75.0,70.07326599884775,12,-0.2144427439560559,12.770637599999995,-11.572136600000002,5.898179807146006,2.6146902606982403
25,3,relaxed-1,relaxed,False,scary,scary-1,False,9,85.0,71.79374949366436,12,1.5060407508605635,12.412651199999997,-11.930123,5.898179807146006,2.6146902606982403
25,3,relaxed-1,relaxed,False,scary,scary-1,False,10,95.0,70.1109202155605,12,-0.1767885272433034,12.129969599999999,-12.212804599999998,5.898179807146006,2.6146902606982403
25,3,relaxed-1,relaxed,False,scary,scary-1,False,11,105.0,69.7107477076806,11,-0.5769610351232046,11.915889599999996,-12.426884600000001,5.898179807146006,2.6146902606982403
25,3,relaxed-1,relaxed,False,scary,scary-1,False,12,115.0,68.66292751740467,12,-1.6247812253991327,11.697470399999995,-12.645303800000002,5.898179807146006,2.6146902606982403
25,4,boring-1,boring,False,relaxed,relaxed-1,False,1,5.0,70.18635545556367,12,0.049884748636984,9.224711999999995,-3.1243976000000018,4.350988751191611,2.3205000953288843
25,4,boring-1,boring,False,relaxed,relaxed-1,False,2,15.0,70.4067919371537,11,0.2703212302270117,9.272807999999996,-3.0763016000000007,4.350988751191611,2.3205000953288843
25,4,boring-1,boring,False,relaxed,relaxed-1,False,3,25.0,68.63546967877424,12,-1.5010010281524444,9.345345599999998,-3.0037639999999985,4.350988751191611,2.3205000953288843
25,4,boring-1,boring,False,relaxed,relaxed-1,False,4,35.0,73.33226028298131,12,3.195789576054622,9.273201599999997,-3.075908,4.350988751191611,2.3205000953288843
25,4,boring-1,boring,False,relaxed,relaxed-1,False,5,45.0,73.37760392622533,12,3.2411332192986464,9.196718399999998,-3.1523911999999985,4.350988751191611,2.3205000953288843
25,4,boring-1,boring,False,relaxed,relaxed-1,False,6,55.0,72.50928905083302,12,2.3728183439063315,9.139550399999997,-3.2095591999999993,4.350988751191611,2.3205000953288843
25,4,boring-1,boring,False,relaxed,relaxed-1,False,7,65.0,71.76760430582037,12,1.6311335988936833,9.073711199999996,-3.2753984000000003,4.350988751191611,2.3205000953288843
25,4,boring-1,boring,False,relaxed,relaxed-1,False,8,75.0,70.80728786191183,12,0.6708171549851443,9.047299199999996,-3.301810400000001,4.350988751191611,2.3205000953288843
25,4,boring-1,boring,False,relaxed,relaxed-1,False,9,85.0,73.34882567738957,12,3.212354970462883,8.930599199999996,-3.4185104000000006,4.350988751191611,2.3205000953288843
25,4,boring-1,boring,False,relaxed,relaxed-1,False,10,95.0,81.18375630386784,14,11.047285596941151,8.852140799999995,-3.496968800000001,4.350988751191611,2.3205000953288843
25,4,boring-1,boring,False,relaxed,relaxed-1,False,11,105.0,72.47636764802218,12,2.339896941095489,8.741949599999998,-3.6071599999999986,4.350988751191611,2.3205000953288843
25,4,boring-1,boring,False,relaxed,relaxed-1,False,12,115.0,71.82796145304029,12,1.691490746113601,8.680639199999998,-3.6684703999999986,4.350988751191611,2.3205000953288843
25,5,amusing-2,amusing,True,boring,boring-1,False,1,5.0,71.20982914599135,12,-2.564618848716208,12.105921599999997,3.2181983999999986,7.016212774070542,6.271105433746425
25,5,amusing-2,amusing,True,boring,boring-1,False,2,15.0,69.92946430224124,12,-3.8449836924663146,12.452474399999996,3.564751199999998,7.016212774070542,6.271105433746425
25,5,amusing-2,amusing,True,boring,boring-1,False,3,25.0,71.29763932815827,12,-2.4768086665492888,12.527578799999997,3.639855599999999,7.016212774070542,6.271105433746425
25,5,amusing-2,amusing,True,boring,boring-1,False,4,35.0,68.63605438036458,11,-5.138393614342974,12.602680799999998,3.7149576,7.016212774070542,6.271105433746425
25,5,amusing-2,amusing,True,boring,boring-1,False,5,45.0,70.14793101740699,12,-3.626516977300568,12.688631999999998,3.8009088,7.016212774070542,6.271105433746425
25,5,amusing-2,amusing,True,boring,boring-1,False,6,55.0,67.74418225278326,11,-6.030265741924296,12.710711999999997,3.822988799999999,7.016212774070542,6.271105433746425
25,5,amusing-2,amusing,True,boring,boring-1,False,7,65.0,70.62309751955227,12,-3.151350475155283,12.5953884,3.707665200000001,7.016212774070542,6.271105433746425
25,5,amusing-2,amusing,True,boring,boring-1,False,8,75.0,71.20658517940267,12,-2.567862815304892,12.467056799999998,3.5793336,7.016212774070542,6.271105433746425
25,5,amusing-2,amusing,True,boring,boring-1,False,9,85.0,69.90438573791916,12,-3.870062256788401,12.297333599999995,3.4096103999999965,7.016212774070542,6.271105433746425
25,5,amusing-2,amusing,True,boring,boring-1,False,10,95.0,70.86157121569394,11,-2.912876779013615,12.104339999999997,3.216616799999999,7.016212774070542,6.271105433746425
25,5,amusing-2,amusing,True,boring,boring-1,False,11,105.0,71.47870078654132,12,-2.295747208166233,11.960836800000001,3.0731136000000028,7.016212774070542,6.271105433746425
25,5,amusing-2,amusing,True,boring,boring-1,False,12,115.0,73.5747281040018,13,-0.1997198907057509,11.880796799999995,2.993073599999997,7.016212774070542,6.271105433746425
25,6,relaxed-2,relaxed,False,amusing,amusing-2,False,1,5.0,75.54527837761916,13,4.232750885874125,8.762642399999995,-3.454983000000004,6.479484747378456,3.8798368922783597
25,6,relaxed-2,relaxed,False,amusing,amusing-2,False,2,15.0,75.54362543137695,12,4.231097939631923,8.625837599999995,-3.591787800000004,6.479484747378456,3.8798368922783597
25,6,relaxed-2,relaxed,False,amusing,amusing-2,False,3,25.0,72.22702102437555,12,0.9144935326305159,8.428317599999996,-3.789307800000003,6.479484747378456,3.8798368922783597
25,6,relaxed-2,relaxed,False,amusing,amusing-2,False,4,35.0,75.85252163157172,13,4.539994139826689,8.234539199999995,-3.9830862000000042,6.479484747378456,3.8798368922783597
25,6,relaxed-2,relaxed,False,amusing,amusing-2,False,5,45.0,75.41373603694633,12,4.1012085452013025,8.093200799999996,-4.124424600000003,6.479484747378456,3.8798368922783597
25,6,relaxed-2,relaxed,False,amusing,amusing-2,False,6,55.0,71.5263263176643,12,0.21379882591926958,7.969401599999998,-4.248223800000002,6.479484747378456,3.8798368922783597
25,6,relaxed-2,relaxed,False,amusing,amusing-2,False,7,65.0,71.91973769134603,12,0.6072101996009991,7.882667999999997,-4.334957400000002,6.479484747378456,3.8798368922783597
25,6,relaxed-2,relaxed,False,amusing,amusing-2,False,8,75.0,72.75048205412037,12,1.4379545623753387,8.0056752,-4.211950199999999,6.479484747378456,3.8798368922783597
25,6,relaxed-2,relaxed,False,amusing,amusing-2,False,9,85.0,78.34127412048477,13,7.028746628739739,8.778811199999996,-3.438814200000003,6.479484747378456,3.8798368922783597
25,6,relaxed-2,relaxed,False,amusing,amusing-2,False,10,95.0,74.21382186933016,13,2.901294377585131,9.073117199999997,-3.1445082000000024,6.479484747378456,3.8798368922783597
25,6,relaxed-2,relaxed,False,amusing,amusing-2,False,11,105.0,69.40478882603377,11,-1.907738665711264,9.252700799999996,-2.9649246000000034,6.479484747378456,3.8798368922783597
25,6,relaxed-2,relaxed,False,amusing,amusing-2,False,12,115.0,76.93812169226133,13,5.6255942005163035,9.424991999999996,-2.7926334000000033,6.479484747378456,3.8798368922783597
25,7,scary-2,scary,True,relaxed,relaxed-2,False,1,5.0,70.07880672632933,11,-4.014533056089036,18.141969600000003,9.405642200000008,1.9295674928503335,7.9895094375595805
25,7,scary-2,scary,True,relaxed,relaxed-2,False,2,15.0,71.34031261759218,12,-2.753027164826193,18.1991448,9.462817400000004,1.9295674928503335,7.9895094375595805
25,7,scary-2,scary,True,relaxed,relaxed-2,False,3,25.0,66.58931200181834,11,-7.504027780600026,18.310319999999997,9.573992600000002,1.9295674928503335,7.9895094375595805
25,7,scary-2,scary,True,relaxed,relaxed-2,False,4,35.0,67.1113050186997,12,-6.982034763718673,18.491284799999995,9.7549574,1.9295674928503335,7.9895094375595805
25,7,scary-2,scary,True,relaxed,relaxed-2,False,5,45.0,67.67544765758471,11,-6.4178921248336565,18.906830399999997,10.170503000000002,1.9295674928503335,7.9895094375595805
25,7,scary-2,scary,True,relaxed,relaxed-2,False,6,55.0,67.56450495533943,11,-6.5288348270789385,19.118543999999993,10.382216599999998,1.9295674928503335,7.9895094375595805
25,7,scary-2,scary,True,relaxed,relaxed-2,False,7,65.0,74.36160920688009,12,0.268269424461721,19.273492799999993,10.537165399999997,1.9295674928503335,7.9895094375595805
25,7,scary-2,scary,True,relaxed,relaxed-2,False,8,75.0,65.60812185335482,11,-8.485217929063552,19.622404799999998,10.886077400000003,1.9295674928503335,7.9895094375595805
25,7,scary-2,scary,True,relaxed,relaxed-2,False,9,85.0,70.10391286419103,12,-3.9894269182273376,19.702044000000004,10.96571660000001,1.9295674928503335,7.9895094375595805
25,7,scary-2,scary,True,relaxed,relaxed-2,False,10,95.0,77.64210639790544,13,3.548766615487068,20.182835999999998,11.446508600000003,1.9295674928503335,7.9895094375595805
25,7,scary-2,scary,True,relaxed,relaxed-2,False,11,105.0,76.41077366140355,12,2.3174338789851845,20.638403999999998,11.902076600000003,1.9295674928503335,7.9895094375595805
25,7,scary-2,scary,True,relaxed,relaxed-2,False,12,115.0,71.00981749203686,12,-3.0835222903815094,21.104416799999996,12.3680894,1.9295674928503335,7.9895094375595805
25,8,boring-2,boring,False,scary,scary-2,True,1,5.0,77.59279983538363,13,4.902937581858453,15.782743199999999,-4.304523199999998,4.945994797629711,2.3601767656202846
25,8,boring-2,boring,False,scary,scary-2,True,2,15.0,77.54549014842192,13,4.855627894896742,15.587584800000002,-4.499681599999995,4.945994797629711,2.3601767656202846
25,8,boring-2,boring,False,scary,scary-2,True,3,25.0,78.0226036427773,13,5.332741389252121,15.915213599999998,-4.1720527999999995,4.945994797629711,2.3601767656202846
25,8,boring-2,boring,False,scary,scary-2,True,4,35.0,70.53948450235241,12,-2.150377751172769,16.269259199999997,-3.8180072000000003,4.945994797629711,2.3601767656202846
25,8,boring-2,boring,False,scary,scary-2,True,5,45.0,77.35707479031824,13,4.667212536793059,16.297054799999994,-3.790211600000003,4.945994797629711,2.3601767656202846
25,8,boring-2,boring,False,scary,scary-2,True,6,55.0,74.2575047867425,12,1.5676425332173238,16.4167104,-3.6705559999999977,4.945994797629711,2.3601767656202846
25,8,boring-2,boring,False,scary,scary-2,True,7,65.0,76.77355725022372,12,4.08369499669854,16.680856799999997,-3.4064096,4.945994797629711,2.3601767656202846
25,8,boring-2,boring,False,scary,scary-2,True,8,75.0,67.79716379342197,12,-4.892698460103205,16.554302399999994,-3.5329640000000033,4.945994797629711,2.3601767656202846
25,8,boring-2,boring,False,scary,scary-2,True,9,85.0,68.91651763126497,11,-3.773344622260211,16.993893599999996,-3.093372800000001,4.945994797629711,2.3601767656202846
25,8,boring-2,boring,False,scary,scary-2,True,10,95.0,68.6338973634045,12,-4.055964890120677,17.655460800000004,-2.4318055999999935,4.945994797629711,2.3601767656202846
25,8,boring-2,boring,False,scary,scary-2,True,11,105.0,70.28750049663039,11,-2.4023617568947913,17.473310399999995,-2.6139560000000017,4.945994797629711,2.3601767656202846
25,8,boring-2,boring,False,scary,scary-2,True,12,115.0,69.17514249730353,12,-3.514719756221652,17.552560000000003,-2.534706399999994,4.945994797629711,2.3601767656202846
26,1,relaxed-2,relaxed,False,,,False,1,5.0,66.91562372378418,12,-0.8479266115254518,19.649799599999994,-6.808727999999995,6.2083107721639665,5.3227325071496665
26,1,relaxed-2,relaxed,False,,,False,2,15.0,66.04485727794126,11,-1.7186930573683696,21.923284799999998,-4.535242799999992,6.2083107721639665,5.3227325071496665
26,1,relaxed-2,relaxed,False,,,False,3,25.0,64.30673357995242,10,-3.4568167553572096,22.146827999999996,-4.311699599999994,6.2083107721639665,5.3227325071496665
26,1,relaxed-2,relaxed,False,,,False,4,35.0,66.99690960629675,12,-0.7666407290128774,22.076652000000003,-4.3818755999999865,6.2083107721639665,5.3227325071496665
26,1,relaxed-2,relaxed,False,,,False,5,45.0,63.366694221453784,10,-4.396856113855847,22.421623199999992,-4.036904399999997,6.2083107721639665,5.3227325071496665
26,1,relaxed-2,relaxed,False,,,False,6,55.0,64.37545291897347,11,-3.3880974163361657,22.285412399999995,-4.1731151999999945,6.2083107721639665,5.3227325071496665
26,1,relaxed-2,relaxed,False,,,False,7,65.0,63.2039885559938,10,-4.559561779315828,21.676871999999996,-4.7816555999999935,6.2083107721639665,5.3227325071496665
26,1,relaxed-2,relaxed,False,,,False,8,75.0,69.82662430868514,12,2.0630739733755092,21.3701448,-5.088382799999991,6.2083107721639665,5.3227325071496665
26,1,relaxed-2,relaxed,False,,,False,9,85.0,84.1388407284259,14,16.375290393116273,25.2967512,-1.1617763999999902,6.2083107721639665,5.3227325071496665
26,1,relaxed-2,relaxed,False,,,False,10,95.0,70.46417011062462,11,2.7006197753149905,24.9955356,-1.4629919999999892,6.2083107721639665,5.3227325071496665
26,1,relaxed-2,relaxed,False,,,False,11,105.0,68.78710731904393,12,1.023556983734295,24.664159199999997,-1.7943683999999926,6.2083107721639665,5.3227325071496665
26,1,relaxed-2,relaxed,False,,,False,12,115.0,68.54733660076312,11,0.783786265453486,25.372248000000003,-1.0862795999999868,6.2083107721639665,5.3227325071496665
26,2,scary-2,scary,True,relaxed,relaxed-2,False,1,5.0,90.48661737189967,15,19.02268867024374,51.657647999999995,27.761696200000003,2.0886833174451853,7.900001906577693
26,2,scary-2,scary,True,relaxed,relaxed-2,False,2,15.0,77.74851084803937,13,6.284582146383443,49.226016,25.33006420000001,2.0886833174451853,7.900001906577693
26,2,scary-2,scary,True,relaxed,relaxed-2,False,3,25.0,70.63310725074628,11,-0.830821450909653,46.85018399999999,22.9542322,2.0886833174451853,7.900001906577693
26,2,scary-2,scary,True,relaxed,relaxed-2,False,4,35.0,68.49602087218034,12,-2.9679078294755925,45.417628799999996,21.521677000000004,2.0886833174451853,7.900001906577693
26,2,scary-2,scary,True,relaxed,relaxed-2,False,5,45.0,69.67115874493167,11,-1.792769956724257,45.8392944,21.94334260000001,2.0886833174451853,7.900001906577693
26,2,scary-2,scary,True,relaxed,relaxed-2,False,6,55.0,64.35721419535861,11,-7.1067145062973225,43.61308319999999,19.7171314,2.0886833174451853,7.900001906577693
26,2,scary-2,scary,True,relaxed,relaxed-2,False,7,65.0,62.58614143237196,10,-8.87778726928397,42.134601599999996,18.238649800000005,2.0886833174451853,7.900001906577693
26,2,scary-2,scary,True,relaxed,relaxed-2,False,8,75.0,63.473358308391084,11,-7.990570393264846,41.349235199999995,17.453283400000004,2.0886833174451853,7.900001906577693
26,2,scary-2,scary,True,relaxed,relaxed-2,False,9,85.0,63.27081246394413,11,-8.193116237711799,40.83314159999999,16.9371898,2.0886833174451853,7.900001906577693
26,2,scary-2,scary,True,relaxed,relaxed-2,False,10,95.0,62.27946448370591,10,-9.184464217950023,40.151860799999994,16.255909000000003,2.0886833174451853,7.900001906577693
26,2,scary-2,scary,True,relaxed,relaxed-2,False,11,105.0,62.21347128173386,10,-9.250457419922071,40.73517,16.839218200000005,2.0886833174451853,7.900001906577693
26,2,scary-2,scary,True,relaxed,relaxed-2,False,12,115.0,62.59720405951734,11,-8.866724642138593,40.64685479999999,16.750903,2.0886833174451853,7.900001906577693
26,3,boring-2,boring,False,scary,scary-2,False,1,5.0,69.76594392683744,11,7.011247178766077,30.488935199999997,-10.486208799999996,5.216840428359308,4.029931169044053
26,3,boring-2,boring,False,scary,scary-2,False,2,15.0,66.567827028557,12,3.8131302804856446,30.753678,-10.221465999999992,5.216840428359308,4.029931169044053
26,3,boring-2,boring,False,scary,scary-2,False,3,25.0,66.46851350431282,11,3.7138167562414637,30.1764816,-10.798662399999994,5.216840428359308,4.029931169044053
26,3,boring-2,boring,False,scary,scary-2,False,4,35.0,66.53454796553041,11,3.779851217459047,29.372984399999996,-11.602159599999997,5.216840428359308,4.029931169044053
26,3,boring-2,boring,False,scary,scary-2,False,5,45.0,66.6653349922967,11,3.9106382442253462,28.561008000000005,-12.414135999999989,5.216840428359308,4.029931169044053
26,3,boring-2,boring,False,scary,scary-2,False,6,55.0,71.57005701839181,12,8.815360270320447,29.765272799999998,-11.209871199999995,5.216840428359308,4.029931169044053
26,3,boring-2,boring,False,scary,scary-2,False,7,65.0,65.15417349925468,10,2.3994767511833217,30.237002399999994,-10.738141599999999,5.216840428359308,4.029931169044053
26,3,boring-2,boring,False,scary,scary-2,False,8,75.0,64.3177413097686,11,1.5630445616972466,29.510380799999997,-11.464763199999997,5.216840428359308,4.029931169044053
26,3,boring-2,boring,False,scary,scary-2,False,9,85.0,66.93888742716817,11,4.184190679096808,28.8018984,-12.173245599999994,5.216840428359308,4.029931169044053
26,3,boring-2,boring,False,scary,scary-2,False,10,95.0,65.03708978439593,11,2.282393036324571,28.1003184,-12.874825599999994,5.216840428359308,4.029931169044053
26,3,boring-2,boring,False,scary,scary-2,False,11,105.0,64.5216867771227,11,1.7669900290513354,27.188203199999997,-13.786940799999996,5.216840428359308,4.029931169044053
26,3,boring-2,boring,False,scary,scary-2,False,12,115.0,67.50117842798214,11,4.746481679910779,26.455667999999996,-14.519475999999997,5.216840428359308,4.029931169044053
26,4,amusing-2,amusing,True,boring,boring-2,False,1,5.0,72.38018631746881,12,6.795199302340208,43.563012,15.180766800000008,9.241177399256147,6.789898703113387
26,4,amusing-2,amusing,True,boring,boring-2,False,2,15.0,69.21442572416528,12,3.629438709036677,42.5974656,14.215220400000007,9.241177399256147,6.789898703113387
26,4,amusing-2,amusing,True,boring,boring-2,False,3,25.0,64.96774281918962,10,-0.6172441959389801,42.061857599999996,13.679612400000003,9.241177399256147,6.789898703113387
26,4,amusing-2,amusing,True,boring,boring-2,False,4,35.0,66.54110486390142,12,0.9561178487728199,42.706284,14.324038800000004,9.241177399256147,6.789898703113387
26,4,amusing-2,amusing,True,boring,boring-2,False,5,45.0,66.85992428838088,11,1.2749372732522772,41.353963199999995,12.971718000000003,9.241177399256147,6.789898703113387
26,4,amusing-2,amusing,True,boring,boring-2,False,6,55.0,68.64005074124606,11,3.055063726117453,40.722355199999996,12.340110000000003,9.241177399256147,6.789898703113387
26,4,amusing-2,amusing,True,boring,boring-2,False,7,65.0,63.330692821014964,10,-2.2542941941136405,41.1603744,12.77812920000001,9.241177399256147,6.789898703113387
26,4,amusing-2,amusing,True,boring,boring-2,False,8,75.0,66.0199584820176,11,0.4349714668889959,39.79110719999999,11.408862,9.241177399256147,6.789898703113387
26,4,amusing-2,amusing,True,boring,boring-2,False,9,85.0,62.82594332462773,11,-2.7590436905008744,38.8691316,10.48688640000001,9.241177399256147,6.789898703113387
26,4,amusing-2,amusing,True,boring,boring-2,False,10,95.0,66.27462490757024,11,0.6896378924416382,38.1417192,9.759474000000004,9.241177399256147,6.789898703113387
26,4,amusing-2,amusing,True,boring,boring-2,False,11,105.0,66.94996584929427,11,1.3649788341656688,37.499666399999995,9.117421200000003,9.241177399256147,6.789898703113387
26,4,amusing-2,amusing,True,boring,boring-2,False,12,115.0,68.29152554112262,11,2.70653852599402,37.143252,8.761006800000004,9.241177399256147,6.789898703113387
26,5,boring-1,boring,False,amusing,amusing-2,False,1,5.0,69.25676115240196,11,3.606159193000323,32.2090848,-6.558457000000004,3.345226310772164,1.9567016205910392
26,5,boring-1,boring,False,amusing,amusing-2,False,2,15.0,66.38536102136717,11,0.7347590619655335,32.4231672,-6.344374600000002,3.345226310772164,1.9567016205910392
26,5,boring-1,boring,False,amusing,amusing-2,False,3,25.0,75.5929467711822,13,9.942344811780558,34.28723039999999,-4.480311400000012,3.345226310772164,1.9567016205910392
26,5,boring-1,boring,False,amusing,amusing-2,False,4,35.0,77.78750341647044,13,12.136901457068802,35.8589436,-2.9085982,3.345226310772164,1.9567016205910392
26,5,boring-1,boring,False,amusing,amusing-2,False,5,45.0,69.78628092471432,12,4.135678965312678,35.517319199999996,-3.250222600000008,3.345226310772164,1.9567016205910392
26,5,boring-1,boring,False,amusing,amusing-2,False,6,55.0,71.22756688947571,11,5.57696493007407,35.659252800000004,-3.108288999999999,3.345226310772164,1.9567016205910392
26,5,boring-1,boring,False,amusing,amusing-2,False,7,65.0,66.83086894081767,11,1.1802669814160254,36.020399999999995,-2.7471418000000085,3.345226310772164,1.9567016205910392
26,5,boring-1,boring,False,amusing,amusing-2,False,8,75.0,64.53838210881212,11,-1.1122198505895255,34.7877444,-3.9797974000000025,3.345226310772164,1.9567016205910392
26,5,boring-1,boring,False,amusing,amusing-2,False,9,85.0,65.1740739073444,11,-0.47652805205724746,33.7459128,-5.021629000000004,3.345226310772164,1.9567016205910392
26,5,boring-1,boring,False,amusing,amusing-2,False,10,95.0,65.04927810635536,11,-0.6013238530462814,32.93058,-5.8369618000000045,3.345226310772164,1.9567016205910392
26,5,boring-1,boring,False,amusing,amusing-2,False,11,105.0,63.35111023397261,10,-2.2994917254290286,33.031512000000006,-5.736029799999997,3.345226310772164,1.9567016205910392
26,5,boring-1,boring,False,amusing,amusing-2,False,12,115.0,65.27898893291396,11,-0.3716130264876796,32.460623999999996,-6.306917800000008,3.345226310772164,1.9567016205910392
26,6,relaxed-1,relaxed,False,boring,boring-1,False,1,5.0,66.67365881092559,12,1.6106032063347442,31.8706164,-1.9588458000000024,3.7685437559580546,2.7631199237368924
26,6,relaxed-1,relaxed,False,boring,boring-1,False,2,15.0,69.06434176127384,11,4.001286156682994,39.00259319999999,5.173130999999991,3.7685437559580546,2.7631199237368924
26,6,relaxed-1,relaxed,False,boring,boring-1,False,3,25.0,67.31920578464943,11,2.256150180058583,41.951663999999994,8.122201799999992,3.7685437559580546,2.7631199237368924
26,6,relaxed-1,relaxed,False,boring,boring-1,False,4,35.0,68.83487134590057,12,3.771815741309723,39.225539999999995,5.396077799999993,3.7685437559580546,2.7631199237368924
26,6,relaxed-1,relaxed,False,boring,boring-1,False,5,45.0,68.35104522257612,11,3.287989617985275,38.08671840000001,4.257256200000008,3.7685437559580546,2.7631199237368924
26,6,relaxed-1,relaxed,False,boring,boring-1,False,6,55.0,71.92458667531717,12,6.861531070726329,36.86766239999999,3.0382001999999915,3.7685437559580546,2.7631199237368924
26,6,relaxed-1,relaxed,False,boring,boring-1,False,7,65.0,70.74870392357509,12,5.685648318984249,38.808016800000004,4.9785546000000025,3.7685437559580546,2.7631199237368924
26,6,relaxed-1,relaxed,False,boring,boring-1,False,8,75.0,68.1285286758166,11,3.065473071225753,37.621488,3.7920257999999976,3.7685437559580546,2.7631199237368924
26,6,relaxed-1,relaxed,False,boring,boring-1,False,9,85.0,66.61664864001517,11,1.5535930354243277,36.18637919999999,2.3569169999999886,3.7685437559580546,2.7631199237368924
26,6,relaxed-1,relaxed,False,boring,boring-1,False,10,95.0,64.96399918692728,11,-0.09905641766356155,34.981917599999996,1.1524553999999938,3.7685437559580546,2.7631199237368924
26,6,relaxed-1,relaxed,False,boring,boring-1,False,11,105.0,69.44467698294433,11,4.381621378353486,35.3406924,1.5112302,3.7685437559580546,2.7631199237368924
26,6,relaxed-1,relaxed,False,boring,boring-1,False,12,115.0,69.79525369263348,12,4.732198088042637,38.572248,4.7427858,3.7685437559580546,2.7631199237368924
26,7,scary-1,scary,True,relaxed,relaxed-1,False,1,5.0,66.47957564317089,11,-1.8618931764944051,43.3461744,6.427717400000006,3.6802299332697808,8.195289990467112
26,7,scary-1,scary,True,relaxed,relaxed-1,False,2,15.0,65.04297110875167,11,-3.2984977109136224,41.9524536,5.033996600000002,3.6802299332697808,8.195289990467112
26,7,scary-1,scary,True,relaxed,relaxed-1,False,3,25.0,63.372999326168404,11,-4.96846949349689,40.805544,3.887087000000001,3.6802299332697808,8.195289990467112
26,7,scary-1,scary,True,relaxed,relaxed-1,False,4,35.0,62.00181589826568,10,-6.339652921399612,40.0489536,3.1304966000000007,3.6802299332697808,8.195289990467112
26,7,scary-1,scary,True,relaxed,relaxed-1,False,5,45.0,61.778772022978806,10,-6.562696796686488,39.308138400000004,2.3896814000000077,3.6802299332697808,8.195289990467112
26,7,scary-1,scary,True,relaxed,relaxed-1,False,6,55.0,61.925543668075925,11,-6.41592515158937,38.690328,1.7718710000000044,3.6802299332697808,8.195289990467112
26,7,scary-1,scary,True,relaxed,relaxed-1,False,7,65.0,63.68839936413546,10,-4.653069455529831,38.375707199999994,1.4572501999999972,3.6802299332697808,8.195289990467112
26,7,scary-1,scary,True,relaxed,relaxed-1,False,8,75.0,63.10911440591726,11,-5.232354413748034,37.85804879999999,0.9395917999999952,3.6802299332697808,8.195289990467112
26,7,scary-1,scary,True,relaxed,relaxed-1,False,9,85.0,64.45346548092961,10,-3.888003338735686,37.2392568,0.3207998000000032,3.6802299332697808,8.195289990467112
26,7,scary-1,scary,True,relaxed,relaxed-1,False,10,95.0,64.49073786770802,11,-3.8507309519572743,36.761215199999995,-0.15724180000000132,3.6802299332697808,8.195289990467112
26,7,scary-1,scary,True,relaxed,relaxed-1,False,11,105.0,78.64609266463597,13,10.304623844970678,38.3425944,1.4241374000000064,3.6802299332697808,8.195289990467112
26,7,scary-1,scary,True,relaxed,relaxed-1,False,12,115.0,79.24880211195217,13,10.907333292286879,41.294033999999996,4.375577,3.6802299332697808,8.195289990467112
26,8,amusing-1,amusing,True,scary,scary-1,True,1,5.0,72.53730770020057,12,2.865974530256821,39.5042796,1.1924702000000025,8.49398360343184,5.596887321258341
26,8,amusing-1,amusing,True,scary,scary-1,True,2,15.0,70.02176266141909,11,0.35042949147533875,40.8587712,2.5469618000000054,8.49398360343184,5.596887321258341
26,8,amusing-1,amusing,True,scary,scary-1,True,3,25.0,70.12609089085203,12,0.45475772090827604,39.79387079999999,1.4820613999999992,8.49398360343184,5.596887321258341
26,8,amusing-1,amusing,True,scary,scary-1,True,4,35.0,68.52257230862715,11,-1.1487608613166032,40.4775216,2.1657122000000086,8.49398360343184,5.596887321258341
26,8,amusing-1,amusing,True,scary,scary-1,True,5,45.0,65.78627921476448,11,-3.8850539551792735,39.5498208,1.2380114000000049,8.49398360343184,5.596887321258341
26,8,amusing-1,amusing,True,scary,scary-1,True,6,55.0,71.51987074526146,12,1.8485375753177067,39.445737599999994,1.1339281999999997,8.49398360343184,5.596887321258341
26,8,amusing-1,amusing,True,scary,scary-1,True,7,65.0,75.30639550062044,13,5.635062330676689,39.8427552,1.530945800000005,8.49398360343184,5.596887321258341
26,8,amusing-1,amusing,True,scary,scary-1,True,8,75.0,77.10579561677999,13,7.4344624468362355,39.2403264,0.9285170000000065,8.49398360343184,5.596887321258341
26,8,amusing-1,amusing,True,scary,scary-1,True,9,85.0,89.43730849484349,14,19.765975324899742,40.8950424,2.583233000000007,8.49398360343184,5.596887321258341
26,8,amusing-1,amusing,True,scary,scary-1,True,10,95.0,69.70914199555024,12,0.037808825606489904,39.5186784,1.2068690000000046,8.49398360343184,5.596887321258341
26,8,amusing-1,amusing,True,scary,scary-1,True,11,105.0,73.13978013825862,12,3.468446968314865,39.1295376,0.8177282000000048,8.49398360343184,5.596887321258341
26,8,amusing-1,amusing,True,scary,scary-1,True,12,115.0,67.93422432202861,11,-1.7371088479151382,40.235573333333335,1.9237639333333405,8.49398360343184,5.596887321258341
27,1,boring-1,boring,False,,,False,1,5.0,81.1648567803306,14,1.7049337897362165,27.796342799999998,-3.7958911999999962,5.195299142040039,1.862059485224023
27,1,boring-1,boring,False,,,False,2,15.0,84.36048856062617,14,4.900565570031787,27.610449600000003,-3.9817843999999916,5.195299142040039,1.862059485224023
27,1,boring-1,boring,False,,,False,3,25.0,77.97496509685337,13,-1.4849578937410115,27.727548000000002,-3.864685999999992,5.195299142040039,1.862059485224023
27,1,boring-1,boring,False,,,False,4,35.0,74.80940063102743,12,-4.650522359566949,27.4233768,-4.168857199999994,5.195299142040039,1.862059485224023
27,1,boring-1,boring,False,,,False,5,45.0,75.50075357921867,13,-3.9591694113757114,27.617155199999996,-3.9750787999999986,5.195299142040039,1.862059485224023
27,1,boring-1,boring,False,,,False,6,55.0,77.20339020489885,13,-2.2565327856955264,27.418447199999996,-4.1737867999999985,5.195299142040039,1.862059485224023
27,1,boring-1,boring,False,,,False,7,65.0,80.26991406792618,13,0.8099910773318015,27.263899199999997,-4.328334799999997,5.195299142040039,1.862059485224023
27,1,boring-1,boring,False,,,False,8,75.0,80.29778253324427,13,0.8378595426498947,27.364430399999996,-4.227803599999998,5.195299142040039,1.862059485224023
27,1,boring-1,boring,False,,,False,9,85.0,77.11679036024731,13,-2.343132630347071,27.141482399999994,-4.4507516,5.195299142040039,1.862059485224023
27,1,boring-1,boring,False,,,False,10,95.0,76.24690764583922,13,-3.2130153447551635,26.865698399999996,-4.726535599999998,5.195299142040039,1.862059485224023
27,1,boring-1,boring,False,,,False,11,105.0,76.58582937883183,13,-2.8740936117625466,26.5889256,-5.0033083999999945,5.195299142040039,1.862059485224023
27,1,boring-1,boring,False,,,False,12,115.0,76.83348460012974,12,-2.6264383904646422,26.288109600000002,-5.304124399999992,5.195299142040039,1.862059485224023
27,2,relaxed-1,relaxed,False,boring,boring-1,False,1,5.0,79.03016618169612,13,1.124637259349214,23.2255176,-3.693240000000003,7.375605338417542,2.7339415633937083
27,2,relaxed-1,relaxed,False,boring,boring-1,False,2,15.0,84.26144748294716,14,6.355918560600259,23.11906799999999,-3.7996896000000113,7.375605338417542,2.7339415633937083
27,2,relaxed-1,relaxed,False,boring,boring-1,False,3,25.0,73.62433116595352,12,-4.281197756393382,22.9593936,-3.9593640000000043,7.375605338417542,2.7339415633937083
27,2,relaxed-1,relaxed,False,boring,boring-1,False,4,35.0,75.42046618359066,13,-2.485062738756241,22.688932799999996,-4.2298248000000065,7.375605338417542,2.7339415633937083
27,2,relaxed-1,relaxed,False,boring,boring-1,False,5,45.0,77.16026293440133,13,-0.7452659879455723,22.532016,-4.386741600000004,7.375605338417542,2.7339415633937083
27,2,relaxed-1,relaxed,False,boring,boring-1,False,6,55.0,79.11533467108032,13,1.209805748733416,22.216219199999994,-4.702538400000009,7.375605338417542,2.7339415633937083
27,2,relaxed-1,relaxed,False,boring,boring-1,False,7,65.0,76.68116902771638,12,-1.224359894630524,21.9431904,-4.975567200000004,7.375605338417542,2.7339415633937083
27,2,relaxed-1,relaxed,False,boring,boring-1,False,8,75.0,73.6838293230462,13,-4.221699599300706,21.657155999999997,-5.261601600000006,7.375605338417542,2.7339415633937083
27,2,relaxed-1,relaxed,False,boring,boring-1,False,9,85.0,73.61732530114783,12,-4.288203621199074,21.373296,-5.545461600000003,7.375605338417542,2.7339415633937083
27,2,relaxed-1,relaxed,False,boring,boring-1,False,10,95.0,76.30912555537408,13,-1.5964033669728224,21.089039999999994,-5.829717600000009,7.375605338417542,2.7339415633937083
27,2,relaxed-1,relaxed,False,boring,boring-1,False,11,105.0,76.87782244776834,13,-1.0277064745785651,20.803596,-6.115161600000004,7.375605338417542,2.7339415633937083
27,2,relaxed-1,relaxed,False,boring,boring-1,False,12,115.0,80.8615592345803,13,2.956030312233395,20.595232799999994,-6.323524800000008,7.375605338417542,2.7339415633937083
27,3,scary-1,scary,True,relaxed,relaxed-1,False,1,5.0,78.38699021408853,13,2.017223013610021,42.725205599999995,21.481620400000004,1.6788538327445994,6.839275437029799
27,3,scary-1,scary,True,relaxed,relaxed-1,False,2,15.0,81.25410358191948,13,4.884336381440974,43.89123839999999,22.6476532,1.6788538327445994,6.839275437029799
27,3,scary-1,scary,True,relaxed,relaxed-1,False,3,25.0,74.30281978474221,13,-2.066947415736294,43.7563992,22.512814000000006,1.6788538327445994,6.839275437029799
27,3,scary-1,scary,True,relaxed,relaxed-1,False,4,35.0,80.20464195739675,13,3.8348747569182393,42.6989928,21.455407600000008,1.6788538327445994,6.839275437029799
27,3,scary-1,scary,True,relaxed,relaxed-1,False,5,45.0,79.62426940119485,13,3.2545022007163453,41.88424319999999,20.640658000000002,1.6788538327445994,6.839275437029799
27,3,scary-1,scary,True,relaxed,relaxed-1,False,6,55.0,82.55778486131746,14,6.188017660838952,41.9895144,20.745929200000006,1.6788538327445994,6.839275437029799
27,3,scary-1,scary,True,relaxed,relaxed-1,False,7,65.0,77.92315851582111,13,1.5533913153426084,41.5215264,20.277941200000008,1.6788538327445994,6.839275437029799
27,3,scary-1,scary,True,relaxed,relaxed-1,False,8,75.0,75.42476915268017,13,-0.944998047798336,40.8102768,19.566691600000006,1.6788538327445994,6.839275437029799
27,3,scary-1,scary,True,relaxed,relaxed-1,False,9,85.0,79.40075917407577,13,3.030991973597267,40.46805839999999,19.2244732,1.6788538327445994,6.839275437029799
27,3,scary-1,scary,True,relaxed,relaxed-1,False,10,95.0,73.1619561454912,12,-3.207811054987303,40.074976799999995,18.831391600000003,1.6788538327445994,6.839275437029799
27,3,scary-1,scary,True,relaxed,relaxed-1,False,11,105.0,76.28152595211154,13,-0.08824124836696967,39.5011308,18.257545600000007,1.6788538327445994,6.839275437029799
27,3,scary-1,scary,True,relaxed,relaxed-1,False,12,115.0,76.54412256568855,12,0.17435536521004735,39.088142399999995,17.844557200000004,1.6788538327445994,6.839275437029799
27,4,amusing-1,amusing,True,scary,scary-1,False,1,5.0,80.95893764273501,14,4.4607046050361845,34.3349316,-5.9090869999999995,6.099371020019066,6.120054146806482
27,4,amusing-1,amusing,True,scary,scary-1,False,2,15.0,76.49009244467419,13,-0.008140593024634768,34.876252799999996,-5.367765800000001,6.099371020019066,6.120054146806482
27,4,amusing-1,amusing,True,scary,scary-1,False,3,25.0,77.2995941719781,13,0.8013611342792757,34.361354399999996,-5.882664200000001,6.099371020019066,6.120054146806482
27,4,amusing-1,amusing,True,scary,scary-1,False,4,35.0,76.70104548020107,12,0.20281244250224972,35.64545759999999,-4.598561000000004,6.099371020019066,6.120054146806482
27,4,amusing-1,amusing,True,scary,scary-1,False,5,45.0,77.66162975012058,13,1.1633967124217577,35.004782399999996,-5.239236200000001,6.099371020019066,6.120054146806482
27,4,amusing-1,amusing,True,scary,scary-1,False,6,55.0,76.31488180472958,13,-0.18335123296924394,34.545079199999996,-5.6989394,6.099371020019066,6.120054146806482
27,4,amusing-1,amusing,True,scary,scary-1,False,7,65.0,80.79364046721285,13,4.295407429514029,34.1188824,-6.1251362,6.099371020019066,6.120054146806482
27,4,amusing-1,amusing,True,scary,scary-1,False,8,75.0,77.68394411854283,13,1.1857110808440012,33.699386399999995,-6.544632200000002,6.099371020019066,6.120054146806482
27,4,amusing-1,amusing,True,scary,scary-1,False,9,85.0,80.70729561062592,14,4.209062572927095,33.28620479999999,-6.957813800000004,6.099371020019066,6.120054146806482
27,4,amusing-1,amusing,True,scary,scary-1,False,10,95.0,77.45452535702326,13,0.956292319324433,32.88583319999999,-7.3581854000000035,6.099371020019066,6.120054146806482
27,4,amusing-1,amusing,True,scary,scary-1,False,11,105.0,77.83314332410605,13,1.3349102864072222,32.449586399999994,-7.794432200000003,6.099371020019066,6.120054146806482
27,4,amusing-1,amusing,True,scary,scary-1,False,12,115.0,84.45378322966316,14,7.955550191964335,32.31001679999999,-7.934001800000004,6.099371020019066,6.120054146806482
27,5,boring-2,boring,False,amusing,amusing-1,False,1,5.0,76.60869148993176,13,-3.281350962987645,26.731451999999997,-6.393532999999998,5.128663342622198,3.4577386206117287
27,5,boring-2,boring,False,amusing,amusing-1,False,2,15.0,80.9935924417396,14,1.1035499888201912,27.203575199999996,-5.921409799999999,5.128663342622198,3.4577386206117287
27,5,boring-2,boring,False,amusing,amusing-1,False,3,25.0,79.39821934377582,13,-0.4918231091435814,26.951049599999997,-6.173935399999998,5.128663342622198,3.4577386206117287
27,5,boring-2,boring,False,amusing,amusing-1,False,4,35.0,78.79687348510842,13,-1.093168967810982,26.525056799999998,-6.599928199999997,5.128663342622198,3.4577386206117287
27,5,boring-2,boring,False,amusing,amusing-1,False,5,45.0,77.50758601159681,13,-2.3824564413225886,26.108325599999993,-7.016659400000002,5.128663342622198,3.4577386206117287
27,5,boring-2,boring,False,amusing,amusing-1,False,6,55.0,76.92280958074588,13,-2.9672328721735255,25.700272799999993,-7.424712200000002,5.128663342622198,3.4577386206117287
27,5,boring-2,boring,False,amusing,amusing-1,False,7,65.0,80.61297898284714,13,0.7229365299277362,25.295757599999995,-7.829227400000001,5.128663342622198,3.4577386206117287
27,5,boring-2,boring,False,amusing,amusing-1,False,8,75.0,83.06203750356555,14,3.171995050646146,24.899927999999996,-8.225057,5.128663342622198,3.4577386206117287
27,5,boring-2,boring,False,amusing,amusing-1,False,9,85.0,84.80248901160276,14,4.912446558683357,24.6399144,-8.485070599999997,5.128663342622198,3.4577386206117287
27,5,boring-2,boring,False,amusing,amusing-1,False,10,95.0,77.74133482961868,13,-2.148707623300723,24.2982912,-8.826693799999994,5.128663342622198,3.4577386206117287
27,5,boring-2,boring,False,amusing,amusing-1,False,11,105.0,75.51156462222441,13,-4.37847783069499,23.943067199999994,-9.1819178,5.128663342622198,3.4577386206117287
27,5,boring-2,boring,False,amusing,amusing-1,False,12,115.0,77.42355483095531,13,-2.4664876219640917,23.599071599999995,-9.5259134,5.128663342622198,3.4577386206117287
27,6,amusing-2,amusing,True,boring,boring-2,False,1,5.0,77.3866991118127,13,-2.574125934009146,33.283641599999996,8.837636599999996,7.823759936723265,5.662073522601221
27,6,amusing-2,amusing,True,boring,boring-2,False,2,15.0,75.81303401730614,13,-4.147791028515712,34.428373199999996,9.982368199999996,7.823759936723265,5.662073522601221
27,6,amusing-2,amusing,True,boring,boring-2,False,3,25.0,73.70763137144112,12,-6.253193674380725,33.9032208,9.4572158,7.823759936723265,5.662073522601221
27,6,amusing-2,amusing,True,boring,boring-2,False,4,35.0,77.05894587875804,13,-2.901879167063811,33.87128399999999,9.425278999999989,7.823759936723265,5.662073522601221
27,6,amusing-2,amusing,True,boring,boring-2,False,5,45.0,74.97557981992675,12,-4.985245225895099,33.66272159999999,9.216716599999991,7.823759936723265,5.662073522601221
27,6,amusing-2,amusing,True,boring,boring-2,False,6,55.0,74.45537540575872,13,-5.505449640063134,33.3279936,8.8819886,7.823759936723265,5.662073522601221
27,6,amusing-2,amusing,True,boring,boring-2,False,7,65.0,77.33316345160151,13,-2.627661594220342,33.0906504,8.644645400000002,7.823759936723265,5.662073522601221
27,6,amusing-2,amusing,True,boring,boring-2,False,8,75.0,77.20532933728016,13,-2.7554957085416873,32.81387759999999,8.367872599999991,7.823759936723265,5.662073522601221
27,6,amusing-2,amusing,True,boring,boring-2,False,9,85.0,76.84613395939623,12,-3.1146910864256228,32.47382879999999,8.027823799999993,7.823759936723265,5.662073522601221
27,6,amusing-2,amusing,True,boring,boring-2,False,10,95.0,74.48213782606925,13,-5.478687219752601,32.0959344,7.649929399999998,7.823759936723265,5.662073522601221
27,6,amusing-2,amusing,True,boring,boring-2,False,11,105.0,75.90219735365304,12,-4.0586276921688125,31.7036472,7.257642199999999,7.823759936723265,5.662073522601221
27,6,amusing-2,amusing,True,boring,boring-2,False,12,115.0,81.8879566835725,14,1.927131637750648,31.439292000000002,6.993287000000002,7.823759936723265,5.662073522601221
27,7,scary-2,scary,True,amusing,amusing-2,False,1,5.0,79.30325476985844,13,1.943779869586109,43.55434079999999,11.28480239999999,1.473975595805529,7.695991611058151
27,7,scary-2,scary,True,amusing,amusing-2,False,2,15.0,78.67355400376587,13,1.3140791034935404,41.5428144,9.273275999999996,1.473975595805529,7.695991611058151
27,7,scary-2,scary,True,amusing,amusing-2,False,3,25.0,75.00130333826375,12,-2.358171562008579,40.22598,7.956441599999998,1.473975595805529,7.695991611058151
27,7,scary-2,scary,True,amusing,amusing-2,False,4,35.0,74.05629781987614,13,-3.303177080396196,39.189859199999994,6.920320799999992,1.473975595805529,7.695991611058151
27,7,scary-2,scary,True,amusing,amusing-2,False,5,45.0,79.48962666517576,13,2.130151764903431,38.426572799999995,6.1570343999999935,1.473975595805529,7.695991611058151
27,7,scary-2,scary,True,amusing,amusing-2,False,6,55.0,77.70145366278986,13,0.34197876251752746,38.21307839999999,5.943539999999992,1.473975595805529,7.695991611058151
27,7,scary-2,scary,True,amusing,amusing-2,False,7,65.0,79.12155943450495,13,1.7620845342326135,37.271387999999995,5.001849599999993,1.473975595805529,7.695991611058151
27,7,scary-2,scary,True,amusing,amusing-2,False,8,75.0,79.20675404360529,13,1.8472791433329547,36.676053599999996,4.406515199999994,1.473975595805529,7.695991611058151
27,7,scary-2,scary,True,amusing,amusing-2,False,9,85.0,77.33733633845483,13,-0.02213856181749918,35.883587999999996,3.614049599999994,1.473975595805529,7.695991611058151
27,7,scary-2,scary,True,amusing,amusing-2,False,10,95.0,84.7898509330114,14,7.430376032739062,35.395692,3.126153599999995,1.473975595805529,7.695991611058151
27,7,scary-2,scary,True,amusing,amusing-2,False,11,105.0,83.99835915396746,14,6.6388842536951245,34.649157599999995,2.3796191999999934,1.473975595805529,7.695991611058151
27,7,scary-2,scary,True,amusing,amusing-2,False,12,115.0,81.50922432760751,14,4.1497494273351805,33.9079488,1.638410399999998,1.473975595805529,7.695991611058151
27,8,relaxed-2,relaxed,False,scary,scary-2,True,1,5.0,77.3088937473161,13,-3.7752732825549344,18.937975199999997,-16.6926628,5.577569780743565,4.164328408007626
27,8,relaxed-2,relaxed,False,scary,scary-2,True,2,15.0,83.24930835823031,14,2.165141328359269,18.607389599999998,-17.0232484,5.577569780743565,4.164328408007626
27,8,relaxed-2,relaxed,False,scary,scary-2,True,3,25.0,77.56999327035831,12,-3.5141737595127296,18.3160368,-17.3146012,5.577569780743565,4.164328408007626
27,8,relaxed-2,relaxed,False,scary,scary-2,True,4,35.0,73.06017725863458,13,-8.023989771236458,18.005164799999996,-17.625473200000002,5.577569780743565,4.164328408007626
27,8,relaxed-2,relaxed,False,scary,scary-2,True,5,45.0,71.62376792171943,11,-9.460399108151606,17.696462399999994,-17.934175600000003,5.577569780743565,4.164328408007626
27,8,relaxed-2,relaxed,False,scary,scary-2,True,6,55.0,72.44440928688398,13,-8.639757742987058,17.399983199999998,-18.2306548,5.577569780743565,4.164328408007626
27,8,relaxed-2,relaxed,False,scary,scary-2,True,7,65.0,72.435398856466,12,-8.648768173405045,17.122823999999998,-18.507814,5.577569780743565,4.164328408007626
27,8,relaxed-2,relaxed,False,scary,scary-2,True,8,75.0,73.36123515653087,12,-7.722931873340173,16.840533599999997,-18.7901044,5.577569780743565,4.164328408007626
27,8,relaxed-2,relaxed,False,scary,scary-2,True,9,85.0,72.886479700876,12,-8.197687328995045,16.5665232,-19.0641148,5.577569780743565,4.164328408007626
27,8,relaxed-2,relaxed,False,scary,scary-2,True,10,95.0,74.57443184243533,12,-6.509735187435709,16.294681199999992,-19.335956800000005,5.577569780743565,4.164328408007626
27,8,relaxed-2,relaxed,False,scary,scary-2,True,11,105.0,75.46512822717081,13,-5.619038802700231,16.036252799999993,-19.594385200000005,5.577569780743565,4.164328408007626
27,8,relaxed-2,relaxed,False,scary,scary-2,True,12,115.0,73.90178186894663,12,-7.182385160924412,15.794615999999994,-19.836022000000003,5.577569780743565,4.164328408007626
28,1,scary-2,scary,True,,,False,1,5.0,83.06472486879888,14,-1.5389306902976756,20.5907016,2.1293500000000094,4.533727645376548,7.932673021925643
28,1,scary-2,scary,True,,,False,2,15.0,87.74185403941162,15,3.1381984803150687,20.2202952,1.7589436000000092,4.533727645376548,7.932673021925643
28,1,scary-2,scary,True,,,False,3,25.0,80.27433339772242,13,-4.329322161374137,20.111481599999998,1.6501300000000079,4.533727645376548,7.932673021925643
28,1,scary-2,scary,True,,,False,4,35.0,78.27833041393382,13,-6.325325145162736,20.002070399999997,1.5407188000000076,4.533727645376548,7.932673021925643
28,1,scary-2,scary,True,,,False,5,45.0,84.76491436223931,14,0.16125880314275776,19.933075199999998,1.4717236000000078,4.533727645376548,7.932673021925643
28,1,scary-2,scary,True,,,False,6,55.0,82.70247646530292,14,-1.9011790937936297,19.862111999999996,1.4007604000000065,4.533727645376548,7.932673021925643
28,1,scary-2,scary,True,,,False,7,65.0,83.15967272181048,14,-1.4439828372860717,19.761179999999996,1.2998284000000062,4.533727645376548,7.932673021925643
28,1,scary-2,scary,True,,,False,8,75.0,80.42937405000316,13,-4.17428150909339,19.629105599999995,1.1677540000000057,4.533727645376548,7.932673021925643
28,1,scary-2,scary,True,,,False,9,85.0,80.67096435894379,14,-3.9326912001527603,19.4942712,1.0329196000000103,4.533727645376548,7.932673021925643
28,1,scary-2,scary,True,,,False,10,95.0,82.05438822396792,13,-2.549267335128633,19.3416936,0.8803420000000095,4.533727645376548,7.932673021925643
28,1,scary-2,scary,True,,,False,11,105.0,95.68854067951531,16,11.084885120418761,19.294778399999995,0.8334268000000051,4.533727645376548,7.932673021925643
28,1,scary-2,scary,True,,,False,12,115.0,95.06297215407542,16,10.459316594978873,19.393538399999994,0.9321868000000038,4.533727645376548,7.932673021925643
28,2,relaxed-2,relaxed,False,scary,scary-2,False,1,5.0,79.58514981525072,13,-7.135106394396203,17.5927752,-1.8929860000000005,3.2323325071496662,4.442270829361298
28,2,relaxed-2,relaxed,False,scary,scary-2,False,2,15.0,81.39314298272646,14,-5.32711322692046,17.413778399999995,-2.0719828000000042,3.2323325071496662,4.442270829361298
28,2,relaxed-2,relaxed,False,scary,scary-2,False,3,25.0,89.39151293294776,14,2.671256723300843,17.242279200000002,-2.2434819999999966,3.2323325071496662,4.442270829361298
28,2,relaxed-2,relaxed,False,scary,scary-2,False,4,35.0,82.80539580637355,14,-3.914860403273366,17.0575728,-2.4281884,3.2323325071496662,4.442270829361298
28,2,relaxed-2,relaxed,False,scary,scary-2,False,5,45.0,86.72256878319867,15,0.002312573551748187,16.86773759999999,-2.618023600000008,3.2323325071496662,4.442270829361298
28,2,relaxed-2,relaxed,False,scary,scary-2,False,6,55.0,84.13609098555192,14,-2.5841652240950026,16.694654399999997,-2.7911068000000014,3.2323325071496662,4.442270829361298
28,2,relaxed-2,relaxed,False,scary,scary-2,False,7,65.0,82.70244516685426,13,-4.017811042792658,16.544836799999995,-2.9409244000000037,3.2323325071496662,4.442270829361298
28,2,relaxed-2,relaxed,False,scary,scary-2,False,8,75.0,86.92550375909987,15,0.20524754945294887,16.377671999999997,-3.108089200000002,3.2323325071496662,4.442270829361298
28,2,relaxed-2,relaxed,False,scary,scary-2,False,9,85.0,95.3961259788365,16,8.675869769189575,16.427745599999998,-3.058015600000001,3.2323325071496662,4.442270829361298
28,2,relaxed-2,relaxed,False,scary,scary-2,False,10,95.0,92.66183855877527,15,5.941582349128353,16.433664,-3.0520971999999986,3.2323325071496662,4.442270829361298
28,2,relaxed-2,relaxed,False,scary,scary-2,False,11,105.0,73.20677190791996,12,-13.513484301726962,16.252301999999997,-3.233459200000002,3.2323325071496662,4.442270829361298
28,2,relaxed-2,relaxed,False,scary,scary-2,False,12,115.0,78.54835613585306,13,-8.171900073793864,16.059116399999997,-3.426644800000002,3.2323325071496662,4.442270829361298
28,3,amusing-2,amusing,True,relaxed,relaxed-2,False,1,5.0,85.94328102092037,10,0.28983066068531116,19.154027999999993,2.804805199999997,7.733859961868446,6.954129647283127
28,3,amusing-2,amusing,True,relaxed,relaxed-2,False,2,15.0,92.19097850341441,16,6.537528143179358,19.703227199999997,3.354004400000001,7.733859961868446,6.954129647283127
28,3,amusing-2,amusing,True,relaxed,relaxed-2,False,3,25.0,93.6639190483183,15,8.01046868808325,19.273884,2.9246612000000027,7.733859961868446,6.954129647283127
28,3,amusing-2,amusing,True,relaxed,relaxed-2,False,4,35.0,83.38288440345464,14,-2.270565956780416,18.993959999999994,2.644737199999998,7.733859961868446,6.954129647283127
28,3,amusing-2,amusing,True,relaxed,relaxed-2,False,5,45.0,79.06179792925715,13,-6.591652430977902,18.781456799999997,2.432234000000001,7.733859961868446,6.954129647283127
28,3,amusing-2,amusing,True,relaxed,relaxed-2,False,6,55.0,78.58187606942519,13,-7.071574290809863,18.50922,2.159997200000003,7.733859961868446,6.954129647283127
28,3,amusing-2,amusing,True,relaxed,relaxed-2,False,7,65.0,89.57434061057072,15,3.9208902503356597,18.315640799999994,1.9664179999999973,7.733859961868446,6.954129647283127
28,3,amusing-2,amusing,True,relaxed,relaxed-2,False,8,75.0,79.20449926557195,13,-6.4489510946631015,18.119102399999996,1.7698795999999994,7.733859961868446,6.954129647283127
28,3,amusing-2,amusing,True,relaxed,relaxed-2,False,9,85.0,77.4024718340882,13,-8.250978526146852,17.8786104,1.5293876000000033,7.733859961868446,6.954129647283127
28,3,amusing-2,amusing,True,relaxed,relaxed-2,False,10,95.0,76.0895153594032,12,-9.563935000831862,17.623526399999996,1.2743035999999996,7.733859961868446,6.954129647283127
28,3,amusing-2,amusing,True,relaxed,relaxed-2,False,11,105.0,80.92976486346484,14,-4.723685496770216,17.323497599999996,0.9742747999999999,7.733859961868446,6.954129647283127
28,3,amusing-2,amusing,True,relaxed,relaxed-2,False,12,115.0,83.73376520252043,14,-1.9196851577146248,17.2048224,0.855599600000005,7.733859961868446,6.954129647283127
28,4,boring-2,boring,False,amusing,amusing-2,False,1,5.0,90.6879994055258,16,9.232822384652039,15.410767199999995,-2.333432799999997,4.608207435653003,4.97631515729266
28,4,boring-2,boring,False,amusing,amusing-2,False,2,15.0,101.86636324199291,17,20.411186221119152,15.515044799999998,-2.229155199999994,4.608207435653003,4.97631515729266
28,4,boring-2,boring,False,amusing,amusing-2,False,3,25.0,74.89616219376454,12,-6.559014827109223,15.546787199999994,-2.1974127999999986,4.608207435653003,4.97631515729266
28,4,boring-2,boring,False,amusing,amusing-2,False,4,35.0,85.15896525502947,14,3.7037882341557093,15.389277599999994,-2.3549223999999978,4.608207435653003,4.97631515729266
28,4,boring-2,boring,False,amusing,amusing-2,False,5,45.0,84.66707419227423,14,3.211897171400466,15.232363199999995,-2.5118367999999975,4.608207435653003,4.97631515729266
28,4,boring-2,boring,False,amusing,amusing-2,False,6,55.0,88.20607567024214,15,6.750898649368381,15.046079999999998,-2.698119999999994,4.608207435653003,4.97631515729266
28,4,boring-2,boring,False,amusing,amusing-2,False,7,65.0,94.0167269634191,15,12.56154994254534,15.204369599999998,-2.5398303999999943,4.608207435653003,4.97631515729266
28,4,boring-2,boring,False,amusing,amusing-2,False,8,75.0,83.03837716351929,14,1.5832001426455236,15.131431199999998,-2.6127687999999942,4.608207435653003,4.97631515729266
28,4,boring-2,boring,False,amusing,amusing-2,False,9,85.0,80.00946075656653,14,-1.4457162643072365,14.995019999999993,-2.749179999999999,4.608207435653003,4.97631515729266
28,4,boring-2,boring,False,amusing,amusing-2,False,10,95.0,83.99992119478895,14,2.5447441739151913,14.816421599999998,-2.927778399999994,4.608207435653003,4.97631515729266
28,4,boring-2,boring,False,amusing,amusing-2,False,11,105.0,85.05060603714911,14,3.5954290162753466,14.652019199999994,-3.0921807999999977,4.608207435653003,4.97631515729266
28,4,boring-2,boring,False,amusing,amusing-2,False,12,115.0,79.7341096606028,13,-1.7210673602709647,14.536303199999997,-3.207896799999995,4.608207435653003,4.97631515729266
28,5,relaxed-1,relaxed,False,boring,boring-2,False,1,5.0,89.1610635844833,15,4.682832130108821,14.711947199999997,-0.17731359999999796,4.026796568160153,4.441031077216397
28,5,relaxed-1,relaxed,False,boring,boring-2,False,2,15.0,90.02949187066218,15,5.551260416287704,14.670549599999996,-0.21871119999999955,4.026796568160153,4.441031077216397
28,5,relaxed-1,relaxed,False,boring,boring-2,False,3,25.0,79.54315472928862,13,-4.935076725085864,14.441488799999997,-0.4477719999999987,4.026796568160153,4.441031077216397
28,5,relaxed-1,relaxed,False,boring,boring-2,False,4,35.0,81.28133763382802,14,-3.196893820546464,14.214400799999998,-0.6748599999999971,4.026796568160153,4.441031077216397
28,5,relaxed-1,relaxed,False,boring,boring-2,False,5,45.0,79.55101791480239,13,-4.927213539572094,14.016086399999995,-0.8731743999999999,4.026796568160153,4.441031077216397
28,5,relaxed-1,relaxed,False,boring,boring-2,False,6,55.0,76.45563902033717,12,-8.022592434037307,13.849706399999997,-1.0395543999999983,4.026796568160153,4.441031077216397
28,5,relaxed-1,relaxed,False,boring,boring-2,False,7,65.0,75.7878445239532,13,-8.690386930421283,13.718419199999994,-1.170841600000001,4.026796568160153,4.441031077216397
28,5,relaxed-1,relaxed,False,boring,boring-2,False,8,75.0,77.52362845496212,13,-6.954602999412359,13.565452799999997,-1.3238079999999979,4.026796568160153,4.441031077216397
28,5,relaxed-1,relaxed,False,boring,boring-2,False,9,85.0,76.24343434628983,13,-8.23479710808465,13.4239176,-1.465343199999996,4.026796568160153,4.441031077216397
28,5,relaxed-1,relaxed,False,boring,boring-2,False,10,95.0,77.3285592244507,13,-7.14967222992378,13.299328799999994,-1.589932000000001,4.026796568160153,4.441031077216397
28,5,relaxed-1,relaxed,False,boring,boring-2,False,11,105.0,81.67251196566674,13,-2.8057194887077372,13.169618399999996,-1.7196423999999997,4.026796568160153,4.441031077216397
28,5,relaxed-1,relaxed,False,boring,boring-2,False,12,115.0,90.32387942354634,15,5.845647969171864,13.1037768,-1.785483999999995,4.026796568160153,4.441031077216397
28,6,boring-1,boring,False,relaxed,relaxed-1,False,1,5.0,82.96905485702597,13,2.8929809563711046,13.819156799999996,0.4390711999999972,4.269224022878933,3.446348903717826
28,6,boring-1,boring,False,relaxed,relaxed-1,False,2,15.0,77.34008226340353,13,-2.735991637251331,13.619469599999997,0.2393839999999976,4.269224022878933,3.446348903717826
28,6,boring-1,boring,False,relaxed,relaxed-1,False,3,25.0,77.36156832366616,13,-2.7145055769886994,13.382913599999998,0.0028279999999991645,4.269224022878933,3.446348903717826
28,6,boring-1,boring,False,relaxed,relaxed-1,False,4,35.0,78.88814670297917,13,-1.187927197675691,13.204312799999997,-0.1757728000000025,4.269224022878933,3.446348903717826
28,6,boring-1,boring,False,relaxed,relaxed-1,False,5,45.0,81.86888038831799,14,1.7928064876631282,13.013498399999998,-0.36658720000000145,4.269224022878933,3.446348903717826
28,6,boring-1,boring,False,relaxed,relaxed-1,False,6,55.0,80.73220606422638,13,0.6561321635715132,13.019013599999997,-0.36107200000000184,4.269224022878933,3.446348903717826
28,6,boring-1,boring,False,relaxed,relaxed-1,False,7,65.0,81.74818598397488,14,1.672112083320016,12.946471199999996,-0.4336144000000033,4.269224022878933,3.446348903717826
28,6,boring-1,boring,False,relaxed,relaxed-1,False,8,75.0,82.17830521934721,14,2.102231318692347,12.774182399999997,-0.605903200000002,4.269224022878933,3.446348903717826
28,6,boring-1,boring,False,relaxed,relaxed-1,False,9,85.0,80.35807763069069,13,0.28200373003582513,12.595389599999999,-0.7846960000000003,4.269224022878933,3.446348903717826
28,6,boring-1,boring,False,relaxed,relaxed-1,False,10,95.0,75.18367675682454,13,-4.892397143830323,12.431971199999996,-0.9481144000000032,4.269224022878933,3.446348903717826
28,6,boring-1,boring,False,relaxed,relaxed-1,False,11,105.0,76.55504026238991,12,-3.521033638264953,12.286881599999994,-1.0932040000000054,4.269224022878933,3.446348903717826
28,6,boring-1,boring,False,relaxed,relaxed-1,False,12,115.0,87.97436567182439,15,7.898291771169525,12.248443199999997,-1.1316424000000023,4.269224022878933,3.446348903717826
28,7,scary-1,scary,True,boring,boring-1,False,1,5.0,77.04008989564831,12,-3.8894119822560356,20.773235999999997,8.226012800000003,4.369218684461392,7.96216968541468
28,7,scary-1,scary,True,boring,boring-1,False,2,15.0,81.70719483141703,14,0.777692953512684,20.286722399999995,7.739499200000001,4.369218684461392,7.96216968541468
28,7,scary-1,scary,True,boring,boring-1,False,3,25.0,71.95422530099032,12,-8.975276576914027,20.100638399999998,7.553415200000003,4.369218684461392,7.96216968541468
28,7,scary-1,scary,True,boring,boring-1,False,4,35.0,75.75377439214041,13,-5.175727485763929,19.90192799999999,7.354704799999997,4.369218684461392,7.96216968541468
28,7,scary-1,scary,True,boring,boring-1,False,5,45.0,76.8867091624502,12,-4.042792715454141,19.777739999999994,7.2305168,4.369218684461392,7.96216968541468
28,7,scary-1,scary,True,boring,boring-1,False,6,55.0,77.95977521231218,13,-2.9697266655921624,19.614119999999996,7.066896800000002,4.369218684461392,7.96216968541468
28,7,scary-1,scary,True,boring,boring-1,False,7,65.0,71.00928205166814,12,-9.920219826236206,19.377964799999994,6.8307416,4.369218684461392,7.96216968541468
28,7,scary-1,scary,True,boring,boring-1,False,8,75.0,75.6304490417631,13,-5.299052836141243,19.140230399999997,6.593007200000002,4.369218684461392,7.96216968541468
28,7,scary-1,scary,True,boring,boring-1,False,9,85.0,74.67310047538298,12,-6.256401402521362,19.20902879999999,6.661805599999997,4.369218684461392,7.96216968541468
28,7,scary-1,scary,True,boring,boring-1,False,10,95.0,74.57571172805581,12,-6.353790149848535,19.154812799999995,6.607589600000001,4.369218684461392,7.96216968541468
28,7,scary-1,scary,True,boring,boring-1,False,11,105.0,84.05425130966141,15,3.124749431757067,18.850843199999996,6.303620000000002,4.369218684461392,7.96216968541468
28,7,scary-1,scary,True,boring,boring-1,False,12,115.0,81.19440616192024,13,0.2649042840158984,18.6584496,6.111226400000007,4.369218684461392,7.96216968541468
28,8,amusing-1,amusing,True,scary,scary-1,True,1,5.0,87.2463422056542,14,10.069277032224491,15.207129599999996,-3.858092000000001,6.374248236415633,5.770692850333651
28,8,amusing-1,amusing,True,scary,scary-1,True,2,15.0,104.16283701517686,17,26.98577184174715,15.216983999999997,-3.848237600000001,6.374248236415633,5.770692850333651
28,8,amusing-1,amusing,True,scary,scary-1,True,3,25.0,85.43910706839105,14,8.262041894961342,15.192938399999997,-3.8722832,6.374248236415633,5.770692850333651
28,8,amusing-1,amusing,True,scary,scary-1,True,4,35.0,77.70760176675037,13,0.5305365933206616,15.029714399999994,-4.035507200000003,6.374248236415633,5.770692850333651
28,8,amusing-1,amusing,True,scary,scary-1,True,5,45.0,77.42874189281656,13,0.2516767193868503,14.7324504,-4.332771199999998,6.374248236415633,5.770692850333651
28,8,amusing-1,amusing,True,scary,scary-1,True,6,55.0,80.98101669396392,14,3.8039515205342127,14.501020799999996,-4.564200800000002,6.374248236415633,5.770692850333651
28,8,amusing-1,amusing,True,scary,scary-1,True,7,65.0,75.73516893696258,12,-1.4418962364671302,14.264860799999997,-4.8003608,6.374248236415633,5.770692850333651
28,8,amusing-1,amusing,True,scary,scary-1,True,8,75.0,74.07962058015198,12,-3.0974445932777286,14.021013599999998,-5.044207999999999,6.374248236415633,5.770692850333651
28,8,amusing-1,amusing,True,scary,scary-1,True,9,85.0,76.60568467967659,13,-0.571380493753125,13.790369999999996,-5.274851600000002,6.374248236415633,5.770692850333651
28,8,amusing-1,amusing,True,scary,scary-1,True,10,95.0,79.70922613389565,14,2.5321609604659443,13.601723999999995,-5.463497600000002,6.374248236415633,5.770692850333651
28,8,amusing-1,amusing,True,scary,scary-1,True,11,105.0,79.35389304837847,13,2.1768278749487564,13.442049599999995,-5.623172000000002,6.374248236415633,5.770692850333651
28,8,amusing-1,amusing,True,scary,scary-1,True,12,115.0,77.75098775709363,13,0.573922583663915,13.369949333333329,-5.695272266666668,6.374248236415633,5.770692850333651
29,1,amusing-1,amusing,True,,,False,1,5.0,75.11791552418993,12,7.122317264703568,52.110659999999996,11.999639999999992,5.354581153719829,5.074572437936089
29,1,amusing-1,amusing,True,,,False,2,15.0,70.30578044986213,12,2.3101821903757696,50.5456224,10.434602399999996,5.354581153719829,5.074572437936089
29,1,amusing-1,amusing,True,,,False,3,25.0,62.96854503924476,10,-5.027053220241598,49.2823992,9.171379199999997,5.354581153719829,5.074572437936089
29,1,amusing-1,amusing,True,,,False,4,35.0,69.27379883989681,12,1.2782005804104557,48.22951919999999,8.118499199999988,5.354581153719829,5.074572437936089
29,1,amusing-1,amusing,True,,,False,5,45.0,69.71589089896703,11,1.7202926394806752,47.90286959999999,7.791849599999985,5.354581153719829,5.074572437936089
29,1,amusing-1,amusing,True,,,False,6,55.0,68.55217870145096,12,0.5565804419645985,47.361744,7.250723999999998,5.354581153719829,5.074572437936089
29,1,amusing-1,amusing,True,,,False,7,65.0,71.33275728228851,12,3.3371590228021546,46.486475999999996,6.375455999999993,5.354581153719829,5.074572437936089
29,1,amusing-1,amusing,True,,,False,8,75.0,69.43341599803267,11,1.4378177385463147,45.6770592,5.566039199999999,5.354581153719829,5.074572437936089
29,1,amusing-1,amusing,True,,,False,9,85.0,70.06231348397118,12,2.066715224484824,45.257952,5.146932,5.354581153719829,5.074572437936089
29,1,amusing-1,amusing,True,,,False,10,95.0,73.46865809324784,12,5.473059833761482,45.159976799999995,5.048956799999992,5.354581153719829,5.074572437936089
29,1,amusing-1,amusing,True,,,False,11,105.0,70.33685328487182,12,2.3412550253854647,44.6007144,4.489694399999998,5.354581153719829,5.074572437936089
29,1,amusing-1,amusing,True,,,False,12,115.0,70.23005722318406,11,2.234458963697705,44.1094632,3.998443199999997,5.354581153719829,5.074572437936089
29,2,boring-1,boring,False,amusing,amusing-1,False,1,5.0,69.14103593528947,11,-1.697609652795336,42.437988,-2.777285600000006,5.0,5.029851286939943
29,2,boring-1,boring,False,amusing,amusing-1,False,2,15.0,68.45016674208405,12,-2.3884788460007513,41.592492,-3.6227816000000033,5.0,5.029851286939943
29,2,boring-1,boring,False,amusing,amusing-1,False,3,25.0,67.30107509393095,11,-3.5375704941538544,41.37367439999999,-3.8415992000000116,5.0,5.029851286939943
29,2,boring-1,boring,False,amusing,amusing-1,False,4,35.0,69.65013262047601,12,-1.188512967608787,40.8607392,-4.354534400000006,5.0,5.029851286939943
29,2,boring-1,boring,False,amusing,amusing-1,False,5,45.0,71.15051401749665,11,0.3118684294118452,40.925399999999996,-4.289873600000007,5.0,5.029851286939943
29,2,boring-1,boring,False,amusing,amusing-1,False,6,55.0,68.03595647451411,12,-2.8026891135706933,41.570608799999995,-3.644664800000008,5.0,5.029851286939943
29,2,boring-1,boring,False,amusing,amusing-1,False,7,65.0,66.6516187254845,11,-4.187026862600305,41.25697439999999,-3.9582992000000132,5.0,5.029851286939943
29,2,boring-1,boring,False,amusing,amusing-1,False,8,75.0,67.19615857044984,11,-3.642487017634963,40.400637599999996,-4.814636000000007,5.0,5.029851286939943
29,2,boring-1,boring,False,amusing,amusing-1,False,9,85.0,66.23688673597584,11,-4.601758852108958,39.65075279999999,-5.564520800000011,5.0,5.029851286939943
29,2,boring-1,boring,False,amusing,amusing-1,False,10,95.0,65.01847280434104,11,-5.820172783743757,38.991350399999995,-6.223923200000009,5.0,5.029851286939943
29,2,boring-1,boring,False,amusing,amusing-1,False,11,105.0,65.04026503431625,11,-5.798380553768553,38.2325952,-6.982678400000005,5.0,5.029851286939943
29,2,boring-1,boring,False,amusing,amusing-1,False,12,115.0,66.8327175395048,11,-4.005928048580003,37.5781224,-7.637151200000005,5.0,5.029851286939943
29,3,scary-1,scary,True,boring,boring-1,False,1,5.0,71.74533558526696,12,5.582649016921579,59.4239064,20.0721676,4.25993403241182,5.3219340324118205
29,3,scary-1,scary,True,boring,boring-1,False,2,15.0,66.40282356101122,11,0.240136992665839,56.730076799999985,17.378337999999985,4.25993403241182,5.3219340324118205
29,3,scary-1,scary,True,boring,boring-1,False,3,25.0,65.75281682345711,11,-0.4098697448882689,54.42598559999999,15.07424679999999,4.25993403241182,5.3219340324118205
29,3,scary-1,scary,True,boring,boring-1,False,4,35.0,62.96346863347805,11,-3.1992179348673275,52.581014399999994,13.229275599999994,4.25993403241182,5.3219340324118205
29,3,scary-1,scary,True,boring,boring-1,False,5,45.0,68.2506175674458,11,2.087930999100422,51.16758,11.815841200000001,4.25993403241182,5.3219340324118205
29,3,scary-1,scary,True,boring,boring-1,False,6,55.0,61.67046118213385,10,-4.49222538621153,51.4455288,12.093789999999998,4.25993403241182,5.3219340324118205
29,3,scary-1,scary,True,boring,boring-1,False,7,65.0,61.78495483945373,10,-4.377731728891646,50.70588959999999,11.354150799999992,4.25993403241182,5.3219340324118205
29,3,scary-1,scary,True,boring,boring-1,False,8,75.0,65.2432898030159,11,-0.9193967653294806,49.527038399999995,10.175299599999995,4.25993403241182,5.3219340324118205
29,3,scary-1,scary,True,boring,boring-1,False,9,85.0,66.90711968723357,11,0.7444331188881961,50.557648799999996,11.205909999999996,4.25993403241182,5.3219340324118205
29,3,scary-1,scary,True,boring,boring-1,False,10,95.0,68.0524476893696,12,1.8897611210242218,49.0592484,9.707509600000002,4.25993403241182,5.3219340324118205
29,3,scary-1,scary,True,boring,boring-1,False,11,105.0,66.43957532980298,11,0.2768887614575988,48.27820439999999,8.926465599999993,4.25993403241182,5.3219340324118205
29,3,scary-1,scary,True,boring,boring-1,False,12,115.0,68.52647973918297,11,2.363793170837596,48.615501599999995,9.263762799999995,4.25993403241182,5.3219340324118205
29,4,relaxed-1,relaxed,False,scary,scary-1,False,1,5.0,71.2851895868902,12,5.031249726002898,43.302012000000005,-6.155243199999987,5.445339847473785,5.089214108674928
29,4,relaxed-1,relaxed,False,scary,scary-1,False,2,15.0,69.19841939402717,11,2.9444795331398694,44.74698479999999,-4.710270399999999,5.445339847473785,5.089214108674928
29,4,relaxed-1,relaxed,False,scary,scary-1,False,3,25.0,68.4861598763956,12,2.232220015508304,43.6471896,-5.810065599999994,5.445339847473785,5.089214108674928
29,4,relaxed-1,relaxed,False,scary,scary-1,False,4,35.0,66.74548720557893,11,0.4915473446916252,43.2456312,-6.211623999999993,5.445339847473785,5.089214108674928
29,4,relaxed-1,relaxed,False,scary,scary-1,False,5,45.0,68.06825583880335,11,1.8143159779160527,42.567897599999995,-6.889357599999997,5.445339847473785,5.089214108674928
29,4,relaxed-1,relaxed,False,scary,scary-1,False,6,55.0,68.45049945147531,11,2.1965595905880093,41.767346399999994,-7.689908799999998,5.445339847473785,5.089214108674928
29,4,relaxed-1,relaxed,False,scary,scary-1,False,7,65.0,68.06301368653783,12,1.809073825650529,41.10006,-8.357195199999992,5.445339847473785,5.089214108674928
29,4,relaxed-1,relaxed,False,scary,scary-1,False,8,75.0,66.49997878930058,11,0.24603892841328445,40.50906,-8.948195199999994,5.445339847473785,5.089214108674928
29,4,relaxed-1,relaxed,False,scary,scary-1,False,9,85.0,67.90995927945454,11,1.65601941856724,39.86897519999999,-9.588280000000005,5.445339847473785,5.089214108674928
29,4,relaxed-1,relaxed,False,scary,scary-1,False,10,95.0,68.67775192835661,12,2.4238120674693135,39.3038016,-10.153453599999992,5.445339847473785,5.089214108674928
29,4,relaxed-1,relaxed,False,scary,scary-1,False,11,105.0,71.81515030139326,12,5.56121044050596,38.760707999999994,-10.696547199999998,5.445339847473785,5.089214108674928
29,4,relaxed-1,relaxed,False,scary,scary-1,False,12,115.0,73.11539778476318,12,6.861457923875875,38.425391999999995,-11.031863199999997,5.445339847473785,5.089214108674928
29,5,boring-2,boring,False,relaxed,relaxed-1,False,1,5.0,73.47223571961064,12,4.064163102911834,34.628066399999994,-5.033266399999995,5.0,5.084517220470725
29,5,boring-2,boring,False,relaxed,relaxed-1,False,2,15.0,70.6614898790532,12,1.2534172623544038,36.846175200000005,-2.815157599999985,5.0,5.084517220470725
29,5,boring-2,boring,False,relaxed,relaxed-1,False,3,25.0,66.11626671447141,11,-3.291805902227395,36.117779999999996,-3.5435527999999934,5.0,5.084517220470725
29,5,boring-2,boring,False,relaxed,relaxed-1,False,4,35.0,68.75178769815777,11,-0.6562849185410329,35.59696559999999,-4.0643671999999995,5.0,5.084517220470725
29,5,boring-2,boring,False,relaxed,relaxed-1,False,5,45.0,68.20038035354808,12,-1.2076922631507188,34.951557599999994,-4.709775199999996,5.0,5.084517220470725
29,5,boring-2,boring,False,relaxed,relaxed-1,False,6,55.0,70.68094348806456,11,1.272870871365754,34.50762239999999,-5.153710400000001,5.0,5.084517220470725
29,5,boring-2,boring,False,relaxed,relaxed-1,False,7,65.0,71.55583804495912,12,2.147765428260314,34.0313568,-5.629975999999992,5.0,5.084517220470725
29,5,boring-2,boring,False,relaxed,relaxed-1,False,8,75.0,75.49718346526775,13,6.08911084856895,34.769013599999994,-4.892319199999996,5.0,5.084517220470725
29,5,boring-2,boring,False,relaxed,relaxed-1,False,9,85.0,80.92807593121712,13,11.52000331451832,37.062820800000004,-2.5985119999999853,5.0,5.084517220470725
29,5,boring-2,boring,False,relaxed,relaxed-1,False,10,95.0,74.91539203350175,13,5.507319416802943,37.6642656,-1.9970671999999894,5.0,5.084517220470725
29,5,boring-2,boring,False,relaxed,relaxed-1,False,11,105.0,70.62167392736308,12,1.2136013106642736,36.6569292,-3.004403599999989,5.0,5.084517220470725
29,5,boring-2,boring,False,relaxed,relaxed-1,False,12,115.0,66.89650479884874,11,-2.5115678178500644,36.3841044,-3.2772283999999914,5.0,5.084517220470725
29,6,relaxed-2,relaxed,False,boring,boring-2,False,1,5.0,68.64261595883119,11,-4.99819708231783,30.37301999999999,-5.7217284000000035,5.3665016205910385,5.097964442326024
29,6,relaxed-2,relaxed,False,boring,boring-2,False,2,15.0,63.805253430687344,11,-9.835559610461672,30.015225599999997,-6.079522799999996,5.3665016205910385,5.097964442326024
29,6,relaxed-2,relaxed,False,boring,boring-2,False,3,25.0,62.42257226374164,10,-11.218240777407374,29.508016799999996,-6.586731599999997,5.3665016205910385,5.097964442326024
29,6,relaxed-2,relaxed,False,boring,boring-2,False,4,35.0,66.50978099934785,11,-7.131032041801163,29.065659600000004,-7.02908879999999,5.3665016205910385,5.097964442326024
29,6,relaxed-2,relaxed,False,boring,boring-2,False,5,45.0,71.90098560657323,12,-1.739827434575787,28.706090399999994,-7.3886579999999995,5.3665016205910385,5.097964442326024
29,6,relaxed-2,relaxed,False,boring,boring-2,False,6,55.0,70.93254956343272,12,-2.708263477716301,28.2834528,-7.811295599999994,5.3665016205910385,5.097964442326024
29,6,relaxed-2,relaxed,False,boring,boring-2,False,7,65.0,70.60587493317477,12,-3.0349381079742415,27.873023999999997,-8.221724399999996,5.3665016205910385,5.097964442326024
29,6,relaxed-2,relaxed,False,boring,boring-2,False,8,75.0,64.76737096345968,11,-8.873442077689333,27.437176799999996,-8.657571599999997,5.3665016205910385,5.097964442326024
29,6,relaxed-2,relaxed,False,boring,boring-2,False,9,85.0,63.753278362932065,10,-9.887534678216952,27.034241999999995,-9.060506399999998,5.3665016205910385,5.097964442326024
29,6,relaxed-2,relaxed,False,boring,boring-2,False,10,95.0,64.24995067742648,11,-9.390862363722533,26.6338728,-9.460875599999994,5.3665016205910385,5.097964442326024
29,6,relaxed-2,relaxed,False,boring,boring-2,False,11,105.0,63.13522613997222,11,-10.505586901176798,26.2153704,-9.879377999999992,5.3665016205910385,5.097964442326024
29,6,relaxed-2,relaxed,False,boring,boring-2,False,12,115.0,62.984976545767196,10,-10.65583649538182,25.807705199999997,-10.287043199999996,5.3665016205910385,5.097964442326024
29,7,amusing-2,amusing,True,relaxed,relaxed-2,False,1,5.0,78.40476425417039,13,13.35351696379297,40.40438399999999,13.570818799999994,6.064347378455671,5.351328884652051
29,7,amusing-2,amusing,True,relaxed,relaxed-2,False,2,15.0,68.12778821223174,11,3.076540921854317,39.8508384,13.017273200000002,6.064347378455671,5.351328884652051
29,7,amusing-2,amusing,True,relaxed,relaxed-2,False,3,25.0,71.69044758840549,12,6.639200298028072,38.330172,11.496606799999999,6.064347378455671,5.351328884652051
29,7,amusing-2,amusing,True,relaxed,relaxed-2,False,4,35.0,68.02903843564562,11,2.977791145268199,37.1485728,10.315007599999998,6.064347378455671,5.351328884652051
29,7,amusing-2,amusing,True,relaxed,relaxed-2,False,5,45.0,65.66838906896537,11,0.6171417785879498,36.240393600000004,9.406828400000006,6.064347378455671,5.351328884652051
29,7,amusing-2,amusing,True,relaxed,relaxed-2,False,6,55.0,65.55061280439288,11,0.4993655140154658,35.451675599999994,8.618110399999996,6.064347378455671,5.351328884652051
29,7,amusing-2,amusing,True,relaxed,relaxed-2,False,7,65.0,66.64863999593673,11,1.5973927055593151,34.986645599999996,8.153080399999997,6.064347378455671,5.351328884652051
29,7,amusing-2,amusing,True,relaxed,relaxed-2,False,8,75.0,66.73631961343416,11,1.685072323056744,34.37337599999999,7.539810799999994,6.064347378455671,5.351328884652051
29,7,amusing-2,amusing,True,relaxed,relaxed-2,False,9,85.0,65.28396918117072,11,0.2327218907933002,33.6497136,6.816148399999999,6.064347378455671,5.351328884652051
29,7,amusing-2,amusing,True,relaxed,relaxed-2,False,10,95.0,65.72976598483162,11,0.6785186944541977,32.9532516,6.119686400000003,6.064347378455671,5.351328884652051
29,7,amusing-2,amusing,True,relaxed,relaxed-2,False,11,105.0,63.613215906889145,11,-1.4380313834882728,32.283204,5.449638799999999,6.064347378455671,5.351328884652051
29,7,amusing-2,amusing,True,relaxed,relaxed-2,False,12,115.0,67.79763242552482,11,2.7463851351474062,31.5855636,4.7519984000000015,6.064347378455671,5.351328884652051
29,8,scary-2,scary,True,amusing,amusing-2,True,1,5.0,79.69191767276351,13,13.723660488132296,50.851572,17.5462796,2.624346615824595,6.036447664442326
29,8,scary-2,scary,True,amusing,amusing-2,True,2,15.0,69.3072984944211,11,3.3390413097898914,48.821500799999995,15.516208399999996,2.624346615824595,6.036447664442326
29,8,scary-2,scary,True,amusing,amusing-2,True,3,25.0,64.77217064074433,11,-1.196086543886878,47.4396096,14.134317199999998,2.624346615824595,6.036447664442326
29,8,scary-2,scary,True,amusing,amusing-2,True,4,35.0,63.21401175970056,11,-2.7542454249306516,46.5527136,13.247421199999998,2.624346615824595,6.036447664442326
29,8,scary-2,scary,True,amusing,amusing-2,True,5,45.0,62.572182612699024,10,-3.396074571932189,45.15819839999999,11.85290599999999,2.624346615824595,6.036447664442326
29,8,scary-2,scary,True,amusing,amusing-2,True,6,55.0,62.083370577223945,10,-3.8848866074072674,44.03908799999999,10.733795599999993,2.624346615824595,6.036447664442326
29,8,scary-2,scary,True,amusing,amusing-2,True,7,65.0,64.1705142992778,11,-1.797742885353415,43.147464,9.8421716,2.624346615824595,6.036447664442326
29,8,scary-2,scary,True,amusing,amusing-2,True,8,75.0,61.85633547616667,10,-4.111921708464543,43.7506872,10.445394800000003,2.624346615824595,6.036447664442326
29,8,scary-2,scary,True,amusing,amusing-2,True,9,85.0,60.9330490181899,11,-5.035208166441315,42.8001192,9.494826799999998,2.624346615824595,6.036447664442326
29,8,scary-2,scary,True,amusing,amusing-2,True,10,95.0,59.96967635184534,10,-5.998580832785876,42.0376152,8.732322799999999,2.624346615824595,6.036447664442326
29,8,scary-2,scary,True,amusing,amusing-2,True,11,105.0,61.1723856287533,10,-4.795871555877916,41.3681544,8.062862000000003,2.624346615824595,6.036447664442326
29,8,scary-2,scary,True,amusing,amusing-2,True,12,115.0,60.20226075701358,10,-5.76599642761763,40.86201333333333,7.556720933333331,2.624346615824595,6.036447664442326
30,1,relaxed-2,relaxed,False,,,False,1,5.0,90.93825555372966,16,8.932096109113985,5.1836087999999965,-1.5646576000000003,5.25518512614339,5.7261979716308895
30,1,relaxed-2,relaxed,False,,,False,2,15.0,83.96991252081025,14,1.9637530761945783,5.1270323999999965,-1.6212340000000003,5.25518512614339,5.7261979716308895
30,1,relaxed-2,relaxed,False,,,False,3,25.0,81.9425600955974,13,-0.06359934901827557,5.071245599999994,-1.6770208000000029,5.25518512614339,5.7261979716308895
30,1,relaxed-2,relaxed,False,,,False,4,35.0,79.9183463170519,14,-2.087813127563777,5.019993599999995,-1.7282728000000018,5.25518512614339,5.7261979716308895
30,1,relaxed-2,relaxed,False,,,False,5,45.0,87.10250014734716,14,5.0963407027314815,4.968739199999998,-1.7795271999999986,5.25518512614339,5.7261979716308895
30,1,relaxed-2,relaxed,False,,,False,6,55.0,88.71687382638561,15,6.710714381769932,4.919848799999998,-1.828417599999999,5.25518512614339,5.7261979716308895
30,1,relaxed-2,relaxed,False,,,False,7,65.0,83.0080724536041,14,1.0019130089884243,4.868599199999997,-1.8796672,5.25518512614339,5.7261979716308895
30,1,relaxed-2,relaxed,False,,,False,8,75.0,89.5795215119248,14,7.5733620673091195,4.818134399999997,-1.9301319999999995,5.25518512614339,5.7261979716308895
30,1,relaxed-2,relaxed,False,,,False,9,85.0,92.53672995048629,16,10.530570505870614,4.770427199999998,-1.9778391999999991,5.25518512614339,5.7261979716308895
30,1,relaxed-2,relaxed,False,,,False,10,95.0,92.53717889152189,15,10.531019446906214,4.770033599999998,-1.978232799999999,5.25518512614339,5.7261979716308895
30,1,relaxed-2,relaxed,False,,,False,11,105.0,87.85800251028795,15,5.85184306567227,4.779298799999999,-1.9689675999999974,5.25518512614339,5.7261979716308895
30,1,relaxed-2,relaxed,False,,,False,12,115.0,89.30763009946102,14,7.301470654845346,4.751899199999996,-1.9963672000000008,5.25518512614339,5.7261979716308895
30,2,scary-2,scary,True,relaxed,relaxed-2,False,1,5.0,89.81683828653924,15,0.5776503644393927,4.836861599999998,0.043796199999999175,0.5,9.440538512869399
30,2,scary-2,scary,True,relaxed,relaxed-2,False,2,15.0,88.51110332716287,14,-0.7280845949369734,5.016441599999997,0.22337619999999792,0.5,9.440538512869399
30,2,scary-2,scary,True,relaxed,relaxed-2,False,3,25.0,87.58690256111386,15,-1.652285360985985,5.297548799999998,0.5044833999999989,0.5,9.440538512869399
30,2,scary-2,scary,True,relaxed,relaxed-2,False,4,35.0,81.1515984079951,13,-8.08758951410475,5.783859599999996,0.9907941999999972,0.5,9.440538512869399
30,2,scary-2,scary,True,relaxed,relaxed-2,False,5,45.0,89.12410297501705,15,-0.11508494708279216,5.996954399999998,1.2038889999999993,0.5,9.440538512869399
30,2,scary-2,scary,True,relaxed,relaxed-2,False,6,55.0,87.84593309986435,15,-1.393254822235491,6.299342399999999,1.5062769999999999,0.5,9.440538512869399
30,2,scary-2,scary,True,relaxed,relaxed-2,False,7,65.0,82.63083866417645,13,-6.608349257923393,6.526432799999998,1.7333673999999988,0.5,9.440538512869399
30,2,scary-2,scary,True,relaxed,relaxed-2,False,8,75.0,82.66994161577962,14,-6.569246306320224,6.611592000000002,1.8185266000000029,0.5,9.440538512869399
30,2,scary-2,scary,True,relaxed,relaxed-2,False,9,85.0,84.79273136708233,14,-4.4464565550175195,6.6328799999999974,1.8398145999999986,0.5,9.440538512869399
30,2,scary-2,scary,True,relaxed,relaxed-2,False,10,95.0,82.87251122636552,14,-6.366676695734327,6.614743199999998,1.821677799999999,0.5,9.440538512869399
30,2,scary-2,scary,True,relaxed,relaxed-2,False,11,105.0,84.34429862890966,14,-4.8948892931901895,6.576899999999995,1.783834599999996,0.5,9.440538512869399
30,2,scary-2,scary,True,relaxed,relaxed-2,False,12,115.0,93.52641054340498,16,4.287222621305133,6.472027199999997,1.678961799999998,0.5,9.440538512869399
30,3,amusing-2,amusing,True,scary,scary-2,False,1,5.0,95.26255810239178,16,9.89624950165421,5.337566399999995,-1.2348628000000037,7.031482459485224,8.097702192564348
30,3,amusing-2,amusing,True,scary,scary-2,False,2,15.0,86.94886825753258,14,1.5825596567950129,5.41188,-1.1605491999999984,7.031482459485224,8.097702192564348
30,3,amusing-2,amusing,True,scary,scary-2,False,3,25.0,80.99225217660691,14,-4.374056424130657,5.5963895999999975,-0.9760396000000009,7.031482459485224,8.097702192564348
30,3,amusing-2,amusing,True,scary,scary-2,False,4,35.0,87.05978093041276,14,1.6934723296751883,5.636603999999995,-0.9358252000000036,7.031482459485224,8.097702192564348
30,3,amusing-2,amusing,True,scary,scary-2,False,5,45.0,89.01621608557421,15,3.649907484836646,6.074223599999998,-0.49820560000000036,7.031482459485224,8.097702192564348
30,3,amusing-2,amusing,True,scary,scary-2,False,6,55.0,85.92588190936229,14,0.5595733086247208,6.312746399999996,-0.259682800000002,7.031482459485224,8.097702192564348
30,3,amusing-2,amusing,True,scary,scary-2,False,7,65.0,88.14740935478717,15,2.7811007540496036,6.453887999999997,-0.11854120000000101,7.031482459485224,8.097702192564348
30,3,amusing-2,amusing,True,scary,scary-2,False,8,75.0,89.43955635813978,15,4.073247757402214,6.6096216,0.037192400000001236,7.031482459485224,8.097702192564348
30,3,amusing-2,amusing,True,scary,scary-2,False,9,85.0,88.03649900122032,15,2.6701904004827526,7.173995999999998,0.6015667999999996,7.031482459485224,8.097702192564348
30,3,amusing-2,amusing,True,scary,scary-2,False,10,95.0,85.98014554477699,14,0.61383694403942,7.887599999999996,1.315170799999998,7.031482459485224,8.097702192564348
30,3,amusing-2,amusing,True,scary,scary-2,False,11,105.0,88.55273793095198,15,3.186429330214409,8.272583999999997,1.7001547999999982,7.031482459485224,8.097702192564348
30,3,amusing-2,amusing,True,scary,scary-2,False,12,115.0,92.42119922787188,15,7.054890627134313,9.335889599999998,2.7634603999999996,7.031482459485224,8.097702192564348
30,4,boring-2,boring,False,amusing,amusing-2,False,1,5.0,92.6393692305285,16,3.845177480849358,6.502379999999995,-1.119883200000002,6.512744709246902,4.897842707340325
30,4,boring-2,boring,False,amusing,amusing-2,False,2,15.0,93.50139109773903,15,4.707199348059888,6.593846399999995,-1.0284168000000022,6.512744709246902,4.897842707340325
30,4,boring-2,boring,False,amusing,amusing-2,False,3,25.0,87.89095107068552,15,-0.903240678993626,6.693597599999995,-0.9286656000000022,6.512744709246902,4.897842707340325
30,4,boring-2,boring,False,amusing,amusing-2,False,4,35.0,83.63677869238113,14,-5.157413057298015,7.028913599999997,-0.5933495999999998,6.512744709246902,4.897842707340325
30,4,boring-2,boring,False,amusing,amusing-2,False,5,45.0,86.20232501475193,14,-2.5918667349272084,7.089035999999996,-0.5332272000000016,6.512744709246902,4.897842707340325
30,4,boring-2,boring,False,amusing,amusing-2,False,6,55.0,86.1572175984997,15,-2.6369741511794444,7.025164799999997,-0.5970984000000001,6.512744709246902,4.897842707340325
30,4,boring-2,boring,False,amusing,amusing-2,False,7,65.0,84.81028858349524,14,-3.9839031661839073,6.872985599999997,-0.7492776000000001,6.512744709246902,4.897842707340325
30,4,boring-2,boring,False,amusing,amusing-2,False,8,75.0,83.46792992943551,13,-5.32626182024363,6.880079999999998,-0.7421831999999995,6.512744709246902,4.897842707340325
30,4,boring-2,boring,False,amusing,amusing-2,False,9,85.0,84.65566870439343,15,-4.138523045285709,7.191933599999997,-0.4303296000000003,6.512744709246902,4.897842707340325
30,4,boring-2,boring,False,amusing,amusing-2,False,10,95.0,87.48517732833193,14,-1.3090144213472144,7.079966399999998,-0.542296799999999,6.512744709246902,4.897842707340325
30,4,boring-2,boring,False,amusing,amusing-2,False,11,105.0,89.81713775334956,15,1.0229460036704126,6.897227999999996,-0.7250352000000015,6.512744709246902,4.897842707340325
30,4,boring-2,boring,False,amusing,amusing-2,False,12,115.0,91.96104550532378,15,3.166853755644638,6.736967999999997,-0.8852951999999998,6.512744709246902,4.897842707340325
30,5,relaxed-1,relaxed,False,boring,boring-2,False,1,5.0,97.24618629647239,16,10.109821281423066,5.455641599999995,-1.4875520000000009,6.890790467111536,3.9206863679694948
30,5,relaxed-1,relaxed,False,boring,boring-2,False,2,15.0,102.96917077973175,17,15.832805764682433,5.345447999999999,-1.597745599999997,6.890790467111536,3.9206863679694948
30,5,relaxed-1,relaxed,False,boring,boring-2,False,3,25.0,80.2685156824977,13,-6.867849332551614,5.2419575999999966,-1.7012359999999997,6.890790467111536,3.9206863679694948
30,5,relaxed-1,relaxed,False,boring,boring-2,False,4,35.0,82.99475604987353,14,-4.1416089651757915,5.137871999999999,-1.8053215999999974,6.890790467111536,3.9206863679694948
30,5,relaxed-1,relaxed,False,boring,boring-2,False,5,45.0,83.90001120981489,14,-3.2363538052344296,5.046602399999996,-1.8965912000000005,6.890790467111536,3.9206863679694948
30,5,relaxed-1,relaxed,False,boring,boring-2,False,6,55.0,80.55255611339325,13,-6.58380890165607,4.959869999999997,-1.9833235999999994,6.890790467111536,3.9206863679694948
30,5,relaxed-1,relaxed,False,boring,boring-2,False,7,65.0,85.17606576990964,14,-1.9602992451396801,4.880030399999996,-2.0631632,6.890790467111536,3.9206863679694948
30,5,relaxed-1,relaxed,False,boring,boring-2,False,8,75.0,87.37270517129916,15,0.23634015624983817,4.802361599999998,-2.1408319999999987,6.890790467111536,3.9206863679694948
30,5,relaxed-1,relaxed,False,boring,boring-2,False,9,85.0,85.9031611918668,14,-1.2332038231825209,4.729034399999998,-2.2141591999999983,6.890790467111536,3.9206863679694948
30,5,relaxed-1,relaxed,False,boring,boring-2,False,10,95.0,86.82913999015891,15,-0.30722502489041403,4.6612199999999975,-2.281973599999999,6.890790467111536,3.9206863679694948
30,5,relaxed-1,relaxed,False,boring,boring-2,False,11,105.0,89.03581540710786,14,1.8994503920585402,4.5985343999999975,-2.344659199999999,6.890790467111536,3.9206863679694948
30,5,relaxed-1,relaxed,False,boring,boring-2,False,12,115.0,82.92806537114248,14,-4.208299643906841,4.540975199999996,-2.4022184000000006,6.890790467111536,3.9206863679694948
30,6,boring-1,boring,False,relaxed,relaxed-1,False,1,5.0,94.97719415051058,15,8.748924548391429,3.9633911999999967,-0.7386348000000016,5.907054432793137,5.009485891325071
30,6,boring-1,boring,False,relaxed,relaxed-1,False,2,15.0,89.03903151117301,15,2.810761909053852,3.9294815999999977,-0.7725444000000006,5.907054432793137,5.009485891325071
30,6,boring-1,boring,False,relaxed,relaxed-1,False,3,25.0,79.86674799061936,13,-6.361521611499796,3.9003119999999987,-0.8017139999999996,5.907054432793137,5.009485891325071
30,6,boring-1,boring,False,relaxed,relaxed-1,False,4,35.0,79.48136418521888,13,-6.746905416900276,3.8683727999999973,-0.833653200000001,5.907054432793137,5.009485891325071
30,6,boring-1,boring,False,relaxed,relaxed-1,False,5,45.0,83.5273958984164,14,-2.7008737037027544,3.8395991999999977,-0.8624268000000006,5.907054432793137,5.009485891325071
30,6,boring-1,boring,False,relaxed,relaxed-1,False,6,55.0,84.83372068129346,14,-1.3945489208256987,3.808648799999996,-0.8933772000000024,5.907054432793137,5.009485891325071
30,6,boring-1,boring,False,relaxed,relaxed-1,False,7,65.0,82.05645239115177,14,-4.17181721096739,3.7786871999999976,-0.9233388000000007,5.907054432793137,5.009485891325071
30,6,boring-1,boring,False,relaxed,relaxed-1,False,8,75.0,79.08245610650604,13,-7.145813495613112,3.7504967999999947,-0.9515292000000035,5.907054432793137,5.009485891325071
30,6,boring-1,boring,False,relaxed,relaxed-1,False,9,85.0,80.39087759964524,14,-5.837392002473919,3.7217112,-0.9803147999999982,5.907054432793137,5.009485891325071
30,6,boring-1,boring,False,relaxed,relaxed-1,False,10,95.0,82.08629097098385,13,-4.141978631135302,3.6960887999999974,-1.0059372000000009,5.907054432793137,5.009485891325071
30,6,boring-1,boring,False,relaxed,relaxed-1,False,11,105.0,80.67649041825483,14,-5.551779183864326,3.6698735999999963,-1.032152400000002,5.907054432793137,5.009485891325071
30,6,boring-1,boring,False,relaxed,relaxed-1,False,12,115.0,82.9554463311428,13,-3.2728232709763603,3.644834399999997,-1.0571916000000012,5.907054432793137,5.009485891325071
30,7,amusing-1,amusing,True,boring,boring-1,False,1,5.0,85.98365590777323,14,4.781828746798524,4.772594399999997,1.0623124000000002,6.453520591039085,7.774292469018113
30,7,amusing-1,amusing,True,boring,boring-1,False,2,15.0,75.41117834234016,12,-5.790648818634537,6.5372711999999975,2.8269892000000003,6.453520591039085,7.774292469018113
30,7,amusing-1,amusing,True,boring,boring-1,False,3,25.0,85.24804994670666,15,4.046222785731956,7.012550399999998,3.3022684000000004,6.453520591039085,7.774292469018113
30,7,amusing-1,amusing,True,boring,boring-1,False,4,35.0,83.97347895592894,13,2.771651794954238,7.358707199999998,3.6484252000000006,6.453520591039085,7.774292469018113
30,7,amusing-1,amusing,True,boring,boring-1,False,5,45.0,86.22446492769832,15,5.022637766723619,7.550308800000001,3.8400268000000035,6.453520591039085,7.774292469018113
30,7,amusing-1,amusing,True,boring,boring-1,False,6,55.0,97.43195311499593,16,16.230125954021233,9.4626396,5.752357600000002,6.453520591039085,7.774292469018113
30,7,amusing-1,amusing,True,boring,boring-1,False,7,65.0,84.4565120949328,14,3.254684933958103,9.940871999999995,6.230589999999998,6.453520591039085,7.774292469018113
30,7,amusing-1,amusing,True,boring,boring-1,False,8,75.0,81.57434036414016,14,0.3725132031654539,9.934756799999995,6.224474799999998,6.453520591039085,7.774292469018113
30,7,amusing-1,amusing,True,boring,boring-1,False,9,85.0,78.48768646606877,13,-2.714140694905936,9.872467199999997,6.1621852,6.453520591039085,7.774292469018113
30,7,amusing-1,amusing,True,boring,boring-1,False,10,95.0,77.73176447399908,12,-3.4700626869756235,9.755373599999995,6.0450915999999975,6.453520591039085,7.774292469018113
30,7,amusing-1,amusing,True,boring,boring-1,False,11,105.0,78.57934201363268,14,-2.6224851473420188,9.586238400000001,5.875956400000003,6.453520591039085,7.774292469018113
30,7,amusing-1,amusing,True,boring,boring-1,False,12,115.0,89.24249091895459,14,8.040663757979885,9.431099999999997,5.7208179999999995,6.453520591039085,7.774292469018113
30,8,scary-1,scary,True,amusing,amusing-1,True,1,5.0,89.60899762125572,15,7.7934581986615825,15.640613999999996,5.887145999999998,0.5,8.584260803277148
30,8,scary-1,scary,True,amusing,amusing-1,True,2,15.0,82.28744787680411,14,0.4719084542099665,15.080968799999997,5.327500799999999,0.5,8.584260803277148
30,8,scary-1,scary,True,amusing,amusing-1,True,3,25.0,82.5325939330089,14,0.717054510414755,14.501807999999997,4.748339999999999,0.5,8.584260803277148
30,8,scary-1,scary,True,amusing,amusing-1,True,4,35.0,81.5897114319683,13,-0.22582799062584513,13.907668799999996,4.154200799999998,0.5,8.584260803277148
30,8,scary-1,scary,True,amusing,amusing-1,True,5,45.0,91.2974517291863,15,9.481912306592164,13.658102399999999,3.904634400000001,0.5,8.584260803277148
30,8,scary-1,scary,True,amusing,amusing-1,True,6,55.0,90.88145510240292,16,9.065915679808782,13.674657599999998,3.9211896,0.5,8.584260803277148
30,8,scary-1,scary,True,amusing,amusing-1,True,7,65.0,93.45479038456084,15,11.639250961966695,13.164887999999996,3.411419999999998,0.5,8.584260803277148
30,8,scary-1,scary,True,amusing,amusing-1,True,8,75.0,90.81420568668445,15,8.998666264090303,12.608599199999997,2.855131199999999,0.5,8.584260803277148
30,8,scary-1,scary,True,amusing,amusing-1,True,9,85.0,91.04731617323426,15,9.231776750640122,12.082262399999996,2.328794399999998,0.5,8.584260803277148
30,8,scary-1,scary,True,amusing,amusing-1,True,10,95.0,86.84338023832382,15,5.027840815729675,11.562244799999997,1.8087767999999986,0.5,8.584260803277148
30,8,scary-1,scary,True,amusing,amusing-1,True,11,105.0,88.48554254857793,14,6.670003125983783,11.078295599999999,1.3248276000000008,0.5,8.584260803277148
30,8,scary-1,scary,True,amusing,amusing-1,True,12,115.0,85.33082448374417,14,3.515285061150024,10.643018666666665,0.8895506666666666,0.5,8.584260803277148
