subject,trial_order,video_label,category,main_condition,previous_category,previous_video_label,recovery_is_endvid,recovery_bin,time_mid_s,hr_bpm,hr_rr_count,hr_delta_bpm,scl_us,scl_delta_us,stimulus_end_valence,stimulus_end_arousal,eda_qc_flag,condition_scary,time_linear,time_quadratic,arousal_z,order_z,previous_category_filled,hr_delta_bpm_within_z,scl_delta_us_within_z
1,2,amusing-1,amusing,True,boring,boring-1,0,1,5.0,73.14721407814584,12,-5.397319522347232,5.320017599999996,-1.0479916000000005,8.865371456399368,6.17763097377103,False,0,-0.9166666666666666,0.8402777777777777,-0.48860352624079667,-1.1068028258349254,boring,-0.4499533888096506,-0.9916688442845706
1,2,amusing-1,amusing,True,boring,boring-1,0,2,15.0,76.43198484722144,13,-2.112548753271625,5.292026399999996,-1.0759828000000011,8.865371456399368,6.17763097377103,False,0,-0.75,0.5625,-0.48860352624079667,-1.1068028258349254,boring,0.45487188999131833,-0.9978501202014808
1,2,amusing-1,amusing,True,boring,boring-1,0,3,25.0,72.01322857211602,12,-6.531305028377048,5.254180799999997,-1.1138284,8.865371456399368,6.17763097377103,False,0,-0.5833333333333334,0.34027777777777785,-0.48860352624079667,-1.1068028258349254,boring,-0.7623218381728425,-1.006207535955039
1,2,amusing-1,amusing,True,boring,boring-1,0,4,35.0,78.09714619951195,13,-0.447387400981114,5.220074399999997,-1.1479347999999998,8.865371456399368,6.17763097377103,False,0,-0.4166666666666667,0.17361111111111113,-0.48860352624079667,-1.1068028258349254,boring,0.9135584135744744,-1.013739226948369
1,2,amusing-1,amusing,True,boring,boring-1,0,5,45.0,77.01826832838121,12,-1.526265272111857,5.187155999999996,-1.1808532000000005,8.865371456399368,6.17763097377103,False,0,-0.25,0.0625,-0.48860352624079667,-1.1068028258349254,boring,0.6163699522886997,-1.0210085727836036
1,2,amusing-1,amusing,True,boring,boring-1,0,6,55.0,77.94132394668078,13,-0.6032096538122858,5.154038399999996,-1.2139708000000011,8.865371456399368,6.17763097377103,False,0,-0.08333333333333333,0.006944444444444444,-0.48860352624079667,-1.1068028258349254,boring,0.8706355056234159,-1.028321907806963
1,2,amusing-1,amusing,True,boring,boring-1,0,7,65.0,76.20351408708386,13,-2.341019513409208,5.125651199999999,-1.2423579999999976,8.865371456399368,6.17763097377103,False,0,0.08333333333333333,0.006944444444444444,-0.48860352624079667,-1.1068028258349254,boring,0.39193717284588586,-1.034590632109904
1,2,amusing-1,amusing,True,boring,boring-1,0,8,75.0,74.90496994955019,12,-3.639563650942876,5.092929599999999,-1.275079599999998,8.865371456399368,6.17763097377103,False,0,0.25,0.0625,-0.48860352624079667,-1.1068028258349254,boring,0.03423928648472641,-1.0418165187472317
1,2,amusing-1,amusing,True,boring,boring-1,0,9,85.0,74.85018776180178,13,-3.694345838691291,5.059811999999996,-1.3081972000000013,8.865371456399368,6.17763097377103,False,0,0.4166666666666667,0.17361111111111113,-0.48860352624079667,-1.1068028258349254,boring,0.019148946309562237,-1.049129853770592
1,2,amusing-1,amusing,True,boring,boring-1,0,10,95.0,74.74788844200448,12,-3.7966451584885874,5.026298399999996,-1.3417108000000004,8.865371456399368,6.17763097377103,False,0,0.5833333333333334,0.34027777777777785,-0.48860352624079667,-1.1068028258349254,boring,-0.009030496660452756,-1.0565306371799832
1,2,amusing-1,amusing,True,boring,boring-1,0,11,105.0,77.50652563661346,13,-1.0380079638796076,4.993576799999996,-1.3744324000000008,8.865371456399368,6.17763097377103,False,0,0.75,0.5625,-0.48860352624079667,-1.1068028258349254,boring,0.7508656556744744,-1.0637565238173108
1,2,amusing-1,amusing,True,boring,boring-1,0,12,115.0,79.52033759012711,14,0.9758039896340448,4.962626399999998,-1.405382799999999,8.865371456399368,6.17763097377103,False,0,0.9166666666666666,0.8402777777777777,-0.48860352624079667,-1.1068028258349254,boring,1.3055917204109488,-1.070591277673477
1,4,scary-1,scary,True,relaxed,relaxed-1,0,1,5.0,73.6512804656935,12,-3.3075949110707654,16.669425599999993,12.202340799999996,0.5,8.96978503336511,False,1,-0.9166666666666666,0.8402777777777777,1.474311465397444,-0.26884485043939826,relaxed,0.12568363031408875,1.9343922233071105
1,4,scary-1,scary,True,relaxed,relaxed-1,0,2,15.0,68.36079388183451,11,-8.598081494929758,16.647547199999998,12.1804624,0.5,8.96978503336511,False,1,-0.75,0.5625,1.474311465397444,-0.26884485043939826,relaxed,-1.3316375451237144,1.9295608324764026
1,4,scary-1,scary,True,relaxed,relaxed-1,0,3,25.0,69.06571569891463,11,-7.8931596778496385,16.392662399999995,11.9255776,0.5,8.96978503336511,False,1,-0.5833333333333334,0.34027777777777785,1.474311465397444,-0.26884485043939826,relaxed,-1.137459282921295,1.8732748113045194
1,4,scary-1,scary,True,relaxed,relaxed-1,0,4,35.0,65.38760609874538,11,-11.571269278018889,16.0392072,11.572122400000003,0.5,8.96978503336511,False,1,-0.4166666666666667,0.17361111111111113,1.474311465397444,-0.26884485043939826,relaxed,-2.1506339542759827,1.7952215618737488
1,4,scary-1,scary,True,relaxed,relaxed-1,0,5,45.0,68.0333775907888,11,-8.925497785975466,15.722027999999996,11.254943199999998,0.5,8.96978503336511,False,1,-0.25,0.0625,1.474311465397444,-0.26884485043939826,relaxed,-1.4218278681801944,1.7251791145937174
1,4,scary-1,scary,True,relaxed,relaxed-1,0,6,55.0,73.26398382513389,12,-3.694891551630377,15.3979512,10.930866400000005,0.5,8.96978503336511,False,1,-0.08333333333333333,0.006944444444444444,1.474311465397444,-0.26884485043939826,relaxed,0.018998623837472976,1.6536134754260785
1,4,scary-1,scary,True,relaxed,relaxed-1,0,7,65.0,71.41501637791792,12,-5.543858998846346,15.058891199999994,10.591806399999998,0.5,8.96978503336511,False,1,0.08333333333333333,0.006944444444444444,1.474311465397444,-0.26884485043939826,relaxed,-0.4903192566281752,1.57873910732512
1,4,scary-1,scary,True,relaxed,relaxed-1,0,8,75.0,72.10166074816671,12,-4.857214628597561,15.000539999999996,10.5334552,0.5,8.96978503336511,False,1,0.25,0.0625,1.474311465397444,-0.26884485043939826,relaxed,-0.3011757128543988,1.5658534551457644
1,4,scary-1,scary,True,relaxed,relaxed-1,0,9,85.0,71.73982000933908,12,-5.2190553674251845,14.627183999999994,10.160099199999998,0.5,8.96978503336511,False,1,0.4166666666666667,0.17361111111111113,1.474311465397444,-0.26884485043939826,relaxed,-0.4008486186393557,1.4834055268242252
1,4,scary-1,scary,True,relaxed,relaxed-1,0,10,95.0,70.71456200845711,12,-6.244313368307161,14.279056799999996,9.811972,0.5,8.96978503336511,False,1,0.5833333333333334,0.34027777777777785,1.474311465397444,-0.26884485043939826,relaxed,-0.6832669125503259,1.4065288556782474
1,4,scary-1,scary,True,relaxed,relaxed-1,0,11,105.0,69.3124386922233,11,-7.646436684540973,13.936444799999997,9.469359999999998,0.5,8.96978503336511,False,1,0.75,0.5625,1.474311465397444,-0.26884485043939826,relaxed,-1.0694967927199022,1.3308701020540947
1,4,scary-1,scary,True,relaxed,relaxed-1,0,12,115.0,74.6581470095623,12,-2.3007283672019696,13.587532799999996,9.120448,0.5,8.96978503336511,False,1,0.9166666666666666,0.8402777777777777,1.474311465397444,-0.26884485043939826,relaxed,0.4030358004711051,1.253820124106708
1,6,amusing-2,amusing,True,boring,boring-2,0,1,5.0,79.14246779538168,12,5.431143267279552,11.109242399999996,3.0487659999999988,9.373223260247851,7.230527740705432,False,0,-0.9166666666666666,0.8402777777777777,0.25159447299260995,0.5691131249561289,boring,2.5328626283236444,-0.08698490467862276
1,6,amusing-2,amusing,True,boring,boring-2,0,2,15.0,72.68577099321398,12,-1.0255535348881466,11.575058399999998,3.5145820000000008,9.373223260247851,7.230527740705432,False,0,-0.75,0.5625,0.25159447299260995,0.5691131249561289,boring,0.7542963614913302,0.015880896805820947
1,6,amusing-2,amusing,True,boring,boring-2,0,3,25.0,70.15231981726477,12,-3.559004710837357,11.451064799999996,3.3905884000000004,9.373223260247851,7.230527740705432,False,0,-0.5833333333333334,0.34027777777777785,0.25159447299260995,0.5691131249561289,boring,0.056430109091626296,-0.011500517836315656
1,6,amusing-2,amusing,True,boring,boring-2,0,4,35.0,62.51061205453493,10,-11.200712473567194,11.378128799999995,3.3176523999999983,9.373223260247851,7.230527740705432,False,0,-0.4166666666666667,0.17361111111111113,0.25159447299260995,0.5691131249561289,boring,-2.0485601148908503,-0.027606920572738558
1,6,amusing-2,amusing,True,boring,boring-2,0,5,45.0,69.1108462603378,12,-4.6004782677643306,11.228702399999996,3.168225999999999,9.373223260247851,7.230527740705432,False,0,-0.25,0.0625,0.25159447299260995,0.5691131249561289,boring,-0.2304549333539628,-0.060604641558996974
1,6,amusing-2,amusing,True,boring,boring-2,0,6,55.0,73.72656534695113,12,0.0152408188490085,11.084404799999998,3.023928400000001,9.373223260247851,7.230527740705432,False,0,-0.08333333333333333,0.006944444444444444,0.25159447299260995,0.5691131249561289,boring,1.0409943101459687,-0.09246977344858728
1,6,amusing-2,amusing,True,boring,boring-2,0,7,65.0,73.33077243026679,12,-0.3805520978353343,10.910543999999996,2.850067599999999,9.373223260247851,7.230527740705432,False,0,0.08333333333333333,0.006944444444444444,0.25159447299260995,0.5691131249561289,boring,0.9319689134400848,-0.13086332484812416
1,6,amusing-2,amusing,True,boring,boring-2,0,8,75.0,69.92037924556075,12,-3.790945282541372,10.6937016,2.633225200000002,9.373223260247851,7.230527740705432,False,0,0.25,0.0625,0.25159447299260995,0.5691131249561289,boring,-0.007460404801494321,-0.17874847106854158
1,6,amusing-2,amusing,True,boring,boring-2,0,9,85.0,73.03344395638696,12,-0.6778805717151641,10.435855199999995,2.3753788,9.373223260247851,7.230527740705432,False,0,0.4166666666666667,0.17361111111111113,0.25159447299260995,0.5691131249561289,boring,0.8500666017760372,-0.23568850016990037
1,6,amusing-2,amusing,True,boring,boring-2,0,10,95.0,74.05017114027413,12,0.3388466121720057,10.157121599999998,2.096645200000001,9.373223260247851,7.230527740705432,False,0,0.5833333333333334,0.34027777777777785,0.25159447299260995,0.5691131249561289,boring,1.1301349908052436,-0.2972410341417779
1,6,amusing-2,amusing,True,boring,boring-2,0,11,105.0,76.32698966224419,12,2.6156651341420627,9.868132799999998,1.8076564000000008,9.373223260247851,7.230527740705432,False,0,0.75,0.5625,0.25159447299260995,0.5691131249561289,boring,1.7573090308678694,-0.361058216316773
1,6,amusing-2,amusing,True,boring,boring-2,0,12,115.0,71.61940256146595,12,-2.0919219666361784,9.576775199999997,1.5162987999999995,9.373223260247851,7.230527740705432,False,0,0.9166666666666666,0.8402777777777777,0.25159447299260995,0.5691131249561289,boring,0.4605537592236844,-0.4253984988373046
1,8,scary-2,scary,True,relaxed,relaxed-2,1,1,5.0,74.96772817364932,12,-1.6506102548957813,7.102041599999998,1.0381644000000003,0.5,9.5,False,1,-0.9166666666666666,0.8402777777777777,1.84705841437844,1.4070711003516558,relaxed,0.582117795403296,-0.5309845634492615
1,8,scary-2,scary,True,relaxed,relaxed-2,1,2,15.0,75.69069255625568,12,-0.9276458722894176,7.316519999999997,1.2526427999999994,0.5,9.5,False,1,-0.75,0.5625,1.84705841437844,1.4070711003516558,relaxed,0.7812660754639666,-0.48362145759394326
1,8,scary-2,scary,True,relaxed,relaxed-2,1,3,25.0,67.53699490189013,12,-9.081343526654976,7.491962399999997,1.428085199999999,0.5,9.5,False,1,-0.5833333333333334,0.34027777777777785,1.84705841437844,1.4070711003516558,relaxed,-1.4647572461105651,-0.44487864264049753
1,8,scary-2,scary,True,relaxed,relaxed-2,1,4,35.0,67.93887822250694,11,-8.679460206038158,7.670164799999997,1.606287599999999,0.5,9.5,False,1,-0.4166666666666667,0.17361111111111113,1.84705841437844,1.4070711003516558,relaxed,-1.3540541824307502,-0.4055263389359203
1,8,scary-2,scary,True,relaxed,relaxed-2,1,5,45.0,68.9844396374155,11,-7.633898791129596,7.723391999999995,1.6595147999999975,0.5,9.5,False,1,-0.25,0.0625,1.84705841437844,1.4070711003516558,relaxed,-1.0660430957349163,-0.3937722158727954
1,8,scary-2,scary,True,relaxed,relaxed-2,1,6,55.0,68.15975858973464,12,-8.458579838810465,7.714315199999997,1.6504379999999994,0.5,9.5,False,1,-0.08333333333333333,0.006944444444444444,1.84705841437844,1.4070711003516558,relaxed,-1.293210320283651,-0.39577663887868997
1,8,scary-2,scary,True,relaxed,relaxed-2,1,7,65.0,79.59290729846137,13,2.9745688699162685,7.713926399999994,1.6500491999999962,0.5,9.5,False,1,0.08333333333333333,0.006944444444444444,1.84705841437844,1.4070711003516558,relaxed,1.8561729077148963,-0.3958624972940675
1,8,scary-2,scary,True,relaxed,relaxed-2,1,8,75.0,73.99583639428961,12,-2.62250203425549,7.6835711999999985,1.6196940000000009,0.5,9.5,False,1,0.25,0.0625,1.84705841437844,1.4070711003516558,relaxed,0.31439979860956696,-0.402565813576076
1,8,scary-2,scary,True,relaxed,relaxed-2,1,9,85.0,72.4600965168796,12,-4.158241911665499,7.624828799999996,1.5609515999999983,0.5,9.5,False,1,0.4166666666666667,0.17361111111111113,1.84705841437844,1.4070711003516558,relaxed,-0.10863619398553549,-0.41553785416102806
1,8,scary-2,scary,True,relaxed,relaxed-2,1,10,95.0,72.55084531461162,12,-4.06749311393348,7.5270504,1.4631732000000026,0.5,9.5,False,1,0.5833333333333334,0.34027777777777785,1.84705841437844,1.4070711003516558,relaxed,-0.08363846599131254,-0.4371301856478513
1,8,scary-2,scary,True,relaxed,relaxed-2,1,11,105.0,72.12555450100818,12,-4.49278392753692,7.403258399999997,1.3393811999999992,0.5,9.5,False,1,0.75,0.5625,1.84705841437844,1.4070711003516558,relaxed,-0.20078937424130197,-0.46446708111164503
1,8,scary-2,scary,True,relaxed,relaxed-2,1,12,115.0,69.63102628409024,12,-6.987312144454862,7.274773333333333,1.2108961333333357,0.5,9.5,False,1,0.9166666666666666,0.8402777777777777,1.84705841437844,1.4070711003516558,relaxed,-0.8879338808227618,-0.492840343003569
2,1,amusing-2,amusing,True,,,0,1,5.0,65.74737984381574,10,0.9516559671932328,28.0654248,19.0629452,4.290807721639657,5.623001334604385,False,0,-0.9166666666666666,0.8402777777777777,-0.8785142583460976,-1.5257818135326888,none,0.6955843635174384,0.8618261943282266
2,1,amusing-2,amusing,True,,,0,2,15.0,66.1601645370037,11,1.3644406603811916,27.32165759999999,18.319177999999997,4.290807721639657,5.623001334604385,False,0,-0.75,0.5625,-0.8785142583460976,-1.5257818135326888,none,0.8101160767535796,0.7901661448831458
2,1,amusing-2,amusing,True,,,0,3,25.0,61.83398026713736,11,-2.961743609485147,26.493515999999996,17.49103639999999,4.290807721639657,5.623001334604385,False,0,-0.5833333333333334,0.34027777777777785,-0.8785142583460976,-1.5257818135326888,none,-0.39023196032205976,0.7103768398377924
2,1,amusing-2,amusing,True,,,0,4,35.0,61.69963110363822,10,-3.096092772984285,26.077772400000004,17.075292800000007,4.290807721639657,5.623001334604385,False,0,-0.4166666666666667,0.17361111111111113,-0.8785142583460976,-1.5257818135326888,none,-0.42750863293451113,0.6703210173539902
2,1,amusing-2,amusing,True,,,0,5,45.0,62.90931313825068,10,-1.886410738371822,25.875712799999995,16.873233199999994,4.290807721639657,5.623001334604385,False,0,-0.25,0.0625,-0.8785142583460976,-1.5257818135326888,none,-0.09186887162180182,0.6508530965760182
2,1,amusing-2,amusing,True,,,0,6,55.0,61.62567343929097,11,-3.170050437331533,25.610772,16.608292399999996,4.290807721639657,5.623001334604385,False,0,-0.08333333333333333,0.006944444444444444,-0.8785142583460976,-1.5257818135326888,none,-0.4480290110987683,0.6253267345261468
2,1,amusing-2,amusing,True,,,0,7,65.0,63.11378223946963,10,-1.6819416371528746,25.422517199999994,16.420037599999993,4.290807721639657,5.623001334604385,False,0,0.08333333333333333,0.006944444444444444,-0.8785142583460976,-1.5257818135326888,none,-0.03513664086585976,0.6071888705866321
2,1,amusing-2,amusing,True,,,0,8,75.0,61.114800442832575,10,-3.680923433789928,24.8262024,15.8237228,4.290807721639657,5.623001334604385,False,0,0.25,0.0625,-0.8785142583460976,-1.5257818135326888,none,-0.5897764171824973,0.5497354791856228
2,1,amusing-2,amusing,True,,,0,9,85.0,62.41400972135414,11,-2.3817141552683623,23.892204,14.8897244,4.290807721639657,5.623001334604385,False,0,0.4166666666666667,0.17361111111111113,-0.8785142583460976,-1.5257818135326888,none,-0.22929632434724662,0.4597471447637419
2,1,amusing-2,amusing,True,,,0,10,95.0,71.82961909159424,12,7.033895214971736,23.198316,14.1958364,4.290807721639657,5.623001334604385,False,0,0.5833333333333334,0.34027777777777785,-0.8785142583460976,-1.5257818135326888,none,2.383169423855357,0.3928928274594187
2,1,amusing-2,amusing,True,,,0,11,105.0,63.91942158674565,10,-0.876302289876854,22.959787199999997,13.957307599999996,4.290807721639657,5.623001334604385,False,0,0.75,0.5625,-0.8785142583460976,-1.5257818135326888,none,0.18839697415594062,0.36991119341845013
2,1,amusing-2,amusing,True,,,0,12,115.0,61.67859917301323,10,-3.117124703609271,22.4705124,13.4680328,4.290807721639657,5.623001334604385,False,0,0.9166666666666666,0.8402777777777777,-0.8785142583460976,-1.5257818135326888,none,-0.43334417646821105,0.3227708296591561
2,4,scary-2,scary,True,boring,boring-2,0,1,5.0,64.34630115194568,10,-5.184982406635086,31.6514064,20.0158986,1.3571157292659677,8.63728808388942,False,1,-0.9166666666666666,0.8402777777777777,1.2405624555399084,-0.26884485043939826,boring,-1.0070943405719388,0.9536407940616611
2,4,scary-2,scary,True,boring,boring-2,0,2,15.0,60.05758167028517,10,-9.473701888295594,30.73692239999999,19.10141459999999,1.3571157292659677,8.63728808388942,False,1,-0.75,0.5625,1.2405624555399084,-0.26884485043939826,boring,-2.1970473546487743,0.8655326216970617
2,4,scary-2,scary,True,boring,boring-2,0,3,25.0,62.7139503410033,11,-6.817333217577463,29.736688800000003,18.101181000000004,1.3571157292659677,8.63728808388942,False,1,-0.5833333333333334,0.34027777777777785,1.2405624555399084,-0.26884485043939826,boring,-1.46000826413767,0.7691626967627142
2,4,scary-2,scary,True,boring,boring-2,0,4,35.0,66.10253731010104,10,-3.428746248479726,29.2476096,17.612101799999998,1.3571157292659677,8.63728808388942,False,1,-0.4166666666666667,0.17361111111111113,1.2405624555399084,-0.26884485043939826,boring,-0.5198070468320954,0.7220411785584148
2,4,scary-2,scary,True,boring,boring-2,0,5,45.0,64.66174279002756,11,-4.869540768553208,28.507389599999996,16.871881799999997,1.3571157292659677,8.63728808388942,False,1,-0.25,0.0625,1.2405624555399084,-0.26884485043939826,boring,-0.91957154277507,0.6507228926750934
2,4,scary-2,scary,True,boring,boring-2,0,6,55.0,65.10065128487501,11,-4.430632273705754,27.7279368,16.092429000000003,1.3571157292659677,8.63728808388942,False,1,-0.08333333333333333,0.006944444444444444,1.2405624555399084,-0.26884485043939826,boring,-0.7977914896424183,0.5756246278038999
2,4,scary-2,scary,True,boring,boring-2,0,7,65.0,67.13354136470545,11,-2.3977421938753167,26.82074879999999,15.185240999999992,1.3571157292659677,8.63728808388942,False,1,0.08333333333333333,0.006944444444444444,1.2405624555399084,-0.26884485043939826,boring,-0.23374348227670408,0.48821940620232307
2,4,scary-2,scary,True,boring,boring-2,0,8,75.0,66.93318479383876,11,-2.598098764742005,25.820124,14.184616200000002,1.3571157292659677,8.63728808388942,False,1,0.25,0.0625,1.2405624555399084,-0.26884485043939826,boring,-0.2893346456559898,0.3918117901579843
2,4,scary-2,scary,True,boring,boring-2,0,9,85.0,70.60286411487296,12,1.07158055629219,24.712656,13.077148200000002,1.3571157292659677,8.63728808388942,False,1,0.4166666666666667,0.17361111111111113,1.2405624555399084,-0.26884485043939826,boring,0.7288587772137564,0.28511010764382616
2,4,scary-2,scary,True,boring,boring-2,0,10,95.0,66.78171934978263,11,-2.749564208798134,23.52318,11.8876722,1.3571157292659677,8.63728808388942,False,1,0.5833333333333334,0.34027777777777785,1.2405624555399084,-0.26884485043939826,boring,-0.3313604210544061,0.1705071660597707
2,4,scary-2,scary,True,boring,boring-2,0,11,105.0,66.0076507332992,11,-3.5236328252815667,22.2846192,10.6491114,1.3571157292659677,8.63728808388942,False,1,0.75,0.5625,1.2405624555399084,-0.26884485043939826,boring,-0.5461343849906328,0.0511750307239582
2,4,scary-2,scary,True,boring,boring-2,0,12,115.0,67.8389954021376,11,-1.692288156443169,21.1714368,9.535929,1.3571157292659677,8.63728808388942,False,1,0.9166666666666666,0.8402777777777777,1.2405624555399084,-0.26884485043939826,boring,-0.03800739794552849,-0.05607721947663324
2,5,amusing-1,amusing,True,scary,scary-2,0,1,5.0,63.08977156565765,11,-4.505457948668841,15.065594399999998,-8.989866400000004,6.788244518589132,5.98446558627264,False,0,-0.9166666666666666,0.8402777777777777,-0.6244009166760943,0.1501341372583653,scary,-0.8185527070252313,-1.8409897759505445
2,5,amusing-1,amusing,True,scary,scary-2,0,2,15.0,62.60522455551752,10,-4.990004958808967,16.392859199999997,-7.662601600000006,6.788244518589132,5.98446558627264,False,0,-0.75,0.5625,-0.6244009166760943,0.1501341372583653,scary,-0.9529956748257082,-1.7131112392327186
2,5,amusing-1,amusing,True,scary,scary-2,0,3,25.0,69.82644536551629,12,2.231215851189802,16.737235199999997,-7.318225600000005,6.788244518589132,5.98446558627264,False,0,-0.5833333333333334,0.34027777777777785,-0.6244009166760943,0.1501341372583653,scary,1.0506125128670425,-1.6799315007504367
2,5,amusing-1,amusing,True,scary,scary-2,0,4,35.0,66.32702496749617,11,-1.2682045468303187,16.289955599999992,-7.76550520000001,6.788244518589132,5.98446558627264,False,0,-0.4166666666666667,0.17361111111111113,-0.6244009166760943,0.1501341372583653,scary,0.07965932556887795,-1.7230257354138854
2,5,amusing-1,amusing,True,scary,scary-2,0,5,45.0,66.04895318910594,11,-1.5462763252205465,18.220032,-5.835428800000006,6.788244518589132,5.98446558627264,False,0,-0.25,0.0625,-0.6244009166760943,0.1501341372583653,scary,0.0025052117966611557,-1.5370678573886336
2,5,amusing-1,amusing,True,scary,scary-2,0,6,55.0,66.83858539422336,11,-0.7566441201031324,18.497589599999998,-5.557871200000008,6.788244518589132,5.98446558627264,False,0,-0.08333333333333333,0.006944444444444444,-0.6244009166760943,0.1501341372583653,scary,0.22159746684147014,-1.510325899233101
2,5,amusing-1,amusing,True,scary,scary-2,0,7,65.0,66.58011823021066,11,-1.0151112841158323,18.0635112,-5.991949600000002,6.788244518589132,5.98446558627264,False,0,0.08333333333333333,0.006944444444444444,-0.6244009166760943,0.1501341372583653,scary,0.1498828718039506,-1.5521482323597042
2,5,amusing-1,amusing,True,scary,scary-2,0,8,75.0,64.2934101843012,11,-3.301819330025296,17.345181599999997,-6.710279200000006,6.788244518589132,5.98446558627264,False,0,0.25,0.0625,-0.6244009166760943,0.1501341372583653,scary,-0.48458975882148975,-1.621357434720154
2,5,amusing-1,amusing,True,scary,scary-2,0,9,85.0,64.5525633833778,10,-3.042666130948689,16.601217599999995,-7.454243200000008,6.788244518589132,5.98446558627264,False,0,0.4166666666666667,0.17361111111111113,-0.6244009166760943,0.1501341372583653,scary,-0.41268481571025034,-1.6930364453371318
2,5,amusing-1,amusing,True,scary,scary-2,0,10,95.0,65.59178162109805,11,-2.00344789322844,15.778406399999994,-8.277054400000008,6.788244518589132,5.98446558627264,False,0,0.5833333333333334,0.34027777777777785,-0.6244009166760943,0.1501341372583653,scary,-0.12434213450974614,-1.7723121801046315
2,5,amusing-1,amusing,True,scary,scary-2,0,11,105.0,64.82952592506435,11,-2.765703589262145,14.964266399999996,-9.091194400000006,6.788244518589132,5.98446558627264,False,0,0.75,0.5625,-0.6244009166760943,0.1501341372583653,scary,-0.33583847202290806,-1.8507524671396307
2,5,amusing-1,amusing,True,scary,scary-2,0,12,115.0,63.332110713641015,11,-4.263118800685476,15.249316799999995,-8.806144000000005,6.788244518589132,5.98446558627264,False,0,0.9166666666666666,0.8402777777777777,-0.6244009166760943,0.1501341372583653,scary,-0.7513130097671663,-1.8232885970491775
2,8,scary-1,scary,True,relaxed,relaxed-1,1,1,5.0,62.830508538395954,10,-4.1896653723340265,28.948365599999995,19.5494294,2.173908287038559,8.386295782518655,False,1,-0.9166666666666666,0.8402777777777777,1.0641121090937375,1.4070711003516558,relaxed,-0.7309325374991965,0.9086976909823549
2,8,scary-1,scary,True,relaxed,relaxed-1,1,2,15.0,62.964604459010346,11,-4.055569451719634,28.52631119999999,19.127374999999997,2.173908287038559,8.386295782518655,False,1,-0.75,0.5625,1.0641121090937375,1.4070711003516558,relaxed,-0.6937261299472802,0.8680338392119165
2,8,scary-1,scary,True,relaxed,relaxed-1,1,3,25.0,65.91920485885814,11,-1.100969051871843,27.679835999999995,18.2808998,2.173908287038559,8.386295782518655,False,1,-0.5833333333333334,0.34027777777777785,1.0641121090937375,1.4070711003516558,relaxed,0.1260606773330693,0.7864781391406656
2,8,scary-1,scary,True,relaxed,relaxed-1,1,4,35.0,68.33709166276256,11,1.3169177520325803,27.00822,17.609283800000007,2.173908287038559,8.386295782518655,False,1,-0.4166666666666667,0.17361111111111113,1.0641121090937375,1.4070711003516558,relaxed,0.7969303162325319,0.7217696715339915
2,8,scary-1,scary,True,relaxed,relaxed-1,1,5,45.0,67.97913171387091,11,0.9589578031409332,26.9307504,17.531814200000007,2.173908287038559,8.386295782518655,False,1,-0.25,0.0625,1.0641121090937375,1.4070711003516558,relaxed,0.697610339273469,0.7143056755867507
2,8,scary-1,scary,True,relaxed,relaxed-1,1,6,55.0,66.06811429179818,11,-0.9520596189317984,26.4324048,17.033468600000006,2.173908287038559,8.386295782518655,False,1,-0.08333333333333333,0.006944444444444444,1.0641121090937375,1.4070711003516558,relaxed,0.16737725896290162,0.6662913636666523
2,8,scary-1,scary,True,relaxed,relaxed-1,1,7,65.0,66.11020804349621,11,-0.9099658672337654,25.7803056,16.381369400000004,2.173908287038559,8.386295782518655,False,1,0.08333333333333333,0.006944444444444444,1.0641121090937375,1.4070711003516558,relaxed,0.17905663946821798,0.6034632893510633
2,8,scary-1,scary,True,relaxed,relaxed-1,1,8,75.0,64.91690410056947,11,-2.103269810160512,24.858139199999997,15.459202999999995,2.173908287038559,8.386295782518655,False,1,0.25,0.0625,1.0641121090937375,1.4070711003516558,relaxed,-0.1520388377873072,0.5146149375810574
2,8,scary-1,scary,True,relaxed,relaxed-1,1,9,85.0,68.3412573441892,11,1.321083433459222,24.1610856,14.762149400000004,2.173908287038559,8.386295782518655,False,1,0.4166666666666667,0.17361111111111113,1.0641121090937375,1.4070711003516558,relaxed,0.7980861309670962,0.4474556228897525
2,8,scary-1,scary,True,relaxed,relaxed-1,1,10,95.0,68.1532896567796,12,1.1331157460496255,23.3469504,13.9480142,2.173908287038559,8.386295782518655,False,1,0.5833333333333334,0.34027777777777785,1.0641121090937375,1.4070711003516558,relaxed,0.745932401365854,0.36901579832236
2,8,scary-1,scary,True,relaxed,relaxed-1,1,11,105.0,77.25996587302555,13,10.23979196229557,23.1856944,13.7867582,2.173908287038559,8.386295782518655,False,1,0.75,0.5625,1.0641121090937375,1.4070711003516558,relaxed,3.2726812032128816,0.3534791990567351
2,8,scary-1,scary,True,relaxed,relaxed-1,1,12,115.0,77.53138156667727,12,10.511207655947288,24.552367999999998,15.153431799999998,2.173908287038559,8.386295782518655,False,1,0.9166666666666666,0.8402777777777777,1.0641121090937375,1.4070711003516558,relaxed,3.3479885120983695,0.4851546719080331
3,2,scary-1,scary,True,relaxed,relaxed-1,0,1,5.0,69.05945740686492,11,3.957115085788601,34.3566168,18.1741326,2.456988308661538,8.478089341337983,False,1,-0.9166666666666666,0.8402777777777777,1.1286439898197171,-1.1068028258349254,relaxed,0.8469833989600298,1.3210962783395135
3,2,scary-1,scary,True,relaxed,relaxed-1,0,2,15.0,65.59113079343868,11,0.4887884723623585,34.3455792,18.163095,2.456988308661538,8.478089341337983,False,1,-0.75,0.5625,1.1286439898197171,-1.1068028258349254,relaxed,0.2646145796504495,1.319723266067094
3,2,scary-1,scary,True,relaxed,relaxed-1,0,3,25.0,58.63678747519101,10,-6.465554845885308,34.2675144,18.0850302,2.456988308661538,8.478089341337983,False,1,-0.5833333333333334,0.34027777777777785,1.1286439898197171,-1.1068028258349254,relaxed,-0.9030934129138702,1.3100124658529202
3,2,scary-1,scary,True,relaxed,relaxed-1,0,4,35.0,59.96402444468739,9,-5.138317876388932,33.4098072,17.227323000000005,2.456988308661538,8.478089341337983,False,1,-0.4166666666666667,0.17361111111111113,1.1286439898197171,-1.1068028258349254,relaxed,-0.6802362506508078,1.2033187541998027
3,2,scary-1,scary,True,relaxed,relaxed-1,0,5,45.0,54.723869498136686,10,-10.378472822939637,32.3074512,16.124966999999998,2.456988308661538,8.478089341337983,False,1,-0.25,0.0625,1.1286439898197171,-1.1068028258349254,relaxed,-1.5601138369797716,1.0661921762684459
3,2,scary-1,scary,True,relaxed,relaxed-1,0,6,55.0,51.41843499735185,8,-13.683907323724467,32.20495079999999,16.022466599999994,2.456988308661538,8.478089341337983,False,1,-0.08333333333333333,0.006944444444444444,1.1286439898197171,-1.1068028258349254,relaxed,-2.1151313431383367,1.0534417316855746
3,2,scary-1,scary,True,relaxed,relaxed-1,0,7,65.0,54.604090370044375,9,-10.498251951031946,31.883032799999995,15.700548599999998,2.456988308661538,8.478089341337983,False,1,0.08333333333333333,0.006944444444444444,1.1286439898197171,-1.1068028258349254,relaxed,-1.580226022820349,1.0133970331358269
3,2,scary-1,scary,True,relaxed,relaxed-1,0,8,75.0,52.60543560631708,9,-12.49690671475924,31.4560512,15.273567000000003,2.456988308661538,8.478089341337983,False,1,0.25,0.0625,1.1286439898197171,-1.1068028258349254,relaxed,-1.9158213529872221,0.9602830430567108
3,2,scary-1,scary,True,relaxed,relaxed-1,0,9,85.0,56.99109535882261,9,-8.11124696225371,31.3066248,15.1241406,2.456988308661538,8.478089341337983,False,1,0.4166666666666667,0.17361111111111113,1.1286439898197171,-1.1068028258349254,relaxed,-1.1794225714903688,0.9416952811317043
3,2,scary-1,scary,True,relaxed,relaxed-1,0,10,95.0,57.78809737801127,10,-7.314244943065056,31.5893112,15.406827,2.456988308661538,8.478089341337983,False,1,0.5833333333333334,0.34027777777777785,1.1286439898197171,-1.1068028258349254,relaxed,-1.0455974804203758,0.976859800270471
3,2,scary-1,scary,True,relaxed,relaxed-1,0,11,105.0,56.896740648909336,9,-8.205601672166985,31.4079528,15.2254686,2.456988308661538,8.478089341337983,False,1,0.75,0.5625,1.1286439898197171,-1.1068028258349254,relaxed,-1.1952657278977783,0.9542998860765934
3,2,scary-1,scary,True,relaxed,relaxed-1,0,12,115.0,53.67534282718058,9,-11.426999493895742,30.767673599999995,14.585189399999996,2.456988308661538,8.478089341337983,False,1,0.9166666666666666,0.8402777777777777,1.1286439898197171,-1.1068028258349254,relaxed,-1.7361725844505274,0.8746529338972371
3,3,amusing-1,amusing,True,scary,scary-1,0,1,5.0,61.531648662761086,10,6.061915624914207,29.195370000000004,-2.2064043999999967,8.42257273593899,6.561681601525263,False,0,-0.9166666666666666,0.8402777777777777,-0.21861171394213857,-0.6878238381371617,scary,1.200401730471159,-1.2141221948337446
3,3,amusing-1,amusing,True,scary,scary-1,0,2,15.0,58.307053960804566,10,2.8373209229576872,30.0388872,-1.362887200000003,8.42257273593899,6.561681601525263,False,0,-0.75,0.5625,-0.21861171394213857,-0.6878238381371617,scary,0.6589580838258883,-1.1091936354008225
3,3,amusing-1,amusing,True,scary,scary-1,0,3,25.0,61.08350885713473,10,5.613775819287852,29.7366864,-1.6650880000000043,8.42257273593899,6.561681601525263,False,0,-0.5833333333333334,0.34027777777777785,-0.21861171394213857,-0.6878238381371617,scary,1.1251543046728056,-1.1467856306837605
3,3,amusing-1,amusing,True,scary,scary-1,0,4,35.0,59.85316979820992,10,4.38343676036304,29.455579199999995,-1.9461952000000051,8.42257273593899,6.561681601525263,False,0,-0.4166666666666667,0.17361111111111113,-0.21861171394213857,-0.6878238381371617,scary,0.9185673291778172,-1.1817537066663517
3,3,amusing-1,amusing,True,scary,scary-1,0,5,45.0,55.85527607251093,9,0.3855430346640531,29.511563999999996,-1.890210400000008,8.42257273593899,6.561681601525263,False,0,-0.25,0.0625,-0.21861171394213857,-0.6878238381371617,scary,0.2472785757635302,-1.174789528088677
3,3,amusing-1,amusing,True,scary,scary-1,0,6,55.0,51.87310422404114,8,-3.5966288138057365,29.1799896,-2.221784800000002,8.42257273593899,6.561681601525263,False,0,-0.08333333333333333,0.006944444444444444,-0.21861171394213857,-0.6878238381371617,scary,-0.42137030773658735,-1.2160354257856478
3,3,amusing-1,amusing,True,scary,scary-1,0,7,65.0,51.01145815941842,9,-4.458274878428455,28.836199199999992,-2.5655752000000085,8.42257273593899,6.561681601525263,False,0,0.08333333333333333,0.006944444444444444,-0.21861171394213857,-0.6878238381371617,scary,-0.5660498195722307,-1.258800921757596
3,3,amusing-1,amusing,True,scary,scary-1,0,8,75.0,56.31646828229582,9,0.8467352444489435,28.494768,-2.9070064,8.42257273593899,6.561681601525263,False,0,0.25,0.0625,-0.21861171394213857,-0.6878238381371617,scary,0.324717638638257,-1.3012729471785989
3,3,amusing-1,amusing,True,scary,scary-1,0,9,85.0,62.10153230013061,11,6.631799262283735,28.24067279999999,-3.161101600000009,8.42257273593899,6.561681601525263,False,0,0.4166666666666667,0.17361111111111113,-0.21861171394213857,-0.6878238381371617,scary,1.296091236688362,-1.3328808898439308
3,3,amusing-1,amusing,True,scary,scary-1,0,10,95.0,66.99460011831023,11,11.524867080463352,28.449828,-2.951946400000004,8.42257273593899,6.561681601525263,False,0,0.5833333333333334,0.34027777777777785,-0.21861171394213857,-0.6878238381371617,scary,2.1176892133737164,-1.3068632178463648
3,3,amusing-1,amusing,True,scary,scary-1,0,11,105.0,59.16078628373139,9,3.691053245884511,28.00254,-3.399234400000001,8.42257273593899,6.561681601525263,False,0,0.75,0.5625,-0.21861171394213857,-0.6878238381371617,scary,0.8023087945071311,-1.36250320419357
3,3,amusing-1,amusing,True,scary,scary-1,0,12,115.0,57.54414121554314,10,2.074408177696263,28.5239496,-2.877824800000002,8.42257273593899,6.561681601525263,False,0,0.9166666666666666,0.8402777777777777,-0.21861171394213857,-0.6878238381371617,scary,0.5308569433582607,-1.2976429284309698
3,5,amusing-2,amusing,True,boring,boring-1,0,1,5.0,64.03870786019587,11,3.7926682139919023,29.0975928,2.567408600000004,6.855250905624404,7.043775023832223,False,0,-0.9166666666666666,0.8402777777777777,0.1203052604865905,0.1501341372583653,boring,0.8193710252589295,-0.6202880429134761
3,5,amusing-2,amusing,True,boring,boring-1,0,2,15.0,71.00981363631531,11,10.763773990111346,30.808284000000004,4.278099800000007,6.855250905624404,7.043775023832223,False,0,-0.75,0.5625,0.1203052604865905,0.1501341372583653,boring,1.9898936122624593,-0.4074881578007856
3,5,amusing-2,amusing,True,boring,boring-1,0,3,25.0,64.86298968415275,11,4.616950037948783,30.451675199999997,3.921490999999996,6.855250905624404,7.043775023832223,False,0,-0.5833333333333334,0.34027777777777785,0.1203052604865905,0.1501341372583653,boring,0.9577766848464228,-0.4518481870510539
3,5,amusing-2,amusing,True,boring,boring-1,0,4,35.0,61.17134456123599,10,0.9253049150320224,29.3353344,2.8051502000000035,6.855250905624404,7.043775023832223,False,0,-0.4166666666666667,0.17361111111111113,0.1203052604865905,0.1501341372583653,boring,0.33791031954491735,-0.5907143915341347
3,5,amusing-2,amusing,True,boring,boring-1,0,5,45.0,55.45054740555425,10,-4.795492240649715,28.70944559999999,2.1792613999999944,6.855250905624404,7.043775023832223,False,0,-0.25,0.0625,0.1203052604865905,0.1501341372583653,boring,-0.622672190812373,-0.6685712629164867
3,5,amusing-2,amusing,True,boring,boring-1,0,6,55.0,57.478403334070585,9,-2.767636312133384,28.2763536,1.746169400000003,6.855250905624404,7.043775023832223,False,0,-0.08333333333333333,0.006944444444444444,0.1203052604865905,0.1501341372583653,boring,-0.2821736754048641,-0.7224453506789207
3,5,amusing-2,amusing,True,boring,boring-1,0,7,65.0,58.13929305909837,10,-2.1067465871055973,27.940246799999997,1.4100625999999965,6.855250905624404,7.043775023832223,False,0,0.08333333333333333,0.006944444444444444,0.1203052604865905,0.1501341372583653,boring,-0.17120328196834345,-0.7642550521759502
3,5,amusing-2,amusing,True,boring,boring-1,0,8,75.0,57.20508488712712,9,-3.040954759076854,27.494145600000003,0.963961400000006,6.855250905624404,7.043775023832223,False,0,0.25,0.0625,0.1203052604865905,0.1501341372583653,boring,-0.32806674113455214,-0.8197474076101929
3,5,amusing-2,amusing,True,boring,boring-1,0,9,85.0,61.39341323956828,11,1.147373593364314,27.0726864,0.5425022000000013,6.855250905624404,7.043775023832223,False,0,0.4166666666666667,0.17361111111111113,0.1203052604865905,0.1501341372583653,boring,0.37519800563116484,-0.8721744437343556
3,5,amusing-2,amusing,True,boring,boring-1,0,10,95.0,70.77035265413048,11,10.524313007926509,27.043704,0.513519800000001,6.855250905624404,7.043775023832223,False,0,0.5833333333333334,0.34027777777777785,0.1203052604865905,0.1501341372583653,boring,1.949685573917439,-0.8757796831780904
3,5,amusing-2,amusing,True,boring,boring-1,0,11,105.0,62.997818867120856,11,2.7517792209168874,27.826896,1.2967118000000006,6.855250905624404,7.043775023832223,False,0,0.75,0.5625,0.1203052604865905,0.1501341372583653,boring,0.6445947249004669,-0.7783552224564957
3,5,amusing-2,amusing,True,boring,boring-1,0,12,115.0,62.12590191476514,10,1.879862268561176,27.5986224,1.0684382000000028,6.855250905624404,7.043775023832223,False,0,0.9166666666666666,0.8402777777777777,0.1203052604865905,0.1501341372583653,boring,0.4981906220937282,-0.8067511105362728
3,7,scary-2,scary,True,boring,boring-2,0,1,5.0,65.86764927493199,11,3.827359569987493,34.3201512,14.8932984,1.9886680648236408,8.478234890371784,False,1,-0.9166666666666666,0.8402777777777777,1.1287463123901662,0.9880921126538924,boring,0.8251960718255337,0.9129798743773113
3,7,scary-2,scary,True,boring,boring-2,0,2,15.0,62.23945101025822,11,0.1991613053137229,34.3692336,14.942380800000002,1.9886680648236408,8.478234890371784,False,1,-0.75,0.5625,1.1287463123901662,0.9880921126538924,boring,0.21598310686436453,0.9190854351477504
3,7,scary-2,scary,True,boring,boring-2,0,3,25.0,63.45905390008054,10,1.418764195136042,34.2320352,14.8051824,1.9886680648236408,8.478234890371784,False,1,-0.5833333333333334,0.34027777777777785,1.1287463123901662,0.9880921126538924,boring,0.42076736571210194,0.9020187642268704
3,7,scary-2,scary,True,boring,boring-2,0,4,35.0,63.822285071255415,11,1.781995366310916,35.0489352,15.622082400000004,1.9886680648236408,8.478234890371784,False,1,-0.4166666666666667,0.17361111111111113,1.1287463123901662,0.9880921126538924,boring,0.4817577313468366,1.0036363011315774
3,7,scary-2,scary,True,boring,boring-2,0,5,45.0,60.61244407690684,10,-1.4278456280376588,34.52969999999999,15.102847199999992,1.9886680648236408,8.478234890371784,False,1,-0.25,0.0625,1.1287463123901662,0.9880921126538924,boring,-0.05720861133091934,0.9390465078910047
3,7,scary-2,scary,True,boring,boring-2,0,6,55.0,56.05995170686239,9,-5.980337998082106,34.8549672,15.428114399999998,1.9886680648236408,8.478234890371784,False,1,-0.08333333333333333,0.006944444444444444,1.1287463123901662,0.9880921126538924,boring,-0.8216203585393514,0.9795078271465943
3,7,scary-2,scary,True,boring,boring-2,0,7,65.0,56.44362291259638,9,-5.596666792348117,34.1316924,14.7048396,1.9886680648236408,8.478234890371784,False,1,0.08333333333333333,0.006944444444444444,1.1287463123901662,0.9880921126538924,boring,-0.7571978943396319,0.8895367123452184
3,7,scary-2,scary,True,boring,boring-2,0,8,75.0,60.81228755507242,11,-1.2280021498720757,33.56139599999999,14.134543199999989,1.9886680648236408,8.478234890371784,False,1,0.25,0.0625,1.1287463123901662,0.9880921126538924,boring,-0.023652772046498512,0.8185952072973272
3,7,scary-2,scary,True,boring,boring-2,0,9,85.0,58.81116878201159,9,-3.229120922932907,33.3808224,13.9539696,1.9886680648236408,8.478234890371784,False,1,0.4166666666666667,0.17361111111111113,1.1287463123901662,0.9880921126538924,boring,-0.35966183551080244,0.7961329175898788
3,7,scary-2,scary,True,boring,boring-2,0,10,95.0,57.19574405185959,10,-4.844545653084914,33.061476,13.6346232,1.9886680648236408,8.478234890371784,False,1,0.5833333333333334,0.34027777777777785,1.1287463123901662,0.9880921126538924,boring,-0.6309087789619453,0.7564081108970337
3,7,scary-2,scary,True,boring,boring-2,0,11,105.0,58.147487620839264,10,-3.8928020841052335,32.6301552,13.203302399999998,1.9886680648236408,8.478234890371784,False,1,0.75,0.5625,1.1287463123901662,0.9880921126538924,boring,-0.4711009406786176,0.7027543499571786
3,7,scary-2,scary,True,boring,boring-2,0,12,115.0,58.41621429969501,9,-3.624075405249492,32.33780639999999,12.910953599999992,1.9886680648236408,8.478234890371784,False,1,0.9166666666666666,0.8402777777777777,1.1287463123901662,0.9880921126538924,boring,-0.42597888150564833,0.6663878853066126
4,2,amusing-2,amusing,True,boring,boring-2,0,1,5.0,62.97890306070884,11,2.345794629694211,12.064130399999994,-6.894641400000007,6.5573912297426125,6.228775977121067,False,0,-0.9166666666666666,0.8402777777777777,-0.4526480267660392,-1.1068028258349254,boring,0.08493398513278354,-0.9795612360335004
4,2,amusing-2,amusing,True,boring,boring-2,0,2,15.0,72.50409055415976,12,11.870982123145131,11.780858399999996,-7.177913400000005,6.5573912297426125,6.228775977121067,False,0,-0.75,0.5625,-0.4526480267660392,-1.1068028258349254,boring,1.1155972063058552,-1.0034781150366625
4,2,amusing-2,amusing,True,boring,boring-2,0,3,25.0,83.67602826599462,14,23.04291983497999,12.370463999999997,-6.588307800000006,6.5573912297426125,6.228775977121067,False,0,-0.5833333333333334,0.34027777777777785,-0.4526480267660392,-1.1068028258349254,boring,2.324445359346567,-0.9536972479026469
4,2,amusing-2,amusing,True,boring,boring-2,0,4,35.0,71.84960378610305,11,11.21649535508842,13.947283199999998,-5.011488600000003,6.5573912297426125,6.228775977121067,False,0,-0.4166666666666667,0.17361111111111113,-0.4526480267660392,-1.1068028258349254,boring,1.0447791314864066,-0.8205651557217635
4,2,amusing-2,amusing,True,boring,boring-2,0,5,45.0,70.93761527222215,12,10.30450684120752,15.035236799999996,-3.9235350000000047,6.5573912297426125,6.228775977121067,False,0,-0.25,0.0625,-0.4526480267660392,-1.1068028258349254,boring,0.94609834225936,-0.7287083727984432
4,2,amusing-2,amusing,True,boring,boring-2,0,6,55.0,59.54271463749525,10,-1.0903937935193753,15.8239416,-3.1348302,6.5573912297426125,6.228775977121067,False,0,-0.08333333333333333,0.006944444444444444,-0.4526480267660392,-1.1068028258349254,boring,-0.2868752869956593,-0.6621174027385242
4,2,amusing-2,amusing,True,boring,boring-2,0,7,65.0,59.56802120613622,9,-1.065087224878404,16.136390399999996,-2.8223814000000047,6.5573912297426125,6.228775977121067,False,0,0.08333333333333333,0.006944444444444444,-0.4526480267660392,-1.1068028258349254,boring,-0.28413701548443976,-0.6357371034350874
4,2,amusing-2,amusing,True,boring,boring-2,0,8,75.0,54.44403056788788,10,-6.189077863126748,16.244025599999993,-2.7147462000000075,6.5573912297426125,6.228775977121067,False,0,0.25,0.0625,-0.4526480267660392,-1.1068028258349254,boring,-0.8385732090091078,-0.6266493783691398
4,2,amusing-2,amusing,True,boring,boring-2,0,9,85.0,54.18033592380292,8,-6.452772507211705,16.030336799999997,-2.928435000000004,6.5573912297426125,6.228775977121067,False,0,0.4166666666666667,0.17361111111111113,-0.4526480267660392,-1.1068028258349254,boring,-0.867106019671948,-0.6446912927621291
4,2,amusing-2,amusing,True,boring,boring-2,0,10,95.0,60.25329061423649,11,-0.3798178167781358,15.551711999999998,-3.4070598000000025,6.5573912297426125,6.228775977121067,False,0,0.5833333333333334,0.34027777777777785,-0.4526480267660392,-1.1068028258349254,boring,-0.20998813641937217,-0.6851019631761223
4,2,amusing-2,amusing,True,boring,boring-2,0,11,105.0,55.40612274419387,9,-5.226985686820754,15.015326399999998,-3.943445400000003,6.5573912297426125,6.228775977121067,False,0,0.75,0.5625,-0.4526480267660392,-1.1068028258349254,boring,-0.734471003968134,-0.730389423617813
4,2,amusing-2,amusing,True,boring,boring-2,0,12,115.0,58.37993726535267,9,-2.253171165661953,14.486039999999996,-4.472731800000004,6.5573912297426125,6.228775977121067,False,0,0.9166666666666666,0.8402777777777777,-0.4526480267660392,-1.1068028258349254,boring,-0.4126924294617383,-0.7750774929886629
4,3,scary-2,scary,True,amusing,amusing-2,0,1,5.0,63.81842158331656,10,6.660280141047828,27.032076,11.4547708,0.6317680404741935,7.788713060057198,False,1,-0.9166666666666666,0.8402777777777777,0.6440048873474856,-0.6878238381371617,amusing,0.5517785000458671,0.5696941487787994
4,3,scary-2,scary,True,amusing,amusing-2,0,2,15.0,64.00175076884865,11,6.843609326579923,28.8982968,13.3209916,0.6317680404741935,7.788713060057198,False,1,-0.75,0.5625,0.6440048873474856,-0.6878238381371617,amusing,0.5716154480351281,0.7272606469388176
4,3,scary-2,scary,True,amusing,amusing-2,0,3,25.0,58.59670994888779,10,1.4385685066190632,29.017559999999992,13.440254799999996,0.6317680404741935,7.788713060057198,False,1,-0.5833333333333334,0.34027777777777785,0.6440048873474856,-0.6878238381371617,amusing,-0.013231494442698112,0.7373301332414872
4,3,scary-2,scary,True,amusing,amusing-2,0,4,35.0,56.69757917690341,9,-0.4605622653653185,29.0837952,13.50649,0.6317680404741935,7.788713060057198,False,1,-0.4166666666666667,0.17361111111111113,0.6440048873474856,-0.6878238381371617,amusing,-0.21872500732400554,0.7429224235636878
4,3,scary-2,scary,True,amusing,amusing-2,0,5,45.0,57.50842670205209,10,0.3502852597833623,28.9416672,13.364362000000003,0.6317680404741935,7.788713060057198,False,1,-0.25,0.0625,0.6440048873474856,-0.6878238381371617,amusing,-0.13098807587519692,0.7309224441129784
4,3,scary-2,scary,True,amusing,amusing-2,0,6,55.0,68.07907896770593,11,10.920937525437196,28.596492,13.019186800000004,0.6317680404741935,7.788713060057198,False,1,-0.08333333333333333,0.006944444444444444,0.6440048873474856,-0.6878238381371617,amusing,1.0127985972490812,0.7017790289738458
4,3,scary-2,scary,True,amusing,amusing-2,0,7,65.0,58.8746373543953,10,1.7164959121265753,28.795195199999995,13.21789,0.6317680404741935,7.788713060057198,False,1,0.08333333333333333,0.006944444444444444,0.6440048873474856,-0.6878238381371617,amusing,0.016841357688516773,0.7185556973065476
4,3,scary-2,scary,True,amusing,amusing-2,0,8,75.0,56.42503911570535,9,-0.7331023265633831,28.640251199999994,13.062945999999998,0.6317680404741935,7.788713060057198,False,1,0.25,0.0625,0.6440048873474856,-0.6878238381371617,amusing,-0.24821492734565712,0.7054736528395121
4,3,scary-2,scary,True,amusing,amusing-2,0,9,85.0,57.996479711329336,10,0.8383382690606069,28.4786088,12.9013036,0.6317680404741935,7.788713060057198,False,1,0.4166666666666667,0.17361111111111113,0.6440048873474856,-0.6878238381371617,amusing,-0.07817879658376585,0.6918260571626337
4,3,scary-2,scary,True,amusing,amusing-2,0,10,95.0,55.10414128966311,9,-2.0540001526056173,28.138559999999995,12.5612548,0.6317680404741935,7.788713060057198,False,1,0.5833333333333334,0.34027777777777785,0.6440048873474856,-0.6878238381371617,amusing,-0.39114133264374,0.6631154680300314
4,3,scary-2,scary,True,amusing,amusing-2,0,11,105.0,55.5012653391783,9,-1.6568761030904255,27.386116800000003,11.808811600000007,0.6317680404741935,7.788713060057198,False,1,0.75,0.5625,0.6440048873474856,-0.6878238381371617,amusing,-0.34817092892622387,0.59958609353784
4,3,scary-2,scary,True,amusing,amusing-2,0,12,115.0,60.581920116622,10,3.423778674353265,26.672706,11.095400800000002,0.6317680404741935,7.788713060057198,False,1,0.9166666666666666,0.8402777777777777,0.6440048873474856,-0.6878238381371617,amusing,0.2015761518728478,0.5393522554488325
4,7,scary-1,scary,True,relaxed,relaxed-1,0,1,5.0,64.29124204764089,11,7.519213755950275,35.2044732,17.952797000000004,0.7154509056244042,8.270735271687322,False,1,-0.9166666666666666,0.8402777777777777,0.9828717998877426,0.9880921126538924,relaxed,0.6447185379105138,1.1183276402102802
4,7,scary-1,scary,True,relaxed,relaxed-1,0,2,15.0,67.86231383813332,11,11.0902855464427,39.477672,22.2259958,0.7154509056244042,8.270735271687322,False,1,-0.75,0.5625,0.9828717998877426,0.9880921126538924,relaxed,1.031122727556104,1.479117194617557
4,7,scary-1,scary,True,relaxed,relaxed-1,0,3,25.0,64.33729377248615,11,7.5652654807955315,39.0715824,21.8199062,0.7154509056244042,8.270735271687322,False,1,-0.5833333333333334,0.34027777777777785,0.9828717998877426,0.9880921126538924,relaxed,0.6497015179413239,1.4448307285085078
4,7,scary-1,scary,True,relaxed,relaxed-1,0,4,35.0,66.91875626276376,10,10.146727971073148,37.62227759999999,20.37060139999999,0.7154509056244042,8.270735271687322,False,1,-0.4166666666666667,0.17361111111111113,0.9828717998877426,0.9880921126538924,relaxed,0.9290260401511288,1.3224647779722654
4,7,scary-1,scary,True,relaxed,relaxed-1,0,5,45.0,56.0150612174585,10,-0.7569670742321151,36.5709816,19.3193054,0.7154509056244042,8.270735271687322,False,1,-0.25,0.0625,0.9828717998877426,0.9880921126538924,relaxed,-0.2507971880855795,1.2337030252098735
4,7,scary-1,scary,True,relaxed,relaxed-1,0,6,55.0,57.995981965329975,9,1.2239536736393577,36.008964,18.7572878,0.7154509056244042,8.270735271687322,False,1,-0.08333333333333333,0.006944444444444444,0.9828717998877426,0.9880921126538924,relaxed,-0.036453674081940696,1.186251434735532
4,7,scary-1,scary,True,relaxed,relaxed-1,0,7,65.0,55.8761089999621,9,-0.8959192917285179,36.234678,18.9830018,0.7154509056244042,8.270735271687322,False,1,0.08333333333333333,0.006944444444444444,0.9828717998877426,0.9880921126538924,relaxed,-0.2658323714006009,1.205308646275394
4,7,scary-1,scary,True,relaxed,relaxed-1,0,8,75.0,55.15847354321741,10,-1.613554748473213,35.544919199999995,18.293243,0.7154509056244042,8.270735271687322,False,1,0.25,0.0625,0.9828717998877426,0.9880921126538924,relaxed,-0.34348338582788,1.1470717652530324
4,7,scary-1,scary,True,relaxed,relaxed-1,0,9,85.0,56.84257539255005,9,0.0705471008594358,35.1451368,17.893460600000004,0.7154509056244042,8.270735271687322,False,1,0.4166666666666667,0.17361111111111113,0.9828717998877426,0.9880921126538924,relaxed,-0.16125685873745466,1.1133178210284222
4,7,scary-1,scary,True,relaxed,relaxed-1,0,10,95.0,61.028547389240586,10,4.256519097549969,34.97343599999999,17.721759799999994,0.7154509056244042,8.270735271687322,False,1,0.5833333333333334,0.34027777777777785,0.9828717998877426,0.9880921126538924,relaxed,0.2916819820796602,1.0988209866842358
4,7,scary-1,scary,True,relaxed,relaxed-1,0,11,105.0,88.06076946065484,15,31.288741168964226,36.071256,18.8195798,0.7154509056244042,8.270735271687322,False,1,0.75,0.5625,0.9828717998877426,0.9880921126538924,relaxed,3.2166760669462984,1.1915107975630086
4,7,scary-1,scary,True,relaxed,relaxed-1,0,12,115.0,81.43893722449145,13,24.66690893280084,36.9463152,19.694639,0.7154509056244042,8.270735271687322,False,1,0.9166666666666666,0.8402777777777777,0.9828717998877426,0.9880921126538924,relaxed,2.500167447322348,1.2653927379136396
4,8,amusing-1,amusing,True,scary,scary-1,1,1,5.0,65.21020850017781,11,-3.819429298085822,21.8956848,-13.923605399999992,7.559980934223069,5.901273212583413,False,0,-0.9166666666666666,0.8402777777777777,-0.6828860697225189,1.4070711003516558,scary,-0.5821677970660414,-1.573022225843941
4,8,amusing-1,amusing,True,scary,scary-1,1,2,15.0,72.7869363978969,12,3.757298599633259,22.513487999999995,-13.305802199999995,7.559980934223069,5.901273212583413,False,0,-0.75,0.5625,-0.6828860697225189,1.4070711003516558,scary,0.2376643360425374,-1.5208606130401114
4,8,amusing-1,amusing,True,scary,scary-1,1,3,25.0,64.17212039481078,10,-4.85751740345286,23.0110392,-12.808250999999991,7.559980934223069,5.901273212583413,False,0,-0.5833333333333334,0.34027777777777785,-0.6828860697225189,1.4070711003516558,scary,-0.6944930642877805,-1.478851971705005
4,8,amusing-1,amusing,True,scary,scary-1,1,4,35.0,56.88591360322131,10,-12.143724195042324,23.341823999999995,-12.477466199999997,7.559980934223069,5.901273212583413,False,0,-0.4166666666666667,0.17361111111111113,-0.6828860697225189,1.4070711003516558,scary,-1.4828896567029934,-1.45092354941941
4,8,amusing-1,amusing,True,scary,scary-1,1,5,45.0,55.876953058805526,9,-13.15268473945811,26.216354399999997,-9.602935799999996,7.559980934223069,5.901273212583413,False,0,-0.25,0.0625,-0.6828860697225189,1.4070711003516558,scary,-1.5920632058283095,-1.2082246742474492
4,8,amusing-1,amusing,True,scary,scary-1,1,6,55.0,57.43446874788052,10,-11.595169050383111,26.8140504,-9.005239799999995,7.559980934223069,5.901273212583413,False,0,-0.08333333333333333,0.006944444444444444,-0.6828860697225189,1.4070711003516558,scary,-1.4235338054114308,-1.1577607282426405
4,8,amusing-1,amusing,True,scary,scary-1,1,7,65.0,54.84961940677855,9,-14.180018391485085,26.990282399999995,-8.829007799999996,7.559980934223069,5.901273212583413,False,0,0.08333333333333333,0.006944444444444444,-0.6828860697225189,1.4070711003516558,scary,-1.7032247983686792,-1.1428813210986755
4,8,amusing-1,amusing,True,scary,scary-1,1,8,75.0,55.68786145646749,9,-13.341776341796148,29.940324,-5.878966199999994,7.559980934223069,5.901273212583413,False,0,0.25,0.0625,-0.6828860697225189,1.4070711003516558,scary,-1.6125236702649934,-0.8938069755880169
4,8,amusing-1,amusing,True,scary,scary-1,1,9,85.0,65.0692942635015,11,-3.9603435347621314,30.20822159999999,-5.611068599999999,7.559980934223069,5.901273212583413,False,0,0.4166666666666667,0.17361111111111113,-0.6828860697225189,1.4070711003516558,scary,-0.5974152786701364,-0.8711881693366492
4,8,amusing-1,amusing,True,scary,scary-1,1,10,95.0,68.83237721289457,11,-0.1972605853690652,29.993745599999997,-5.825544599999997,7.559980934223069,5.901273212583413,False,0,0.5833333333333334,0.34027777777777785,-0.6828860697225189,1.4070711003516558,scary,-0.19023471694055588,-0.8892965476482444
4,8,amusing-1,amusing,True,scary,scary-1,1,11,105.0,58.85259864464564,10,-10.177039153617995,31.078348799999997,-4.740941399999997,7.559980934223069,5.901273212583413,False,0,0.75,0.5625,-0.6828860697225189,1.4070711003516558,scary,-1.2700865028311186,-0.7977226416467948
4,8,amusing-1,amusing,True,scary,scary-1,1,12,115.0,69.64530126768052,10,0.6156634694168872,32.192878666666665,-3.626411533333325,7.559980934223069,5.901273212583413,False,0,0.9166666666666666,0.8402777777777777,-0.6828860697225189,1.4070711003516558,scary,-0.1022730967151449,-0.703622003509325
5,1,amusing-1,amusing,True,,,0,1,5.0,62.14433099991899,11,-0.3530055975417738,15.066775199999997,-2.1672592,6.571444041944709,5.701393708293613,False,0,-0.9166666666666666,0.8402777777777777,-0.8234035580550602,-1.5257818135326888,none,-0.37906704920749557,-0.8778353217172594
5,1,amusing-1,amusing,True,,,0,2,15.0,68.89627441467854,11,6.398937817217778,18.3631512,1.129116800000002,6.571444041944709,5.701393708293613,False,0,-0.75,0.5625,-0.8234035580550602,-1.5257818135326888,none,1.0104892157022858,-0.35384867633617173
5,1,amusing-1,amusing,True,,,0,3,25.0,82.0029473806022,14,19.505610783141428,29.3045856,12.0705512,6.571444041944709,5.701393708293613,False,0,-0.5833333333333334,0.34027777777777785,-0.8234035580550602,-1.5257818135326888,none,3.7078547611704193,1.3853841984673185
5,1,amusing-1,amusing,True,,,0,4,35.0,77.1503355189664,12,14.652998921505636,32.078385600000004,14.844351200000007,6.571444041944709,5.701393708293613,False,0,-0.4166666666666667,0.17361111111111113,-0.8234035580550602,-1.5257818135326888,none,2.7091827049485655,1.8263030004965968
5,1,amusing-1,amusing,True,,,0,5,45.0,65.46631921211642,11,2.9689826146556517,32.5053744,15.271340000000006,6.571444041944709,5.701393708293613,False,0,-0.25,0.0625,-0.8234035580550602,-1.5257818135326888,none,0.3046012294876042,1.894176455747847
5,1,amusing-1,amusing,True,,,0,6,55.0,61.87671583137781,11,-0.6206207660829577,32.893524,15.659489600000004,6.571444041944709,5.701393708293613,False,0,-0.08333333333333333,0.006944444444444444,-0.8234035580550602,-1.5257818135326888,none,-0.43414250099792384,1.9558760940203044
5,1,amusing-1,amusing,True,,,0,7,65.0,60.950946057872486,10,-1.5463905395882804,31.7213856,14.487351200000004,6.571444041944709,5.701393708293613,False,0,0.08333333333333333,0.006944444444444444,-0.8234035580550602,-1.5257818135326888,none,-0.6246667855804008,1.7695548527121663
5,1,amusing-1,amusing,True,,,0,8,75.0,60.78821032050547,10,-1.7091262769552955,30.9900336,13.755999200000002,6.571444041944709,5.701393708293613,False,0,0.25,0.0625,-0.8234035580550602,-1.5257818135326888,none,-0.6581579524181936,1.6533003110358677
5,1,amusing-1,amusing,True,,,0,9,85.0,64.36105715387161,10,1.863720556410847,35.0093184,17.775284000000003,6.571444041944709,5.701393708293613,False,0,0.4166666666666667,0.17361111111111113,-0.8234035580550602,-1.5257818135326888,none,0.07713726495794275,2.292199380554392
5,1,amusing-1,amusing,True,,,0,10,95.0,64.18178363123928,11,1.6844470337785182,33.940085999999994,16.7060516,6.571444041944709,5.701393708293613,False,0,0.5833333333333334,0.34027777777777785,-0.8234035580550602,-1.5257818135326888,none,0.04024260645685856,2.122235912063913
5,1,amusing-1,amusing,True,,,0,11,105.0,65.80908251678007,11,3.3117459193193,32.6277912,15.393756800000002,6.571444041944709,5.701393708293613,False,0,0.75,0.5625,-0.8234035580550602,-1.5257818135326888,none,0.3751422379231013,1.9136356340607232
5,1,amusing-1,amusing,True,,,0,12,115.0,65.33491241983637,11,2.837575822375605,32.1095376,14.8755032,6.571444041944709,5.701393708293613,False,0,0.9166666666666666,0.8402777777777777,-0.8234035580550602,-1.5257818135326888,none,0.27755758882774845,1.8312548724847766
5,2,scary-1,scary,True,amusing,amusing-1,0,1,5.0,68.50603475620963,9,4.861817302734892,32.85232079999999,0.1192953999999915,0.6557546234509055,9.25592583412774,False,1,-0.9166666666666666,0.8402777777777777,1.67547159322291,-1.1068028258349254,amusing,0.6941483772776047,-0.5143682674932603
5,2,scary-1,scary,True,amusing,amusing-1,0,2,15.0,65.41382068133629,11,1.769603227861552,32.4326304,-0.3003949999999946,0.6557546234509055,9.25592583412774,False,1,-0.75,0.5625,1.67547159322291,-1.1068028258349254,amusing,0.0577678307834263,-0.5810815807787105
5,2,scary-1,scary,True,amusing,amusing-1,0,3,25.0,60.09765525387155,10,-3.546562199603187,31.7133072,-1.0197181999999998,0.6557546234509055,9.25592583412774,False,1,-0.5833333333333334,0.34027777777777785,1.67547159322291,-1.1068028258349254,amusing,-1.0363039825084928,-0.6954240436873081
5,2,scary-1,scary,True,amusing,amusing-1,0,4,35.0,65.2241339287934,11,1.5799164753186687,32.236487999999994,-0.4965374000000011,0.6557546234509055,9.25592583412774,False,1,-0.4166666666666667,0.17361111111111113,1.67547159322291,-1.1068028258349254,amusing,0.018730119834875422,-0.6122600622968986
5,2,scary-1,scary,True,amusing,amusing-1,0,5,45.0,61.36972005572203,10,-2.274497397752711,32.29759800000001,-0.4354273999999876,0.6557546234509055,9.25592583412774,False,1,-0.25,0.0625,1.67547159322291,-1.1068028258349254,amusing,-0.7745118574562279,-0.6025461146467381
5,2,scary-1,scary,True,amusing,amusing-1,0,6,55.0,63.47178620456594,11,-0.1724312489088006,31.033207199999996,-1.6998182000000028,0.6557546234509055,9.25592583412774,False,1,-0.08333333333333333,0.006944444444444444,1.67547159322291,-1.1068028258349254,amusing,-0.341904679499768,-0.8035316495926051
5,2,scary-1,scary,True,amusing,amusing-1,0,7,65.0,60.670013306642126,10,-2.974204146832612,30.2559264,-2.4770989999999955,0.6557546234509055,9.25592583412774,False,1,0.08333333333333333,0.006944444444444444,1.67547159322291,-1.1068028258349254,amusing,-0.9185121603406171,-0.9270869597001669
5,2,scary-1,scary,True,amusing,amusing-1,0,8,75.0,67.75827845128468,11,4.114060997809943,30.6133272,-2.1196981999999984,0.6557546234509055,9.25592583412774,False,1,0.25,0.0625,1.67547159322291,-1.1068028258349254,amusing,0.5402594308947131,-0.8702751013901575
5,2,scary-1,scary,True,amusing,amusing-1,0,9,85.0,64.24585665529001,11,0.6016392018152743,30.414811199999995,-2.3182142,0.6557546234509055,9.25592583412774,False,1,0.4166666666666667,0.17361111111111113,1.67547159322291,-1.1068028258349254,amusing,-0.18260025731904966,-0.9018308865598326
5,2,scary-1,scary,True,amusing,amusing-1,0,10,95.0,68.59319163888517,11,4.948974185410435,29.6395008,-3.0935245999999985,0.6557546234509055,9.25592583412774,False,1,0.5833333333333334,0.34027777777777785,1.67547159322291,-1.1068028258349254,amusing,0.7120853451862911,-1.0250729850416405
5,2,scary-1,scary,True,amusing,amusing-1,0,11,105.0,65.83812119091971,11,2.1939037374449697,29.771774400000005,-2.96125099999999,0.6557546234509055,9.25592583412774,False,1,0.75,0.5625,1.67547159322291,-1.1068028258349254,amusing,0.14508927219349874,-1.0040469855996823
5,2,scary-1,scary,True,amusing,amusing-1,0,12,115.0,65.4080994162596,11,1.7638819627848648,29.661583199999995,-3.0714422,0.6557546234509055,9.25592583412774,False,1,0.9166666666666666,0.8402777777777777,1.67547159322291,-1.1068028258349254,amusing,0.05659038908373108,-1.0215628021322993
5,5,scary-2,scary,True,boring,boring-1,0,1,5.0,64.61941509134648,11,-1.4988436821664806,35.61174479999999,2.2476719999999943,1.0102835954611973,9.5,False,1,-0.9166666666666666,0.8402777777777777,1.84705841437844,0.1501341372583653,boring,-0.6148815978872088,-0.17604493461448487
5,5,scary-2,scary,True,boring,boring-1,0,2,15.0,62.84982336376984,10,-3.2684354097431267,34.537586399999995,1.1735135999999995,1.0102835954611973,9.5,False,1,-0.75,0.5625,1.84705841437844,0.1501341372583653,boring,-0.9790652292268116,-0.34679143216934927
5,5,scary-2,scary,True,boring,boring-1,0,3,25.0,58.622453313311794,10,-7.495805460201169,33.802489200000004,0.4384164000000083,1.0102835954611973,9.5,False,1,-0.5833333333333334,0.34027777777777785,1.84705841437844,0.1501341372583653,boring,-1.8490619363771097,-0.46364130483467186
5,5,scary-2,scary,True,boring,boring-1,0,4,35.0,60.70059404972859,10,-5.41766472378437,33.02559599999999,-0.3384768000000022,1.0102835954611973,9.5,False,1,-0.4166666666666667,0.17361111111111113,1.84705841437844,0.1501341372583653,boring,-1.4213786306580816,-0.5871350026674991
5,5,scary-2,scary,True,boring,boring-1,0,5,45.0,66.63830596849888,11,0.5200471949859207,35.86742399999999,2.5033511999999973,1.0102835954611973,9.5,False,1,-0.25,0.0625,1.84705841437844,0.1501341372583653,boring,-0.1993919685778336,-0.1354025787965437
5,5,scary-2,scary,True,boring,boring-1,0,6,55.0,60.81178642319726,10,-5.306472350315701,34.1888616,0.8247888000000003,1.0102835954611973,9.5,False,1,-0.08333333333333333,0.006944444444444444,1.84705841437844,0.1501341372583653,boring,-1.3984951362813625,-0.4022241674256398
5,5,scary-2,scary,True,boring,boring-1,0,7,65.0,62.838072009090205,11,-3.2801867644227585,34.2038424,0.8397696000000039,1.0102835954611973,9.5,False,1,0.08333333333333333,0.006944444444444444,1.84705841437844,0.1501341372583653,boring,-0.9814836690023234,-0.39984284346953564
5,5,scary-2,scary,True,boring,boring-1,0,8,75.0,62.34433850974814,10,-3.773920263764822,33.38043359999999,0.0163607999999939,1.0102835954611973,9.5,False,1,0.25,0.0625,1.84705841437844,0.1501341372583653,boring,-1.0830944845945962,-0.5307305865210783
5,5,scary-2,scary,True,boring,boring-1,0,9,85.0,61.84745510290786,11,-4.270803670605105,32.398332,-0.965740799999999,1.0102835954611973,9.5,False,1,0.4166666666666667,0.17361111111111113,1.84705841437844,0.1501341372583653,boring,-1.1853535540938063,-0.6868438827006994
5,5,scary-2,scary,True,boring,boring-1,0,10,95.0,64.99167122496937,10,-1.126587548543597,33.7861248,0.4220520000000007,1.0102835954611973,9.5,False,1,0.5833333333333334,0.34027777777777785,1.84705841437844,0.1501341372583653,boring,-0.5382709376888382,-0.46624256362908073
5,5,scary-2,scary,True,boring,boring-1,0,11,105.0,66.27389135296217,11,0.1556325794492039,34.468785600000004,1.1047128000000086,1.0102835954611973,9.5,False,1,0.75,0.5625,1.84705841437844,0.1501341372583653,boring,-0.27438883702563693,-0.3577278970603478
5,5,scary-2,scary,True,boring,boring-1,0,12,115.0,74.3678744105189,13,8.249615637005931,36.45033599999999,3.0862631999999977,1.0102835954611973,9.5,False,1,0.9166666666666666,0.8402777777777777,1.84705841437844,0.1501341372583653,boring,1.391360440599508,-0.04274382159397316
5,6,amusing-2,amusing,True,scary,scary-2,0,1,5.0,63.63449133306175,11,-2.1336309063092287,33.60673680000001,-0.5079055999999937,8.594773307912298,5.8463374642516674,False,0,-0.9166666666666666,0.8402777777777777,-0.7215065045823794,0.5691131249561289,scary,-0.745521401867802,-0.6140671331474379
5,6,amusing-2,amusing,True,scary,scary-2,0,2,15.0,71.32201214108663,12,5.55388990171565,32.6449368,-1.4697056000000046,8.594773307912298,5.8463374642516674,False,0,-0.75,0.5625,-0.7215065045823794,0.5691131249561289,scary,0.8365775649369556,-0.7669533195313745
5,6,amusing-2,amusing,True,scary,scary-2,0,3,25.0,74.17967788309794,12,8.411555643726956,37.1966748,3.082032399999996,8.594773307912298,5.8463374642516674,False,0,-0.5833333333333334,0.34027777777777785,-0.7215065045823794,0.5691131249561289,scary,1.4246878453266913,-0.0434163427806579
5,6,amusing-2,amusing,True,scary,scary-2,0,4,35.0,72.95069141906181,12,7.18256917969083,36.0617952,1.9471527999999976,8.594773307912298,5.8463374642516674,False,0,-0.4166666666666667,0.17361111111111113,-0.7215065045823794,0.5691131249561289,scary,1.1717612824562686,-0.22381498496086719
5,6,amusing-2,amusing,True,scary,scary-2,0,5,45.0,67.26966215007963,11,1.5015399107086438,38.0762712,3.9616287999999926,8.594773307912298,5.8463374642516674,False,0,-0.25,0.0625,-0.7215065045823794,0.5691131249561289,scary,0.002600149589879693,0.09640289110688384
5,6,amusing-2,amusing,True,scary,scary-2,0,6,55.0,67.75138169077256,12,1.98325945140158,36.5579712,2.443328799999996,8.594773307912298,5.8463374642516674,False,0,-0.08333333333333333,0.006944444444444444,-0.7215065045823794,0.5691131249561289,scary,0.10173848126429724,-0.1449436432939561
5,6,amusing-2,amusing,True,scary,scary-2,0,7,65.0,68.04049787803548,11,2.2723756386644998,36.3892296,2.274587199999999,8.594773307912298,5.8463374642516674,False,0,0.08333333333333333,0.006944444444444444,-0.7215065045823794,0.5691131249561289,scary,0.1612388628018292,-0.17176653756337068
5,6,amusing-2,amusing,True,scary,scary-2,0,8,75.0,70.71971939969801,12,4.951597160327026,36.4649244,2.350281999999993,8.594773307912298,5.8463374642516674,False,0,0.25,0.0625,-0.7215065045823794,0.5691131249561289,scary,0.7126251558754746,-0.15973421348238323
5,6,amusing-2,amusing,True,scary,scary-2,0,9,85.0,69.51687728825516,11,3.7487550488841777,37.4135136,3.2988712000000007,8.594773307912298,5.8463374642516674,False,0,0.4166666666666667,0.17361111111111113,-0.7215065045823794,0.5691131249561289,scary,0.46507912520243155,-0.008947994691585866
5,6,amusing-2,amusing,True,scary,scary-2,0,10,95.0,68.28470683700117,11,2.5165845976301853,35.9991096,1.884467199999996,8.594773307912298,5.8463374642516674,False,0,0.5833333333333334,0.34027777777777785,-0.7215065045823794,0.5691131249561289,scary,0.21149729478691842,-0.23377938746158358
5,6,amusing-2,amusing,True,scary,scary-2,0,11,105.0,64.32903285013305,11,-1.4390893892379353,34.40748,0.2928375999999986,8.594773307912298,5.8463374642516674,False,0,0.75,0.5625,-0.7215065045823794,0.5691131249561289,scary,-0.6025841085580463,-0.48678227754246045
5,6,amusing-2,amusing,True,scary,scary-2,0,12,115.0,67.33863166199463,11,1.570509422623644,34.3244832,0.209840800000002,8.594773307912298,5.8463374642516674,False,0,0.9166666666666666,0.8402777777777777,-0.7215065045823794,0.5691131249561289,scary,0.016794139598706105,-0.49997531583947613
6,2,scary-2,scary,True,relaxed,relaxed-2,0,1,5.0,59.61541468195524,10,-9.466747574604833,11.660020799999996,1.2587915999999968,3.311444423260248,7.724314585319353,False,1,-0.9166666666666666,0.8402777777777777,0.5987320518220955,-1.1068028258349254,relaxed,-0.8220156817507295,-0.055741974499437554
6,2,scary-2,scary,True,relaxed,relaxed-2,0,2,15.0,60.43621469830856,10,-8.645947558251507,11.938756799999997,1.5375275999999989,3.311444423260248,7.724314585319353,False,1,-0.75,0.5625,0.5987320518220955,-1.1068028258349254,relaxed,-0.6940603349062248,0.13619261066355925
6,2,scary-2,scary,True,relaxed,relaxed-2,0,3,25.0,78.02176281411546,13,8.939600557555394,12.069251999999995,1.6680227999999993,3.311444423260248,7.724314585319353,False,1,-0.5833333333333334,0.34027777777777785,0.5987320518220955,-1.1068028258349254,relaxed,2.04736859269772,0.22605018943975674
6,2,scary-2,scary,True,relaxed,relaxed-2,0,4,35.0,72.09996058249435,12,3.0177983259342795,12.508454399999998,2.1072252,3.311444423260248,7.724314585319353,False,1,-0.4166666666666667,0.17361111111111113,0.5987320518220955,-1.1068028258349254,relaxed,1.1242128380742125,0.5284801964951499
6,2,scary-2,scary,True,relaxed,relaxed-2,0,5,45.0,59.25817126905762,9,-9.823990987502448,12.456016799999995,2.0547875999999974,3.311444423260248,7.724314585319353,False,1,-0.25,0.0625,0.5987320518220955,-1.1068028258349254,relaxed,-0.8777067196338865,0.4923722341115914
6,2,scary-2,scary,True,relaxed,relaxed-2,0,6,55.0,65.07472941178406,11,-4.007432844776005,12.2403648,1.8391356000000023,3.311444423260248,7.724314585319353,False,1,-0.08333333333333333,0.006944444444444444,0.5987320518220955,-1.1068028258349254,relaxed,0.02904242725381558,0.3438766068529333
6,2,scary-2,scary,True,relaxed,relaxed-2,0,7,65.0,78.41923096028492,14,9.337068703724851,12.011695199999997,1.6104659999999988,3.311444423260248,7.724314585319353,False,1,0.08333333333333333,0.006944444444444444,0.5987320518220955,-1.1068028258349254,relaxed,2.1093303050386982,0.18641720148230034
6,2,scary-2,scary,True,relaxed,relaxed-2,0,8,75.0,62.68297155664546,10,-6.399190699914605,11.883167999999994,1.4819387999999964,3.311444423260248,7.724314585319353,False,1,0.25,0.0625,0.5987320518220955,-1.1068028258349254,relaxed,-0.34381113003776886,0.09791476615223246
6,2,scary-2,scary,True,relaxed,relaxed-2,0,9,85.0,73.70653426848628,12,4.624372011926212,11.853002399999998,1.4517732,3.311444423260248,7.724314585319353,False,1,0.4166666666666667,0.17361111111111113,0.5987320518220955,-1.1068028258349254,relaxed,1.3746632390569793,0.07714306130538041
6,2,scary-2,scary,True,relaxed,relaxed-2,0,10,95.0,72.54310891376501,12,3.4609466572049428,12.084633599999998,1.6834044000000006,3.311444423260248,7.724314585319353,False,1,0.5833333333333334,0.34027777777777785,0.5987320518220955,-1.1068028258349254,relaxed,1.1932956807905464,0.23664179230104265
6,2,scary-2,scary,True,relaxed,relaxed-2,0,11,105.0,59.55419340299567,10,-9.527968853564404,11.982119999999997,1.580890799999997,3.311444423260248,7.724314585319353,False,1,0.75,0.5625,0.5987320518220955,-1.1068028258349254,relaxed,-0.83155952900641,0.16605203966928384
6,2,scary-2,scary,True,relaxed,relaxed-2,0,12,115.0,67.69265650988854,11,-1.3895057466715317,11.890064399999996,1.4888351999999987,3.311444423260248,7.724314585319353,False,1,0.9166666666666666,0.8402777777777777,0.5987320518220955,-1.1068028258349254,relaxed,0.43715373716805583,0.10266355236254801
6,4,amusing-2,amusing,True,boring,boring-2,0,1,5.0,67.30659245275315,11,-7.425964295449248,11.482600799999997,1.979451199999996,7.212252907530983,5.140750047664443,False,0,-0.9166666666666666,0.8402777777777777,-1.217542213346856,-0.26884485043939826,boring,-0.503875906999054,0.4404964065124519
6,4,amusing-2,amusing,True,boring,boring-2,0,2,15.0,64.08438486662003,11,-10.648171881582371,12.161315999999996,2.658166399999996,7.212252907530983,5.140750047664443,False,0,-0.75,0.5625,-1.217542213346856,-0.26884485043939826,boring,-1.0061891149354167,0.9078523288038653
6,4,amusing-2,amusing,True,boring,boring-2,0,3,25.0,67.35026929283903,11,-7.382287455363368,11.9541336,2.4509839999999983,7.212252907530983,5.140750047664443,False,0,-0.5833333333333334,0.34027777777777785,-1.217542213346856,-0.26884485043939826,boring,-0.49706708010953926,0.7651887762054449
6,4,amusing-2,amusing,True,boring,boring-2,0,4,35.0,73.15286477584725,12,-1.5796919723551497,12.9671736,3.4640239999999984,7.212252907530983,5.140750047664443,False,0,-0.4166666666666667,0.17361111111111113,-1.217542213346856,-0.26884485043939826,boring,0.4075054135964843,1.4627571281711789
6,4,amusing-2,amusing,True,boring,boring-2,0,5,45.0,68.04044143377415,11,-6.69211531442825,14.184040799999996,4.680891199999996,7.212252907530983,5.140750047664443,False,0,-0.25,0.0625,-1.217542213346856,-0.26884485043939826,boring,-0.38947544522127614,2.3006786784210758
6,4,amusing-2,amusing,True,boring,boring-2,0,6,55.0,62.59875145375008,11,-12.133805294452316,13.942752,4.439602399999998,7.212252907530983,5.140750047664443,False,0,-0.08333333333333333,0.006944444444444444,-1.217542213346856,-0.26884485043939826,boring,-1.2377860141071753,2.134529828855621
6,4,amusing-2,amusing,True,boring,boring-2,0,7,65.0,62.52121553067887,10,-12.211341217523533,13.5303648,4.0272152000000006,7.212252907530983,5.140750047664443,False,0,0.08333333333333333,0.006944444444444444,-1.217542213346856,-0.26884485043939826,boring,-1.2498731677765482,1.8505644775607446
6,4,amusing-2,amusing,True,boring,boring-2,0,8,75.0,63.36890136951499,11,-11.363655378687412,13.289867999999997,3.7867183999999945,7.212252907530983,5.140750047664443,False,0,0.25,0.0625,-1.217542213346856,-0.26884485043939826,boring,-1.1177265628028465,1.684960990601654
6,4,amusing-2,amusing,True,boring,boring-2,0,9,85.0,68.68601700209773,11,-6.046539746104671,13.302878399999994,3.799728799999994,7.212252907530983,5.140750047664443,False,0,0.4166666666666667,0.17361111111111113,-1.217542213346856,-0.26884485043939826,boring,-0.28883601525856606,1.6939198108717468
6,4,amusing-2,amusing,True,boring,boring-2,0,10,95.0,59.66667294160601,10,-15.06588380659639,13.028872799999997,3.5257231999999963,7.212252907530983,5.140750047664443,False,0,0.5833333333333334,0.34027777777777785,-1.217542213346856,-0.26884485043939826,boring,-1.6948707065071014,1.5052425278213435
6,4,amusing-2,amusing,True,boring,boring-2,0,11,105.0,61.22266160408088,10,-13.509895144121517,12.824846399999998,3.321696799999998,7.212252907530983,5.140750047664443,False,0,0.75,0.5625,-1.217542213346856,-0.26884485043939826,boring,-1.4523060561338674,1.3647521625786085
6,4,amusing-2,amusing,True,boring,boring-2,0,12,115.0,69.66582715926113,12,-5.066729588941271,12.690799199999995,3.1876495999999968,7.212252907530983,5.140750047664443,False,0,0.9166666666666666,0.8402777777777777,-1.217542213346856,-0.26884485043939826,boring,-0.1360924163261275,1.2724487151435397
6,5,scary-1,scary,True,amusing,amusing-2,0,1,5.0,64.6761142477426,11,0.2589341108280507,12.903895199999996,-0.2073764000000011,2.6840343183984743,7.016593708293614,False,1,-0.9166666666666666,0.8402777777777777,0.10119649692110802,0.1501341372583653,amusing,0.6941306980796506,-1.0653293505802388
6,5,scary-1,scary,True,amusing,amusing-2,0,2,15.0,61.96412035582697,10,-2.453059781087582,13.408344,0.2970724000000011,2.6840343183984743,7.016593708293614,False,1,-0.75,0.5625,0.10119649692110802,0.1501341372583653,amusing,0.2713552202940051,-0.7179713804437251
6,5,scary-1,scary,True,amusing,amusing-2,0,3,25.0,67.51534312000045,11,3.098162983085899,13.656527999999998,0.5452563999999995,2.6840343183984743,7.016593708293614,False,1,-0.5833333333333334,0.34027777777777785,0.10119649692110802,0.1501341372583653,amusing,1.1367409659677292,-0.5470745709749355
6,5,scary-1,scary,True,amusing,amusing-2,0,4,35.0,65.98810833482973,11,1.5709281979151797,14.347655999999995,1.2363843999999986,2.6840343183984743,7.016593708293614,False,1,-0.4166666666666667,0.17361111111111113,0.10119649692110802,0.1501341372583653,amusing,0.8986587866840102,-0.07117132928914509
6,5,scary-1,scary,True,amusing,amusing-2,0,5,45.0,61.5864103981618,10,-2.830769738752757,14.143231199999995,1.0319595999999986,2.6840343183984743,7.016593708293614,False,1,-0.25,0.0625,0.10119649692110802,0.1501341372583653,amusing,0.21247363199385785,-0.211936028449025
6,5,scary-1,scary,True,amusing,amusing-2,0,6,55.0,70.97719317872499,12,6.560013041810436,13.992823199999998,0.8815515999999999,2.6840343183984743,7.016593708293614,False,1,-0.08333333333333333,0.006944444444444444,0.10119649692110802,0.1501341372583653,amusing,1.6764122819549931,-0.3155053452405251
6,5,scary-1,scary,True,amusing,amusing-2,0,7,65.0,62.86204562835685,10,-1.5551345085576995,13.756665599999996,0.6453939999999978,2.6840343183984743,7.016593708293614,False,1,0.08333333333333333,0.006944444444444444,0.10119649692110802,0.1501341372583653,amusing,0.41133370152925575,-0.47812090616228975
6,5,scary-1,scary,True,amusing,amusing-2,0,8,75.0,61.66060670919169,11,-2.756573427722863,13.466099999999996,0.3548283999999988,2.6840343183984743,7.016593708293614,False,1,0.25,0.0625,0.10119649692110802,0.1501341372583653,amusing,0.2240401701557261,-0.6782012255276988
6,5,scary-1,scary,True,amusing,amusing-2,0,9,85.0,61.69531678263134,10,-2.721863354283215,13.247284799999996,0.1360131999999989,2.6840343183984743,7.016593708293614,False,1,0.4166666666666667,0.17361111111111113,0.10119649692110802,0.1501341372583653,amusing,0.22945115870041508,-0.8288749979839221
6,5,scary-1,scary,True,amusing,amusing-2,0,10,95.0,67.2871185784645,11,2.869938441549948,13.2216648,0.1103932000000007,2.6840343183984743,7.016593708293614,False,1,0.5833333333333334,0.34027777777777785,0.10119649692110802,0.1501341372583653,amusing,1.1011628107669014,-0.8465166519930044
6,5,scary-1,scary,True,amusing,amusing-2,0,11,105.0,72.81654219155793,12,8.399362054643376,13.231519199999996,0.120247599999999,2.6840343183984743,7.016593708293614,False,1,0.75,0.5625,0.10119649692110802,0.1501341372583653,amusing,1.9631502646743115,-0.8397310190785984
6,5,scary-1,scary,True,amusing,amusing-2,0,12,115.0,68.69446080000215,12,4.277280663087595,13.062382799999998,-0.0488888000000002,2.6840343183984743,7.016593708293614,False,1,0.9166666666666666,0.8402777777777777,0.10119649692110802,0.1501341372583653,amusing,1.3205548167342216,-0.9561965088967859
6,8,amusing-1,amusing,True,relaxed,relaxed-1,1,1,5.0,64.65080865850017,11,-5.3135196982276085,7.995818399999997,-0.370499999999998,6.30669507966089,5.877378789880178,False,0,-0.9166666666666666,0.8402777777777777,-0.6996841114994611,1.4070711003516558,relaxed,-0.17456477670913853,-1.1776544915605707
6,8,amusing-1,amusing,True,relaxed,relaxed-1,1,2,15.0,68.23612174876327,11,-1.728206607964509,8.3198952,-0.046423199999996,6.30669507966089,5.877378789880178,False,0,-0.75,0.5625,-0.6996841114994611,1.4070711003516558,relaxed,0.3843533164567827,-0.9544987234898822
6,8,amusing-1,amusing,True,relaxed,relaxed-1,1,3,25.0,66.23765663696814,11,-3.726671719759637,8.434425599999997,0.0681072000000018,6.30669507966089,5.877378789880178,False,0,-0.5833333333333334,0.34027777777777785,-0.6996841114994611,1.4070711003516558,relaxed,0.07281056372575535,-0.8756343327669347
6,8,amusing-1,amusing,True,relaxed,relaxed-1,1,4,35.0,56.25503505309638,9,-13.709293303631398,8.368785599999994,0.0024671999999981,6.30669507966089,5.877378789880178,False,0,-0.4166666666666667,0.17361111111111113,-0.6996841114994611,1.4070711003516558,relaxed,-1.4833904374105604,-0.9208333245372827
6,8,amusing-1,amusing,True,relaxed,relaxed-1,1,5,45.0,55.841441551592695,10,-14.122886805135082,8.257406399999997,-0.1089119999999983,6.30669507966089,5.877378789880178,False,0,-0.25,0.0625,-0.6996841114994611,1.4070711003516558,relaxed,-1.5478659477457797,-0.997527833132461
6,8,amusing-1,amusing,True,relaxed,relaxed-1,1,6,55.0,61.68351134357933,10,-8.280817013148443,8.154110399999997,-0.2122079999999986,6.30669507966089,5.877378789880178,False,0,-0.08333333333333333,0.006944444444444444,-0.6996841114994611,1.4070711003516558,relaxed,-0.6371397639859702,-1.0686563379147525
6,8,amusing-1,amusing,True,relaxed,relaxed-1,1,7,65.0,64.88431630361646,11,-5.080012053111318,8.059291199999997,-0.3070271999999985,6.30669507966089,5.877378789880178,False,0,0.08333333333333333,0.006944444444444444,-0.6996841114994611,1.4070711003516558,relaxed,-0.13816303313407896,-1.1339478101949283
6,8,amusing-1,amusing,True,relaxed,relaxed-1,1,8,75.0,68.5303228932852,11,-1.434005463442574,8.365627199999997,-0.0006911999999985,6.30669507966089,5.877378789880178,False,0,0.25,0.0625,-0.6996841114994611,1.4070711003516558,relaxed,0.43021663119769005,-0.9230081645069248
6,8,amusing-1,amusing,True,relaxed,relaxed-1,1,9,85.0,66.43184950118967,11,-3.532478855538102,8.284413599999997,-0.0819047999999984,6.30669507966089,5.877378789880178,False,0,0.4166666666666667,0.17361111111111113,-0.6996841114994611,1.4070711003516558,relaxed,0.10308348624175358,-0.9789309682552509
6,8,amusing-1,amusing,True,relaxed,relaxed-1,1,10,95.0,60.02994990256183,10,-9.934378454165952,8.189593199999996,-0.1767251999999999,6.30669507966089,5.877378789880178,False,0,0.5833333333333334,0.34027777777777785,-0.6996841114994611,1.4070711003516558,relaxed,-0.8949151337454849,-1.0442232668424072
6,8,amusing-1,amusing,True,relaxed,relaxed-1,1,11,105.0,61.45325901341617,10,-8.511069343311604,8.071516799999998,-0.2948015999999978,6.30669507966089,5.877378789880178,False,0,0.75,0.5625,-0.6996841114994611,1.4070711003516558,relaxed,-0.6730340332120812,-1.1255293946893286
6,8,amusing-1,amusing,True,relaxed,relaxed-1,1,12,115.0,58.328372686416266,10,-11.63595567031151,8.015095999999996,-0.3512223999999992,6.30669507966089,5.877378789880178,False,0,0.9166666666666666,0.8402777777777777,-0.6996841114994611,1.4070711003516558,relaxed,-1.1601757313779395,-1.1643801453730027
7,3,scary-1,scary,True,boring,boring-1,0,1,5.0,64.46962838864471,10,-7.595879473080217,25.2993084,11.995346800000002,3.9490505243088654,8.354692087702572,False,1,-0.9166666666666666,0.8402777777777777,1.041894364291122,-0.6878238381371617,boring,-0.7673438389311013,1.0773659034900875
7,3,scary-1,scary,True,boring,boring-1,0,2,15.0,62.41019865706462,11,-9.655309204660306,25.656503999999995,12.352542399999995,3.9490505243088654,8.354692087702572,False,1,-0.75,0.5625,1.041894364291122,-0.6878238381371617,boring,-0.9798729114138954,1.1271046170385155
7,3,scary-1,scary,True,boring,boring-1,0,3,25.0,75.1686758820319,12,3.103168020306981,26.312356799999996,13.008395199999994,3.9490505243088654,8.354692087702572,False,1,-0.5833333333333334,0.34027777777777785,1.041894364291122,-0.6878238381371617,boring,0.33677668790733345,1.2184306987403477
7,3,scary-1,scary,True,boring,boring-1,0,4,35.0,82.90968445305202,14,10.844176591327098,25.85364,12.549678400000005,3.9490505243088654,8.354692087702572,False,1,-0.4166666666666667,0.17361111111111113,1.041894364291122,-0.6878238381371617,boring,1.1356334522107214,1.1545553780055697
7,3,scary-1,scary,True,boring,boring-1,0,5,45.0,77.44634303691932,13,5.380835175194392,26.3216232,13.0176616,3.9490505243088654,8.354692087702572,False,1,-0.25,0.0625,1.041894364291122,-0.6878238381371617,boring,0.5718274305618763,1.2197210248676165
7,3,scary-1,scary,True,boring,boring-1,0,6,55.0,64.82412338541073,10,-7.241384476314195,26.2786464,12.974684799999997,3.9490505243088654,8.354692087702572,False,1,-0.08333333333333333,0.006944444444444444,1.041894364291122,-0.6878238381371617,boring,-0.7307606568457048,1.213736598563294
7,3,scary-1,scary,True,boring,boring-1,0,7,65.0,67.99733304802848,12,-4.068174813696444,26.02395599999999,12.719994399999992,3.9490505243088654,8.354692087702572,False,1,0.08333333333333333,0.006944444444444444,1.041894364291122,-0.6878238381371617,boring,-0.40329169976108487,1.1782715120696894
7,3,scary-1,scary,True,boring,boring-1,0,8,75.0,81.06199374070957,13,8.996485878984643,25.8782808,12.5743192,3.9490505243088654,8.354692087702572,False,1,0.25,0.0625,1.041894364291122,-0.6878238381371617,boring,0.9449554274606723,1.1579865560290503
7,3,scary-1,scary,True,boring,boring-1,0,9,85.0,83.80986445166745,14,11.744356589942528,25.530350399999996,12.226388799999992,3.9490505243088654,8.354692087702572,False,1,0.4166666666666667,0.17361111111111113,1.041894364291122,-0.6878238381371617,boring,1.228530246522084,1.1095380015104874
7,3,scary-1,scary,True,boring,boring-1,0,10,95.0,85.66216240640402,14,13.596654544679096,25.540004399999997,12.236042799999996,3.9490505243088654,8.354692087702572,False,1,0.5833333333333334,0.34027777777777785,1.041894364291122,-0.6878238381371617,boring,1.4196837295690143,1.110882300098143
7,3,scary-1,scary,True,boring,boring-1,0,11,105.0,75.10764633410948,12,3.0421384723845506,25.169008799999997,11.865047199999994,3.9490505243088654,8.354692087702572,False,1,0.75,0.5625,1.041894364291122,-0.6878238381371617,boring,0.330478559345284,1.0592219664430598
7,3,scary-1,scary,True,boring,boring-1,0,12,115.0,66.37531861522767,11,-5.690189246497255,25.046397599999995,11.742435999999996,3.9490505243088654,8.354692087702572,False,1,0.9166666666666666,0.8402777777777777,1.041894364291122,-0.6878238381371617,boring,-0.5706803790982393,1.0421486224415406
7,4,amusing-1,amusing,True,scary,scary-1,0,1,5.0,64.26671089741127,11,-13.020164786738505,22.591749599999996,-2.939583400000004,6.234983889418494,5.256263489037178,False,0,-0.9166666666666666,0.8402777777777777,-1.1363349944875816,-0.26884485043939826,scary,-1.3271193481004977,-1.002290775045652
7,4,amusing-1,amusing,True,scary,scary-1,0,2,15.0,60.40592277857576,10,-16.88095290557402,22.577951999999996,-2.953381000000004,6.234983889418494,5.256263489037178,False,0,-0.75,0.5625,-1.1363349944875816,-0.26884485043939826,scary,-1.725545041080639,-1.0042120609575047
7,4,amusing-1,amusing,True,scary,scary-1,0,3,25.0,62.33490863176769,10,-14.951967052382088,22.224696,-3.3066369999999985,6.234983889418494,5.256263489037178,False,0,-0.5833333333333334,0.34027777777777785,-1.1363349944875816,-0.26884485043939826,scary,-1.5264775186860935,-1.0534021937398335
7,4,amusing-1,amusing,True,scary,scary-1,0,4,35.0,64.67538675869731,11,-12.611488925452464,22.4318736,-3.099459399999997,6.234983889418494,5.256263489037178,False,0,-0.4166666666666667,0.17361111111111113,-1.1363349944875816,-0.26884485043939826,scary,-1.2849448080259551,-1.0245531617247383
7,4,amusing-1,amusing,True,scary,scary-1,0,5,45.0,65.07886121586547,11,-12.208014468284304,21.9930648,-3.538268200000001,6.234983889418494,5.256263489037178,False,0,-0.25,0.0625,-1.1363349944875816,-0.26884485043939826,scary,-1.2433070425622816,-1.0856563365839194
7,4,amusing-1,amusing,True,scary,scary-1,0,6,55.0,73.0662092287413,12,-4.220666455408477,21.651052799999995,-3.8802802000000014,6.234983889418494,5.256263489037178,False,0,-0.08333333333333333,0.006944444444444444,-1.1363349944875816,-0.26884485043939826,scary,-0.41902853538964074,-1.1332807667228273
7,4,amusing-1,amusing,True,scary,scary-1,0,7,65.0,90.4671688483706,15,13.180293164220828,21.551505599999995,-3.979827400000001,6.234983889418494,5.256263489037178,False,0,0.08333333333333333,0.006944444444444444,-1.1363349944875816,-0.26884485043939826,scary,1.3767160591263046,-1.1471424986852257
7,4,amusing-1,amusing,True,scary,scary-1,0,8,75.0,72.21878295850946,11,-5.068092725640312,21.139111199999995,-4.3922218000000015,6.234983889418494,5.256263489037178,False,0,0.25,0.0625,-1.1363349944875816,-0.26884485043939826,scary,-0.5064812493366918,-1.20456752556287
7,4,amusing-1,amusing,True,scary,scary-1,0,9,85.0,66.13367356108233,12,-11.153202123067445,20.768111999999995,-4.7632210000000015,6.234983889418494,5.256263489037178,False,0,0.4166666666666667,0.17361111111111113,-1.1363349944875816,-0.26884485043939826,scary,-1.134452496114445,-1.2562283605101547
7,4,amusing-1,amusing,True,scary,scary-1,0,10,95.0,66.48482587508244,11,-10.80204980906734,20.6098176,-4.9215154000000005,6.234983889418494,5.256263489037178,False,0,0.5833333333333334,0.34027777777777785,-1.1363349944875816,-0.26884485043939826,scary,-1.0982142722749897,-1.2782705128152794
7,4,amusing-1,amusing,True,scary,scary-1,0,11,105.0,76.93831269474543,12,-0.3485629894043427,25.2005496,-0.3307833999999978,6.234983889418494,5.256263489037178,False,0,0.75,0.5625,-1.1363349944875816,-0.26884485043939826,scary,-0.019435120975895417,-0.6390210261877666
7,4,amusing-1,amusing,True,scary,scary-1,0,12,115.0,90.43926282388796,15,13.152387139738195,26.0775768,0.5462437999999992,6.234983889418494,5.256263489037178,False,0,0.9166666666666666,0.8402777777777777,-1.1363349944875816,-0.26884485043939826,scary,1.373836212628495,-0.516896888390491
7,6,amusing-2,amusing,True,boring,boring-2,0,1,5.0,63.31445727206303,11,-5.396530773360475,18.5929992,-3.3345232,6.457399313822371,5.788917739579252,False,0,-0.9166666666666666,0.8402777777777777,-0.7618732021103843,0.5691131249561289,boring,-0.5403754058498494,-1.0572852866831794
7,6,amusing-2,amusing,True,boring,boring-2,0,2,15.0,72.02233677118419,11,3.3113487257606806,19.1561952,-2.771327199999998,6.457399313822371,5.788917739579252,False,0,-0.75,0.5625,-0.7618732021103843,0.5691131249561289,boring,0.3582605246998333,-0.9788614636696231
7,6,amusing-2,amusing,True,boring,boring-2,0,3,25.0,73.93986810353194,12,5.22888005810843,19.5147696,-2.4127527999999963,6.457399313822371,5.788917739579252,False,0,-0.5833333333333334,0.34027777777777785,-0.7618732021103843,0.5691131249561289,boring,0.5561459632128953,-0.9289307552079291
7,6,amusing-2,amusing,True,boring,boring-2,0,4,35.0,62.520052057252975,11,-6.19093598817053,19.3125192,-2.6150032000000003,6.457399313822371,5.788917739579252,False,0,-0.4166666666666667,0.17361111111111113,-0.7618732021103843,0.5691131249561289,boring,-0.6223564518113149,-0.9570936852962487
7,6,amusing-2,amusing,True,boring,boring-2,0,5,45.0,71.24426585924766,11,2.5332778138241565,19.2502272,-2.677295199999996,6.457399313822371,5.788917739579252,False,0,-0.25,0.0625,-0.7618732021103843,0.5691131249561289,boring,0.27796514646770626,-0.9657677113602834
7,6,amusing-2,amusing,True,boring,boring-2,0,6,55.0,89.31724078857077,15,20.606252743147262,19.4832264,-2.4442960000000014,6.457399313822371,5.788917739579252,False,0,-0.08333333333333333,0.006944444444444444,-0.7618732021103843,0.5691131249561289,boring,2.143060390958915,-0.933323077479539
7,6,amusing-2,amusing,True,boring,boring-2,0,7,65.0,95.848467261831,16,27.137479216407485,19.541381999999995,-2.386140400000002,6.457399313822371,5.788917739579252,False,0,0.08333333333333333,0.006944444444444444,-0.7618732021103843,0.5691131249561289,boring,2.817070037052579,-0.9252250361552983
7,6,amusing-2,amusing,True,boring,boring-2,0,8,75.0,80.3307852781521,13,11.6197972327286,19.4351304,-2.492391999999999,6.457399313822371,5.788917739579252,False,0,0.25,0.0625,-0.7618732021103843,0.5691131249561289,boring,1.2156759673729631,-0.9400203412947291
7,6,amusing-2,amusing,True,boring,boring-2,0,9,85.0,70.7086465465236,11,1.997658501100091,19.138060799999995,-2.7894616000000028,6.457399313822371,5.788917739579252,False,0,0.4166666666666667,0.17361111111111113,-0.7618732021103843,0.5691131249561289,boring,0.2226902934384756,-0.9813866395871677
7,6,amusing-2,amusing,True,boring,boring-2,0,10,95.0,67.4611805817379,12,-1.249807463685599,18.9801624,-2.94736,6.457399313822371,5.788917739579252,False,0,0.5833333333333334,0.34027777777777785,-0.7618732021103843,0.5691131249561289,boring,-0.11244176706926806,-1.0033736497501011
7,6,amusing-2,amusing,True,boring,boring-2,0,11,105.0,63.48371833600366,10,-5.227269709419844,20.4684756,-1.4590467999999994,6.457399313822371,5.788917739579252,False,0,0.75,0.5625,-0.7618732021103843,0.5691131249561289,boring,-0.5229079990356567,-0.7961292606110814
7,6,amusing-2,amusing,True,boring,boring-2,0,12,115.0,66.95635182786842,11,-1.7546362175550885,20.389428,-1.5380943999999983,6.457399313822371,5.788917739579252,False,0,0.9166666666666666,0.8402777777777777,-0.7618732021103843,0.5691131249561289,boring,-0.16453909536228487,-0.8071364676793956
7,7,scary-2,scary,True,amusing,amusing-2,0,1,5.0,67.73886687243912,11,-8.104448432553724,27.9719868,8.313213600000001,4.397207054337464,8.418862917063871,False,1,-0.9166666666666666,0.8402777777777777,1.0870071626148166,0.9880921126538924,amusing,-0.8198271490402138,0.5646368315699407
7,7,scary-2,scary,True,amusing,amusing-2,0,2,15.0,66.90792594507626,11,-8.935389359916584,28.6615416,9.002768400000004,4.397207054337464,8.418862917063871,False,1,-0.75,0.5625,1.0870071626148166,0.9880921126538924,amusing,-0.9055786082293199,0.6606558437670236
7,7,scary-2,scary,True,amusing,amusing-2,0,3,25.0,85.46715197292141,14,9.623836667928572,29.3627352,9.703962,4.397207054337464,8.418862917063871,False,1,-0.5833333333333334,0.34027777777777785,1.0870071626148166,0.9880921126538924,amusing,1.0096967872900777,0.7582955336523175
7,7,scary-2,scary,True,amusing,amusing-2,0,4,35.0,85.50527211414907,14,9.661956809156225,30.8549976,11.196224400000002,4.397207054337464,8.418862917063871,False,1,-0.4166666666666667,0.17361111111111113,1.0870071626148166,0.9880921126538924,amusing,1.0136307104212205,0.9660898403366415
7,7,scary-2,scary,True,amusing,amusing-2,0,5,45.0,75.92339982403206,12,0.0800845190392181,30.5244192,10.865646000000003,4.397207054337464,8.418862917063871,False,1,-0.25,0.0625,1.0870071626148166,0.9880921126538924,amusing,0.02480045355942727,0.9200575142304468
7,7,scary-2,scary,True,amusing,amusing-2,0,6,55.0,84.15941230392646,14,8.316096998933617,30.9127632,11.253990000000003,4.397207054337464,8.418862917063871,False,1,-0.08333333333333333,0.006944444444444444,1.0870071626148166,0.9880921126538924,amusing,0.8747406415966719,0.9741335750056945
7,7,scary-2,scary,True,amusing,amusing-2,0,7,65.0,76.7355987258156,13,0.8922834208227641,30.1526304,10.493857200000004,4.397207054337464,8.418862917063871,False,1,0.08333333333333333,0.006944444444444444,1.0870071626148166,0.9880921126538924,amusing,0.10861777280108072,0.8682867291935815
7,7,scary-2,scary,True,amusing,amusing-2,0,8,75.0,82.71529710876229,13,6.871981803769444,29.3373024,9.678529200000003,4.397207054337464,8.418862917063871,False,1,0.25,0.0625,1.0870071626148166,0.9880921126538924,amusing,0.7257108115033333,0.7547540713444549
7,7,scary-2,scary,True,amusing,amusing-2,0,9,85.0,70.66435264287588,12,-5.178962662116959,30.088367999999992,10.429594799999997,4.397207054337464,8.418862917063871,False,1,0.4166666666666667,0.17361111111111113,1.0870071626148166,0.9880921126538924,amusing,-0.5179228073584502,0.8593383291977951
7,7,scary-2,scary,True,amusing,amusing-2,0,10,95.0,68.0157438025828,11,-7.827571502410038,31.0196064,11.360833200000002,4.397207054337464,8.418862917063871,False,1,0.5833333333333334,0.34027777777777785,1.0870071626148166,0.9880921126538924,amusing,-0.7912539978163685,0.9890112591636109
7,7,scary-2,scary,True,amusing,amusing-2,0,11,105.0,69.8735381341061,11,-5.969777170886744,30.225372,10.566598800000005,4.397207054337464,8.418862917063871,False,1,0.75,0.5625,1.0870071626148166,0.9880921126538924,amusing,-0.5995332995629242,0.8784158394218554
7,7,scary-2,scary,True,amusing,amusing-2,0,12,115.0,68.58205497146204,12,-7.261260333530799,29.356425599999994,9.6976524,4.397207054337464,8.418862917063871,False,1,0.9166666666666666,0.8402777777777777,1.0870071626148166,0.9880921126538924,amusing,-0.73281180597416,0.7574169355200752
8,3,amusing-1,amusing,True,relaxed,relaxed-1,0,1,5.0,76.65824995101163,12,4.012284603472864,13.913186399999995,-0.4322681999999975,7.307073212583412,7.823006291706386,False,0,-0.9166666666666666,0.8402777777777777,0.668113406103682,-0.6878238381371617,relaxed,1.0141550289215062,-1.0653186628384879
8,3,amusing-1,amusing,True,relaxed,relaxed-1,0,2,15.0,73.70138427788586,13,1.055418930347102,14.088232799999997,-0.2572217999999981,7.307073212583412,7.823006291706386,False,0,-0.75,0.5625,0.668113406103682,-0.6878238381371617,relaxed,0.4555963702858426,-1.0466186197442195
8,3,amusing-1,amusing,True,relaxed,relaxed-1,0,3,25.0,72.76916430781161,12,0.1231989602728447,14.707607999999992,0.3621533999999986,7.307073212583412,7.823006291706386,False,0,-0.5833333333333334,0.34027777777777785,0.668113406103682,-0.6878238381371617,relaxed,0.27949789521118223,-0.9804513467724765
8,3,amusing-1,amusing,True,relaxed,relaxed-1,0,4,35.0,71.7139252472821,12,-0.932040100256657,15.653035199999994,1.3075805999999996,7.307073212583412,7.823006291706386,False,0,-0.4166666666666667,0.17361111111111113,0.668113406103682,-0.6878238381371617,relaxed,0.08016083382677508,-0.879452243777537
8,3,amusing-1,amusing,True,relaxed,relaxed-1,0,5,45.0,70.22389729064331,11,-2.422068056895455,15.687533999999994,1.3420793999999994,7.307073212583412,7.823006291706386,False,0,-0.25,0.0625,0.668113406103682,-0.6878238381371617,relaxed,-0.20130884007626654,-0.8757667692593489
8,3,amusing-1,amusing,True,relaxed,relaxed-1,0,6,55.0,74.40086921232954,13,1.7549038647907764,15.630955199999994,1.2855005999999989,7.307073212583412,7.823006291706386,False,0,-0.08333333333333333,0.006944444444444444,0.668113406103682,-0.6878238381371617,relaxed,0.5877306671765409,-0.8818110295138986
8,3,amusing-1,amusing,True,relaxed,relaxed-1,0,7,65.0,79.07727704284424,13,6.431311695305482,16.030336799999997,1.6848822000000023,7.307073212583412,7.823006291706386,False,0,0.08333333333333333,0.006944444444444444,0.668113406103682,-0.6878238381371617,relaxed,1.4711147548562358,-0.8391454669484424
8,3,amusing-1,amusing,True,relaxed,relaxed-1,0,8,75.0,73.9136128636211,12,1.2676475160823344,15.904178399999996,1.5587238000000028,7.307073212583412,7.823006291706386,False,0,0.25,0.0625,0.668113406103682,-0.6878238381371617,relaxed,0.4956868333900059,-0.8526228507547013
8,3,amusing-1,amusing,True,relaxed,relaxed-1,0,9,85.0,74.38202723339194,13,1.7360618858531751,15.779985599999998,1.434531000000003,7.307073212583412,7.823006291706386,False,0,0.4166666666666667,0.17361111111111113,0.668113406103682,-0.6878238381371617,relaxed,0.5841713744507735,-0.8658902513524733
8,3,amusing-1,amusing,True,relaxed,relaxed-1,0,10,95.0,74.46697127389956,12,1.8210059263607972,15.615184799999998,1.2697302000000033,7.307073212583412,7.823006291706386,False,0,0.5833333333333334,0.34027777777777785,0.668113406103682,-0.6878238381371617,relaxed,0.6002174971259624,-0.8834957665871189
8,3,amusing-1,amusing,True,relaxed,relaxed-1,0,11,105.0,75.47613449991758,13,2.830169152378815,15.429098399999996,1.0836438000000026,7.307073212583412,7.823006291706386,False,0,0.75,0.5625,0.668113406103682,-0.6878238381371617,relaxed,0.790850728453373,-0.903375202549568
8,3,amusing-1,amusing,True,relaxed,relaxed-1,0,12,115.0,73.96051431157588,12,1.3145489640371153,15.293870399999998,0.9484158000000028,7.307073212583412,7.823006291706386,False,0,0.9166666666666666,0.8402777777777777,0.668113406103682,-0.6878238381371617,relaxed,0.5045466237064186,-0.9178214832360129
8,4,scary-1,scary,True,amusing,amusing-1,0,1,5.0,80.61860802151365,14,5.361889548458223,40.7481792,25.0727368,0.5,9.5,False,1,-0.9166666666666666,0.8402777777777777,1.84705841437844,-0.26884485043939826,amusing,1.269098476170562,1.6593571523712334
8,4,scary-1,scary,True,amusing,amusing-1,0,2,15.0,73.09358019613302,12,-2.1631382769224103,39.07532879999999,23.39988639999999,0.5,9.5,False,1,-0.75,0.5625,1.84705841437844,-0.26884485043939826,amusing,-0.1523964150388171,1.4806481096816146
8,4,scary-1,scary,True,amusing,amusing-1,0,3,25.0,67.29438307943734,11,-7.96233539361809,38.2077528,22.5323104,0.5,9.5,False,1,-0.5833333333333334,0.34027777777777785,1.84705841437844,-0.26884485043939826,amusing,-1.2478779555448938,1.3879657775253826
8,4,scary-1,scary,True,amusing,amusing-1,0,4,35.0,65.23083699146743,11,-10.025881481588002,37.99643519999999,22.3209928,0.5,9.5,False,1,-0.4166666666666667,0.17361111111111113,1.84705841437844,-0.26884485043939826,amusing,-1.6376865103957798,1.3653909160796325
8,4,scary-1,scary,True,amusing,amusing-1,0,5,45.0,67.09432253281368,11,-8.162395940241751,37.3934088,21.7179664,0.5,9.5,False,1,-0.25,0.0625,1.84705841437844,-0.26884485043939826,amusing,-1.2856698483534372,1.3009701701118126
8,4,scary-1,scary,True,amusing,amusing-1,0,6,55.0,69.94916955684464,12,-5.307548916210791,36.71291639999999,21.037473999999992,0.5,9.5,False,1,-0.08333333333333333,0.006944444444444444,1.84705841437844,-0.26884485043939826,amusing,-0.7463827448351139,1.2282738038607945
8,4,scary-1,scary,True,amusing,amusing-1,0,7,65.0,68.97385767223919,11,-6.282860800816238,36.3637968,20.688354400000005,0.5,9.5,False,1,0.08333333333333333,0.006944444444444444,1.84705841437844,-0.26884485043939826,amusing,-0.9306213806879063,1.190977683717487
8,4,scary-1,scary,True,amusing,amusing-1,0,8,75.0,66.52546187646857,11,-8.73125659658686,36.3637968,20.688354400000005,0.5,9.5,False,1,0.25,0.0625,1.84705841437844,-0.26884485043939826,amusing,-1.393128921671041,1.190977683717487
8,4,scary-1,scary,True,amusing,amusing-1,0,9,85.0,65.82544513975216,11,-9.431273333303269,35.703808800000004,20.028366400000007,0.5,9.5,False,1,0.4166666666666667,0.17361111111111113,1.84705841437844,-0.26884485043939826,amusing,-1.5253636772220083,1.120471783329362
8,4,scary-1,scary,True,amusing,amusing-1,0,10,95.0,67.83512336768122,11,-7.421595105374209,35.209795199999995,19.5343528,0.5,9.5,False,1,0.5833333333333334,0.34027777777777785,1.84705841437844,-0.26884485043939826,amusing,-1.1457308837935833,1.0676967727655646
8,4,scary-1,scary,True,amusing,amusing-1,0,11,105.0,70.67495606275548,12,-4.581762410299945,34.4417808,18.7663384,0.5,9.5,False,1,0.75,0.5625,1.84705841437844,-0.26884485043939826,amusing,-0.6092800212038177,0.9856505131622904
8,4,scary-1,scary,True,amusing,amusing-1,0,12,115.0,70.74444404135521,12,-4.51227443170022,33.867340799999994,18.1918984,0.5,9.5,False,1,0.9166666666666666,0.8402777777777777,1.84705841437844,-0.26884485043939826,amusing,-0.5961535838175243,0.9242836255537966
8,6,amusing-2,amusing,True,boring,boring-2,0,1,5.0,75.853006091078,13,2.47038672492549,18.088351199999995,-1.251862800000005,9.25589094375596,5.69976701620591,False,0,-0.9166666666666666,0.8402777777777777,-0.8245471404712091,0.5691131249561289,boring,0.7228870086586303,-1.1528751869362681
8,6,amusing-2,amusing,True,boring,boring-2,0,2,15.0,75.0236778597149,13,1.641058493562383,18.478668,-0.8615460000000006,9.25589094375596,5.69976701620591,False,0,-0.75,0.5625,-0.8245471404712091,0.5691131249561289,boring,0.5662250173179225,-1.1111780084714897
8,6,amusing-2,amusing,True,boring,boring-2,0,3,25.0,75.27835491982803,12,1.8957355536755216,18.453036,-0.8871780000000022,9.25589094375596,5.69976701620591,False,0,-0.5833333333333334,0.34027777777777785,-0.8245471404712091,0.5691131249561289,boring,0.6143340938901063,-1.113916251043701
8,6,amusing-2,amusing,True,boring,boring-2,0,4,35.0,72.81979223716587,12,-0.5628271289866404,18.671066399999997,-0.6691476000000058,9.25589094375596,5.69976701620591,False,0,-0.4166666666666667,0.17361111111111113,-0.8245471404712091,0.5691131249561289,boring,0.14990600482247388,-1.0906242674561466
8,6,amusing-2,amusing,True,boring,boring-2,0,5,45.0,74.78337637431338,13,1.4007570081608662,18.5993064,-0.7409075999999999,9.25589094375596,5.69976701620591,False,0,-0.25,0.0625,-0.8245471404712091,0.5691131249561289,boring,0.5208315195429155,-1.0982903210993211
8,6,amusing-2,amusing,True,boring,boring-2,0,6,55.0,73.58641583773691,12,0.2037964715843969,18.5279448,-0.8122691999999994,9.25589094375596,5.69976701620591,False,0,-0.08333333333333333,0.006944444444444444,-0.8245471404712091,0.5691131249561289,boring,0.2947229486238939,-1.1059138140433402
8,6,amusing-2,amusing,True,boring,boring-2,0,7,65.0,71.79805669664348,12,-1.584562669509026,18.646622399999995,-0.6935916000000049,9.25589094375596,5.69976701620591,False,0,0.08333333333333333,0.006944444444444444,-0.8245471404712091,0.5691131249561289,boring,-0.043102165342818397,-1.0932355971001513
8,6,amusing-2,amusing,True,boring,boring-2,0,8,75.0,76.2991972311889,13,2.916577865036388,19.02432,-0.3158940000000036,9.25589094375596,5.69976701620591,False,0,0.25,0.0625,-0.8245471404712091,0.5691131249561289,boring,0.8071735310328446,-1.0528865159616547
8,6,amusing-2,amusing,True,boring,boring-2,0,9,85.0,86.38611803264207,14,13.003498666489564,19.179652799999992,-0.1605612000000071,9.25589094375596,5.69976701620591,False,0,0.4166666666666667,0.17361111111111113,-0.8245471404712091,0.5691131249561289,boring,2.7126158390251116,-1.0362924583063513
8,6,amusing-2,amusing,True,boring,boring-2,0,10,95.0,81.19707727443686,13,7.8144579082843535,20.0020752,0.661861199999997,9.25589094375596,5.69976701620591,False,0,0.5833333333333334,0.34027777777777785,-0.8245471404712091,0.5691131249561289,boring,1.7323942240049912,-0.9484338429809771
8,6,amusing-2,amusing,True,boring,boring-2,0,11,105.0,68.4524783049963,11,-4.930141061156206,21.797911199999994,2.457697199999995,9.25589094375596,5.69976701620591,False,0,0.75,0.5625,-0.8245471404712091,0.5691131249561289,boring,-0.675089541632208,-0.7565863637398259
8,6,amusing-2,amusing,True,boring,boring-2,0,12,115.0,68.84255619022578,12,-4.540063175926733,21.693429599999995,2.353215599999995,9.25589094375596,5.69976701620591,False,0,0.9166666666666666,0.8402777777777777,-0.8245471404712091,0.5691131249561289,boring,-0.601402940878754,-0.7677480352883872
8,8,scary-2,scary,True,relaxed,relaxed-2,1,1,5.0,85.77372801116746,14,11.703259432302076,35.417181600000006,17.54865960000001,0.7702390848427073,8.948862535748333,False,1,-0.9166666666666666,0.8402777777777777,1.4596027196198356,1.4070711003516558,relaxed,2.466997686954821,0.8555670265268805
8,8,scary-2,scary,True,relaxed,relaxed-2,1,2,15.0,76.86557495753229,13,2.795106378666901,34.45321199999999,16.58469,0.7702390848427073,8.948862535748333,False,1,-0.75,0.5625,1.4596027196198356,1.4070711003516558,relaxed,0.7842272906588961,0.7525870562929039
8,8,scary-2,scary,True,relaxed,relaxed-2,1,3,25.0,70.56636646410425,12,-3.504102114761139,34.12696319999999,16.258441199999996,0.7702390848427073,8.948862535748333,False,1,-0.5833333333333334,0.34027777777777785,1.4596027196198356,1.4070711003516558,relaxed,-0.40570753747149146,0.7177342023098838
8,8,scary-2,scary,True,relaxed,relaxed-2,1,4,35.0,67.20109517437108,11,-6.869373404494311,34.066639200000004,16.19811720000001,0.7702390848427073,8.948862535748333,False,1,-0.4166666666666667,0.17361111111111113,1.4596027196198356,1.4070711003516558,relaxed,-1.0414149470513798,0.711289845844293
8,8,scary-2,scary,True,relaxed,relaxed-2,1,5,45.0,65.0110740185528,11,-9.059394560312583,33.4876704,15.619148400000004,0.7702390848427073,8.948862535748333,False,1,-0.25,0.0625,1.4596027196198356,1.4070711003516558,relaxed,-1.4551149302110653,0.6494391507700905
8,8,scary-2,scary,True,relaxed,relaxed-2,1,6,55.0,66.27150930920355,11,-7.798959269661836,33.7601088,15.891586800000002,0.7702390848427073,8.948862535748333,False,1,-0.08333333333333333,0.006944444444444444,1.4596027196198356,1.4070711003516558,relaxed,-1.217015833711124,0.6785434900797448
8,8,scary-2,scary,True,relaxed,relaxed-2,1,7,65.0,67.41844759035719,11,-6.652020988508198,33.676519199999994,15.8079972,0.7702390848427073,8.948862535748333,False,1,0.08333333333333333,0.006944444444444444,1.4596027196198356,1.4070711003516558,relaxed,-1.0003565807455186,0.6696136913393383
8,8,scary-2,scary,True,relaxed,relaxed-2,1,8,75.0,69.60733315611674,12,-4.46313542274865,33.0267792,15.158257200000005,0.7702390848427073,8.948862535748333,False,1,0.25,0.0625,1.4596027196198356,1.4070711003516558,relaxed,-0.586871113133741,0.6002025752005902
8,8,scary-2,scary,True,relaxed,relaxed-2,1,9,85.0,72.62934259882081,12,-1.4411259800445748,32.999184,15.130662000000004,0.7702390848427073,8.948862535748333,False,1,0.4166666666666667,0.17361111111111113,1.4596027196198356,1.4070711003516558,relaxed,-0.016006648087984843,0.5972546058096461
8,8,scary-2,scary,True,relaxed,relaxed-2,1,10,95.0,73.6713236350663,12,-0.3991449437990866,35.876097599999994,18.0075756,0.7702390848427073,8.948862535748333,False,1,0.5833333333333334,0.34027777777777785,1.4596027196198356,1.4070711003516558,relaxed,0.1808259423197583,0.9045925933288769
8,8,scary-2,scary,True,relaxed,relaxed-2,1,11,105.0,69.51960968304988,11,-4.550858895815509,33.9710328,16.102510800000008,0.7702390848427073,8.948862535748333,False,1,0.75,0.5625,1.4596027196198356,1.4070711003516558,relaxed,-0.6034422769483248,0.7010763036058472
8,8,scary-2,scary,True,relaxed,relaxed-2,1,12,115.0,69.70276991230985,12,-4.36769866655554,32.83004666666666,14.961524666666666,0.7702390848427073,8.948862535748333,False,1,0.9166666666666666,0.8402777777777777,1.4596027196198356,1.4070711003516558,relaxed,-0.5688428925729435,0.5791858227773583
9,1,amusing-2,amusing,True,,,0,1,5.0,79.49503235864388,13,3.826055335600742,25.6488192,0.4123932000000003,7.6000651096282175,3.7091709246901816,False,0,-0.9166666666666666,0.8402777777777777,-2.2239580708626216,-1.5257818135326888,none,1.018731584153681,-1.4639040516754858
9,1,amusing-2,amusing,True,,,0,2,15.0,73.59635785135956,12,-2.072619171683584,25.6744488,0.4380228000000024,7.6000651096282175,3.7091709246901816,False,0,-0.75,0.5625,-2.2239580708626216,-1.5257818135326888,none,0.025477110424881558,-1.4579871775175657
9,1,amusing-2,amusing,True,,,0,3,25.0,74.63306125264627,12,-1.035915770396869,27.592707599999997,2.3562815999999955,7.6000651096282175,3.7091709246901816,False,0,-0.5833333333333334,0.34027777777777785,-2.2239580708626216,-1.5257818135326888,none,0.20004349648098516,-1.0151361021234138
9,1,amusing-2,amusing,True,,,0,4,35.0,71.2138264961814,12,-4.455150526861743,27.0951552,1.8587292000000024,7.6000651096282175,3.7091709246901816,False,0,-0.4166666666666667,0.17361111111111113,-2.2239580708626216,-1.5257818135326888,none,-0.3757079226545813,-1.1300015287305738
9,1,amusing-2,amusing,True,,,0,5,45.0,69.67744631008875,11,-5.991530712954386,26.9015712,1.6651451999999978,7.6000651096282175,3.7091709246901816,False,0,-0.25,0.0625,-2.2239580708626216,-1.5257818135326888,none,-0.6344129065116006,-1.174692517547674
9,1,amusing-2,amusing,True,,,0,6,55.0,73.61763661067576,13,-2.051340412367381,27.569844,2.333417999999998,7.6000651096282175,3.7091709246901816,False,0,-0.08333333333333333,0.006944444444444444,-2.2239580708626216,-1.5257818135326888,none,0.029060156558401364,-1.02041441485545
9,1,amusing-2,amusing,True,,,0,7,65.0,69.27722004471242,11,-6.391756978330719,27.7874712,2.551045200000001,7.6000651096282175,3.7091709246901816,False,0,0.08333333333333333,0.006944444444444444,-2.2239580708626216,-1.5257818135326888,none,-0.7018054246269677,-0.9701727897134098
9,1,amusing-2,amusing,True,,,0,8,75.0,73.78352078994922,12,-1.8854562330939189,27.4641792,2.2277531999999987,7.6000651096282175,3.7091709246901816,False,0,0.25,0.0625,-2.2239580708626216,-1.5257818135326888,none,0.05699273751039766,-1.0448082924236426
9,1,amusing-2,amusing,True,,,0,9,85.0,71.07274114177346,12,-4.596235881269678,27.5524944,2.3160684000000025,7.6000651096282175,3.7091709246901816,False,0,0.4166666666666667,0.17361111111111113,-2.2239580708626216,-1.5257818135326888,none,-0.39946472755545215,-1.0244197602330687
9,1,amusing-2,amusing,True,,,0,10,95.0,68.14593162979062,11,-7.523045393252515,27.0068424,1.770416400000002,7.6000651096282175,3.7091709246901816,False,0,0.5833333333333334,0.34027777777777785,-2.2239580708626216,-1.5257818135326888,none,-0.8922986070887262,-1.1503895068548338
9,1,amusing-2,amusing,True,,,0,11,105.0,71.34022432618436,12,-4.3287526968587855,26.4260976,1.1896716000000005,7.6000651096282175,3.7091709246901816,False,0,0.75,0.5625,-2.2239580708626216,-1.5257818135326888,none,-0.3544242919058405,-1.2844608111071918
9,1,amusing-2,amusing,True,,,0,12,115.0,70.53697906946034,12,-5.131997953582797,25.831751999999994,0.5953259999999965,7.6000651096282175,3.7091709246901816,False,0,0.9166666666666666,0.8402777777777777,-2.2239580708626216,-1.5257818135326888,none,-0.4896795842189388,-1.4216720091560604
9,4,scary-2,scary,True,relaxed,relaxed-2,0,1,5.0,76.0339766517838,12,-0.004376687048321,17.857711199999994,5.098115999999994,2.699143565300285,7.112512488083888,False,1,-0.9166666666666666,0.8402777777777777,0.16862845332875223,-0.26884485043939826,relaxed,0.37374028346199023,-0.3821535699475242
9,4,scary-2,scary,True,relaxed,relaxed-2,0,2,15.0,84.32875880128881,14,8.29040546245669,19.7775408,7.017945599999997,2.699143565300285,7.112512488083888,False,1,-0.75,0.5625,0.16862845332875223,-0.26884485043939826,relaxed,1.7704658475573536,0.06106014184857402
9,4,scary-2,scary,True,relaxed,relaxed-2,0,3,25.0,71.55593243880087,12,-4.482420900031258,20.491737599999997,7.732142399999994,2.699143565300285,7.112512488083888,False,1,-0.5833333333333334,0.34027777777777785,0.16862845332875223,-0.26884485043939826,relaxed,-0.38029987295077494,0.22594030344254748
9,4,scary-2,scary,True,relaxed,relaxed-2,0,4,35.0,73.27641768376158,12,-2.7619356550705447,20.526627599999998,7.767032399999994,2.699143565300285,7.112512488083888,False,1,-0.4166666666666667,0.17361111111111113,0.16862845332875223,-0.26884485043939826,relaxed,-0.09059416628204671,0.233995042469681
9,4,scary-2,scary,True,relaxed,relaxed-2,0,5,45.0,76.43350548589669,13,0.3951521470645645,20.784671999999997,8.025076799999994,2.699143565300285,7.112512488083888,False,1,-0.25,0.0625,0.16862845332875223,-0.26884485043939826,relaxed,0.4410153638849261,0.2935674213579931
9,4,scary-2,scary,True,relaxed,relaxed-2,0,6,55.0,85.73662042762957,14,9.69826708879745,20.870620799999998,8.111025599999994,2.699143565300285,7.112512488083888,False,1,-0.08333333333333333,0.006944444444444444,0.16862845332875223,-0.26884485043939826,relaxed,2.0075300993697245,0.3134096441638195
9,4,scary-2,scary,True,relaxed,relaxed-2,0,7,65.0,79.89469846178125,14,3.856345122949122,22.0192896,9.259694399999995,2.699143565300285,7.112512488083888,False,1,0.08333333333333333,0.006944444444444444,0.16862845332875223,-0.26884485043939826,relaxed,1.0238319616630553,0.5785924304237926
9,4,scary-2,scary,True,relaxed,relaxed-2,0,8,75.0,71.41877231956882,11,-4.619581019263308,22.477804799999998,9.718209599999994,2.699143565300285,7.112512488083888,False,1,0.25,0.0625,0.16862845332875223,-0.26884485043939826,relaxed,-0.4033957230228839,0.6844456914147313
9,4,scary-2,scary,True,relaxed,relaxed-2,0,9,85.0,71.99339340514645,12,-4.044959933685675,22.3199112,9.560315999999997,2.699143565300285,7.112512488083888,False,1,0.4166666666666667,0.17361111111111113,0.16862845332875223,-0.26884485043939826,relaxed,-0.3066375507853641,0.6479942227401951
9,4,scary-2,scary,True,relaxed,relaxed-2,0,10,95.0,71.48283477820978,12,-4.555518560622346,22.2964524,9.536857199999996,2.699143565300285,7.112512488083888,False,1,0.5833333333333334,0.34027777777777785,0.16862845332875223,-0.26884485043939826,relaxed,-0.39260849894997996,0.642578501562502
9,4,scary-2,scary,True,relaxed,relaxed-2,0,11,105.0,79.95186366006331,14,3.913510321231186,22.3900872,9.630492,2.699143565300285,7.112512488083888,False,1,0.75,0.5625,0.16862845332875223,-0.26884485043939826,relaxed,1.0334577833396263,0.6641951217361293
9,4,scary-2,scary,True,relaxed,relaxed-2,0,12,115.0,78.97379591116977,13,2.9354425723376494,22.5639552,9.80436,2.699143565300285,7.112512488083888,False,1,0.9166666666666666,0.8402777777777777,0.16862845332875223,-0.26884485043939826,relaxed,0.8687648229128925,0.7043344557908621
9,7,amusing-1,amusing,True,relaxed,relaxed-1,0,1,5.0,82.65403933492605,14,0.6212836325437792,19.0952844,4.686617200000001,7.356700762631077,4.077772545281221,False,0,-0.9166666666666666,0.8402777777777777,-1.9648270803951802,0.9880921126538924,relaxed,0.4790927504784398,-0.47715257951985135
9,7,amusing-1,amusing,True,relaxed,relaxed-1,0,2,15.0,90.59917833957392,15,8.566422637191636,24.30380999999999,9.895142799999997,7.356700762631077,4.077772545281221,False,0,-0.75,0.5625,-1.9648270803951802,0.9880921126538924,relaxed,1.8169432880896144,0.7252926604957176
9,7,amusing-1,amusing,True,relaxed,relaxed-1,0,3,25.0,75.50603183933727,12,-6.526723863045007,26.7722544,12.3635872,7.356700762631077,4.077772545281221,False,0,-0.5833333333333334,0.34027777777777785,-1.9648270803951802,0.9880921126538924,relaxed,-0.7245319646118674,1.29516011377714
9,7,amusing-1,amusing,True,relaxed,relaxed-1,0,4,35.0,78.7682371217916,13,-3.264518580590675,26.4331968,12.0245296,7.356700762631077,4.077772545281221,False,0,-0.4166666666666667,0.17361111111111113,-1.9648270803951802,0.9880921126538924,relaxed,-0.17522211762537304,1.2168849494559542
9,7,amusing-1,amusing,True,relaxed,relaxed-1,0,5,45.0,85.00424432061561,14,2.9714886182333373,26.674087199999995,12.26542,7.356700762631077,4.077772545281221,False,0,-0.25,0.0625,-1.9648270803951802,0.9880921126538924,relaxed,0.8748344740356849,1.272497139371167
9,7,amusing-1,amusing,True,relaxed,relaxed-1,0,6,55.0,75.6500623532742,13,-6.382693349108081,26.7606264,12.351959200000003,7.356700762631077,4.077772545281221,False,0,-0.08333333333333333,0.006944444444444444,-1.9648270803951802,0.9880921126538924,relaxed,-0.7002792359446651,1.292475662490024
9,7,amusing-1,amusing,True,relaxed,relaxed-1,0,7,65.0,69.36650283104855,11,-12.666252871333723,26.334235199999995,11.925567999999998,7.356700762631077,4.077772545281221,False,0,0.08333333333333333,0.006944444444444444,-1.9648270803951802,0.9880921126538924,relaxed,-1.75834297529569,1.1940385791003345
9,7,amusing-1,amusing,True,relaxed,relaxed-1,0,8,75.0,86.96899419175007,15,4.936238489367796,26.7655524,12.3568852,7.356700762631077,4.077772545281221,False,0,0.25,0.0625,-1.9648270803951802,0.9880921126538924,relaxed,1.2056709351512227,1.2936128835977236
9,7,amusing-1,amusing,True,relaxed,relaxed-1,0,9,85.0,83.08541470871802,13,1.0526590063357446,29.7721704,15.363503200000004,7.356700762631077,4.077772545281221,False,0,0.4166666666666667,0.17361111111111113,-1.9648270803951802,0.9880921126538924,relaxed,0.5517303437794749,1.9877236128691964
9,7,amusing-1,amusing,True,relaxed,relaxed-1,0,10,95.0,77.79084602736117,13,-4.241909675021105,30.015823199999996,15.607155999999996,7.356700762631077,4.077772545281221,False,0,0.5833333333333334,0.34027777777777785,-1.9648270803951802,0.9880921126538924,relaxed,-0.3398011388829226,2.04397353311082
9,7,amusing-1,amusing,True,relaxed,relaxed-1,0,11,105.0,72.38447642307128,12,-9.648279279310998,28.6999824,14.291315200000003,7.356700762631077,4.077772545281221,False,0,0.75,0.5625,-1.9648270803951802,0.9880921126538924,relaxed,-1.250158336836632,1.7401972578097507
9,7,amusing-1,amusing,True,relaxed,relaxed-1,0,12,115.0,75.2210004800909,13,-6.8117552222913815,28.0932228,13.6845556,7.356700762631077,4.077772545281221,False,0,0.9166666666666666,0.8402777777777777,-1.9648270803951802,0.9880921126538924,relaxed,-0.7725272680270413,1.600120151756215
9,8,scary-1,scary,True,amusing,amusing-1,1,1,5.0,82.01651052698368,13,4.023724073673918,33.068963999999994,4.788799599999997,2.0936674928503334,6.044153288846521,False,1,-0.9166666666666666,0.8402777777777777,-0.5824398057566822,1.4070711003516558,amusing,1.0520162412686063,-0.4535626521720117
9,8,scary-1,scary,True,amusing,amusing-1,1,2,15.0,76.50640988867953,13,-1.486376564630234,35.9040912,7.6239268,2.0936674928503334,6.044153288846521,False,1,-0.75,0.5625,-0.5824398057566822,1.4070711003516558,amusing,0.12419218470590887,0.20095754572788407
9,8,scary-1,scary,True,amusing,amusing-1,1,3,25.0,78.56127885482289,13,0.5684924015131259,34.4551872,6.175022800000001,2.0936674928503334,6.044153288846521,False,1,-0.5833333333333334,0.34027777777777785,-0.5824398057566822,1.4070711003516558,amusing,0.47020344385029916,-0.13353782817207677
9,8,scary-1,scary,True,amusing,amusing-1,1,4,35.0,76.3303130462731,12,-1.6624734070366571,33.399355199999995,5.119190799999998,2.0936674928503334,6.044153288846521,False,1,-0.4166666666666667,0.17361111111111113,-0.5824398057566822,1.4070711003516558,amusing,0.09453993379535286,-0.37728822130753953
9,8,scary-1,scary,True,amusing,amusing-1,1,5,45.0,67.53883950764046,12,-10.4539469456693,32.850545999999994,4.5703815999999975,2.0936674928503334,6.044153288846521,False,1,-0.25,0.0625,-0.5824398057566822,1.4070711003516558,amusing,-1.3858215291285292,-0.5039868421642276
9,8,scary-1,scary,True,amusing,amusing-1,1,6,55.0,65.72463217242735,11,-12.268154280882412,32.4026688,4.122504400000004,2.0936674928503334,6.044153288846521,False,1,-0.08333333333333333,0.006944444444444444,-0.5824398057566822,1.4070711003516558,amusing,-1.6913087279469687,-0.6073842042222145
9,8,scary-1,scary,True,amusing,amusing-1,1,7,65.0,64.26893238277873,10,-13.723854070531033,31.928572800000005,3.648408400000008,2.0936674928503334,6.044153288846521,False,1,0.08333333333333333,0.006944444444444444,-0.5824398057566822,1.4070711003516558,amusing,-1.9364282589007507,-0.7168344637179952
9,8,scary-1,scary,True,amusing,amusing-1,1,8,75.0,64.75090754509625,11,-13.241878908213508,31.4207688,3.140604400000001,2.0936674928503334,6.044153288846521,False,1,0.25,0.0625,-0.5824398057566822,1.4070711003516558,amusing,-1.8552703673088573,-0.8340665845816951
9,8,scary-1,scary,True,amusing,amusing-1,1,9,85.0,78.400615566185,13,0.407829112875234,31.3076076,3.027443200000004,2.0936674928503334,6.044153288846521,False,1,0.4166666666666667,0.17361111111111113,-0.5824398057566822,1.4070711003516558,amusing,0.4431499880261981,-0.8601910882789499
9,8,scary-1,scary,True,amusing,amusing-1,1,10,95.0,91.92691738811966,16,13.9341309348099,34.6615764,6.3814120000000045,2.0936674928503334,6.044153288846521,False,1,0.5833333333333334,0.34027777777777785,-0.5824398057566822,1.4070711003516558,amusing,2.720790461500628,-0.08589061854126953
9,8,scary-1,scary,True,amusing,amusing-1,1,11,105.0,74.19338287843469,12,-3.799403574875072,32.726748,4.446583600000004,2.0936674928503334,6.044153288846521,False,1,0.75,0.5625,-0.5824398057566822,1.4070711003516558,amusing,-0.26528928658804457,-0.5325669677612757
9,8,scary-1,scary,True,amusing,amusing-1,1,12,115.0,73.35794831865445,12,-4.634838134655311,31.610034666666664,3.329870266666667,2.0936674928503334,6.044153288846521,False,1,0.9166666666666666,0.8402777777777777,-0.5824398057566822,1.4070711003516558,amusing,-0.40596480834884807,-0.7903724841877652
10,1,scary-2,scary,True,,,0,1,5.0,77.51954557005888,13,3.404437939730854,29.2785576,2.360654000000004,1.77241134334154,8.97290176987066,False,1,-0.9166666666666666,0.8402777777777777,1.4765025654159796,-1.5257818135326888,none,0.4962221845080715,0.47234755957083463
10,1,scary-2,scary,True,,,0,2,15.0,73.21524242638922,12,-0.899865203938802,29.435668799999995,2.5177651999999995,1.77241134334154,8.97290176987066,False,1,-0.75,0.5625,1.4765025654159796,-1.5257818135326888,none,-0.4568001293687191,0.496240591206463
10,1,scary-2,scary,True,,,0,3,25.0,73.63776341348411,12,-0.4773442168439175,29.5352208,2.6173172000000022,1.77241134334154,8.97290176987066,False,1,-0.5833333333333334,0.34027777777777785,1.4765025654159796,-1.5257818135326888,none,-0.36324911417712363,0.5113801807799002
10,1,scary-2,scary,True,,,0,4,35.0,74.64121911913875,13,0.5261114888107272,31.237632,4.3197284000000025,1.77241134334154,8.97290176987066,False,1,-0.4166666666666667,0.17361111111111113,1.4765025654159796,-1.5257818135326888,none,-0.14107245826888168,0.7702781120441843
10,1,scary-2,scary,True,,,0,5,45.0,75.39573103260354,12,1.2806234022755092,32.1444288,5.226525200000005,1.77241134334154,8.97290176987066,False,1,-0.25,0.0625,1.4765025654159796,-1.5257818135326888,none,0.025985173504880273,0.9081812318057749
10,1,scary-2,scary,True,,,0,6,55.0,77.18587629411071,13,3.0707686637826868,32.5087248,5.590821200000001,1.77241134334154,8.97290176987066,False,1,-0.08333333333333333,0.006944444444444444,1.4765025654159796,-1.5257818135326888,none,0.4223439619898945,0.9635823480389463
10,1,scary-2,scary,True,,,0,7,65.0,74.82250327666733,13,0.7073956463393074,32.65499039999999,5.737086799999993,1.77241134334154,8.97290176987066,False,1,0.08333333333333333,0.006944444444444444,1.4765025654159796,-1.5257818135326888,none,-0.10093405688068438,0.985826011176928
10,1,scary-2,scary,True,,,0,8,75.0,74.77074330595325,12,0.65563567562522,32.405232,5.487328400000003,1.77241134334154,8.97290176987066,False,1,0.25,0.0625,1.4765025654159796,-1.5257818135326888,none,-0.1123943108195088,0.9478434526294542
10,1,scary-2,scary,True,,,0,9,85.0,78.29520835991501,13,4.180100729586982,34.226905200000004,7.309001600000009,1.77241134334154,8.97290176987066,False,1,0.4166666666666667,0.17361111111111113,1.4765025654159796,-1.5257818135326888,none,0.6679628640333953,1.2248784151106633
10,1,scary-2,scary,True,,,0,10,95.0,74.53465881266008,13,0.4195511823320572,35.02883519999999,8.110931599999994,1.77241134334154,8.97290176987066,False,1,0.5833333333333334,0.34027777777777785,1.4765025654159796,-1.5257818135326888,none,-0.16466613800240096,1.346833685387764
10,1,scary-2,scary,True,,,0,11,105.0,71.93059010681033,12,-2.184517523517698,34.41102479999999,7.493121199999997,1.77241134334154,8.97290176987066,False,1,0.75,0.5625,1.4765025654159796,-1.5257818135326888,none,-0.7412369557880778,1.252878808637917
10,1,scary-2,scary,True,,,0,12,115.0,71.7871118482692,12,-2.327995782058821,33.985027200000005,7.067123600000009,1.77241134334154,8.97290176987066,False,1,0.9166666666666666,0.8402777777777777,1.4765025654159796,-1.5257818135326888,none,-0.7730046955084955,1.1880942857426573
10,4,amusing-2,amusing,True,boring,boring-2,0,1,5.0,74.5979323191957,12,-0.6652519735392417,17.976972,-2.122811199999997,7.183764201855332,5.338456181338137,False,0,-0.9166666666666666,0.8402777777777777,-1.0785526284443139,-0.26884485043939826,boring,-0.4048540567436221,-0.20948528150505216
10,4,amusing-2,amusing,True,boring,boring-2,0,2,15.0,73.41754596262011,12,-1.8456383301148376,18.5322864,-1.5674967999999971,7.183764201855332,5.338456181338137,False,0,-0.75,0.5625,-1.0785526284443139,-0.26884485043939826,boring,-0.6662051975122996,-0.12503462154624367
10,4,amusing-2,amusing,True,boring,boring-2,0,3,25.0,88.437730179291,15,13.174545886556048,20.081712,-0.0180711999999978,7.183764201855332,5.338456181338137,False,0,-0.5833333333333334,0.34027777777777785,-1.0785526284443139,-0.26884485043939826,boring,2.659436663489009,0.11059768778532197
10,4,amusing-2,amusing,True,boring,boring-2,0,4,35.0,84.46837290215122,14,9.205188609416268,21.290892,1.1911087999999983,7.183764201855332,5.338456181338137,False,0,-0.4166666666666667,0.17361111111111113,-1.0785526284443139,-0.26884485043939826,boring,1.780575223995156,0.2944863984130164
10,4,amusing-2,amusing,True,boring,boring-2,0,5,45.0,86.17162269551255,13,10.908438402777604,21.7586856,1.6589024000000023,7.183764201855332,5.338456181338137,False,0,-0.25,0.0625,-1.0785526284443139,-0.26884485043939826,boring,2.1576943545486533,0.36562714002624885
10,4,amusing-2,amusing,True,boring,boring-2,0,6,55.0,74.99383818059756,13,-0.2693461121373843,23.993133600000004,3.8933504000000063,7.183764201855332,5.338456181338137,False,0,-0.08333333333333333,0.006944444444444444,-1.0785526284443139,-0.26884485043939826,boring,-0.31719593706274224,0.7054357389814355
10,4,amusing-2,amusing,True,boring,boring-2,0,7,65.0,73.90309242793053,12,-1.3600918648044171,24.4335192,4.333736000000002,7.183764201855332,5.338456181338137,False,0,0.08333333333333333,0.006944444444444444,-1.0785526284443139,-0.26884485043939826,boring,-0.5586996152102301,0.7724083486532817
10,4,amusing-2,amusing,True,boring,boring-2,0,8,75.0,73.01745786987624,12,-2.2457264228587093,24.7094976,4.609714400000001,7.183764201855332,5.338456181338137,False,0,0.25,0.0625,-1.0785526284443139,-0.26884485043939826,boring,-0.7547893114035538,0.8143783714266439
10,4,amusing-2,amusing,True,boring,boring-2,0,9,85.0,76.62362139478907,13,1.3604371020541208,25.2693456,5.1695624,7.183764201855332,5.338456181338137,False,0,0.4166666666666667,0.17361111111111113,-1.0785526284443139,-0.26884485043939826,boring,0.04365684631769034,0.8995184885866149
10,4,amusing-2,amusing,True,boring,boring-2,0,10,95.0,83.13359740711273,14,7.870413114377783,27.5379048,7.438121600000002,7.183764201855332,5.338456181338137,False,0,0.5833333333333334,0.34027777777777785,-1.0785526284443139,-0.26884485043939826,boring,1.4850405489668763,1.2445146233809345
10,4,amusing-2,amusing,True,boring,boring-2,0,11,105.0,82.54329480469424,13,7.280110511959293,28.8574872,8.757704000000004,7.183764201855332,5.338456181338137,False,0,0.75,0.5625,-1.0785526284443139,-0.26884485043939826,boring,1.3543407508191239,1.4451930220502804
10,4,amusing-2,amusing,True,boring,boring-2,0,12,115.0,82.36976118340303,14,7.10657689066808,29.305368,9.2055848,7.183764201855332,5.338456181338137,False,0,0.9166666666666666,0.8402777777777777,-1.0785526284443139,-0.26884485043939826,boring,1.3159184074621981,1.5133054807635407
10,6,amusing-1,amusing,True,boring,boring-1,0,1,5.0,75.41775263033708,13,-2.662906360999102,22.9097184,-8.386691000000003,6.401412392755005,5.172076739752145,False,0,-0.9166666666666666,0.8402777777777777,-1.195519204506747,0.5691131249561289,boring,-0.8471577568124831,-1.162078592632316
10,6,amusing-1,amusing,True,boring,boring-1,0,2,15.0,78.67576726203914,13,0.5951082707029656,22.773895199999995,-8.522514200000003,6.401412392755005,5.172076739752145,False,0,-0.75,0.5625,-1.195519204506747,0.5691131249561289,boring,-0.12579577571790942,-1.182734204800337
10,6,amusing-1,amusing,True,boring,boring-1,0,3,25.0,75.13965795797365,12,-2.941001033362525,22.5203904,-8.776019000000002,6.401412392755005,5.172076739752145,False,0,-0.5833333333333334,0.34027777777777785,-1.195519204506747,0.5691131249561289,boring,-0.9087311217188043,-1.221286505375877
10,6,amusing-1,amusing,True,boring,boring-1,0,4,35.0,70.50493120939613,12,-7.575727781940046,22.1257344,-9.170675,6.401412392755005,5.172076739752145,False,0,-0.4166666666666667,0.17361111111111113,-1.195519204506747,0.5691131249561289,boring,-1.934913029146047,-1.2813046854495493
10,6,amusing-1,amusing,True,boring,boring-1,0,5,45.0,74.1505360270008,12,-3.930122964335382,21.7261584,-9.570251000000004,6.401412392755005,5.172076739752145,False,0,-0.25,0.0625,-1.195519204506747,0.5691131249561289,boring,-1.1277341147464668,-1.3420710853550828
10,6,amusing-1,amusing,True,boring,boring-1,0,6,55.0,81.24284429372254,14,3.162185302386362,23.073133199999997,-8.223276200000004,6.401412392755005,5.172076739752145,False,0,-0.08333333333333333,0.006944444444444444,-1.195519204506747,0.5691131249561289,boring,0.4425846591575751,-1.1372269271486972
10,6,amusing-1,amusing,True,boring,boring-1,0,7,65.0,84.68566300945702,14,6.605004018120837,25.048956,-6.247453400000001,6.401412392755005,5.172076739752145,False,0,0.08333333333333333,0.006944444444444444,-1.195519204506747,0.5691131249561289,boring,1.2048643939279022,-0.8367493248721108
10,6,amusing-1,amusing,True,boring,boring-1,0,8,75.0,80.83560092193086,13,2.7549419305946827,25.4656896,-5.830719800000001,6.401412392755005,5.172076739752145,False,0,0.25,0.0625,-1.195519204506747,0.5691131249561289,boring,0.35241628403588104,-0.7733736451724486
10,6,amusing-1,amusing,True,boring,boring-1,0,9,85.0,77.62332744642123,13,-0.4573315449149504,25.5725328,-5.723876599999997,6.401412392755005,5.172076739752145,False,0,0.4166666666666667,0.17361111111111113,-1.195519204506747,0.5691131249561289,boring,-0.3588180780088995,-0.7571252303067233
10,6,amusing-1,amusing,True,boring,boring-1,0,10,95.0,84.78576928756293,14,6.705110296226749,31.9382304,0.6418210000000002,6.401412392755005,5.172076739752145,False,0,0.5833333333333334,0.34027777777777785,-1.195519204506747,0.5691131249561289,boring,1.2270290774108488,0.2109522469173558
10,6,amusing-1,amusing,True,boring,boring-1,0,11,105.0,85.8699112244059,14,7.789252233069718,38.2402848,6.9438754,6.401412392755005,5.172076739752145,False,0,0.75,0.5625,-1.195519204506747,0.5691131249561289,boring,1.4670705946400655,1.1693510443847237
10,6,amusing-1,amusing,True,boring,boring-1,0,12,115.0,83.6602877860308,14,5.579628794694628,41.2652568,9.968847400000003,6.401412392755005,5.172076739752145,False,0,0.9166666666666666,0.8402777777777777,-1.195519204506747,0.5691131249561289,boring,0.9778345042095735,1.629380321055592
10,8,scary-1,scary,True,relaxed,relaxed-1,1,1,5.0,72.6922137608209,13,-5.5993252381443455,30.1822008,-6.011538399999999,2.543489037178265,8.361143946615824,False,1,-0.9166666666666666,0.8402777777777777,1.0464300920176208,1.4070711003516558,relaxed,-1.49731473214638,-0.8008720318572304
10,8,scary-1,scary,True,relaxed,relaxed-1,1,2,15.0,81.16448225573416,13,2.872943256768906,30.447931199999992,-5.745808000000004,2.543489037178265,8.361143946615824,False,1,-0.75,0.5625,1.0464300920176208,1.4070711003516558,relaxed,0.37854313736322626,-0.7604604962458403
10,8,scary-1,scary,True,relaxed,relaxed-1,1,3,25.0,82.94157654327604,14,4.650037544310791,30.3832704,-5.810468799999999,2.543489037178265,8.361143946615824,False,1,-0.5833333333333334,0.34027777777777785,1.0464300920176208,1.4070711003516558,relaxed,0.772012289827822,-0.7702939297628968
10,8,scary-1,scary,True,relaxed,relaxed-1,1,4,35.0,78.36463030636216,13,0.0730913073969077,30.3253176,-5.868421599999998,2.543489037178265,8.361143946615824,False,1,-0.4166666666666667,0.17361111111111113,1.0464300920176208,1.4070711003516558,relaxed,-0.2413763465205351,-0.7791072294116377
10,8,scary-1,scary,True,relaxed,relaxed-1,1,5,45.0,77.74424962604664,13,-0.5472893729186126,29.847083999999995,-6.346655200000001,2.543489037178265,8.361143946615824,False,1,-0.25,0.0625,1.0464300920176208,1.4070711003516558,relaxed,-0.3787357777000716,-0.8518356570095481
10,8,scary-1,scary,True,relaxed,relaxed-1,1,6,55.0,73.37916570254819,12,-4.9123732964170586,29.268703199999997,-6.925036000000002,2.543489037178265,8.361143946615824,False,1,-0.08333333333333333,0.006944444444444444,1.0464300920176208,1.4070711003516558,relaxed,-1.3452156565991726,-0.939794190531286
10,8,scary-1,scary,True,relaxed,relaxed-1,1,7,65.0,74.53229691995789,12,-3.7592420790073646,28.7581344,-7.4356048,2.543489037178265,8.361143946615824,False,1,0.08333333333333333,0.006944444444444444,1.0464300920176208,1.4070711003516558,relaxed,-1.0898991176988888,-1.017440064858292
10,8,scary-1,scary,True,relaxed,relaxed-1,1,8,75.0,75.57008172887103,13,-2.72145727009422,28.252303199999997,-7.941436000000003,2.543489037178265,8.361143946615824,False,1,0.25,0.0625,1.0464300920176208,1.4070711003516558,relaxed,-0.8601216027598775,-1.0943654582350102
10,8,scary-1,scary,True,relaxed,relaxed-1,1,9,85.0,74.37354598033801,12,-3.917993018627243,27.697188,-8.496551199999995,2.543489037178265,8.361143946615824,False,1,0.4166666666666667,0.17361111111111113,1.0464300920176208,1.4070711003516558,relaxed,-1.1250484049950586,-1.1787858244152594
10,8,scary-1,scary,True,relaxed,relaxed-1,1,10,95.0,73.17266373905069,13,-5.11887525991456,27.1487736,-9.044965599999998,2.543489037178265,8.361143946615824,False,1,0.5833333333333334,0.34027777777777785,1.0464300920176208,1.4070711003516558,relaxed,-1.3909375708100535,-1.2621871516830454
10,8,scary-1,scary,True,relaxed,relaxed-1,1,11,105.0,78.45579137132468,13,0.164252372359428,26.596418399999997,-9.597320800000002,2.543489037178265,8.361143946615824,False,1,0.75,0.5625,1.0464300920176208,1.4070711003516558,relaxed,-0.2211922363019447,-1.346187784786887
10,8,scary-1,scary,True,relaxed,relaxed-1,1,12,115.0,78.44564562349737,13,0.1541066245321189,26.152394666666662,-10.041344533333334,2.543489037178265,8.361143946615824,False,1,0.9166666666666666,0.8402777777777777,1.0464300920176208,1.4070711003516558,relaxed,-0.22343862177890927,-1.4137136715951057
11,2,scary-1,scary,True,boring,boring-1,0,1,5.0,65.06048454705811,11,-2.4503044052769525,27.1278792,7.1545226,5.208665014299333,6.902726406101049,False,1,-0.9166666666666666,0.8402777777777777,0.021146531997724854,-1.1068028258349254,boring,-0.14266041991523368,1.0237032681753875
11,2,scary-1,scary,True,boring,boring-1,0,2,15.0,66.48168016680776,11,-1.0291087855272991,26.632692,6.659335399999996,5.208665014299333,6.902726406101049,False,1,-0.75,0.5625,0.021146531997724854,-1.1068028258349254,boring,0.1344162492495374,0.9329265417117716
11,2,scary-1,scary,True,boring,boring-1,0,3,25.0,61.480666122192055,10,-6.030122830143007,26.2313376,6.257980999999994,5.208665014299333,6.902726406101049,False,1,-0.5833333333333334,0.34027777777777785,0.021146531997724854,-1.1068028258349254,boring,-0.8405827548794284,0.8593510563523586
11,2,scary-1,scary,True,boring,boring-1,0,4,35.0,62.44625865118585,10,-5.064530301149212,25.980585599999998,6.007228999999992,5.208665014299333,6.902726406101049,False,1,-0.4166666666666667,0.17361111111111113,0.021146531997724854,-1.1068028258349254,boring,-0.6523305832669681,0.8133837015535984
11,2,scary-1,scary,True,boring,boring-1,0,5,45.0,65.50623756019374,11,-2.004551392141323,26.1865932,6.213236599999995,5.208665014299333,6.902726406101049,False,1,-0.25,0.0625,0.021146531997724854,-1.1068028258349254,boring,-0.055756296068062816,0.8511486024933362
11,2,scary-1,scary,True,boring,boring-1,0,6,55.0,62.63430211583287,11,-4.876486836502195,26.2636656,6.2903089999999935,5.208665014299333,6.902726406101049,False,1,-0.08333333333333333,0.006944444444444444,0.021146531997724854,-1.1068028258349254,boring,-0.6156695802927424,0.8652773606128802
11,2,scary-1,scary,True,boring,boring-1,0,7,65.0,63.73853936451301,10,-3.7722495878220528,25.8386544,5.865297799999993,5.208665014299333,6.902726406101049,False,1,0.08333333333333333,0.006944444444444444,0.021146531997724854,-1.1068028258349254,boring,-0.40038719792383237,0.7873651580228841
11,2,scary-1,scary,True,boring,boring-1,0,8,75.0,65.27612088760563,11,-2.234668064729433,25.532316,5.558959399999999,5.208665014299333,6.902726406101049,False,1,0.25,0.0625,0.021146531997724854,-1.1068028258349254,boring,-0.10061990264969942,0.7312078156236843
11,2,scary-1,scary,True,boring,boring-1,0,9,85.0,65.6811718331765,11,-1.829617119158556,25.312713599999995,5.339356999999993,5.208665014299333,6.902726406101049,False,1,0.4166666666666667,0.17361111111111113,0.021146531997724854,-1.1068028258349254,boring,-0.021651064524101208,0.6909507431558296
11,2,scary-1,scary,True,boring,boring-1,0,10,95.0,66.3461583085215,11,-1.1646306438135667,25.0958712,5.122514599999995,5.208665014299333,6.902726406101049,False,1,0.5833333333333334,0.34027777777777785,0.021146531997724854,-1.1068028258349254,boring,0.10799487236716729,0.6511996283642647
11,2,scary-1,scary,True,boring,boring-1,0,11,105.0,66.26915864407182,11,-1.2416303082632396,24.8563656,4.883008999999994,5.208665014299333,6.902726406101049,False,1,0.75,0.5625,0.021146531997724854,-1.1068028258349254,boring,0.09298299767796823,0.6072939411055792
11,2,scary-1,scary,True,boring,boring-1,0,12,115.0,71.12821020711885,12,3.617421254783793,24.588468,4.615111399999996,5.208665014299333,6.902726406101049,False,1,0.9166666666666666,0.8402777777777777,0.021146531997724854,-1.1068028258349254,boring,1.040304959327488,0.5581834892290791
11,3,amusing-1,amusing,True,scary,scary-1,0,1,5.0,68.46299768580222,11,1.9444731018978985,20.4166332,-4.7874316000000015,5.401526978074357,4.980814585319352,False,0,-0.9166666666666666,0.8402777777777777,-1.3299786011790564,-0.6878238381371617,scary,0.714146550558516,-1.1654718757992992
11,3,amusing-1,amusing,True,scary,scary-1,0,2,15.0,69.34196181261431,12,2.823437228709992,20.3265408,-4.877524000000005,5.401526978074357,4.980814585319352,False,0,-0.75,0.5625,-1.3299786011790564,-0.6878238381371617,scary,0.8855096262590424,-1.1819874342613332
11,3,amusing-1,amusing,True,scary,scary-1,0,3,25.0,68.90732450872594,11,2.388799924821612,20.14992,-5.054144800000003,5.401526978074357,4.980814585319352,False,0,-0.5833333333333334,0.34027777777777785,-1.3299786011790564,-0.6878238381371617,scary,0.800772623989529,-1.214365205838193
11,3,amusing-1,amusing,True,scary,scary-1,0,4,35.0,66.5894386886447,11,0.0709141047403818,19.981176,-5.222888800000003,5.401526978074357,4.980814585319352,False,0,-0.4166666666666667,0.17361111111111113,-1.3299786011790564,-0.6878238381371617,scary,0.34887699920179455,-1.2452990182032466
11,3,amusing-1,amusing,True,scary,scary-1,0,5,45.0,69.87776981953623,12,3.359245235631903,19.8120432,-5.392021600000003,5.401526978074357,4.980814585319352,False,0,-0.25,0.0625,-1.3299786011790564,-0.6878238381371617,scary,0.9899708952122137,-1.2763041046061774
11,3,amusing-1,amusing,True,scary,scary-1,0,6,55.0,73.27972390086835,12,6.761199316964024,19.6705008,-5.5335640000000055,5.401526978074357,4.980814585319352,False,0,-0.08333333333333333,0.006944444444444444,-1.3299786011790564,-0.6878238381371617,scary,1.653216751312618,-1.3022513740990154
11,3,amusing-1,amusing,True,scary,scary-1,0,7,65.0,70.42124803554056,12,3.902723451636234,19.655520000000003,-5.548544799999998,5.401526978074357,4.980814585319352,False,0,0.08333333333333333,0.006944444444444444,-1.3299786011790564,-0.6878238381371617,scary,1.0959275501311319,-1.3049976243732662
11,3,amusing-1,amusing,True,scary,scary-1,0,8,75.0,68.6433414384518,11,2.1248168545474755,19.4869776,-5.717087200000005,5.401526978074357,4.980814585319352,False,0,0.25,0.0625,-1.3299786011790564,-0.6878238381371617,scary,0.7493064156709783,-1.3358944798297923
11,3,amusing-1,amusing,True,scary,scary-1,0,9,85.0,68.70599528813929,11,2.1874707042349684,19.381907999999992,-5.822156800000009,5.401526978074357,4.980814585319352,False,0,0.4166666666666667,0.17361111111111113,-1.3299786011790564,-0.6878238381371617,scary,0.7615214265678024,-1.3551556286212831
11,3,amusing-1,amusing,True,scary,scary-1,0,10,95.0,68.3099383547173,12,1.79141377081298,19.4240892,-5.7799756,5.401526978074357,4.980814585319352,False,0,0.5833333333333334,0.34027777777777785,-1.3299786011790564,-0.6878238381371617,scary,0.6843060633994944,-1.3474230554564117
11,3,amusing-1,amusing,True,scary,scary-1,0,11,105.0,73.3842217382374,12,6.865697154333077,19.4035896,-5.800475200000005,5.401526978074357,4.980814585319352,False,0,0.75,0.5625,-1.3299786011790564,-0.6878238381371617,scary,1.6735896769751943,-1.3511810011016423
11,3,amusing-1,amusing,True,scary,scary-1,0,12,115.0,72.0141898859483,12,5.495665302043975,19.2663864,-5.937678400000003,5.401526978074357,4.980814585319352,False,0,0.9166666666666666,0.8402777777777777,-1.3299786011790564,-0.6878238381371617,scary,1.4064879092757032,-1.3763328171347153
11,5,scary-2,scary,True,relaxed,relaxed-1,0,1,5.0,61.569171982428905,10,-11.024838232503916,26.1524856,8.290632600000002,4.657088560533842,5.771506196377502,False,1,-0.9166666666666666,0.8402777777777777,-0.7741137083463616,0.1501341372583653,relaxed,-1.8143537740695381,1.2319726796274166
11,5,scary-2,scary,True,relaxed,relaxed-1,0,2,15.0,59.05243604192587,10,-13.54157417300695,25.6194456,7.757592600000002,4.657088560533842,5.771506196377502,False,1,-0.75,0.5625,-0.7741137083463616,0.1501341372583653,relaxed,-2.3050172702634573,1.13425685362431
11,5,scary-2,scary,True,relaxed,relaxed-1,0,3,25.0,58.766282755223685,10,-13.827727459709138,25.252788,7.390935000000002,4.657088560533842,5.771506196377502,False,1,-0.5833333333333334,0.34027777777777785,-0.7741137083463616,0.1501341372583653,relaxed,-2.3608057897664656,1.0670419162006333
11,5,scary-2,scary,True,relaxed,relaxed-1,0,4,35.0,66.82833474866561,11,-5.765675466267211,24.9239808,7.0621278000000025,4.657088560533842,5.771506196377502,False,1,-0.4166666666666667,0.17361111111111113,-0.7741137083463616,0.1501341372583653,relaxed,-0.7890260277590502,1.006765638353251
11,5,scary-2,scary,True,relaxed,relaxed-1,0,5,45.0,71.84065998755163,12,-0.7533502273811905,26.545161599999997,8.683308599999997,4.657088560533842,5.771506196377502,False,1,-0.25,0.0625,-0.7741137083463616,0.1501341372583653,relaxed,0.18817820975871963,1.3039572580672998
11,5,scary-2,scary,True,relaxed,relaxed-1,0,6,55.0,66.69608560100325,11,-5.897924613929575,26.55384,8.691987000000001,4.657088560533842,5.771506196377502,False,1,-0.08333333333333333,0.006944444444444444,-0.7741137083463616,0.1501341372583653,relaxed,-0.8148093561235314,1.3055481649868288
11,5,scary-2,scary,True,relaxed,relaxed-1,0,7,65.0,61.37543430858144,10,-11.218575906351385,25.741668,7.879815000000001,4.657088560533842,5.771506196377502,False,1,0.08333333333333333,0.006944444444444444,-0.7741137083463616,0.1501341372583653,relaxed,-1.8521249215564994,1.156662419383131
11,5,scary-2,scary,True,relaxed,relaxed-1,0,8,75.0,60.41617220131504,10,-12.177838013617787,25.289455199999992,7.4276021999999955,4.657088560533842,5.771506196377502,False,1,0.25,0.0625,-0.7741137083463616,0.1501341372583653,relaxed,-2.0391429124958282,1.0737636739209178
11,5,scary-2,scary,True,relaxed,relaxed-1,0,9,85.0,68.20085971793235,12,-4.393150497000477,26.103991200000003,8.242138200000007,4.657088560533842,5.771506196377502,False,1,0.4166666666666667,0.17361111111111113,-0.7741137083463616,0.1501341372583653,relaxed,-0.5214382013225344,1.2230827832734381
11,5,scary-2,scary,True,relaxed,relaxed-1,0,10,95.0,67.43235577437808,11,-5.1616544405547415,25.5823872,7.720534199999999,4.657088560533842,5.771506196377502,False,1,0.5833333333333334,0.34027777777777785,-0.7741137083463616,0.1501341372583653,relaxed,-0.6712659308489706,1.1274633819029498
11,5,scary-2,scary,True,relaxed,relaxed-1,0,11,105.0,64.33551619929736,10,-8.258494015635463,25.121894399999995,7.260041399999999,4.657088560533842,5.771506196377502,False,1,0.75,0.5625,-0.7741137083463616,0.1501341372583653,relaxed,-1.2750265831314205,1.0430467634118734
11,5,scary-2,scary,True,relaxed,relaxed-1,0,12,115.0,67.29490745430344,12,-5.299102760629381,24.878442,7.016589,4.657088560533842,5.771506196377502,False,1,0.9166666666666666,0.8402777777777777,-0.7741137083463616,0.1501341372583653,relaxed,-0.698062891224688,0.9984175566760964
11,7,amusing-2,amusing,True,boring,boring-2,0,1,5.0,70.77255531228131,12,1.431091036732056,17.949969599999996,-1.9227198000000063,6.424616205910391,4.982498474737846,False,0,-0.9166666666666666,0.8402777777777777,-1.3287948084107217,0.9880921126538924,boring,0.614057449066534,-0.6403186418996941
11,7,amusing-2,amusing,True,boring,boring-2,0,2,15.0,71.10941350222792,12,1.7679492266786667,18.0422232,-1.8304662,6.424616205910391,4.982498474737846,False,0,-0.75,0.5625,-1.3287948084107217,0.9880921126538924,boring,0.6797314097474162,-0.6234068965789662
11,7,amusing-2,amusing,True,boring,boring-2,0,3,25.0,71.72921009668553,12,2.387745821136278,17.973227999999995,-1.899461400000007,6.424616205910391,4.982498474737846,False,0,-0.5833333333333334,0.34027777777777785,-1.3287948084107217,0.9880921126538924,boring,0.8005671156597621,-0.6360549585597748
11,7,amusing-2,amusing,True,boring,boring-2,0,4,35.0,71.42572020593437,11,2.084255930385112,18.040644,-1.8320454000000053,6.424616205910391,4.982498474737846,False,0,-0.4166666666666667,0.17361111111111113,-1.3287948084107217,0.9880921126538924,boring,0.7413986473039942,-0.6236963923624432
11,7,amusing-2,amusing,True,boring,boring-2,0,5,45.0,67.492290286399,12,-1.849173989150259,18.19283039999999,-1.679859000000011,6.424616205910391,4.982498474737846,False,0,-0.25,0.0625,-1.3287948084107217,0.9880921126538924,boring,-0.025463877004865864,-0.5957978860919221
11,7,amusing-2,amusing,True,boring,boring-2,0,6,55.0,67.36609637928504,11,-1.975367896264217,18.1403928,-1.7322966000000015,6.424616205910391,4.982498474737846,False,0,-0.08333333333333333,0.006944444444444444,-1.3287948084107217,0.9880921126538924,boring,-0.05006667409073305,-0.6054106419781962
11,7,amusing-2,amusing,True,boring,boring-2,0,7,65.0,66.01235366005952,11,-3.329110615489739,18.0205392,-1.852150200000004,6.424616205910391,4.982498474737846,False,0,0.08333333333333333,0.006944444444444444,-1.3287948084107217,0.9880921126538924,boring,-0.31399270815432,-0.6273819640618038
11,7,amusing-2,amusing,True,boring,boring-2,0,8,75.0,68.18201434021304,11,-1.1594499353362124,17.886098399999998,-1.986591000000004,6.424616205910391,4.982498474737846,False,0,0.25,0.0625,-1.3287948084107217,0.9880921126538924,boring,0.10900490464482931,-0.6520273824553924
11,7,amusing-2,amusing,True,boring,boring-2,0,9,85.0,74.474252471892,13,5.132788196342744,17.9133024,-1.959387000000003,6.424616205910391,4.982498474737846,False,0,0.4166666666666667,0.17361111111111113,-1.3287948084107217,0.9880921126538924,boring,1.335741293984586,-0.6470403996199792
11,7,amusing-2,amusing,True,boring,boring-2,0,10,95.0,71.51354057688522,11,2.172076301335963,17.870915999999994,-2.0017734000000083,6.424616205910391,4.982498474737846,False,0,0.5833333333333334,0.34027777777777785,-1.3287948084107217,0.9880921126538924,boring,0.7585201297584383,-0.6548105896381741
11,7,amusing-2,amusing,True,boring,boring-2,0,11,105.0,63.33583299222023,11,-6.005631283329024,17.7788592,-2.093830200000003,6.424616205910391,4.982498474737846,False,0,0.75,0.5625,-1.3287948084107217,0.9880921126538924,boring,-0.8358078765167251,-0.6716862579767645
11,7,amusing-2,amusing,True,boring,boring-2,0,12,115.0,71.87777755816892,12,2.536313282619659,18.117132,-1.7555574000000045,6.424616205910391,4.982498474737846,False,0,0.9166666666666666,0.8402777777777777,-1.3287948084107217,0.9880921126538924,boring,0.8295318667482379,-0.609674765281313
12,2,amusing-2,amusing,True,boring,boring-2,0,1,5.0,55.20700180652762,9,1.0264763325413,14.972939999999994,6.540451399999999,8.579318303145852,6.901683126787417,False,0,-0.9166666666666666,0.8402777777777777,0.0204130951738657,-1.1068028258349254,boring,0.1605069710559879,-0.42612756307313193
12,2,amusing-2,amusing,True,boring,boring-2,0,2,15.0,56.91496272858886,10,2.73443725460254,15.525887999999998,7.093399400000003,8.579318303145852,6.901683126787417,False,0,-0.75,0.5625,0.0204130951738657,-1.1068028258349254,boring,0.483659173242924,-0.3870986641817644
12,2,amusing-2,amusing,True,boring,boring-2,0,3,25.0,54.48546868564335,9,0.3049432116570258,15.863368799999996,7.430880199999999,8.579318303145852,6.901683126787417,False,0,-0.5833333333333334,0.34027777777777785,0.0204130951738657,-1.1068028258349254,boring,0.02399037166964338,-0.3632781529926877
12,2,amusing-2,amusing,True,boring,boring-2,0,4,35.0,51.986288357070976,8,-2.194237116915346,16.0530108,7.6205222000000035,8.579318303145852,6.901683126787417,False,0,-0.4166666666666667,0.17361111111111113,0.0204130951738657,-1.1068028258349254,boring,-0.4488633197753385,-0.3498925933314594
12,2,amusing-2,amusing,True,boring,boring-2,0,5,45.0,51.71777628992484,9,-2.4627491840614795,16.250728799999997,7.818240200000002,8.579318303145852,6.901683126787417,False,0,-0.25,0.0625,0.0204130951738657,-1.1068028258349254,boring,-0.4996667454809579,-0.3359370028762931
12,2,amusing-2,amusing,True,boring,boring-2,0,6,55.0,54.449700994114,9,0.2691755201276748,16.37748,7.944991400000003,8.579318303145852,6.901683126787417,False,0,-0.08333333333333333,0.006944444444444444,0.0204130951738657,-1.1068028258349254,boring,0.01722299887114655,-0.3269904839103876
12,2,amusing-2,amusing,True,boring,boring-2,0,7,65.0,52.25964900271738,9,-1.92087647126894,16.263736799999997,7.831248200000001,8.579318303145852,6.901683126787417,False,0,0.08333333333333333,0.006944444444444444,0.0204130951738657,-1.1068028258349254,boring,-0.39714252599671396,-0.33501885520819613
12,2,amusing-2,amusing,True,boring,boring-2,0,8,75.0,51.721511159714176,8,-2.459014314272146,16.128899999999998,7.696411400000002,8.579318303145852,6.901683126787417,False,0,0.25,0.0625,0.0204130951738657,-1.1068028258349254,boring,-0.49896009500569527,-0.344536082567795
12,2,amusing-2,amusing,True,boring,boring-2,0,9,85.0,55.34644672127291,10,1.1659212472865903,15.974153999999997,7.541665399999999,8.579318303145852,6.901683126787417,False,0,0.4166666666666667,0.17361111111111113,0.0204130951738657,-1.1068028258349254,boring,0.18689043844195566,-0.355458567119405
12,2,amusing-2,amusing,True,boring,boring-2,0,10,95.0,61.31849860476594,10,7.137973130779621,15.818625599999995,7.386137,8.579318303145852,6.901683126787417,False,0,0.5833333333333334,0.34027777777777785,0.0204130951738657,-1.1068028258349254,boring,1.3168236194636551,-0.36643627605105156
12,2,amusing-2,amusing,True,boring,boring-2,0,11,105.0,66.32281774911058,11,12.142292275124262,15.871646399999998,7.439157800000002,8.579318303145852,6.901683126787417,False,0,0.75,0.5625,0.0204130951738657,-1.1068028258349254,boring,2.263658369048886,-0.3626938926038929
12,2,amusing-2,amusing,True,boring,boring-2,0,12,115.0,59.71355727372601,9,5.533031799739689,15.578522399999995,7.146033800000001,8.579318303145852,6.901683126787417,False,0,0.9166666666666666,0.8402777777777777,0.0204130951738657,-1.1068028258349254,boring,1.0131630855443727,-0.3833835541247469
12,4,scary-2,scary,True,relaxed,relaxed-2,0,1,5.0,61.11561432964098,10,7.317602454877438,31.626768,23.3790528,2.3581353670162057,7.845102764537653,False,1,-0.9166666666666666,0.8402777777777777,0.6836474693598936,-0.26884485043939826,relaxed,1.3508101181649874,0.762396622768278
12,4,scary-2,scary,True,relaxed,relaxed-2,0,2,15.0,58.45277999553214,10,4.654768120768594,32.817035999999995,24.5693208,2.3581353670162057,7.845102764537653,False,1,-0.75,0.5625,0.6836474693598936,-0.26884485043939826,relaxed,0.8469925143712382,0.8464096753982359
12,4,scary-2,scary,True,relaxed,relaxed-2,0,3,25.0,56.36828501013504,9,2.570273135371494,33.213263999999995,24.9655488,2.3581353670162057,7.845102764537653,False,1,-0.5833333333333334,0.34027777777777785,0.6836474693598936,-0.26884485043939826,relaxed,0.4525987455924082,0.8743767582883607
12,4,scary-2,scary,True,relaxed,relaxed-2,0,4,35.0,53.24764432411939,9,-0.5503675506441539,32.6461212,24.398406,2.3581353670162057,7.845102764537653,False,1,-0.4166666666666667,0.17361111111111113,0.6836474693598936,-0.26884485043939826,relaxed,-0.1378374270941874,0.834345943459178
12,4,scary-2,scary,True,relaxed,relaxed-2,0,5,45.0,51.24791122158759,8,-2.55010065317596,32.11643279999999,23.868717599999997,2.3581353670162057,7.845102764537653,False,1,-0.25,0.0625,0.6836474693598936,-0.26884485043939826,relaxed,-0.5161939500814835,0.7969587840743347
12,4,scary-2,scary,True,relaxed,relaxed-2,0,6,55.0,50.60620364453612,9,-3.191808230227423,31.7941272,23.546412,2.3581353670162057,7.845102764537653,False,1,-0.08333333333333333,0.006944444444444444,0.6836474693598936,-0.26884485043939826,relaxed,-0.6376072763500735,0.7742093886980582
12,4,scary-2,scary,True,relaxed,relaxed-2,0,7,65.0,50.15713730241639,8,-3.6408745723471583,31.5242592,23.276544,2.3581353670162057,7.845102764537653,False,1,0.08333333333333333,0.006944444444444444,0.6836474693598936,-0.26884485043939826,relaxed,-0.722572204709729,0.7551612125838206
12,4,scary-2,scary,True,relaxed,relaxed-2,0,8,75.0,49.37819924040837,8,-4.419812634355175,31.091361599999992,22.843646399999997,2.3581353670162057,7.845102764537653,False,1,0.25,0.0625,0.6836474693598936,-0.26884485043939826,relaxed,-0.8699500204745849,0.7246058680293314
12,4,scary-2,scary,True,relaxed,relaxed-2,0,9,85.0,47.86796399647179,8,-5.930047878291759,30.65886,22.4111448,2.3581353670162057,7.845102764537653,False,1,0.4166666666666667,0.17361111111111113,0.6836474693598936,-0.26884485043939826,relaxed,-1.1556918302517367,0.6940784744647385
12,4,scary-2,scary,True,relaxed,relaxed-2,0,10,95.0,47.38389914251421,8,-6.414112732249336,30.207033599999995,21.9593184,2.3581353670162057,7.845102764537653,False,1,0.5833333333333334,0.34027777777777785,0.6836474693598936,-0.26884485043939826,relaxed,-1.247278599912079,0.6621870725932235
12,4,scary-2,scary,True,relaxed,relaxed-2,0,11,105.0,48.07781575489983,8,-5.720196119863715,29.7252528,21.4775376,2.3581353670162057,7.845102764537653,False,1,0.75,0.5625,0.6836474693598936,-0.26884485043939826,relaxed,-1.1159871408804,0.628181390086004
12,4,scary-2,scary,True,relaxed,relaxed-2,0,12,115.0,55.176335910082734,9,1.3783240353191886,29.2308528,20.9831376,2.3581353670162057,7.845102764537653,False,1,0.9166666666666666,0.8402777777777777,0.6836474693598936,-0.26884485043939826,relaxed,0.22707779156976807,0.5932850027007669
12,7,scary-1,scary,True,boring,boring-1,0,1,5.0,57.14991204341783,10,2.3718567418273366,45.06988319999999,30.1482572,4.758261773117255,7.778117826501431,False,1,-0.9166666666666666,0.8402777777777777,0.6365563217086873,0.9880921126538924,boring,0.41505766740052374,1.2401894606166808
12,7,scary-1,scary,True,boring,boring-1,0,2,15.0,55.23285131848209,9,0.4547960168915992,44.8092816,29.8876556,4.758261773117255,7.778117826501431,False,1,-0.75,0.5625,0.6365563217086873,0.9880921126538924,boring,0.052343048472693846,1.221795337666008
12,7,scary-1,scary,True,boring,boring-1,0,3,25.0,48.75163438907966,8,-6.0264209125108295,44.3434584,29.4218324,4.758261773117255,7.778117826501431,False,1,-0.5833333333333334,0.34027777777777785,0.6365563217086873,0.9880921126538924,boring,-1.1739259466399177,1.1889159953516257
12,7,scary-1,scary,True,boring,boring-1,0,4,35.0,45.17366604854978,7,-9.604389253040708,43.751868,28.830242,4.758261773117255,7.778117826501431,False,1,-0.4166666666666667,0.17361111111111113,0.6365563217086873,0.9880921126538924,boring,-1.8508901169922358,1.1471595880462306
12,7,scary-1,scary,True,boring,boring-1,0,5,45.0,46.53183403485152,8,-8.246221266738978,43.2444528,28.3228268,4.758261773117255,7.778117826501431,False,1,-0.25,0.0625,0.6365563217086873,0.9880921126538924,boring,-1.59391996618602,1.1113445447930805
12,7,scary-1,scary,True,boring,boring-1,0,6,55.0,47.40758363386212,8,-7.370471667728374,42.7165296,27.7949036,4.758261773117255,7.778117826501431,False,1,-0.08333333333333333,0.006944444444444444,0.6365563217086873,0.9880921126538924,boring,-1.4282250677669939,1.0740819790631981
12,7,scary-1,scary,True,boring,boring-1,0,7,65.0,48.311420579729926,8,-6.466634721860565,42.21424319999999,27.292617199999995,4.758261773117255,7.778117826501431,False,1,0.08333333333333333,0.006944444444444444,0.6365563217086873,0.9880921126538924,boring,-1.257215944723004,1.0386289434791844
12,7,scary-1,scary,True,boring,boring-1,0,8,75.0,50.37041892942658,8,-4.407636372163914,41.7494088,26.8277828,4.758261773117255,7.778117826501431,False,1,0.25,0.0625,0.6365563217086873,0.9880921126538924,boring,-0.8676462289236853,1.005819393939573
12,7,scary-1,scary,True,boring,boring-1,0,9,85.0,50.41370169661658,9,-4.364353604973914,41.6873088,26.7656828,4.758261773117255,7.778117826501431,False,1,0.4166666666666667,0.17361111111111113,0.6365563217086873,0.9880921126538924,boring,-0.8594569774288016,1.0014361705240729
12,7,scary-1,scary,True,boring,boring-1,0,10,95.0,50.733088552574046,8,-4.044966749016446,41.5806624,26.6590364,4.758261773117255,7.778117826501431,False,1,0.5833333333333334,0.34027777777777785,0.6365563217086873,0.9880921126538924,boring,-0.7990278630860339,0.9939087148451875
12,7,scary-1,scary,True,boring,boring-1,0,11,105.0,51.92627469096939,9,-2.8517806106210983,41.0622096,26.140583600000006,4.758261773117255,7.778117826501431,False,1,0.75,0.5625,0.6365563217086873,0.9880921126538924,boring,-0.5732728570663133,0.9573146012736653
12,7,scary-1,scary,True,boring,boring-1,0,12,115.0,53.2475250679859,9,-1.530530233604594,40.5309396,25.6093136,4.758261773117255,7.778117826501431,False,1,0.9166666666666666,0.8402777777777777,0.6365563217086873,0.9880921126538924,boring,-0.323287647534749,0.9198158073291769
12,8,amusing-1,amusing,True,scary,scary-1,1,1,5.0,56.429513686270056,10,5.535260007956509,34.9146936,-6.556101799999993,7.2205170638703535,7.434902955195425,False,0,-0.9166666666666666,0.8402777777777777,0.39527249500691497,1.4070711003516558,scary,1.0135846703610367,-1.350525608944014
12,8,amusing-1,amusing,True,scary,scary-1,1,2,15.0,64.31672890815207,10,13.422475229838524,35.75072399999999,-5.720071400000002,7.2205170638703535,7.434902955195425,False,0,-0.75,0.5625,0.39527249500691497,1.4070711003516558,scary,2.5058734781152157,-1.291515817875579
12,8,amusing-1,amusing,True,scary,scary-1,1,3,25.0,64.60712662681618,11,13.712872948502635,35.155190399999995,-6.315604999999998,7.2205170638703535,7.434902955195425,False,0,-0.5833333333333334,0.34027777777777785,0.39527249500691497,1.4070711003516558,scary,2.560817745916798,-1.3335505492803619
12,8,amusing-1,amusing,True,scary,scary-1,1,4,35.0,52.47128512895321,9,1.577031450639666,34.62235199999999,-6.848443400000001,7.2205170638703535,7.434902955195425,False,0,-0.4166666666666667,0.17361111111111113,0.39527249500691497,1.4070711003516558,scary,0.2646739321033534,-1.3711600460848317
12,8,amusing-1,amusing,True,scary,scary-1,1,5,45.0,54.7368102585739,9,3.84255658026035,34.1052768,-7.365518599999994,7.2205170638703535,7.434902955195425,False,0,-0.25,0.0625,0.39527249500691497,1.4070711003516558,scary,0.6933192396688374,-1.4076569240915038
12,8,amusing-1,amusing,True,scary,scary-1,1,6,55.0,55.992209413535,9,5.097955735221454,33.57519119999999,-7.895604200000001,7.2205170638703535,7.434902955195425,False,0,-0.08333333333333333,0.006944444444444444,0.39527249500691497,1.4070711003516558,scary,0.9308451668192673,-1.4450721191662126
12,8,amusing-1,amusing,True,scary,scary-1,1,7,65.0,53.84360304328358,9,2.9493493649700326,33.0457056,-8.425089799999995,7.2205170638703535,7.434902955195425,False,0,0.08333333333333333,0.006944444444444444,0.39527249500691497,1.4070711003516558,scary,0.5243212989653806,-1.4824449642562294
12,8,amusing-1,amusing,True,scary,scary-1,1,8,75.0,53.95452501844662,9,3.0602713401330703,32.566677600000006,-8.904117799999987,7.2205170638703535,7.434902955195425,False,0,0.25,0.0625,0.39527249500691497,1.4070711003516558,scary,0.5453081260536733,-1.516256345033687
12,8,amusing-1,amusing,True,scary,scary-1,1,9,85.0,52.74743385520567,9,1.853180176892124,32.0218176,-9.448977799999994,7.2205170638703535,7.434902955195425,False,0,0.4166666666666667,0.17361111111111113,0.39527249500691497,1.4070711003516558,scary,0.3169222405200957,-1.5547143661314224
12,8,amusing-1,amusing,True,scary,scary-1,1,10,95.0,50.97976690555005,8,0.085513227236504,31.6318872,-9.838908199999992,7.2205170638703535,7.434902955195425,False,0,0.5833333333333334,0.34027777777777785,0.39527249500691497,1.4070711003516558,scary,-0.017526551683474296,-1.582236943582232
12,8,amusing-1,amusing,True,scary,scary-1,1,11,105.0,52.360634649600826,9,1.466380971287279,31.605475199999997,-9.8653202,7.2205170638703535,7.434902955195425,False,0,0.75,0.5625,0.39527249500691497,1.4070711003516558,scary,0.2437384729755117,-1.5841011899083228
12,8,amusing-1,amusing,True,scary,scary-1,1,12,115.0,54.14817308285934,9,3.2539194045457904,31.51453333333333,-9.956262066666664,7.2205170638703535,7.434902955195425,False,0,0.9166666666666666,0.8402777777777777,0.39527249500691497,1.4070711003516558,scary,0.5819470196348488,-1.5905201676768028
13,3,scary-1,scary,True,boring,boring-1,0,1,5.0,84.90919387862223,14,8.24863286619349,36.5029728,14.068007799999997,2.291928312678741,7.594911344137273,False,1,-0.9166666666666666,0.8402777777777777,0.5077601510381502,-0.6878238381371617,boring,1.5262152871525823,1.743792499614433
13,3,scary-1,scary,True,boring,boring-1,0,2,15.0,79.71891198905814,14,3.0583509766293986,35.6667456,13.2317806,2.291928312678741,7.594911344137273,False,1,-0.75,0.5625,0.5077601510381502,-0.6878238381371617,boring,0.4169310817262241,1.565181396785991
13,3,scary-1,scary,True,boring,boring-1,0,3,25.0,74.69328620888194,12,-1.9672748035468004,34.6872048,12.252239800000003,2.291928312678741,7.594911344137273,False,1,-0.5833333333333334,0.34027777777777785,0.5077601510381502,-0.6878238381371617,boring,-0.6571622756195719,1.3559597133087564
13,3,scary-1,scary,True,boring,boring-1,0,4,35.0,73.65210477840904,12,-3.008456234019704,34.20561599999999,11.770650999999994,2.291928312678741,7.594911344137273,False,1,-0.4166666666666667,0.17361111111111113,0.5077601510381502,-0.6878238381371617,boring,-0.8796870132699607,1.253096392577467
13,3,scary-1,scary,True,boring,boring-1,0,5,45.0,73.7045906902336,12,-2.9559703221951423,32.928807600000006,10.493842600000008,2.291928312678741,7.594911344137273,False,1,-0.25,0.0625,0.5077601510381502,-0.6878238381371617,boring,-0.86846955066712,0.9803808477774214
13,3,scary-1,scary,True,boring,boring-1,0,6,55.0,78.85277163277023,13,2.192210620341484,32.0872608,9.652295800000005,2.291928312678741,7.594911344137273,False,1,-0.08333333333333333,0.006944444444444444,0.5077601510381502,-0.6878238381371617,boring,0.23181670116736106,0.8006335230913224
13,3,scary-1,scary,True,boring,boring-1,0,7,65.0,73.33933180808603,13,-3.321229204342714,31.5954192,9.1604542,2.291928312678741,7.594911344137273,False,1,0.08333333333333333,0.006944444444444444,0.5077601510381502,-0.6878238381371617,boring,-0.9465338865700814,0.695580290437677
13,3,scary-1,scary,True,boring,boring-1,0,8,75.0,75.27765555503383,12,-1.3829054573949122,31.0247328,8.5897678,2.291928312678741,7.594911344137273,False,1,0.25,0.0625,0.5077601510381502,-0.6878238381371617,boring,-0.5322689269317109,0.5736864710627587
13,3,scary-1,scary,True,boring,boring-1,0,9,85.0,74.10063320804115,13,-2.5599278043875984,30.485581199999995,8.050616199999997,2.291928312678741,7.594911344137273,False,1,0.4166666666666667,0.17361111111111113,0.5077601510381502,-0.6878238381371617,boring,-0.7838260343747722,0.45852821997056753
13,3,scary-1,scary,True,boring,boring-1,0,10,95.0,74.30081322472971,12,-2.359747787699036,29.96871,7.533745,2.291928312678741,7.594911344137273,False,1,0.5833333333333334,0.34027777777777785,0.5077601510381502,-0.6878238381371617,boring,-0.7410428993775984,0.34812887508886553
13,3,scary-1,scary,True,boring,boring-1,0,11,105.0,79.18444107907251,13,2.5238800666437697,29.691741599999997,7.256776599999995,2.291928312678741,7.594911344137273,False,1,0.75,0.5625,0.5077601510381502,-0.6878238381371617,boring,0.30270219178886,0.28897075230521285
13,3,scary-1,scary,True,boring,boring-1,0,12,115.0,76.72023255977496,13,0.0596715473462126,29.3639184,6.9289533999999975,2.291928312678741,7.594911344137273,False,1,0.9166666666666666,0.8402777777777777,0.5077601510381502,-0.6878238381371617,boring,-0.22395660006404816,0.21895047159113343
13,4,amusing-1,amusing,True,scary,scary-1,0,1,5.0,78.56048637665961,13,3.054934694135497,31.55638919999999,1.2013719999999957,8.760284938036227,5.696999809342231,False,0,-0.9166666666666666,0.8402777777777777,-0.8264925173099315,-0.26884485043939826,scary,0.41620094253679407,-1.00441278470294
13,4,amusing-1,amusing,True,scary,scary-1,0,2,15.0,86.59123210411794,14,11.08568042159382,31.408936799999992,1.0539195999999968,8.760284938036227,5.696999809342231,False,0,-0.75,0.5625,-0.8264925173099315,-0.26884485043939826,scary,2.1325584704730853,-1.0359073782520383
13,4,amusing-1,amusing,True,scary,scary-1,0,3,25.0,73.50475228095341,12,-2.0007994015707027,31.676244,1.3212268000000016,8.760284938036227,5.696999809342231,False,0,-0.5833333333333334,0.34027777777777785,-0.8264925173099315,-0.26884485043939826,scary,-0.664327263547483,-0.9788128066021519
13,4,amusing-1,amusing,True,scary,scary-1,0,4,35.0,68.8849478215026,11,-6.620603861021507,31.396714799999994,1.0416975999999991,8.760284938036227,5.696999809342231,False,0,-0.4166666666666667,0.17361111111111113,-0.8264925173099315,-0.26884485043939826,scary,-1.6516871465108784,-1.0385178947465612
13,4,amusing-1,amusing,True,scary,scary-1,0,5,45.0,78.35481206802133,13,2.8492603854972174,30.9105912,0.5555740000000036,8.760284938036227,5.696999809342231,False,0,-0.25,0.0625,-0.8264925173099315,-0.26884485043939826,scary,0.372243549299027,-1.142349810650435
13,4,amusing-1,amusing,True,scary,scary-1,0,6,55.0,76.20697522752545,13,0.7014235450013331,30.416189999999997,0.0611727999999978,8.760284938036227,5.696999809342231,False,0,-0.08333333333333333,0.006944444444444444,-0.8264925173099315,-0.26884485043939826,scary,-0.08679924137973467,-1.2479497523549221
13,4,amusing-1,amusing,True,scary,scary-1,0,7,65.0,72.21498535558676,12,-3.290566326937352,30.30048,-0.054537199999995,8.760284938036227,5.696999809342231,False,0,0.08333333333333333,0.006944444444444444,-0.8264925173099315,-0.26884485043939826,scary,-0.9399805150341185,-1.2726644360058221
13,4,amusing-1,amusing,True,scary,scary-1,0,8,75.0,75.4910104489724,13,-0.0145412335517107,29.634379199999994,-0.720638000000001,8.760284938036227,5.696999809342231,False,0,0.25,0.0625,-0.8264925173099315,-0.26884485043939826,scary,-0.2398176009581147,-1.4149379694222297
13,4,amusing-1,amusing,True,scary,scary-1,0,9,85.0,73.43574824312451,12,-2.0698034393996068,29.162251200000004,-1.1927659999999918,8.760284938036227,5.696999809342231,False,0,0.4166666666666667,0.17361111111111113,-0.8264925173099315,-0.26884485043939826,scary,-0.6790750346518141,-1.5157805427757218
13,4,amusing-1,amusing,True,scary,scary-1,0,10,95.0,73.63279343032619,12,-1.8727582521979256,28.7543904,-1.600626799999997,8.760284938036227,5.696999809342231,False,0,0.5833333333333334,0.34027777777777785,-0.8264925173099315,-0.26884485043939826,scary,-0.6369618857768765,-1.602896182267587
13,4,amusing-1,amusing,True,scary,scary-1,0,11,105.0,74.25816385502715,12,-1.247387827496965,28.3534248,-2.0015923999999963,8.760284938036227,5.696999809342231,False,0,0.75,0.5625,-0.8264925173099315,-0.26884485043939826,scary,-0.5033056510246998,-1.6885390649820788
13,4,amusing-1,amusing,True,scary,scary-1,0,12,115.0,79.72846030605697,14,4.22290862353286,28.043742,-2.311275199999997,8.760284938036227,5.696999809342231,False,0,0.9166666666666666,0.8402777777777777,-0.8264925173099315,-0.26884485043939826,scary,0.6658241922557162,-1.7546847086958928
13,6,amusing-2,amusing,True,relaxed,relaxed-2,0,1,5.0,89.72715328846601,15,16.760704801714084,29.0889192,4.969325600000001,8.213318161346127,5.107586460433738,False,0,-0.9166666666666666,0.8402777777777777,-1.2408565796612696,0.5691131249561289,relaxed,3.345443443625406,-0.19960955909343897
13,6,amusing-2,amusing,True,relaxed,relaxed-2,0,2,15.0,81.8829815251986,13,8.916533038446673,28.9828608,4.863267199999999,8.213318161346127,5.107586460433738,False,0,-0.75,0.5625,-1.2408565796612696,0.5691131249561289,relaxed,1.6689611201624777,-0.22226274208990265
13,6,amusing-2,amusing,True,relaxed,relaxed-2,0,3,25.0,71.2023947066867,11,-1.7640537800652254,28.5065952,4.387001600000001,8.213318161346127,5.107586460433738,False,0,-0.5833333333333334,0.34027777777777785,-1.2408565796612696,0.5691131249561289,relaxed,-0.6137292065964897,-0.32398907203378574
13,6,amusing-2,amusing,True,relaxed,relaxed-2,0,4,35.0,72.25668526410378,13,-0.7097632226481494,28.053988800000003,3.934395200000005,8.213318161346127,5.107586460433738,False,0,-0.4166666666666667,0.17361111111111113,-1.2408565796612696,0.5691131249561289,relaxed,-0.38840274299450317,-0.4206619956736896
13,6,amusing-2,amusing,True,relaxed,relaxed-2,0,5,45.0,75.69242505977411,12,2.72597657302218,27.6390384,3.5194447999999987,8.213318161346127,5.107586460433738,False,0,-0.25,0.0625,-1.2408565796612696,0.5691131249561289,relaxed,0.34589492529880156,-0.5092919141493197
13,6,amusing-2,amusing,True,relaxed,relaxed-2,0,6,55.0,79.57092677145683,13,6.604478284704896,27.302731199999997,3.183137599999995,8.213318161346127,5.107586460433738,False,0,-0.08333333333333333,0.006944444444444444,-1.2408565796612696,0.5691131249561289,relaxed,1.174821134131376,-0.5811243059695647
13,6,amusing-2,amusing,True,relaxed,relaxed-2,0,7,65.0,78.2568435654064,13,5.29039507865447,27.058099200000004,2.9385056000000063,8.213318161346127,5.107586460433738,False,0,0.08333333333333333,0.006944444444444444,-1.2408565796612696,0.5691131249561289,relaxed,0.8939709267430843,-0.6333756454465937
13,6,amusing-2,amusing,True,relaxed,relaxed-2,0,8,75.0,77.99047921406651,13,5.024030727314582,27.821772,3.702178400000001,8.213318161346127,5.107586460433738,False,0,0.25,0.0625,-1.2408565796612696,0.5691131249561289,relaxed,0.8370426569271282,-0.4702615527597214
13,6,amusing-2,amusing,True,relaxed,relaxed-2,0,9,85.0,75.38671797558825,13,2.420269488836325,27.6461328,3.5265391999999984,8.213318161346127,5.107586460433738,False,0,0.4166666666666667,0.17361111111111113,-1.2408565796612696,0.5691131249561289,relaxed,0.2805581965449812,-0.5077766099258909
13,6,amusing-2,amusing,True,relaxed,relaxed-2,0,10,95.0,77.48358654052561,13,4.517138053773678,27.5118888,3.3922951999999995,8.213318161346127,5.107586460433738,False,0,0.5833333333333334,0.34027777777777785,-1.2408565796612696,0.5691131249561289,relaxed,0.7287078788612518,-0.5364500002295085
13,6,amusing-2,amusing,True,relaxed,relaxed-2,0,11,105.0,84.36130479048917,13,11.394856303737242,27.286963199999995,3.167369599999997,8.213318161346127,5.107586460433738,False,0,0.75,0.5625,-1.2408565796612696,0.5691131249561289,relaxed,2.198636562194856,-0.5844922182658862
13,6,amusing-2,amusing,True,relaxed,relaxed-2,0,12,115.0,72.43209266563223,12,-0.5343558211197035,27.0107856,2.891192,8.213318161346127,5.107586460433738,False,0,0.9166666666666666,0.8402777777777777,-1.2408565796612696,0.5691131249561289,relaxed,-0.35091409321199085,-0.643481432814889
13,8,scary-2,scary,True,boring,boring-2,1,1,5.0,81.38584567853808,13,8.207884336887943,35.30165999999999,14.107683799999991,2.741057593606121,7.0343087223542256,False,1,-0.9166666666666666,0.8402777777777777,0.11365034650622416,1.4070711003516558,boring,1.5175063767475654,1.7522669598039846
13,8,scary-2,scary,True,boring,boring-2,1,2,15.0,71.98228206851591,12,-1.1956792731342176,33.755376,12.5613998,2.741057593606121,7.0343087223542256,False,1,-0.75,0.5625,0.11365034650622416,1.4070711003516558,boring,-0.49225432782867906,1.4219936913358293
13,8,scary-2,scary,True,boring,boring-2,1,3,25.0,69.29401084829506,12,-3.883950493355073,32.8726248,11.6786486,2.741057593606121,7.0343087223542256,False,1,-0.5833333333333334,0.34027777777777785,0.11365034650622416,1.4070711003516558,boring,-1.0668005409137813,1.233445453063825
13,8,scary-2,scary,True,boring,boring-2,1,4,35.0,69.83836700835332,11,-3.339594333296816,32.085482400000004,10.891506200000006,2.741057593606121,7.0343087223542256,False,1,-0.4166666666666667,0.17361111111111113,0.11365034650622416,1.4070711003516558,boring,-0.9504589426485124,1.0653184510397025
13,8,scary-2,scary,True,boring,boring-2,1,5,45.0,72.00277558635689,12,-1.175185755293242,31.951042799999996,10.757066599999996,2.741057593606121,7.0343087223542256,False,1,-0.25,0.0625,0.11365034650622416,1.4070711003516558,boring,-0.4878743854405159,1.0366032822197737
13,8,scary-2,scary,True,boring,boring-2,1,6,55.0,73.13697605515823,13,-0.0409852864919031,31.1268408,9.932864599999998,2.741057593606121,7.0343087223542256,False,1,-0.08333333333333333,0.006944444444444444,0.11365034650622416,1.4070711003516558,boring,-0.24546931138120262,0.8605606610596301
13,8,scary-2,scary,True,boring,boring-2,1,7,65.0,70.67089090406539,11,-2.507070437584744,30.8920608,9.698084599999998,2.741057593606121,7.0343087223542256,False,1,0.08333333333333333,0.006944444444444444,0.11365034650622416,1.4070711003516558,boring,-0.7725291831858749,0.8104136259930097
13,8,scary-2,scary,True,boring,boring-2,1,8,75.0,69.36801601264644,12,-3.809945329003696,30.608394,9.4144178,2.741057593606121,7.0343087223542256,False,1,0.25,0.0625,0.11365034650622416,1.4070711003516558,boring,-1.0509839125144598,0.7498247812582118
13,8,scary-2,scary,True,boring,boring-2,1,9,85.0,72.8197953570025,12,-0.358165984647627,29.9263236,8.732347399999998,2.741057593606121,7.0343087223542256,False,1,0.4166666666666667,0.17361111111111113,0.11365034650622416,1.4070711003516558,boring,-0.31325821884645777,0.604140275479594
13,8,scary-2,scary,True,boring,boring-2,1,10,95.0,73.14480788240077,12,-0.0331534592493625,29.948797199999994,8.754820999999996,2.741057593606121,7.0343087223542256,False,1,0.5833333333333334,0.34027777777777785,0.11365034650622416,1.4070711003516558,boring,-0.24379546736952257,0.6089404475865584
13,8,scary-2,scary,True,boring,boring-2,1,11,105.0,72.8696044541088,12,-0.3083568875413363,29.4208896,8.2269134,2.741057593606121,7.0343087223542256,False,1,0.75,0.5625,0.11365034650622416,1.4070711003516558,boring,-0.30261285393522813,0.4961838204073474
13,8,scary-2,scary,True,boring,boring-2,1,12,115.0,70.81349705554383,12,-2.3644642861062977,29.00638666666666,7.8124104666666625,2.741057593606121,7.0343087223542256,False,1,0.9166666666666666,0.8402777777777777,0.11365034650622416,1.4070711003516558,boring,-0.7420509250107751,0.4076494770515083
14,1,amusing-2,amusing,True,,,0,1,5.0,66.14963258324826,11,3.8593843677005,31.3007148,1.526735799999997,7.79286707588593,5.015599688709018,False,0,-0.9166666666666666,0.8402777777777777,-1.3055242911832863,-1.5257818135326888,none,0.943440208243506,-0.13743223824988585
14,1,amusing-2,amusing,True,,,0,2,15.0,62.79034086512419,11,0.5000926495764304,30.8431776,1.0691985999999964,7.79286707588593,5.015599688709018,False,0,-0.75,0.5625,-1.3055242911832863,-1.5257818135326888,none,0.2887304961027419,-0.19148342952130964
14,1,amusing-2,amusing,True,,,0,3,25.0,61.530607560039904,10,-0.7596406555078588,29.865612,0.091632999999998,7.79286707588593,5.015599688709018,False,0,-0.5833333333333334,0.34027777777777785,-1.3055242911832863,-1.5257818135326888,none,0.04321456633215343,-0.30696821464034263
14,1,amusing-2,amusing,True,,,0,4,35.0,65.79590959299303,11,3.5056613774452643,30.8831904,1.1092113999999995,7.79286707588593,5.015599688709018,False,0,-0.4166666666666667,0.17361111111111113,-1.3055242911832863,-1.5257818135326888,none,0.8745013078562244,-0.18675651440685473
14,1,amusing-2,amusing,True,,,0,5,45.0,62.26541879023316,10,-0.0248294253145999,30.2866776,0.5126985999999967,7.79286707588593,5.015599688709018,False,0,-0.25,0.0625,-1.3055242911832863,-1.5257818135326888,none,0.1864257219463147,-0.2572255985570674
14,1,amusing-2,amusing,True,,,0,6,55.0,61.6250633175203,10,-0.6651848980274622,29.302408799999995,-0.4715702000000057,7.79286707588593,5.015599688709018,False,0,-0.08333333333333333,0.006944444444444444,-1.3055242911832863,-1.5257818135326888,none,0.06162353672802076,-0.3735022667084108
14,1,amusing-2,amusing,True,,,0,7,65.0,61.31264017658777,11,-0.9776080389599926,28.4801856,-1.293793400000002,7.79286707588593,5.015599688709018,False,0,0.08333333333333333,0.006944444444444444,-1.3055242911832863,-1.5257818135326888,none,0.0007337772699540008,-0.4706356658090782
14,1,amusing-2,amusing,True,,,0,8,75.0,62.22071680300756,10,-0.0695314125402077,27.8680968,-1.905882200000004,7.79286707588593,5.015599688709018,False,0,0.25,0.0625,-1.3055242911832863,-1.5257818135326888,none,0.1777135207907267,-0.5429448218818441
14,1,amusing-2,amusing,True,,,0,9,85.0,69.66076838574476,12,7.370520170196997,28.527496799999994,-1.2464822000000062,7.79286707588593,5.015599688709018,False,0,0.4166666666666667,0.17361111111111113,-1.3055242911832863,-1.5257818135326888,none,1.62774359819242,-0.46504655366588993
14,1,amusing-2,amusing,True,,,0,10,95.0,66.37234519674708,11,4.082096981199314,29.0727552,-0.7012238000000046,7.79286707588593,5.015599688709018,False,0,0.5833333333333334,0.34027777777777785,-1.3055242911832863,-1.5257818135326888,none,0.9868458196964321,-0.4006324118851767
14,1,amusing-2,amusing,True,,,0,11,105.0,64.24517059920178,10,1.9549223836540224,29.87980319999999,0.10582419999999,7.79286707588593,5.015599688709018,False,0,0.75,0.5625,-1.3055242911832863,-1.5257818135326888,none,0.5722697765030951,-0.3052917361691482
14,1,amusing-2,amusing,True,,,0,12,115.0,64.90739823764423,11,2.6171500220964674,30.3818928,0.6079137999999951,7.79286707588593,5.015599688709018,False,0,0.9166666666666666,0.8402777777777777,-1.3055242911832863,-1.5257818135326888,none,0.7013347410600964,-0.24597734379844496
14,3,scary-2,scary,True,boring,boring-2,0,1,5.0,64.10332211053992,10,1.279904002227319,46.79282159999999,18.32449679999999,4.604273689227836,9.11053279313632,False,1,-0.9166666666666666,0.8402777777777777,1.573258687433814,-0.6878238381371617,boring,0.44071195798759116,1.8469725112276683
14,3,scary-2,scary,True,boring,boring-2,0,2,15.0,62.05663902673937,11,-0.7667790815732332,44.79035639999999,16.322031599999995,4.604273689227836,9.11053279313632,False,1,-0.75,0.5625,1.573258687433814,-0.6878238381371617,boring,0.04182332160958755,1.6104111353667119
14,3,scary-2,scary,True,boring,boring-2,0,3,25.0,61.916038871707336,10,-0.9073792366052658,45.32280839999999,16.854483599999995,4.604273689227836,9.11053279313632,False,1,-0.5833333333333334,0.34027777777777785,1.573258687433814,-0.6878238381371617,boring,0.014421031260307112,1.6733123921275874
14,3,scary-2,scary,True,boring,boring-2,0,4,35.0,58.25189865270088,10,-4.571519455611721,43.738656000000006,15.270331200000008,4.604273689227836,9.11053279313632,False,1,-0.4166666666666667,0.17361111111111113,1.573258687433814,-0.6878238381371617,boring,-0.6997021796196217,1.4861684301164457
14,3,scary-2,scary,True,boring,boring-2,0,5,45.0,58.69185148300663,9,-4.131566625305972,44.1701772,15.7018524,4.604273689227836,9.11053279313632,False,1,-0.25,0.0625,1.573258687433814,-0.6878238381371617,boring,-0.6139575003674599,1.5371462192860996
14,3,scary-2,scary,True,boring,boring-2,0,6,55.0,58.9771321641618,10,-3.8462859441508,41.6528136,13.184488799999995,4.604273689227836,9.11053279313632,False,1,-0.08333333333333333,0.006944444444444444,1.573258687433814,-0.6878238381371617,boring,-0.5583576750737147,1.2397572825104233
14,3,scary-2,scary,True,boring,boring-2,0,7,65.0,60.055983514040506,10,-2.767434594272096,40.59619199999999,12.12786719999999,4.604273689227836,9.11053279313632,False,1,0.08333333333333333,0.006944444444444444,1.573258687433814,-0.6878238381371617,boring,-0.348094763725188,1.1149332109308487
14,3,scary-2,scary,True,boring,boring-2,0,8,75.0,64.24524802322217,11,1.4218299149095728,40.376784,11.908459200000005,4.604273689227836,9.11053279313632,False,1,0.25,0.0625,1.573258687433814,-0.6878238381371617,boring,0.4683726320922513,1.0890134304747903
14,3,scary-2,scary,True,boring,boring-2,0,9,85.0,63.24010448549535,10,0.4166863771827493,41.853102,13.384777200000002,4.604273689227836,9.11053279313632,False,1,0.4166666666666667,0.17361111111111113,1.573258687433814,-0.6878238381371617,boring,0.2724750169209293,1.2634183675934454
14,3,scary-2,scary,True,boring,boring-2,0,10,95.0,64.37979977452335,11,1.556381666210747,39.4786584,11.010333600000004,4.604273689227836,9.11053279313632,False,1,0.5833333333333334,0.34027777777777785,1.573258687433814,-0.6878238381371617,boring,0.4945961178012033,0.9829132956849584
14,3,scary-2,scary,True,boring,boring-2,0,11,105.0,61.9623545656324,10,-0.8610635426801991,39.2040552,10.7357304,4.604273689227836,9.11053279313632,False,1,0.75,0.5625,1.573258687433814,-0.6878238381371617,boring,0.02344773604860504,0.950473026157267
14,3,scary-2,scary,True,boring,boring-2,0,12,115.0,62.56783204143188,11,-0.2555860668807241,38.80545359999999,10.337128799999997,4.604273689227836,9.11053279313632,False,1,0.9166666666666666,0.8402777777777777,1.573258687433814,-0.6878238381371617,boring,0.14145236831964797,0.9033841963906476
14,5,scary-1,scary,True,relaxed,relaxed-2,0,1,5.0,64.99554482703219,10,-5.715588796330991,42.5403,8.762190599999997,4.961349475691135,7.014845757864632,False,1,-0.9166666666666666,0.8402777777777777,0.0999676685583245,0.1501341372583653,relaxed,-0.9226757620239713,0.7173287545842288
14,5,scary-1,scary,True,relaxed,relaxed-2,0,2,15.0,58.90478153556903,10,-11.806352087794153,43.101924,9.323814600000006,4.961349475691135,7.014845757864632,False,1,-0.75,0.5625,0.0999676685583245,0.1501341372583653,relaxed,-2.109736075886271,0.78367624774243
14,5,scary-1,scary,True,relaxed,relaxed-2,0,3,25.0,64.12455985094803,11,-6.58657377241515,41.5560216,7.777912199999996,4.961349475691135,7.014845757864632,False,1,-0.5833333333333334,0.34027777777777785,0.0999676685583245,0.1501341372583653,relaxed,-1.092426522249532,0.601050952336169
14,5,scary-1,scary,True,relaxed,relaxed-2,0,4,35.0,68.8695317130319,11,-1.8416019103312775,41.397528,7.619418600000003,4.961349475691135,7.014845757864632,False,1,-0.4166666666666667,0.17361111111111113,0.0999676685583245,0.1501341372583653,relaxed,-0.1676544504522764,0.582327299070607
14,5,scary-1,scary,True,relaxed,relaxed-2,0,5,45.0,64.93767786154034,11,-5.773455761822845,40.170388800000005,6.392279400000007,4.961349475691135,7.014845757864632,False,1,-0.25,0.0625,0.0999676685583245,0.1501341372583653,relaxed,-0.9339537537849215,0.43735911808802963
14,5,scary-1,scary,True,relaxed,relaxed-2,0,6,55.0,64.31266039674864,11,-6.398473226614541,39.38955359999999,5.611444199999994,4.961349475691135,7.014845757864632,False,1,-0.08333333333333333,0.006944444444444444,0.0999676685583245,0.1501341372583653,relaxed,-1.055766635425708,0.3451150934564563
14,5,scary-1,scary,True,relaxed,relaxed-2,0,7,65.0,60.694491670727885,10,-10.016641952635297,38.7778608,4.999751400000001,4.961349475691135,7.014845757864632,False,1,0.08333333333333333,0.006944444444444444,0.0999676685583245,0.1501341372583653,relaxed,-1.7609302246160516,0.27285271887324786
14,5,scary-1,scary,True,relaxed,relaxed-2,0,8,75.0,60.409794411209816,10,-10.301339212153366,38.6895432,4.9114337999999975,4.961349475691135,7.014845757864632,False,1,0.25,0.0625,0.0999676685583245,0.1501341372583653,relaxed,-1.8164163438538377,0.2624193126054443
14,5,scary-1,scary,True,relaxed,relaxed-2,0,9,85.0,59.38724342299648,10,-11.323890200366698,38.6166048,4.838495399999999,4.961349475691135,7.014845757864632,False,1,0.4166666666666667,0.17361111111111113,0.0999676685583245,0.1501341372583653,relaxed,-2.015706586951945,0.25380272927750613
14,5,scary-1,scary,True,relaxed,relaxed-2,0,10,95.0,60.69478865447898,10,-10.016344968884203,37.79693640000001,4.018827000000009,4.961349475691135,7.014845757864632,False,1,0.5833333333333334,0.34027777777777785,0.0999676685583245,0.1501341372583653,relaxed,-1.7608723439190166,0.15697114166552326
14,5,scary-1,scary,True,relaxed,relaxed-2,0,11,105.0,62.971321758903535,10,-7.7398118644596465,37.265274,3.4871646,4.961349475691135,7.014845757864632,False,1,0.75,0.5625,0.0999676685583245,0.1501341372583653,relaxed,-1.3171870499520357,0.09416316435958032
14,5,scary-1,scary,True,relaxed,relaxed-2,0,12,115.0,62.192618863928416,11,-8.518514759434765,36.7440612,2.965951799999999,4.961349475691135,7.014845757864632,False,1,0.9166666666666666,0.8402777777777777,0.0999676685583245,0.1501341372583653,relaxed,-1.4689524787957804,0.032589651329570174
14,6,amusing-1,amusing,True,scary,scary-1,0,1,5.0,69.51766263783833,11,8.440692036422277,29.0453544,-8.936359000000003,6.778307054337463,5.682973879885605,False,0,-0.9166666666666666,0.8402777777777777,-0.836352899872803,0.5691131249561289,scary,1.8363149201461928,-1.3734907233869174
14,6,amusing-1,amusing,True,scary,scary-1,0,2,15.0,70.99051907804792,12,9.913548476631874,31.017048,-6.964665400000008,6.778307054337463,5.682973879885605,False,0,-0.75,0.5625,-0.836352899872803,0.5691131249561289,scary,2.1233675184042524,-1.1405645527886759
14,6,amusing-1,amusing,True,scary,scary-1,0,3,25.0,66.12009239717094,11,5.043121795754885,31.126651200000005,-6.855062199999999,6.778307054337463,5.682973879885605,False,0,-0.5833333333333334,0.34027777777777785,-0.836352899872803,0.5691131249561289,scary,1.1741449090560099,-1.127616570576168
14,6,amusing-1,amusing,True,scary,scary-1,0,4,35.0,62.04285312927552,10,0.9658825278594704,30.6251484,-7.356565000000003,6.778307054337463,5.682973879885605,False,0,-0.4166666666666667,0.17361111111111113,-0.836352899872803,0.5691131249561289,scary,0.37951069107165875,-1.1868616412850739
14,6,amusing-1,amusing,True,scary,scary-1,0,5,45.0,62.77670609154054,11,1.699735490124489,30.06332999999999,-7.918383400000014,6.778307054337463,5.682973879885605,False,0,-0.25,0.0625,-0.836352899872803,0.5691131249561289,scary,0.5225350849002725,-1.253232099901785
14,6,amusing-1,amusing,True,scary,scary-1,0,6,55.0,65.33481364986906,11,4.257843048453012,29.4451344,-8.536579000000003,6.778307054337463,5.682973879885605,False,0,-0.08333333333333333,0.006944444444444444,-0.836352899872803,0.5691131249561289,scary,1.0210978783910531,-1.3262626832483455
14,6,amusing-1,amusing,True,scary,scary-1,0,7,65.0,67.14438740718384,11,6.067416805767792,28.961772,-9.019941400000008,6.778307054337463,5.682973879885605,False,0,0.08333333333333333,0.006944444444444444,-0.836352899872803,0.5691131249561289,scary,1.3737750535697062,-1.3833647364492976
14,6,amusing-1,amusing,True,scary,scary-1,0,8,75.0,61.36816128940748,10,0.2911906879914241,28.4019264,-9.579787000000008,6.778307054337463,5.682973879885605,False,0,0.25,0.0625,-0.836352899872803,0.5691131249561289,scary,0.24801651392695837,-1.4495021381907627
14,6,amusing-1,amusing,True,scary,scary-1,0,9,85.0,60.60532451201111,10,-0.4716460894049419,27.857652,-10.124061400000002,6.778307054337463,5.682973879885605,False,0,0.4166666666666667,0.17361111111111113,-0.836352899872803,0.5691131249561289,scary,0.0993433146793314,-1.5138000350580316
14,6,amusing-1,amusing,True,scary,scary-1,0,10,95.0,60.81500054725088,10,-0.2619700541651752,27.9954432,-9.986270200000003,6.778307054337463,5.682973879885605,False,0,0.5833333333333334,0.34027777777777785,-0.836352899872803,0.5691131249561289,scary,0.14020816006742529,-1.497522061361644
14,6,amusing-1,amusing,True,scary,scary-1,0,11,105.0,62.44358421571149,11,1.3666136142954386,27.781562399999995,-10.200151000000009,6.778307054337463,5.682973879885605,False,0,0.75,0.5625,-0.836352899872803,0.5691131249561289,scary,0.45761124209878407,-1.5227888856331686
14,6,amusing-1,amusing,True,scary,scary-1,0,12,115.0,64.7370047147817,10,3.660034113365654,27.308647200000003,-10.6730662,6.778307054337463,5.682973879885605,False,0,0.9166666666666666,0.8402777777777777,-0.836352899872803,0.5691131249561289,scary,0.904587807623878,-1.5786567580823663
15,3,amusing-1,amusing,True,relaxed,relaxed-1,0,1,5.0,77.53458801326342,13,7.587345952709953,13.0176384,-2.7847865999999986,6.527911147731028,5.425585793600989,False,0,-0.9166666666666666,0.8402777777777777,-1.0172995534076008,-0.6878238381371617,relaxed,1.287522251333506,-1.0500661089803285
15,3,amusing-1,amusing,True,relaxed,relaxed-1,0,2,15.0,79.235957384911,13,9.28871532435754,16.317553199999992,0.5151281999999942,6.527911147731028,5.425585793600989,False,0,-0.75,0.5625,-1.0172995534076008,-0.6878238381371617,relaxed,1.613592347872449,-0.7565701699152261
15,3,amusing-1,amusing,True,relaxed,relaxed-1,0,3,25.0,72.17594442483345,12,2.2287023642799824,16.9105128,1.1080878000000016,6.527911147731028,5.425585793600989,False,0,-0.5833333333333334,0.34027777777777785,-1.0172995534076008,-0.6878238381371617,relaxed,0.2605298407994612,-0.7038320705468211
15,3,amusing-1,amusing,True,relaxed,relaxed-1,0,4,35.0,72.34710653238146,12,2.399864471827996,17.1937848,1.3913598000000018,6.527911147731028,5.425585793600989,False,0,-0.4166666666666667,0.17361111111111113,-1.0172995534076008,-0.6878238381371617,relaxed,0.29333332595797385,-0.6786377286653732
15,3,amusing-1,amusing,True,relaxed,relaxed-1,0,5,45.0,78.6196114747908,13,8.672369414237338,22.554692399999997,6.752267399999996,6.527911147731028,5.425585793600989,False,0,-0.25,0.0625,-1.0172995534076008,-0.6878238381371617,relaxed,1.4954686918554971,-0.2018361426658661
15,3,amusing-1,amusing,True,relaxed,relaxed-1,0,6,55.0,73.37039910609309,12,3.423157045539625,23.420673599999997,7.618248599999996,6.527911147731028,5.425585793600989,False,0,-0.08333333333333333,0.006944444444444444,-1.0172995534076008,-0.6878238381371617,relaxed,0.48944894544547934,-0.12481537670344643
15,3,amusing-1,amusing,True,relaxed,relaxed-1,0,7,65.0,72.84221951073955,12,2.89497745018609,22.4748504,6.6724254,6.527911147731028,5.425585793600989,False,0,0.08333333333333333,0.006944444444444444,-1.0172995534076008,-0.6878238381371617,relaxed,0.3882225013135695,-0.2089373268439651
15,3,amusing-1,amusing,True,relaxed,relaxed-1,0,8,75.0,70.83662869592484,12,0.8893866353713804,22.229423999999995,6.426998999999997,6.527911147731028,5.425585793600989,False,0,0.25,0.0625,-1.0172995534076008,-0.6878238381371617,relaxed,0.003847890190201728,-0.23076566366628806
15,3,amusing-1,amusing,True,relaxed,relaxed-1,0,9,85.0,65.8261394206769,11,-4.121102639876568,21.9879432,6.185518199999999,6.527911147731028,5.425585793600989,False,0,0.4166666666666667,0.17361111111111113,-1.0172995534076008,-0.6878238381371617,relaxed,-0.9564202026257117,-0.25224307701107856
15,3,amusing-1,amusing,True,relaxed,relaxed-1,0,10,95.0,69.43492271793104,11,-0.5123193426224191,21.7145268,5.9121018,6.527911147731028,5.425585793600989,False,0,0.5833333333333334,0.34027777777777785,-1.0172995534076008,-0.6878238381371617,relaxed,-0.2647912490703372,-0.27656085729855734
15,3,amusing-1,amusing,True,relaxed,relaxed-1,0,11,105.0,69.03506868399897,12,-0.9121733765544916,21.395180399999997,5.592755399999996,6.527911147731028,5.425585793600989,False,0,0.75,0.5625,-1.0172995534076008,-0.6878238381371617,relaxed,-0.3414238989924748,-0.3049636728970271
15,3,amusing-1,amusing,True,relaxed,relaxed-1,0,12,115.0,69.18195626527391,11,-0.7652857952795529,21.0580896,5.255664600000001,6.527911147731028,5.425585793600989,False,0,0.9166666666666666,0.8402777777777777,-1.0172995534076008,-0.6878238381371617,relaxed,-0.31327266469565096,-0.33494468358742596
15,4,scary-1,scary,True,amusing,amusing-1,0,1,5.0,70.479019399613,12,0.892929470183148,47.0619012,25.25189880000001,5.414618875119161,6.9542211630123925,False,1,-0.9166666666666666,0.8402777777777777,0.05734791207011869,-0.26884485043939826,amusing,0.0045268800135437985,1.443529577110072
15,4,scary-1,scary,True,amusing,amusing-1,0,2,15.0,67.02395217528537,11,-2.562137754144473,46.558824,24.74882160000001,5.414618875119161,6.9542211630123925,False,1,-0.75,0.5625,0.05734791207011869,-0.26884485043939826,amusing,-0.6576421481581954,1.3987856597106767
15,4,scary-1,scary,True,amusing,amusing-1,0,3,25.0,69.35712809908193,12,-0.228961830347913,45.13375919999999,23.3237568,5.414618875119161,6.9542211630123925,False,1,-0.5833333333333334,0.34027777777777785,0.05734791207011869,-0.26884485043939826,amusing,-0.21048533941774414,1.272039741390414
15,4,scary-1,scary,True,amusing,amusing-1,0,4,35.0,65.51093224853855,10,-4.075157680891294,48.3091548,26.499152400000003,5.414618875119161,6.9542211630123925,False,1,-0.4166666666666667,0.17361111111111113,0.05734791207011869,-0.26884485043939826,amusing,-0.9476147794992225,1.5544608855742568
15,4,scary-1,scary,True,amusing,amusing-1,0,5,45.0,70.44676588949123,12,0.8606759600613856,46.77429119999999,24.9642888,5.414618875119161,6.9542211630123925,False,1,-0.25,0.0625,0.05734791207011869,-0.26884485043939826,amusing,-0.0016545555608714225,1.4179494115147309
15,4,scary-1,scary,True,amusing,amusing-1,0,6,55.0,75.19407649498808,13,5.607986565558235,48.4158048,26.60580240000001,5.414618875119161,6.9542211630123925,False,1,-0.08333333333333333,0.006944444444444444,0.05734791207011869,-0.26884485043939826,amusing,0.9081749342786469,1.5639463855942257
15,4,scary-1,scary,True,amusing,amusing-1,0,7,65.0,77.91348738262232,13,8.327397453192475,49.61397839999999,27.803976,5.414618875119161,6.9542211630123925,False,1,0.08333333333333333,0.006944444444444444,0.05734791207011869,-0.26884485043939826,amusing,1.4293542768932732,1.6705124962995725
15,4,scary-1,scary,True,amusing,amusing-1,0,8,75.0,74.74249082978724,12,5.156400900357397,47.164216800000005,25.35421440000001,5.414618875119161,6.9542211630123925,False,1,0.25,0.0625,0.05734791207011869,-0.26884485043939826,amusing,0.8216278364517674,1.452629573601803
15,4,scary-1,scary,True,amusing,amusing-1,0,9,85.0,68.69987278360242,11,-0.8862171458274304,46.1280888,24.31808640000001,5.414618875119161,6.9542211630123925,False,1,0.4166666666666667,0.17361111111111113,0.05734791207011869,-0.26884485043939826,amusing,-0.33644934684642086,1.3604758730421254
15,4,scary-1,scary,True,amusing,amusing-1,0,10,95.0,64.4636489788341,11,-5.122440950595745,44.83254,23.022537600000003,5.414618875119161,6.9542211630123925,False,1,0.5833333333333334,0.34027777777777785,0.05734791207011869,-0.26884485043939826,amusing,-1.148328253332043,1.2452491672918227
15,4,scary-1,scary,True,amusing,amusing-1,0,11,105.0,64.18563999397507,11,-5.400449935454773,44.150856,22.34085360000001,5.414618875119161,6.9542211630123925,False,1,0.75,0.5625,0.05734791207011869,-0.26884485043939826,amusing,-1.2016091093544434,1.1846198790066664
15,4,scary-1,scary,True,amusing,amusing-1,0,12,115.0,64.2795772418933,10,-5.306512687536539,43.07609999999999,21.2660976,5.414618875119161,6.9542211630123925,False,1,0.9166666666666666,0.8402777777777777,0.05734791207011869,-0.26884485043939826,amusing,-1.1836058891203567,1.0890305863722454
15,5,amusing-2,amusing,True,scary,scary-1,0,1,5.0,71.40580880809821,11,1.9437238423482623,39.6665232,-6.161106799999999,7.599638131553861,5.244362440419446,False,0,-0.9166666666666666,0.8402777777777777,-1.1447015624667705,0.1501341372583653,scary,0.20591326211507138,-1.3503575794399527
15,5,amusing-2,amusing,True,scary,scary-1,0,2,15.0,69.39383952220147,12,-0.0682454435484771,39.8155536,-6.012076400000005,7.599638131553861,5.244362440419446,False,0,-0.75,0.5625,-1.1447015624667705,0.1501341372583653,scary,-0.1796837929503042,-1.3371027471645114
15,5,amusing-2,amusing,True,scary,scary-1,0,3,25.0,64.39606139806169,10,-5.066023567688262,39.194196,-6.633434000000001,7.599638131553861,5.244362440419446,False,0,-0.5833333333333334,0.34027777777777785,-1.1447015624667705,0.1501341372583653,scary,-1.137515773809561,-1.3923665777056022
15,5,amusing-2,amusing,True,scary,scary-1,0,4,35.0,71.85702408153278,12,2.394939115782833,40.2403728,-5.587257199999996,7.599638131553861,5.244362440419446,False,0,-0.4166666666666667,0.17361111111111113,-1.1447015624667705,0.1501341372583653,scary,0.29238937378162805,-1.2993191322551543
15,5,amusing-2,amusing,True,scary,scary-1,0,5,45.0,75.3900488853649,13,5.927963919614953,39.84630479999999,-5.981325200000008,7.599638131553861,5.244362440419446,False,0,-0.25,0.0625,-1.1447015624667705,0.1501341372583653,scary,0.9694990937858282,-1.334367721302214
15,5,amusing-2,amusing,True,scary,scary-1,0,6,55.0,72.25435127451534,12,2.792266308765392,38.9044152,-6.923214799999997,7.599638131553861,5.244362440419446,False,0,-0.08333333333333333,0.006944444444444444,-1.1447015624667705,0.1501341372583653,scary,0.36853775069046424,-1.4181398152507156
15,5,amusing-2,amusing,True,scary,scary-1,0,7,65.0,73.41746510360623,12,3.955380137856281,38.5073952,-7.3202348000000015,7.599638131553861,5.244362440419446,False,0,0.08333333333333333,0.006944444444444444,-1.1447015624667705,0.1501341372583653,scary,0.5914503320837556,-1.4534509565346143
15,5,amusing-2,amusing,True,scary,scary-1,0,8,75.0,75.02625911612772,13,5.564174150377767,39.293947200000005,-6.533682799999994,7.599638131553861,5.244362440419446,False,0,0.25,0.0625,-1.1447015624667705,0.1501341372583653,scary,0.899778216502033,-1.3834946601285567
15,5,amusing-2,amusing,True,scary,scary-1,0,9,85.0,79.86241576233326,13,10.400330796583305,45.12054719999999,-0.7070828000000091,7.599638131553861,5.244362440419446,False,0,0.4166666666666667,0.17361111111111113,-1.1447015624667705,0.1501341372583653,scary,1.8266351887646834,-0.8652741780249807
15,5,amusing-2,amusing,True,scary,scary-1,0,10,95.0,79.24362676280329,13,9.781541797053336,43.6225512,-2.2050788000000026,7.599638131553861,5.244362440419446,False,0,0.5833333333333334,0.34027777777777785,-1.1447015624667705,0.1501341372583653,scary,1.70804331084779,-0.9985066307949026
15,5,amusing-2,amusing,True,scary,scary-1,0,11,105.0,77.60636753468236,13,8.144282568932411,41.3224224,-4.505207599999999,7.599638131553861,5.244362440419446,False,0,0.75,0.5625,-1.1447015624667705,0.1501341372583653,scary,1.39426002341522,-1.2030811434843478
15,5,amusing-2,amusing,True,scary,scary-1,0,12,115.0,70.24796836291723,12,0.7858833971672823,39.92318639999999,-5.904443600000008,7.599638131553861,5.244362440419446,False,0,0.9166666666666666,0.8402777777777777,-1.1447015624667705,0.1501341372583653,scary,-0.01598866701819626,-1.3275298364608152
15,7,scary-2,scary,True,boring,boring-2,0,1,5.0,75.69125091948438,12,1.3308845186911356,41.990304,12.7023164,2.8900636796949475,8.935017063870353,False,1,-0.9166666666666666,0.8402777777777777,1.4498692007181087,0.9880921126538924,boring,0.08846164886883777,0.3273639502390716
15,7,scary-2,scary,True,boring,boring-2,0,2,15.0,70.63764725872569,12,-3.7227191420675463,42.021252,12.733264400000005,2.8900636796949475,8.935017063870353,False,1,-0.75,0.5625,1.4498692007181087,0.9880921126538924,boring,-0.880069383247604,0.3301164795838256
15,7,scary-2,scary,True,boring,boring-2,0,3,25.0,72.85720402758248,12,-1.5031623732107562,40.851672,11.563684400000009,2.8900636796949475,8.935017063870353,False,1,-0.5833333333333334,0.34027777777777785,1.4498692007181087,0.9880921126538924,boring,-0.45468786295260477,0.22609349680506957
15,7,scary-2,scary,True,boring,boring-2,0,4,35.0,71.86036208304331,12,-2.5000043177499265,39.8007696,10.512782,2.8900636796949475,8.935017063870353,False,1,-0.4166666666666667,0.17361111111111113,1.4498692007181087,0.9880921126538924,boring,-0.6457341780600582,0.1326257543185747
15,7,scary-2,scary,True,boring,boring-2,0,5,45.0,80.682865625148,13,6.3224992243547575,39.6397152,10.351727600000004,2.8900636796949475,8.935017063870353,False,1,-0.25,0.0625,1.4498692007181087,0.9880921126538924,boring,1.045112400953777,0.11830150195649389
15,7,scary-2,scary,True,boring,boring-2,0,6,55.0,82.23422723800319,14,7.873860837209946,43.1628384,13.874850800000004,2.8900636796949475,8.935017063870353,False,1,-0.08333333333333333,0.006944444444444444,1.4498692007181087,0.9880921126538924,boring,1.3424332763029319,0.43164969871177106
15,7,scary-2,scary,True,boring,boring-2,0,7,65.0,72.21786872235036,12,-2.1424976784428797,43.97167199999999,14.683684399999995,2.8900636796949475,8.935017063870353,False,1,0.08333333333333333,0.006944444444444444,1.4498692007181087,0.9880921126538924,boring,-0.5772174724376485,0.5035877308632088
15,7,scary-2,scary,True,boring,boring-2,0,8,75.0,64.42086328492681,10,-9.93950311586643,43.42541279999999,14.137425199999996,2.8900636796949475,8.935017063870353,False,1,0.25,0.0625,1.4498692007181087,0.9880921126538924,boring,-2.0715257385100285,0.4550031865358971
15,7,scary-2,scary,True,boring,boring-2,0,9,85.0,66.47661530649474,11,-7.883751094298503,44.1382464,14.850258800000006,2.8900636796949475,8.935017063870353,False,1,0.4166666666666667,0.17361111111111113,1.4498692007181087,0.9880921126538924,boring,-1.6775376537923337,0.5184029345624708
15,7,scary-2,scary,True,boring,boring-2,0,10,95.0,68.33947895719325,12,-6.020887443599989,42.2053704,12.917382800000006,2.8900636796949475,8.935017063870353,False,1,0.5833333333333334,0.34027777777777785,1.4498692007181087,0.9880921126538924,boring,-1.3205169265213768,0.3464920547069059
15,7,scary-2,scary,True,boring,boring-2,0,11,105.0,67.77162347129186,11,-6.588742929501379,41.19507839999999,11.9070908,2.8900636796949475,8.935017063870353,False,1,0.75,0.5625,1.4498692007181087,0.9880921126538924,boring,-1.4293473170254254,0.25663621986233276
15,7,scary-2,scary,True,boring,boring-2,0,12,115.0,65.96786002670068,11,-8.392506374092562,40.419564,11.1315764,2.8900636796949475,8.935017063870353,False,1,0.9166666666666666,0.8402777777777777,1.4498692007181087,0.9880921126538924,boring,-1.7750413975187767,0.18766161267353199
16,1,amusing-2,amusing,True,,,0,1,5.0,58.60572678292241,10,1.775642888382713,18.3757656,-3.684489799999998,8.901127904626554,5.275921356057363,False,0,-0.9166666666666666,0.8402777777777777,-1.1225152979185606,-1.5257818135326888,none,2.1528146492274205,-1.137604021288737
16,1,amusing-2,amusing,True,,,0,2,15.0,54.72385262399779,9,-2.1062312705419046,18.2492112,-3.811044200000001,8.901127904626554,5.275921356057363,False,0,-0.75,0.5625,-1.1225152979185606,-1.5257818135326888,none,-0.3283416813539421,-1.1551740475555525
16,1,amusing-2,amusing,True,,,0,3,25.0,56.811798474254246,9,-0.0182854202854514,18.0879576,-3.9722978,8.901127904626554,5.275921356057363,False,0,-0.5833333333333334,0.34027777777777785,-1.1225152979185606,-1.5257818135326888,none,1.006199278034094,-1.1775614950691795
16,1,amusing-2,amusing,True,,,0,4,35.0,53.64642879691392,9,-3.183655097625781,17.905415999999995,-4.154839400000004,8.901127904626554,5.275921356057363,False,0,-0.4166666666666667,0.17361111111111113,-1.1225152979185606,-1.5257818135326888,none,-1.016992791576671,-1.202904436182144
16,1,amusing-2,amusing,True,,,0,5,45.0,55.0938783275784,9,-1.7362055669612957,17.697645599999998,-4.362609800000001,8.901127904626554,5.275921356057363,False,0,-0.25,0.0625,-1.1225152979185606,-1.5257818135326888,none,-0.09183437088224289,-1.2317499870714588
16,1,amusing-2,amusing,True,,,0,6,55.0,54.53726032558916,9,-2.2928235689505385,17.466412799999993,-4.593842600000006,8.901127904626554,5.275921356057363,False,0,-0.08333333333333333,0.006944444444444444,-1.1225152979185606,-1.5257818135326888,none,-0.4476048628689663,-1.2638529117406074
16,1,amusing-2,amusing,True,,,0,7,65.0,55.63545836465385,9,-1.1946255298858477,17.2284792,-4.8317762,8.901127904626554,5.275921356057363,False,0,0.08333333333333333,0.006944444444444444,-1.1225152979185606,-1.5257818135326888,none,0.25432438710245436,-1.2968861338313276
16,1,amusing-2,amusing,True,,,0,8,75.0,54.48429946916523,10,-2.345784425374468,17.0021808,-5.058074599999998,8.901127904626554,5.275921356057363,False,0,0.25,0.0625,-1.1225152979185606,-1.5257818135326888,none,-0.4814555645685923,-1.3283039970754207
16,1,amusing-2,amusing,True,,,0,9,85.0,55.55788341088137,9,-1.272200483658331,16.7431512,-5.317104199999999,8.901127904626554,5.275921356057363,False,0,0.4166666666666667,0.17361111111111113,-1.1225152979185606,-1.5257818135326888,none,0.20474122707016876,-1.3642660566789009
16,1,amusing-2,amusing,True,,,0,10,95.0,54.64793516838128,9,-2.1821487261584167,16.479789599999997,-5.5804658000000025,8.901127904626554,5.275921356057363,False,0,0.5833333333333334,0.34027777777777785,-1.1225152979185606,-1.5257818135326888,none,-0.3768654273315088,-1.4008295442357979
16,1,amusing-2,amusing,True,,,0,11,105.0,56.86663181054984,9,0.0365479160101429,16.231408800000004,-5.828846599999995,8.901127904626554,5.275921356057363,False,0,0.75,0.5625,-1.1225152979185606,-1.5257818135326888,none,1.0412468024789359,-1.435313190637444
16,1,amusing-2,amusing,True,,,0,12,115.0,56.41073984610193,10,-0.4193440484377646,16.0062888,-6.053966599999999,8.901127904626554,5.275921356057363,False,0,0.9166666666666666,0.8402777777777777,-1.1225152979185606,-1.5257818135326888,none,0.749856822448142,-1.4665674521501653
16,4,scary-2,scary,True,boring,boring-2,0,1,5.0,55.53838228670867,9,-1.747612384993772,17.747912399999997,7.010449599999999,0.5295081029551955,9.206097235462344,False,1,-0.9166666666666666,0.8402777777777777,1.6404415407096722,-0.26884485043939826,boring,-0.09912520454000073,0.34721488804983974
16,4,scary-2,scary,True,boring,boring-2,0,2,15.0,55.35314400289917,10,-1.932850668803269,18.5358336,7.798370799999999,0.5295081029551955,9.206097235462344,False,1,-0.75,0.5625,1.6404415407096722,-0.26884485043939826,boring,-0.2175229479298286,0.45660496994490335
16,4,scary-2,scary,True,boring,boring-2,0,3,25.0,55.8520971711888,9,-1.4338975005136376,19.2723024,8.5348396,0.5295081029551955,9.206097235462344,False,1,-0.5833333333333334,0.34027777777777785,1.6404415407096722,-0.26884485043939826,boring,0.10139022686211273,0.5588517204386828
16,4,scary-2,scary,True,boring,boring-2,0,4,35.0,52.68396989592264,8,-4.602024775779796,19.8471288,9.109666000000002,0.5295081029551955,9.206097235462344,False,1,-0.4166666666666667,0.17361111111111113,1.6404415407096722,-0.26884485043939826,boring,-1.9235644015722393,0.6386570448435154
16,4,scary-2,scary,True,boring,boring-2,0,5,45.0,53.71504588009304,9,-3.5709487916093963,19.947662399999995,9.210199599999996,0.5295081029551955,9.206097235462344,False,1,-0.25,0.0625,1.6404415407096722,-0.26884485043939826,boring,-1.2645371892775723,0.6526145049768445
16,4,scary-2,scary,True,boring,boring-2,0,6,55.0,53.16393297272502,9,-4.122061698977419,20.115225599999995,9.377762799999998,0.5295081029551955,9.206097235462344,False,1,-0.08333333333333333,0.006944444444444444,1.6404415407096722,-0.26884485043939826,boring,-1.6167890199654773,0.6758779381356415
16,4,scary-2,scary,True,boring,boring-2,0,7,65.0,52.533151293705146,9,-4.752843377997294,20.2954008,9.557938000000002,0.5295081029551955,9.206097235462344,False,1,0.08333333333333333,0.006944444444444444,1.6404415407096722,-0.26884485043939826,boring,-2.0199623048378728,0.7008923429815321
16,4,scary-2,scary,True,boring,boring-2,0,8,75.0,53.81601759708113,9,-3.469977074621312,20.3419248,9.604462,0.5295081029551955,9.206097235462344,False,1,0.25,0.0625,1.6404415407096722,-0.26884485043939826,boring,-1.1999996477298427,0.7073514459604667
16,4,scary-2,scary,True,boring,boring-2,0,9,85.0,57.06315912237082,9,-0.2228355493316201,20.5083,9.7708372,0.5295081029551955,9.206097235462344,False,1,0.4166666666666667,0.17361111111111113,1.6404415407096722,-0.26884485043939826,boring,0.8754580878702344,0.7304499445835622
16,4,scary-2,scary,True,boring,boring-2,0,10,95.0,55.53997537747759,9,-1.7460192942248511,20.5733496,9.8358868,0.5295081029551955,9.206097235462344,False,1,0.5833333333333334,0.34027777777777785,1.6404415407096722,-0.26884485043939826,boring,-0.0981069574035213,0.7394810267161931
16,4,scary-2,scary,True,boring,boring-2,0,11,105.0,53.935691939126045,9,-3.350302732576395,20.537078399999995,9.799615599999996,0.5295081029551955,9.206097235462344,False,1,0.75,0.5625,1.6404415407096722,-0.26884485043939826,boring,-1.1235080513471403,0.7344453587605234
16,4,scary-2,scary,True,boring,boring-2,0,12,115.0,54.17692842265728,9,-3.1090662490451635,20.3902212,9.652758399999998,0.5295081029551955,9.206097235462344,False,1,0.9166666666666666,0.8402777777777777,1.6404415407096722,-0.26884485043939826,boring,-0.9693182441107009,0.7140566179386246
16,6,amusing-1,amusing,True,boring,boring-1,0,1,5.0,57.819550441146994,9,1.094336093258768,16.116285599999998,1.3813397999999992,9.339883759236477,5.88468362428006,False,0,-0.9166666666666666,0.8402777777777777,-0.6945487326310588,0.5691131249561289,boring,1.7173475015087092,-0.43429572750195067
16,6,amusing-1,amusing,True,boring,boring-1,0,2,15.0,55.396494240815855,10,-1.328720107072371,16.117466399999994,1.382520599999996,9.339883759236477,5.88468362428006,False,0,-0.75,0.5625,-0.6945487326310588,0.5691131249561289,boring,0.16861588768650648,-0.43413179256949636
16,6,amusing-1,amusing,True,boring,boring-1,0,3,25.0,54.51966204972603,9,-2.205552298162196,16.11333,1.3783842000000028,9.339883759236477,5.88468362428006,False,0,-0.5833333333333334,0.34027777777777785,-0.6945487326310588,0.5691131249561289,boring,-0.39182416078295057,-0.43470606463471045
16,6,amusing-1,amusing,True,boring,boring-1,0,4,35.0,54.96470632805187,9,-1.760508019836358,15.9573984,1.2224526000000004,9.339883759236477,5.88468362428006,False,0,-0.4166666666666667,0.17361111111111113,-0.6945487326310588,0.5691131249561289,boring,-0.10736763711679813,-0.45635463874850324
16,6,amusing-1,amusing,True,boring,boring-1,0,5,45.0,55.002128448806,9,-1.7230858990822284,15.685953599999996,0.9510077999999976,9.339883759236477,5.88468362428006,False,0,-0.25,0.0625,-0.6945487326310588,0.5691131249561289,boring,-0.08344874433161549,-0.4940403475503346
16,6,amusing-1,amusing,True,boring,boring-1,0,6,55.0,57.00211871686665,9,0.2769043689784212,15.325406399999997,0.5904605999999966,9.339883759236477,5.88468362428006,False,0,-0.08333333333333333,0.006944444444444444,-0.6945487326310588,0.5691131249561289,boring,1.194874125381009,-0.5440964797308572
16,6,amusing-1,amusing,True,boring,boring-1,0,7,65.0,53.769703577290926,9,-2.9555107705973,14.875166399999998,0.1402205999999992,9.339883759236477,5.88468362428006,False,0,0.08333333333333333,0.006944444444444444,-0.6945487326310588,0.5691131249561289,boring,-0.8711710265945328,-0.6066050027562983
16,6,amusing-1,amusing,True,boring,boring-1,0,8,75.0,53.9609142895898,9,-2.7643000582984314,14.623243199999996,-0.1117026000000027,9.339883759236477,5.88468362428006,False,0,0.25,0.0625,-0.6945487326310588,0.5691131249561289,boring,-0.7489559186666814,-0.6415804539553099
16,6,amusing-1,amusing,True,boring,boring-1,0,9,85.0,54.96942501468836,9,-1.7557893331998642,14.399104799999998,-0.3358410000000003,9.339883759236477,5.88468362428006,False,0,0.4166666666666667,0.17361111111111113,-0.6945487326310588,0.5691131249561289,boring,-0.10435161991973117,-0.6726984362254003
16,6,amusing-1,amusing,True,boring,boring-1,0,10,95.0,54.07730637057902,9,-2.6479079773092096,14.011155599999997,-0.7237902000000034,9.339883759236477,5.88468362428006,False,0,0.5833333333333334,0.34027777777777785,-0.6945487326310588,0.5691131249561289,boring,-0.6745622271782514,-0.726558891762229
16,6,amusing-1,amusing,True,boring,boring-1,0,11,105.0,54.03297803574704,9,-2.6922363121411834,13.6257744,-1.1091713999999977,9.339883759236477,5.88468362428006,False,0,0.75,0.5625,-0.6945487326310588,0.5691131249561289,boring,-0.7028953271422521,-0.7800628221410756
16,6,amusing-1,amusing,True,boring,boring-1,0,12,115.0,54.725396935538,9,-1.9998174123502324,13.234871999999996,-1.500073800000003,9.339883759236477,5.88468362428006,False,0,0.9166666666666666,0.8402777777777777,-0.6945487326310588,0.5691131249561289,boring,-0.2603257160999323,-0.8343332816095828
16,7,scary-1,scary,True,amusing,amusing-1,0,1,5.0,55.22675633366705,9,0.9708022964281824,28.5217812,14.393561800000002,0.693630534526085,8.926738654032539,False,1,-0.9166666666666666,0.8402777777777777,1.4440493876165588,0.9880921126538924,amusing,1.638389078463932,1.3722402943956062
16,7,scary-1,scary,True,amusing,amusing-1,0,2,15.0,53.9121659413286,9,-0.3437880959102699,28.609106399999995,14.480886999999996,0.693630534526085,8.926738654032539,False,1,-0.75,0.5625,1.4440493876165588,0.9880921126538924,amusing,0.7981495084682966,1.384363982372909
16,7,scary-1,scary,True,amusing,amusing-1,0,3,25.0,53.753262763939055,9,-0.5026912732998099,28.18074839999999,14.052528999999994,0.693630534526085,8.926738654032539,False,1,-0.5833333333333334,0.34027777777777785,1.4440493876165588,0.9880921126538924,amusing,0.6965842313912128,1.3248934202146556
16,7,scary-1,scary,True,amusing,amusing-1,0,4,35.0,53.33881692636791,9,-0.9171371108709536,27.664464,13.536244600000002,0.693630534526085,8.926738654032539,False,1,-0.4166666666666667,0.17361111111111113,1.4440493876165588,0.9880921126538924,amusing,0.4316851461880989,1.2532157032080018
16,7,scary-1,scary,True,amusing,amusing-1,0,5,45.0,52.79349754600394,9,-1.4624564912349245,27.3782328,13.250013399999998,0.693630534526085,8.926738654032539,False,1,-0.25,0.0625,1.4440493876165588,0.9880921126538924,amusing,0.08313633255175074,1.2134771425385813
16,7,scary-1,scary,True,amusing,amusing-1,0,6,55.0,56.08689268170926,9,1.8309386444703928,27.821572799999995,13.693353399999998,0.693630534526085,8.926738654032539,False,1,-0.08333333333333333,0.006944444444444444,1.4440493876165588,0.9880921126538924,amusing,2.188157736008275,1.2750277124526253
16,7,scary-1,scary,True,amusing,amusing-1,0,7,65.0,52.5583695001376,9,-1.697584537101264,27.7709136,13.642694200000005,0.693630534526085,8.926738654032539,False,1,0.08333333333333333,0.006944444444444444,1.4440493876165588,0.9880921126538924,amusing,-0.06714917790387603,1.267994504009017
16,7,scary-1,scary,True,amusing,amusing-1,0,8,75.0,56.4277218121068,9,2.171767774867938,27.3470832,13.2188638,0.693630534526085,8.926738654032539,False,1,0.25,0.0625,1.4440493876165588,0.9880921126538924,amusing,2.4060036320655236,1.209152525692381
16,7,scary-1,scary,True,amusing,amusing-1,0,9,85.0,53.37415570454647,9,-0.8817983326923979,27.2560128,13.1277934,0.693630534526085,8.926738654032539,False,1,0.4166666666666667,0.17361111111111113,1.4440493876165588,0.9880921126538924,amusing,0.45427244026386154,1.1965088774262647
16,7,scary-1,scary,True,amusing,amusing-1,0,10,95.0,52.12539751474444,9,-2.1305565224944303,27.0667656,12.9385462,0.693630534526085,8.926738654032539,False,1,0.5833333333333334,0.34027777777777785,1.4440493876165588,0.9880921126538924,amusing,-0.3438895199504708,1.1702349724895635
16,7,scary-1,scary,True,amusing,amusing-1,0,11,105.0,51.5269821856478,8,-2.7289718515910693,26.804784,12.676564600000004,0.693630534526085,8.926738654032539,False,1,0.75,0.5625,1.4440493876165588,0.9880921126538924,amusing,-0.7263753815004943,1.133863075554947
16,7,scary-1,scary,True,amusing,amusing-1,0,12,115.0,52.96788408188289,9,-1.2880699553559722,26.294419199999997,12.166199799999996,0.693630534526085,8.926738654032539,False,1,0.9166666666666666,0.8402777777777777,1.4440493876165588,0.9880921126538924,amusing,0.1945980234129713,1.0630071990175995
17,1,scary-1,scary,True,,,0,1,5.0,68.46900126320914,11,2.095484418188448,37.0048656,5.552823600000007,4.097136939700851,7.687628827067597,True,1,-0.9166666666666666,0.8402777777777777,0.572941560568738,-1.5257818135326888,none,0.8558952366280702,0.2844116780077074
17,1,scary-1,scary,True,,,0,2,15.0,64.29098026875235,11,-2.082536576268339,36.88698,5.434938000000006,4.097136939700851,7.687628827067597,True,1,-0.75,0.5625,0.572941560568738,-1.5257818135326888,none,-0.31239154038714706,0.2668171134090447
17,1,scary-1,scary,True,,,0,3,25.0,64.15065193766242,10,-2.222864907358272,36.4426512,4.990609200000005,4.097136939700851,7.687628827067597,True,1,-0.5833333333333334,0.34027777777777785,0.572941560568738,-1.5257818135326888,none,-0.35163110712711687,0.2005005168557232
17,1,scary-1,scary,True,,,0,4,35.0,66.31911824413602,11,-0.0543986008846673,35.7899508,4.337908800000005,4.097136939700851,7.687628827067597,True,1,-0.4166666666666667,0.17361111111111113,0.572941560568738,-1.5257818135326888,none,0.25473025764757673,0.10308421366540221
17,1,scary-1,scary,True,,,0,5,45.0,66.79509196920651,11,0.4215751241858214,35.136467999999994,3.6844259999999984,4.097136939700851,7.687628827067597,True,1,-0.25,0.0625,0.572941560568738,-1.5257818135326888,none,0.387825282766958,0.005551136353881602
17,1,scary-1,scary,True,,,0,6,55.0,66.01023017462713,11,-0.3632866703935633,34.4654352,3.0133932000000065,4.097136939700851,7.687628827067597,True,1,-0.08333333333333333,0.006944444444444444,0.572941560568738,-1.5257818135326888,none,0.16835686515773846,-0.09460129912103028
17,1,scary-1,scary,True,,,0,7,65.0,64.15193563969923,11,-2.2215812053214563,33.83225279999999,2.380210799999997,4.097136939700851,7.687628827067597,True,1,0.08333333333333333,0.006944444444444444,0.572941560568738,-1.5257818135326888,none,-0.3512721495926217,-0.1891045178308334
17,1,scary-1,scary,True,,,0,8,75.0,67.15945660529697,11,0.7859397602762783,36.98949119999999,5.537449199999994,4.097136939700851,7.687628827067597,True,1,0.25,0.0625,0.572941560568738,-1.5257818135326888,none,0.4897114118508517,0.28211703070586636
17,1,scary-1,scary,True,,,0,9,85.0,69.2214755605848,12,2.8479587155641184,36.9679992,5.515957199999999,4.097136939700851,7.687628827067597,True,1,0.4166666666666667,0.17361111111111113,0.572941560568738,-1.5257818135326888,none,1.0663072409799321,0.2789093244011577
17,1,scary-1,scary,True,,,0,10,95.0,66.81162181354821,11,0.4381049685275258,36.06889199999999,4.616849999999996,4.097136939700851,7.687628827067597,True,1,0.5833333333333334,0.34027777777777785,0.572941560568738,-1.5257818135326888,none,0.3924474707828044,0.1447165161911416
17,1,scary-1,scary,True,,,0,11,105.0,68.4919449879498,11,2.1184281429291048,35.2358208,3.783778800000004,4.097136939700851,7.687628827067597,True,1,0.75,0.5625,0.572941560568738,-1.5257818135326888,none,0.8623109177042423,0.02037965873200156
17,1,scary-1,scary,True,,,0,12,115.0,65.4577016938496,11,-0.9158151511710884,34.4035368,2.9514948000000025,4.097136939700851,7.687628827067597,True,1,0.9166666666666666,0.8402777777777777,0.572941560568738,-1.5257818135326888,none,0.013855076183215485,-0.10383970820028954
17,4,amusing-1,amusing,True,boring,boring-1,0,1,5.0,64.68716405245256,11,-5.083684802286584,17.947600799999996,-1.7986979999999946,5.649907530981888,5.325198856053385,True,0,-0.9166666666666666,0.8402777777777777,-1.0878726738268556,-0.26884485043939826,boring,-1.1515931128473298,-0.8128115764836231
17,4,amusing-1,amusing,True,boring,boring-1,0,2,15.0,68.79236722811586,11,-0.978481626623278,17.827744799999998,-1.9185539999999928,5.649907530981888,5.325198856053385,True,0,-0.75,0.5625,-1.0878726738268556,-0.26884485043939826,boring,-0.0036681518546705905,-0.8307002256022369
17,4,amusing-1,amusing,True,boring,boring-1,0,3,25.0,66.77829981160329,11,-2.992549043135853,17.6972496,-2.049049199999992,5.649907530981888,5.325198856053385,True,0,-0.5833333333333334,0.34027777777777785,-1.0878726738268556,-0.26884485043939826,boring,-0.5668554440800349,-0.8501767878474592
17,4,amusing-1,amusing,True,boring,boring-1,0,4,35.0,63.61422510031829,11,-6.156623754420849,17.560836000000002,-2.185462799999989,5.649907530981888,5.325198856053385,True,0,-0.4166666666666667,0.17361111111111113,-1.0878726738268556,-0.26884485043939826,boring,-1.4516156335541701,-0.8705366782610133
17,4,amusing-1,amusing,True,boring,boring-1,0,5,45.0,67.01062182509575,11,-2.7602270296433886,17.4331008,-2.3131979999999928,5.649907530981888,5.325198856053385,True,0,-0.25,0.0625,-1.0878726738268556,-0.26884485043939826,boring,-0.5018919753150614,-0.8896013072566086
17,4,amusing-1,amusing,True,boring,boring-1,0,6,55.0,67.23242898341657,11,-2.5384198713225743,17.295890399999998,-2.450408399999993,5.649907530981888,5.325198856053385,True,0,-0.08333333333333333,0.006944444444444444,-1.0878726738268556,-0.26884485043939826,boring,-0.4398687421964781,-0.9100801210083164
17,4,amusing-1,amusing,True,boring,boring-1,0,7,65.0,70.15441931444589,12,0.3835704597067462,17.152579199999998,-2.593719599999993,5.649907530981888,5.325198856053385,True,0,0.08333333333333333,0.006944444444444444,-1.0878726738268556,-0.26884485043939826,boring,0.3771981588164771,-0.9314694863431143
17,4,amusing-1,amusing,True,boring,boring-1,0,8,75.0,68.41333593407055,11,-1.3575129206685972,17.0207112,-2.72558759999999,5.649907530981888,5.325198856053385,True,0,0.25,0.0625,-1.0878726738268556,-0.26884485043939826,boring,-0.10965547204660436,-0.9511509406046729
17,4,amusing-1,amusing,True,boring,boring-1,0,9,85.0,65.84891312643605,11,-3.921935728303097,16.885087199999997,-2.8612115999999936,5.649907530981888,5.325198856053385,True,0,0.4166666666666667,0.17361111111111113,-1.0878726738268556,-0.26884485043939826,boring,-0.8267368990692447,-0.9713929822885518
17,4,amusing-1,amusing,True,boring,boring-1,0,10,95.0,65.19125183812616,11,-4.579597016612979,16.7439408,-3.0023579999999903,5.649907530981888,5.325198856053385,True,0,0.5833333333333334,0.34027777777777785,-1.0878726738268556,-0.26884485043939826,boring,-1.0106366420113275,-0.9924592486745107
17,4,amusing-1,amusing,True,boring,boring-1,0,11,105.0,65.35845227330327,11,-4.412396581435871,16.6154088,-3.13088999999999,5.649907530981888,5.325198856053385,True,0,0.75,0.5625,-1.0878726738268556,-0.26884485043939826,boring,-0.9638829139214564,-1.0116428010082588
17,4,amusing-1,amusing,True,boring,boring-1,0,12,115.0,67.6212481393743,11,-2.1496007153648407,16.475450399999993,-3.2708483999999984,5.649907530981888,5.325198856053385,True,0,0.9166666666666666,0.8402777777777777,-1.0878726738268556,-0.26884485043939826,boring,-0.3311444731805207,-1.0325317569954668
17,5,scary-2,scary,True,amusing,amusing-1,0,1,5.0,69.16797750160514,11,2.0244215882056693,25.938204,9.1226744,3.5035356353375744,7.53355834557437,True,1,-0.9166666666666666,0.8402777777777777,0.464628318735677,0.1501341372583653,amusing,0.8360241625678128,0.8172161130547961
17,5,scary-2,scary,True,amusing,amusing-1,0,2,15.0,67.35964470487617,12,0.2160887914767073,26.985551999999995,10.170022399999992,3.5035356353375744,7.53355834557437,True,1,-0.75,0.5625,0.464628318735677,0.1501341372583653,amusing,0.33036579041880615,0.9735340352037261
17,5,scary-2,scary,True,amusing,amusing-1,0,3,25.0,61.66176455237651,10,-5.481791361022957,27.555254399999995,10.739724799999994,3.5035356353375744,7.53355834557437,True,1,-0.5833333333333334,0.34027777777777785,0.464628318735677,0.1501341372583653,amusing,-1.2629143888849117,1.0585627891720915
17,5,scary-2,scary,True,amusing,amusing-1,0,4,35.0,64.30217639543574,11,-2.8413795179637304,27.9305856,11.115056,3.5035356353375744,7.53355834557437,True,1,-0.4166666666666667,0.17361111111111113,0.464628318735677,0.1501341372583653,amusing,-0.5245843885777821,1.1145814126875475
17,5,scary-2,scary,True,amusing,amusing-1,0,5,45.0,65.8689431896673,11,-1.2746127237321616,28.1365896,11.321059999999996,3.5035356353375744,7.53355834557437,True,1,-0.25,0.0625,0.464628318735677,0.1501341372583653,amusing,-0.08647435255934162,1.145327752236931
17,5,scary-2,scary,True,amusing,amusing-1,0,6,55.0,73.62755619568851,12,6.4840002822890455,27.914030399999994,11.098500799999991,3.5035356353375744,7.53355834557437,True,1,-0.08333333333333333,0.006944444444444444,0.464628318735677,0.1501341372583653,amusing,2.0830420273102073,1.1121105295954317
17,5,scary-2,scary,True,amusing,amusing-1,0,7,65.0,73.1722382076696,12,6.028682294270126,31.327527600000003,14.511998000000002,3.5035356353375744,7.53355834557437,True,1,0.08333333333333333,0.006944444444444444,0.464628318735677,0.1501341372583653,amusing,1.955722900516581,1.6215790057515862
17,5,scary-2,scary,True,amusing,amusing-1,0,8,75.0,73.35630394827425,12,6.212748034874778,35.769451200000006,18.953921600000005,3.5035356353375744,7.53355834557437,True,1,0.25,0.0625,0.464628318735677,0.1501341372583653,amusing,2.0071926205431763,2.2845413329783537
17,5,scary-2,scary,True,amusing,amusing-1,0,9,85.0,73.84902497729571,12,6.7054690638962455,34.639104,17.823574399999995,3.5035356353375744,7.53355834557437,True,1,0.4166666666666667,0.17361111111111113,0.464628318735677,0.1501341372583653,amusing,2.1449706412201532,2.1158356825060523
17,5,scary-2,scary,True,amusing,amusing-1,0,10,95.0,73.38763417666259,12,6.24407826326312,34.222963199999995,17.407433599999994,3.5035356353375744,7.53355834557437,True,1,0.5833333333333334,0.34027777777777785,0.464628318735677,0.1501341372583653,amusing,2.0159533930705353,2.0537261781413196
17,5,scary-2,scary,True,amusing,amusing-1,0,11,105.0,70.8724810528968,12,3.728925139497335,34.205222400000004,17.389692800000002,3.5035356353375744,7.53355834557437,True,1,0.75,0.5625,0.464628318735677,0.1501341372583653,amusing,1.3126490916889362,2.051078342853279
17,5,scary-2,scary,True,amusing,amusing-1,0,12,115.0,71.5132755535235,12,4.369719640124032,33.88113839999999,17.06560879999999,3.5035356353375744,7.53355834557437,True,1,0.9166666666666666,0.8402777777777777,0.464628318735677,0.1501341372583653,amusing,1.4918324282158448,2.0027084242763435
17,8,amusing-2,amusing,True,boring,boring-2,1,1,5.0,65.62946660949804,11,-3.4553911110864703,13.795699199999998,-0.8730763999999986,7.494886060426058,5.397058409301033,True,0,-0.9166666666666666,0.8402777777777777,-1.0373546181065556,1.4070711003516558,boring,-0.6962785055128291,-0.6746614628555182
17,8,amusing-2,amusing,True,boring,boring-2,1,2,15.0,65.94925288455305,11,-3.1356048360314617,13.7598216,-0.9089539999999978,7.494886060426058,5.397058409301033,True,0,-0.75,0.5625,-1.0373546181065556,1.4070711003516558,boring,-0.606857682325632,-0.6800162368978521
17,8,amusing-2,amusing,True,boring,boring-2,1,3,25.0,63.11941461065307,10,-5.965443109931442,13.679983199999995,-0.9887924000000012,7.494886060426058,5.397058409301033,True,0,-0.5833333333333334,0.34027777777777785,-1.0373546181065556,1.4070711003516558,boring,-1.3981563954903697,-0.6919322120996911
17,8,amusing-2,amusing,True,boring,boring-2,1,4,35.0,64.45015222607144,11,-4.634705494513071,13.590290399999995,-1.0784851999999994,7.494886060426058,5.397058409301033,True,0,-0.4166666666666667,0.17361111111111113,-1.0373546181065556,1.4070711003516558,boring,-1.0260464511332856,-0.7053189681041132
17,8,amusing-2,amusing,True,boring,boring-2,1,5,45.0,67.40578450871358,11,-1.6790732118709286,13.493303999999998,-1.175471599999998,7.494886060426058,5.397058409301033,True,0,-0.25,0.0625,-1.0373546181065556,1.4070711003516558,boring,-0.19957235774997326,-0.7197943024960296
17,8,amusing-2,amusing,True,boring,boring-2,1,6,55.0,70.31659922598861,12,1.231741505404102,13.4105088,-1.2582667999999977,7.494886060426058,5.397058409301033,True,0,-0.08333333333333333,0.006944444444444444,-1.0373546181065556,1.4070711003516558,boring,0.6143695417870466,-0.7321515835792084
17,8,amusing-2,amusing,True,boring,boring-2,1,7,65.0,64.5319101649393,11,-4.552947555645204,13.338753599999997,-1.3300220000000014,7.494886060426058,5.397058409301033,True,0,0.08333333333333333,0.006944444444444444,-1.0373546181065556,1.4070711003516558,boring,-1.0031847376516936,-0.742861131663877
17,8,amusing-2,amusing,True,boring,boring-2,1,8,75.0,63.59658172238338,10,-5.488275998201125,13.256556,-1.412219599999997,7.494886060426058,5.397058409301033,True,0,0.25,0.0625,-1.0373546181065556,1.4070711003516558,boring,-1.264727667439291,-0.7551292202434401
17,8,amusing-2,amusing,True,boring,boring-2,1,9,85.0,64.44005605242931,11,-4.644801668155196,13.181049599999994,-1.487726000000002,7.494886060426058,5.397058409301033,True,0,0.4166666666666667,0.17361111111111113,-1.0373546181065556,1.4070711003516558,boring,-1.028869612189727,-0.7663986393447769
17,8,amusing-2,amusing,True,boring,boring-2,1,10,95.0,64.02923710150347,10,-5.05562061908104,13.359652799999996,-1.309122799999999,7.494886060426058,5.397058409301033,True,0,0.5833333333333334,0.34027777777777785,-1.0373546181065556,1.4070711003516558,boring,-1.1437456141894078,-0.7397419014571307
17,8,amusing-2,amusing,True,boring,boring-2,1,11,105.0,65.92474463806217,11,-3.160113082522344,13.9155552,-0.7532203999999965,7.494886060426058,5.397058409301033,True,0,0.75,0.5625,-1.0373546181065556,1.4070711003516558,boring,-0.6137108456632782,-0.6567728137369037
17,8,amusing-2,amusing,True,boring,boring-2,1,12,115.0,66.57174115376331,12,-2.5131165668211963,14.092183199999994,-0.5765924000000027,7.494886060426058,5.397058409301033,True,0,0.9166666666666666,0.8402777777777777,-1.0373546181065556,1.4070711003516558,boring,-0.432793259305662,-0.630410876774862
18,1,amusing-2,amusing,True,,,0,1,5.0,78.80032021526867,13,2.0814031157692767,14.885617199999997,-3.766553199999997,7.026783412774071,5.830913632030506,False,0,-0.9166666666666666,0.8402777777777777,-0.732349628152657,-1.5257818135326888,none,0.3574978043272294,-1.4761249432949306
18,1,amusing-2,amusing,True,,,0,2,15.0,76.91642408196557,13,0.1975069824661801,14.778971999999992,-3.8731984,7.026783412774071,5.830913632030506,False,0,-0.75,0.5625,-0.732349628152657,-1.5257818135326888,none,-0.1036975999821264,-1.4918381819134356
18,1,amusing-2,amusing,True,,,0,3,25.0,80.59294442801696,14,3.8740273285175695,14.845598399999997,-3.806571999999997,7.026783412774071,5.830913632030506,False,0,-0.5833333333333334,0.34027777777777785,-0.732349628152657,-1.5257818135326888,none,0.7963489882954355,-1.4820213638898212
18,1,amusing-2,amusing,True,,,0,4,35.0,81.68606465960198,13,4.967147560102589,15.0691392,-3.583031199999992,7.026783412774071,5.830913632030506,False,0,-0.4166666666666667,0.17361111111111113,-0.732349628152657,-1.5257818135326888,none,1.0639550512054226,-1.4490845797554062
18,1,amusing-2,amusing,True,,,0,5,45.0,76.60166832191268,13,-0.1172487775867097,14.942980799999996,-3.709189599999995,7.026783412774071,5.830913632030506,False,0,-0.25,0.0625,-0.732349628152657,-1.5257818135326888,none,-0.18075275575749838,-1.4676729179359227
18,1,amusing-2,amusing,True,,,0,6,55.0,86.4433450179538,14,9.72442791845441,14.812087199999995,-3.840083199999995,7.026783412774071,5.830913632030506,False,0,-0.08333333333333333,0.006944444444444444,-0.732349628152657,-1.5257818135326888,none,2.2285818050361392,-1.4869589464719946
18,1,amusing-2,amusing,True,,,0,7,65.0,81.39517431950937,14,4.676257220009973,14.629154399999994,-4.023015999999998,7.026783412774071,5.830913632030506,False,0,0.08333333333333333,0.006944444444444444,-0.732349628152657,-1.5257818135326888,none,0.9927423735863663,-1.5139124965384883
18,1,amusing-2,amusing,True,,,0,8,75.0,79.37493992848843,13,2.656022828989037,14.494711199999998,-4.157459199999995,7.026783412774071,5.830913632030506,False,0,0.25,0.0625,-0.732349628152657,-1.5257818135326888,none,0.49817008783463235,-1.5337215276269507
18,1,amusing-2,amusing,True,,,0,9,85.0,80.32293599488982,13,3.604018895390425,14.289705599999996,-4.362464799999996,7.026783412774071,5.830913632030506,False,0,0.4166666666666667,0.17361111111111113,-0.732349628152657,-1.5257818135326888,none,0.7302483969296725,-1.5639273119560133
18,1,amusing-2,amusing,True,,,0,10,95.0,78.38806700666092,13,1.6691499071615254,14.028899999999997,-4.623270399999996,7.026783412774071,5.830913632030506,False,0,0.5833333333333334,0.34027777777777785,-0.732349628152657,-1.5257818135326888,none,0.256574360693253,-1.6023547388429455
18,1,amusing-2,amusing,True,,,0,11,105.0,76.9641877048203,13,0.2452706053209112,13.7994408,-4.852729599999993,7.026783412774071,5.830913632030506,False,0,0.75,0.5625,-0.732349628152657,-1.5257818135326888,none,-0.09200461810040013,-1.6361635475170455
18,1,amusing-2,amusing,True,,,0,12,115.0,77.53160426467167,13,0.812687165172278,13.609607999999998,-5.042562399999994,7.026783412774071,5.830913632030506,False,0,0.9166666666666666,0.8402777777777777,-0.732349628152657,-1.5257818135326888,none,0.046904266050046876,-1.664133752308437
18,2,scary-2,scary,True,amusing,amusing-2,0,1,5.0,75.48817804797599,12,-3.538340865530813,27.739570800000003,13.597650800000007,6.579147642002639,7.510783304236008,False,1,-0.9166666666666666,0.8402777777777777,0.44861721436103114,-1.1068028258349254,amusing,-1.0182681159660916,1.0823388307182737
18,2,scary-2,scary,True,amusing,amusing-2,0,2,15.0,83.48534386016009,14,4.45882494665328,27.466941599999995,13.3250216,6.579147642002639,7.510783304236008,False,1,-0.75,0.5625,0.44861721436103114,-1.1068028258349254,amusing,0.9395129181785353,1.0421692996566587
18,2,scary-2,scary,True,amusing,amusing-2,0,3,25.0,69.37348844453297,12,-9.65303046897384,26.6800008,12.538080800000005,6.579147642002639,7.510783304236008,False,1,-0.5833333333333334,0.34027777777777785,0.44861721436103114,-1.1068028258349254,amusing,-2.51520135662284,0.9262204471153642
18,2,scary-2,scary,True,amusing,amusing-2,0,4,35.0,73.73719955461016,12,-5.289319358896648,25.605650399999995,11.4637304,6.579147642002639,7.510783304236008,False,1,-0.4166666666666667,0.17361111111111113,0.44861721436103114,-1.1068028258349254,amusing,-1.4469240380783956,0.7679243006869643
18,2,scary-2,scary,True,amusing,amusing-2,0,5,45.0,80.20538813967886,13,1.178869226172054,26.3212272,12.179307200000004,6.579147642002639,7.510783304236008,False,1,-0.25,0.0625,0.44861721436103114,-1.1068028258349254,amusing,0.13654906158212296,0.8733582912300553
18,2,scary-2,scary,True,amusing,amusing-2,0,6,55.0,86.7705408125976,15,7.7440218990907965,32.9390568,18.7971368,6.579147642002639,7.510783304236008,False,1,-0.08333333333333333,0.006944444444444444,0.44861721436103114,-1.1068028258349254,amusing,1.7437598774091265,1.848437672593709
18,2,scary-2,scary,True,amusing,amusing-2,0,7,65.0,77.3285666263242,13,-1.697952287182602,30.841991999999998,16.700072,6.579147642002639,7.510783304236008,False,1,0.08333333333333333,0.006944444444444444,0.44861721436103114,-1.1068028258349254,amusing,-0.5677237682851862,1.539453493269494
18,2,scary-2,scary,True,amusing,amusing-2,0,8,75.0,76.39805729671203,12,-2.6284616167947803,29.1072504,14.965330400000004,6.579147642002639,7.510783304236008,False,1,0.25,0.0625,0.44861721436103114,-1.1068028258349254,amusing,-0.7955211605605658,1.2838544723829803
18,2,scary-2,scary,True,amusing,amusing-2,0,9,85.0,76.14709529608146,13,-2.8794236174253456,27.625039199999996,13.483119199999996,6.579147642002639,7.510783304236008,False,1,0.4166666666666667,0.17361111111111113,0.44861721436103114,-1.1068028258349254,amusing,-0.8569590070007318,1.0654635999515885
18,2,scary-2,scary,True,amusing,amusing-2,0,10,95.0,76.40427326943022,13,-2.6222456440765853,26.383127999999992,12.241207999999997,6.579147642002639,7.510783304236008,False,1,0.5833333333333334,0.34027777777777785,0.44861721436103114,-1.1068028258349254,amusing,-0.7939994322655363,0.8824788333742514
18,2,scary-2,scary,True,amusing,amusing-2,0,11,105.0,79.66755744282575,13,0.6410385293189478,25.20981119999999,11.067891199999996,6.579147642002639,7.510783304236008,False,1,0.75,0.5625,0.44861721436103114,-1.1068028258349254,amusing,0.0048830735797773155,0.7096008524290208
18,2,scary-2,scary,True,amusing,amusing-2,0,12,115.0,78.6436268534399,13,-0.3828920600669079,24.2363904,10.094470400000002,6.579147642002639,7.510783304236008,False,1,0.9166666666666666,0.8402777777777777,0.44861721436103114,-1.1068028258349254,amusing,-0.24578471739261923,0.5661758008878769
18,5,amusing-1,amusing,True,relaxed,relaxed-2,0,1,5.0,78.13563885724906,13,-0.1431245920742867,12.9060624,2.3675360000000047,6.97328217349857,5.622182268827455,False,0,-0.9166666666666666,0.8402777777777777,-0.87909007058939,0.1501341372583653,relaxed,-0.18708739730883914,-0.572320484146349
18,5,amusing-1,amusing,True,relaxed,relaxed-2,0,2,15.0,76.07739463886067,13,-2.2013688104626823,13.381142399999998,2.842616000000003,6.97328217349857,5.622182268827455,False,0,-0.75,0.5625,-0.87909007058939,0.1501341372583653,relaxed,-0.6909648445238691,-0.5023215962181613
18,5,amusing-1,amusing,True,relaxed,relaxed-2,0,3,25.0,79.52829962487188,13,1.2495361755485277,14.810709599999996,4.272183200000001,6.97328217349857,5.622182268827455,False,0,-0.5833333333333334,0.34027777777777785,-0.87909007058939,0.1501341372583653,relaxed,0.15384899214243905,-0.29168735731394874
18,5,amusing-1,amusing,True,relaxed,relaxed-2,0,4,35.0,91.68487697111496,15,13.406113521791625,21.0125496,10.474023200000005,6.97328217349857,5.622182268827455,False,0,-0.4166666666666667,0.17361111111111113,-0.87909007058939,0.1501341372583653,relaxed,3.1298928966375237,0.6220995903760265
18,5,amusing-1,amusing,True,relaxed,relaxed-2,0,5,45.0,78.56039601754462,13,0.2816325682212692,20.661271199999995,10.1227448,6.97328217349857,5.622182268827455,False,0,-0.25,0.0625,-0.87909007058939,0.1501341372583653,relaxed,-0.08310286928057051,0.570341786736232
18,5,amusing-1,amusing,True,relaxed,relaxed-2,0,6,55.0,75.57899482840108,13,-2.6997686209222707,20.1022152,9.5636888,6.97328217349857,5.622182268827455,False,0,-0.08333333333333333,0.006944444444444444,-0.87909007058939,0.1501341372583653,relaxed,-0.8129777825140309,0.48796976878224313
18,5,amusing-1,amusing,True,relaxed,relaxed-2,0,7,65.0,74.48976811376225,12,-3.788995335561097,19.2348504,8.696324000000004,6.97328217349857,5.622182268827455,False,0,0.08333333333333333,0.006944444444444444,-0.87909007058939,0.1501341372583653,relaxed,-1.0796306760372127,0.3601711423865733
18,5,amusing-1,amusing,True,relaxed,relaxed-2,0,8,75.0,75.49517963372702,13,-2.78358381559633,18.3710328,7.832506400000007,6.97328217349857,5.622182268827455,False,0,0.25,0.0625,-0.87909007058939,0.1501341372583653,relaxed,-0.8334965265740841,0.23289516492425938
18,5,amusing-1,amusing,True,relaxed,relaxed-2,0,9,85.0,78.15255793127243,13,-0.1262055180509236,17.546051999999996,7.007525600000001,6.97328217349857,5.622182268827455,False,0,0.4166666666666667,0.17361111111111113,-0.87909007058939,0.1501341372583653,relaxed,-0.18294544964686077,0.11134145068222173
18,5,amusing-1,amusing,True,relaxed,relaxed-2,0,10,95.0,76.99664101818095,13,-1.2821224311423975,16.782578399999995,6.244052,6.97328217349857,5.622182268827455,False,0,0.5833333333333334,0.34027777777777785,-0.87909007058939,0.1501341372583653,relaxed,-0.4659247278868649,-0.0011497149373165972
18,5,amusing-1,amusing,True,relaxed,relaxed-2,0,11,105.0,80.42988528863712,13,2.151121839313774,16.647543599999995,6.1090172,6.97328217349857,5.622182268827455,False,0,0.75,0.5625,-0.87909007058939,0.1501341372583653,relaxed,0.37456560032968733,-0.021045913117844615
18,5,amusing-1,amusing,True,relaxed,relaxed-2,0,12,115.0,82.66620420482151,14,4.387440755498162,20.1369072,9.5983808,6.97328217349857,5.622182268827455,False,0,0.9166666666666666,0.8402777777777777,-0.87909007058939,0.1501341372583653,relaxed,0.9220374001183342,0.4930813319295124
18,7,scary-1,scary,True,boring,boring-1,0,1,5.0,73.70824300765324,13,-4.184368773481921,27.8257128,12.8261212,5.7400041944709255,5.795809342230696,False,1,-0.9166666666666666,0.8402777777777777,-0.757028329702842,0.9880921126538924,boring,-1.1764217938337995,0.9686606838721
18,7,scary-1,scary,True,boring,boring-1,0,2,15.0,76.72368987832927,12,-1.1689219028058917,26.924244,11.9246524,5.7400041944709255,5.795809342230696,False,1,-0.75,0.5625,-0.757028329702842,0.9880921126538924,boring,-0.4382121791368176,0.8358371309926733
18,7,scary-1,scary,True,boring,boring-1,0,3,25.0,75.08398987568096,13,-2.8086219054542028,26.0196192,11.020027600000002,5.7400041944709255,5.795809342230696,False,1,-0.5833333333333334,0.34027777777777785,-0.757028329702842,0.9880921126538924,boring,-0.8396260852960339,0.7025485690825545
18,7,scary-1,scary,True,boring,boring-1,0,4,35.0,74.60978371230875,12,-3.2828280688264044,25.0785264,10.0789348,5.7400041944709255,5.795809342230696,False,1,-0.4166666666666667,0.17361111111111113,-0.757028329702842,0.9880921126538924,boring,-0.9557161920573733,0.5638867659394529
18,7,scary-1,scary,True,boring,boring-1,0,5,45.0,80.34865742597526,14,2.4560456448401027,25.0639416,10.06435,5.7400041944709255,5.795809342230696,False,1,-0.25,0.0625,-0.757028329702842,0.9880921126538924,boring,0.4492138016223416,0.5617378230652945
18,7,scary-1,scary,True,boring,boring-1,0,6,55.0,76.45221126129097,12,-1.4404005198441894,24.3097248,9.3101332,5.7400041944709255,5.795809342230696,False,1,-0.08333333333333333,0.006944444444444444,-0.757028329702842,0.9880921126538924,boring,-0.5046726852830865,0.45061056606277594
18,7,scary-1,scary,True,boring,boring-1,0,7,65.0,76.66575355163326,13,-1.2268582295019002,23.363111999999997,8.363520399999995,5.7400041944709255,5.795809342230696,False,1,0.08333333333333333,0.006944444444444444,-0.757028329702842,0.9880921126538924,boring,-0.45239553412248534,0.31113543913975567
18,7,scary-1,scary,True,boring,boring-1,0,8,75.0,75.08146131232489,13,-2.8111504688102684,22.369387199999995,7.369795599999996,5.7400041944709255,5.795809342230696,False,1,0.25,0.0625,-0.757028329702842,0.9880921126538924,boring,-0.8402451012697425,0.16471877056465062
18,7,scary-1,scary,True,boring,boring-1,0,9,85.0,77.714393056511,13,-0.1782187246241591,21.4288824,6.4292908,5.7400041944709255,5.795809342230696,False,1,0.4166666666666667,0.17361111111111113,-0.757028329702842,0.9880921126538924,boring,-0.19567876939358694,0.02614360408506291
18,7,scary-1,scary,True,boring,boring-1,0,10,95.0,85.42849050028622,14,7.535878719151057,20.784472799999996,5.784881199999994,5.7400041944709255,5.795809342230696,False,1,0.5833333333333334,0.34027777777777785,-0.757028329702842,0.9880921126538924,boring,1.6928044790038905,-0.06880452122067272
18,7,scary-1,scary,True,boring,boring-1,0,11,105.0,80.91971076539593,13,3.0270989842607747,19.959299999999995,4.959708399999997,5.7400041944709255,5.795809342230696,False,1,0.75,0.5625,-0.757028329702842,0.9880921126538924,boring,0.5890130034469955,-0.19038652498548886
18,7,scary-1,scary,True,boring,boring-1,0,12,115.0,83.61494245973181,14,5.722330678596649,21.0137328,6.014141200000001,5.7400041944709255,5.795809342230696,False,1,0.9166666666666666,0.8402777777777777,-0.757028329702842,0.9880921126538924,boring,1.2488309461682754,-0.035025062926455186
19,2,amusing-1,amusing,True,boring,boring-1,0,1,5.0,69.60355586816878,12,6.04186945214753,21.787269599999995,6.495865199999997,6.159666444232602,6.123872640610105,False,0,-0.9166666666666666,0.8402777777777777,-0.5263962252949468,-1.1068028258349254,boring,0.8066066505207933,-1.0780295346242497
19,2,amusing-1,amusing,True,boring,boring-1,0,2,15.0,69.05311482306384,11,5.491428407042584,22.274568,6.983163600000001,6.159666444232602,6.123872640610105,False,0,-0.75,0.5625,-0.5263962252949468,-1.1068028258349254,boring,0.7369984079393751,-0.9681760069950489
19,2,amusing-1,amusing,True,boring,boring-1,0,3,25.0,70.58710295645035,12,7.025416540429099,22.7488608,7.457456400000002,6.159666444232602,6.123872640610105,False,0,-0.5833333333333334,0.34027777777777785,-0.5263962252949468,-1.1068028258349254,boring,0.9309850647400634,-0.8612543811306287
19,2,amusing-1,amusing,True,boring,boring-1,0,4,35.0,62.44849695100349,10,-1.1131894650177685,22.801692,7.510287599999998,6.159666444232602,6.123872640610105,False,0,-0.4166666666666667,0.17361111111111113,-0.5263962252949468,-1.1068028258349254,boring,-0.0982151850227813,-0.8493444432180819
19,2,amusing-1,amusing,True,boring,boring-1,0,5,45.0,63.46617224926093,11,-0.0955141667603243,22.4644032,7.172998800000002,6.159666444232602,6.123872640610105,False,0,-0.25,0.0625,-0.5263962252949468,-1.1068028258349254,boring,0.030479049646283476,-0.9253807374267623
19,2,amusing-1,amusing,True,boring,boring-1,0,6,55.0,63.6115570234676,11,0.0498706074463441,21.989126399999996,6.697721999999995,6.159666444232602,6.123872640610105,False,0,-0.08333333333333333,0.006944444444444444,-0.5263962252949468,-1.1068028258349254,boring,0.04886426768301803,-1.0325241901455038
19,2,amusing-1,amusing,True,boring,boring-1,0,7,65.0,66.4547955508553,11,2.8931091348340416,21.452937599999995,6.161533199999997,6.159666444232602,6.123872640610105,False,0,0.08333333333333333,0.006944444444444444,-0.5263962252949468,-1.1068028258349254,boring,0.4084174639631086,-1.1533992661877548
19,2,amusing-1,amusing,True,boring,boring-1,0,8,75.0,77.49468132383275,12,13.932994907811498,21.3646248,6.073220400000004,6.159666444232602,6.123872640610105,False,0,0.25,0.0625,-0.5263962252949468,-1.1068028258349254,boring,1.8045107491396286,-1.1733079558424127
19,2,amusing-1,amusing,True,boring,boring-1,0,9,85.0,70.18557666982004,12,6.623890253798784,21.5522928,6.260888399999999,6.159666444232602,6.123872640610105,False,0,0.4166666666666667,0.17361111111111113,-0.5263962252949468,-1.1068028258349254,boring,0.8802084385942966,-1.1310012463947392
19,2,amusing-1,amusing,True,boring,boring-1,0,10,95.0,64.89891883147352,11,1.33723241545227,21.1199916,5.828587200000001,6.159666444232602,6.123872640610105,False,0,0.5833333333333334,0.34027777777777785,-0.5263962252949468,-1.1068028258349254,boring,0.21166279773203428,-1.228456546511333
19,2,amusing-1,amusing,True,boring,boring-1,0,11,105.0,66.51265850861296,11,2.950972092591705,20.5560024,5.264598,6.159666444232602,6.123872640610105,False,0,0.75,0.5625,-0.5263962252949468,-1.1068028258349254,boring,0.41573475767856155,-1.3555987722292309
19,2,amusing-1,amusing,True,boring,boring-1,0,12,115.0,63.83152044981955,10,0.2698340337982969,20.0458368,4.754432399999999,6.159666444232602,6.123872640610105,False,0,0.9166666666666666,0.8402777777777777,-0.5263962252949468,-1.1068028258349254,boring,0.07668062999231386,-1.4706073395363828
19,3,scary-1,scary,True,amusing,amusing-1,0,1,5.0,76.76782189451073,12,8.305009921042242,43.5452736,22.529992600000003,0.5,9.5,False,1,-0.9166666666666666,0.8402777777777777,1.84705841437844,-0.6878238381371617,amusing,1.092801206968909,2.536604655321809
19,3,scary-1,scary,True,amusing,amusing-1,0,2,15.0,77.21157691331423,12,8.748764939845742,41.2833912,20.2681102,0.5,9.5,False,1,-0.75,0.5625,1.84705841437844,-0.6878238381371617,amusing,1.148918037772663,2.0266999219543256
19,3,scary-1,scary,True,amusing,amusing-1,0,3,25.0,67.64273142263652,8,-0.8200805508319746,40.07024639999999,19.05496539999999,0.5,9.5,False,1,-0.5833333333333334,0.34027777777777785,1.84705841437844,-0.6878238381371617,amusing,-0.061148915014644735,1.7532160857565848
19,3,scary-1,scary,True,amusing,amusing-1,0,4,35.0,68.20172489143279,10,-0.2610870820357007,39.6913584,18.6760774,0.5,9.5,False,1,-0.4166666666666667,0.17361111111111113,1.84705841437844,-0.6878238381371617,amusing,0.009540858801151996,1.6678019260212542
19,3,scary-1,scary,True,amusing,amusing-1,0,5,45.0,66.31531923012872,9,-2.147492743339768,39.1650192,18.149738200000005,0.5,9.5,False,1,-0.25,0.0625,1.84705841437844,-0.6878238381371617,amusing,-0.2290121779804324,1.5491472826866353
19,3,scary-1,scary,True,amusing,amusing-1,0,6,55.0,61.13038512197178,10,-7.332426851496713,38.2986324,17.283351399999997,0.5,9.5,False,1,-0.08333333333333333,0.006944444444444444,1.84705841437844,-0.6878238381371617,amusing,-0.8846939342354481,1.3538344183895745
19,3,scary-1,scary,True,amusing,amusing-1,0,7,65.0,62.65317168210724,10,-5.809640291361248,37.70211839999999,16.68683739999999,0.5,9.5,False,1,0.08333333333333333,0.006944444444444444,1.84705841437844,-0.6878238381371617,amusing,-0.692123817562148,1.2193600035747398
19,3,scary-1,scary,True,amusing,amusing-1,0,8,75.0,70.77129032582049,12,2.3084783523519974,38.3278116,17.312530600000006,0.5,9.5,False,1,0.25,0.0625,1.84705841437844,-0.6878238381371617,amusing,0.3344856202362012,1.3604123961818244
19,3,scary-1,scary,True,amusing,amusing-1,0,9,85.0,79.62615086113895,13,11.163338887670465,38.503056,17.487775000000003,0.5,9.5,False,1,0.4166666666666667,0.17361111111111113,1.84705841437844,-0.6878238381371617,amusing,1.45426272561096,1.399918406333432
19,3,scary-1,scary,True,amusing,amusing-1,0,10,95.0,64.6000565771079,11,-3.862755396360584,37.5528888,16.5376078,0.5,9.5,False,1,0.5833333333333334,0.34027777777777785,1.84705841437844,-0.6878238381371617,amusing,-0.44592263533841486,1.185718608514355
19,3,scary-1,scary,True,amusing,amusing-1,0,11,105.0,71.31942195552632,12,2.856609982057833,37.8541032,16.838822200000006,0.5,9.5,False,1,0.75,0.5625,1.84705841437844,-0.6878238381371617,amusing,0.40380181637821927,1.2536225138272261
19,3,scary-1,scary,True,amusing,amusing-1,0,12,115.0,85.62696890048426,14,17.164156927015767,37.635684,16.620403,0.5,9.5,False,1,0.9166666666666666,0.8402777777777777,1.84705841437844,-0.6878238381371617,amusing,2.2131203752799786,1.2043834446614983
19,6,amusing-2,amusing,True,boring,boring-2,0,1,5.0,70.2986613885197,12,-1.5870114348638251,27.79811759999999,9.638535599999994,6.987331267874167,4.987228979980934,False,0,-0.9166666666666666,0.8402777777777777,-1.32546921123324,0.5691131249561289,boring,-0.15813425339669118,-0.3695654197905706
19,6,amusing-2,amusing,True,boring,boring-2,0,2,15.0,66.31487448260026,10,-5.57079834078327,28.87326,10.713678000000002,6.987331267874167,4.987228979980934,False,0,-0.75,0.5625,-1.32546921123324,0.5691131249561289,boring,-0.6619200953246808,-0.12719198834953768
19,6,amusing-2,amusing,True,boring,boring-2,0,3,25.0,59.76018155225324,10,-12.125491271130286,28.2467832,10.087201200000004,6.987331267874167,4.987228979980934,False,0,-0.5833333333333334,0.34027777777777785,-1.32546921123324,0.5691131249561289,boring,-1.4908202284085275,-0.2684210308784119
19,6,amusing-2,amusing,True,boring,boring-2,0,4,35.0,57.92913935192731,10,-13.956533471456218,27.7890552,9.6294732,6.987331267874167,4.987228979980934,False,0,-0.4166666666666667,0.17361111111111113,-1.32546921123324,0.5691131249561289,boring,-1.7223720554217195,-0.371608391014745
19,6,amusing-2,amusing,True,boring,boring-2,0,5,45.0,59.12412361491917,10,-12.761549208464366,27.234328799999997,9.074746799999996,6.987331267874167,4.987228979980934,False,0,-0.25,0.0625,-1.32546921123324,0.5691131249561289,boring,-1.5712555004354267,-0.49666246857594143
19,6,amusing-2,amusing,True,boring,boring-2,0,6,55.0,61.05898637940853,10,-10.826686443975,26.617708800000003,8.458126800000006,6.987331267874167,4.987228979980934,False,0,-0.08333333333333333,0.006944444444444444,-1.32546921123324,0.5691131249561289,boring,-1.326574625217172,-0.6356694552738582
19,6,amusing-2,amusing,True,boring,boring-2,0,7,65.0,60.77906515766847,10,-11.10660766571506,27.6522408,9.4926588,6.987331267874167,4.987228979980934,False,0,0.08333333333333333,0.006944444444444444,-1.32546921123324,0.5691131249561289,boring,-1.3619731923840774,-0.40245098042294425
19,6,amusing-2,amusing,True,boring,boring-2,0,8,75.0,59.48271949720985,10,-12.40295332617368,27.522530399999997,9.362948399999995,6.987331267874167,4.987228979980934,False,0,0.25,0.0625,-1.32546921123324,0.5691131249561289,boring,-1.5259078117316733,-0.4316920881511761
19,6,amusing-2,amusing,True,boring,boring-2,0,9,85.0,64.98699609037998,11,-6.898676733003555,26.7194256,8.559843600000004,6.987331267874167,4.987228979980934,False,0,0.4166666666666667,0.17361111111111113,-1.32546921123324,0.5691131249561289,boring,-0.8298423134555439,-0.6127390510304754
19,6,amusing-2,amusing,True,boring,boring-2,0,10,95.0,61.22581399836552,10,-10.659858825018013,28.24461839999999,10.085036399999993,6.987331267874167,4.987228979980934,False,0,0.5833333333333334,0.34027777777777785,-1.32546921123324,0.5691131249561289,boring,-1.3054777657570924,-0.26890904995791837
19,6,amusing-2,amusing,True,boring,boring-2,0,11,105.0,59.585398979333306,10,-12.300273844050224,28.2877896,10.1282076,6.987331267874167,4.987228979980934,False,0,0.75,0.5625,-1.32546921123324,0.5691131249561289,boring,-1.512923063658569,-0.25917680250546116
19,6,amusing-2,amusing,True,boring,boring-2,0,12,115.0,61.04532501761484,10,-10.840347805768689,27.7435128,9.5839308,6.987331267874167,4.987228979980934,False,0,0.9166666666666666,0.8402777777777777,-1.32546921123324,0.5691131249561289,boring,-1.32830222782636,-0.38187518708200097
19,8,scary-2,scary,True,relaxed,relaxed-2,1,1,5.0,64.57204509677888,9,0.4562385803559152,26.5983888,9.9449648,0.5004246901811249,9.483095614871305,False,1,-0.9166666666666666,0.8402777777777777,1.8351744458418449,1.4070711003516558,relaxed,0.10025316879633435,-0.3004859223233222
19,8,scary-2,scary,True,relaxed,relaxed-2,1,2,15.0,67.18337308477118,11,3.0675665683482123,26.938636799999998,10.285212799999996,0.5004246901811249,9.483095614871305,False,1,-0.75,0.5625,1.8351744458418449,1.4070711003516558,relaxed,0.43047918239813315,-0.2237825244283575
19,8,scary-2,scary,True,relaxed,relaxed-2,1,3,25.0,71.1880300820353,12,7.072223565612333,26.999349599999995,10.345925599999998,0.5004246901811249,9.483095614871305,False,1,-0.5833333333333334,0.34027777777777785,1.8351744458418449,1.4070711003516558,relaxed,0.9369042359073368,-0.2100958075168179
19,8,scary-2,scary,True,relaxed,relaxed-2,1,4,35.0,66.97289076376472,11,2.85708424734176,28.051622400000003,11.398198400000004,0.5004246901811249,9.483095614871305,False,1,-0.4166666666666667,0.17361111111111113,1.8351744458418449,1.4070711003516558,relaxed,0.40386179150766344,0.027122043205154746
19,8,scary-2,scary,True,relaxed,relaxed-2,1,5,45.0,64.15709446003333,10,0.0412879436103708,27.865932,11.212508,0.5004246901811249,9.483095614871305,False,1,-0.25,0.0625,1.8351744458418449,1.4070711003516558,relaxed,0.04777891230917361,-0.014738848369448401
19,8,scary-2,scary,True,relaxed,relaxed-2,1,6,55.0,59.51064384555991,10,-4.605162670863052,27.580487999999995,10.927063999999998,0.5004246901811249,9.483095614871305,False,1,-0.08333333333333333,0.006944444444444444,1.8351744458418449,1.4070711003516558,relaxed,-0.5398067417606104,-0.07908757256101051
19,8,scary-2,scary,True,relaxed,relaxed-2,1,7,65.0,60.35573229002462,10,-3.760074226398345,27.298593599999997,10.645169599999996,0.5004246901811249,9.483095614871305,False,1,0.08333333333333333,0.006944444444444444,1.8351744458418449,1.4070711003516558,relaxed,-0.4329376738228494,-0.14263609695369672
19,8,scary-2,scary,True,relaxed,relaxed-2,1,8,75.0,61.267491729180776,11,-2.848314787242188,27.0194592,10.366035200000002,0.5004246901811249,9.483095614871305,False,1,0.25,0.0625,1.8351744458418449,1.4070711003516558,relaxed,-0.31763745633165713,-0.20556242407206884
19,8,scary-2,scary,True,relaxed,relaxed-2,1,9,85.0,60.0779954077237,10,-4.037811108699266,26.897628,10.244204,0.5004246901811249,9.483095614871305,False,1,0.4166666666666667,0.17361111111111113,1.8351744458418449,1.4070711003516558,relaxed,-0.4680600115353711,-0.23302729384241666
19,8,scary-2,scary,True,relaxed,relaxed-2,1,10,95.0,71.64634479084583,11,7.530538274422867,27.5950752,10.9416512,0.5004246901811249,9.483095614871305,False,1,0.5833333333333334,0.34027777777777785,1.8351744458418449,1.4070711003516558,relaxed,0.994862271037935,-0.075799124705994
19,8,scary-2,scary,True,relaxed,relaxed-2,1,11,105.0,83.7560806917727,14,19.64027417534973,29.452032,12.798607999999998,0.5004246901811249,9.483095614871305,False,1,0.75,0.5625,1.8351744458418449,1.4070711003516558,relaxed,2.526247769421167,0.34282169394440615
19,8,scary-2,scary,True,relaxed,relaxed-2,1,12,115.0,67.86435448057868,11,3.748547964155719,29.961151999999995,13.307727999999996,0.5004246901811249,9.483095614871305,False,1,0.9166666666666666,0.8402777777777777,1.8351744458418449,1.4070711003516558,relaxed,0.5165954315665869,0.4575945476754628
20,2,scary-2,scary,True,boring,boring-2,0,1,5.0,72.19917111320133,12,-3.510480029906759,31.3269312,12.437417200000002,2.5668775278151963,9.032773315788006,False,1,-0.9166666666666666,0.8402777777777777,1.5185929202264163,-1.1068028258349254,boring,-0.6211902419074887,2.1817115197329553
20,2,scary-2,scary,True,boring,boring-2,0,2,15.0,71.3517320991492,12,-4.357919043958887,31.710346800000003,12.820832800000003,2.5668775278151963,9.032773315788006,False,1,-0.75,0.5625,1.5185929202264163,-1.1068028258349254,boring,-0.8299388493840809,2.2780068058133063
20,2,scary-2,scary,True,boring,boring-2,0,3,25.0,70.13295161101384,12,-5.576699532094253,30.4065336,11.517019599999998,2.5668775278151963,9.032773315788006,False,1,-0.5833333333333334,0.34027777777777785,1.5185929202264163,-1.1068028258349254,boring,-1.1301595443239636,1.950552562716943
20,2,scary-2,scary,True,boring,boring-2,0,4,35.0,70.53841913802667,11,-5.171232005081421,29.42187,10.532356000000004,2.5668775278151963,9.032773315788006,False,1,-0.4166666666666667,0.17361111111111113,1.5185929202264163,-1.1068028258349254,boring,-1.030281228318442,1.7032531230099845
20,2,scary-2,scary,True,boring,boring-2,0,5,45.0,71.7064835877777,12,-4.003167555330393,28.9832568,10.0937428,2.5668775278151963,9.032773315788006,False,1,-0.25,0.0625,1.5185929202264163,-1.1068028258349254,boring,-0.7425533525831381,1.5930948937344453
20,2,scary-2,scary,True,boring,boring-2,0,6,55.0,72.0665235056813,12,-3.6431276374267862,28.3784688,9.488954799999998,2.5668775278151963,9.032773315788006,False,1,-0.08333333333333333,0.006944444444444444,1.5185929202264163,-1.1068028258349254,boring,-0.6538651635192567,1.441201664877917
20,2,scary-2,scary,True,boring,boring-2,0,7,65.0,72.06865800461917,12,-3.6409931384889234,27.9057528,9.0162388,2.5668775278151963,9.032773315788006,False,1,0.08333333333333333,0.006944444444444444,1.5185929202264163,-1.1068028258349254,boring,-0.6533393750276358,1.3224784766332058
20,2,scary-2,scary,True,boring,boring-2,0,8,75.0,72.66123732205402,12,-3.048413821054069,27.4133232,8.523809199999999,2.5668775278151963,9.032773315788006,False,1,0.25,0.0625,1.5185929202264163,-1.1068028258349254,boring,-0.5073700423880293,1.1988041941928649
20,2,scary-2,scary,True,boring,boring-2,0,9,85.0,74.59150500499204,12,-1.118146138116046,27.205348800000003,8.315834800000005,2.5668775278151963,9.032773315788006,False,1,0.4166666666666667,0.17361111111111113,1.5185929202264163,-1.1068028258349254,boring,-0.031889583984689204,1.146571175125856
20,2,scary-2,scary,True,boring,boring-2,0,10,95.0,75.41266887826441,13,-0.2969822648436775,27.3344712,8.444957199999997,2.5668775278151963,9.032773315788006,False,1,0.5833333333333334,0.34027777777777785,1.5185929202264163,-1.1068028258349254,boring,0.17038670045971266,1.1790004201732165
20,2,scary-2,scary,True,boring,boring-2,0,11,105.0,71.9234244006191,12,-3.786226742488992,26.877523199999995,7.988009199999997,2.5668775278151963,9.032773315788006,False,1,0.75,0.5625,1.5185929202264163,-1.1068028258349254,boring,-0.6891145896343548,1.0642373839695667
20,2,scary-2,scary,True,boring,boring-2,0,12,115.0,84.19151508331704,14,8.481863940208953,27.5245032,8.6349892,2.5668775278151963,9.032773315788006,False,1,0.9166666666666666,0.8402777777777777,1.5185929202264163,-1.1068028258349254,boring,2.3328690622207633,1.226727184040992
20,3,amusing-2,amusing,True,scary,scary-2,0,1,5.0,75.3935296545679,12,0.0070789429507129,30.5153544,3.138534,8.366410676835082,6.163226692087703,False,0,-0.9166666666666666,0.8402777777777777,-0.4987298945773968,-0.6878238381371617,scary,0.24528572288166758,-0.1537141071110391
20,3,amusing-2,amusing,True,scary,scary-2,0,2,15.0,73.24355933734452,13,-2.142891374272665,29.1263772,1.7495568000000006,8.366410676835082,6.163226692087703,False,0,-0.75,0.5625,-0.4987298945773968,-0.6878238381371617,scary,-0.28431381454154125,-0.502557390569209
20,3,amusing-2,amusing,True,scary,scary-2,0,3,25.0,70.42458101155377,11,-4.961869700063417,28.1655624,0.7887420000000027,8.366410676835082,6.163226692087703,False,0,-0.5833333333333334,0.34027777777777785,-0.4987298945773968,-0.6878238381371617,scary,-0.9787092698578304,-0.7438671756594208
20,3,amusing-2,amusing,True,scary,scary-2,0,4,35.0,70.78187708494721,11,-4.604573626669975,27.5812776,0.2044572000000037,8.366410676835082,6.163226692087703,False,0,-0.4166666666666667,0.17361111111111113,-0.4987298945773968,-0.6878238381371617,scary,-0.8906969686290986,-0.8906110013368328
20,3,amusing-2,amusing,True,scary,scary-2,0,5,45.0,66.65757385989436,11,-8.72887685172283,27.1054056,-0.2714147999999952,8.366410676835082,6.163226692087703,False,0,-0.25,0.0625,-0.4987298945773968,-0.6878238381371617,scary,-1.906631496972684,-1.010126822752624
20,3,amusing-2,amusing,True,scary,scary-2,0,6,55.0,71.63617648687665,12,-3.750274224740537,26.7312552,-0.6455651999999965,8.366410676835082,6.163226692087703,False,0,-0.08333333333333333,0.006944444444444444,-0.4987298945773968,-0.6878238381371617,scary,-0.680258450265244,-1.104095142782059
20,3,amusing-2,amusing,True,scary,scary-2,0,7,65.0,71.50756172673731,12,-3.878888984879879,26.6508288,-0.7259915999999969,8.366410676835082,6.163226692087703,False,0,0.08333333333333333,0.006944444444444444,-0.4987298945773968,-0.6878238381371617,scary,-0.7119399655540504,-1.1242943292429455
20,3,amusing-2,amusing,True,scary,scary-2,0,8,75.0,73.42797898799806,12,-1.9584717236191267,26.1457824,-1.2310379999999943,8.366410676835082,6.163226692087703,False,0,0.25,0.0625,-0.4987298945773968,-0.6878238381371617,scary,-0.23888594937733768,-1.2511373360790026
20,3,amusing-2,amusing,True,scary,scary-2,0,9,85.0,70.83695553515659,12,-4.549495176460596,25.7099316,-1.6668887999999988,8.366410676835082,6.163226692087703,False,0,0.4166666666666667,0.17361111111111113,-0.4987298945773968,-0.6878238381371617,scary,-0.8771295618983183,-1.3606017852937713
20,3,amusing-2,amusing,True,scary,scary-2,0,10,95.0,73.46454725421522,12,-1.9219034574019676,25.333219199999995,-2.043601200000001,8.366410676835082,6.163226692087703,False,0,0.5833333333333334,0.34027777777777785,-0.4987298945773968,-0.6878238381371617,scary,-0.2298781334471217,-1.4552135546845204
20,3,amusing-2,amusing,True,scary,scary-2,0,11,105.0,69.92657987888437,12,-5.459870832732818,24.9772032,-2.399617199999998,8.366410676835082,6.163226692087703,False,0,0.75,0.5625,-0.4987298945773968,-0.6878238381371617,scary,-1.1013812748548868,-1.544627398485299
20,3,amusing-2,amusing,True,scary,scary-2,0,12,115.0,76.1818178444557,12,0.795367132838507,24.618818399999995,-2.758002000000001,8.366410676835082,6.163226692087703,False,0,0.9166666666666666,0.8402777777777777,-0.4987298945773968,-0.6878238381371617,scary,0.4394637807722126,-1.63463616923654
20,6,amusing-1,amusing,True,boring,boring-1,0,1,5.0,71.95984801666133,12,2.391611346689359,18.4926636,3.2680544000000005,5.931595233555767,6.305986653956149,False,0,-0.9166666666666666,0.8402777777777777,-0.3983680723511493,0.5691131249561289,boring,0.8326646498714917,-0.12118490388810949
20,6,amusing-1,amusing,True,boring,boring-1,0,2,15.0,73.55534951589901,12,3.987112845927044,20.1765336,4.951924399999999,5.931595233555767,6.305986653956149,False,0,-0.75,0.5625,-0.3983680723511493,0.5691131249561289,boring,1.2256825669958435,0.3017210586551982
20,6,amusing-1,amusing,True,boring,boring-1,0,3,25.0,69.64834097379597,12,0.080104303824001,19.2644208,4.0398116,5.931595233555767,6.305986653956149,False,0,-0.5833333333333334,0.34027777777777785,-0.3983680723511493,0.5691131249561289,boring,0.2632739699885406,0.07264283905863113
20,6,amusing-1,amusing,True,boring,boring-1,0,4,35.0,68.97314179838332,11,-0.5950948715886426,18.8914512,3.6668420000000026,5.931595233555767,6.305986653956149,False,0,-0.4166666666666667,0.17361111111111113,-0.3983680723511493,0.5691131249561289,boring,0.09695298959990034,-0.021028921639873827
20,6,amusing-1,amusing,True,boring,boring-1,0,5,45.0,70.46810847220793,12,0.899871802235964,18.5468736,3.3222644000000017,5.931595233555767,6.305986653956149,False,0,-0.25,0.0625,-0.3983680723511493,0.5691131249561289,boring,0.4652062871352473,-0.10756999761299725
20,6,amusing-1,amusing,True,boring,boring-1,0,6,55.0,71.86606789387561,12,2.2978312239036427,18.2436936,3.019084400000004,5.931595233555767,6.305986653956149,False,0,-0.08333333333333333,0.006944444444444444,-0.3983680723511493,0.5691131249561289,boring,0.8095639078524348,-0.18371401688044608
20,6,amusing-1,amusing,True,boring,boring-1,0,7,65.0,72.58070893174929,12,3.0124722617773187,17.953123199999993,2.728513999999997,5.931595233555767,6.305986653956149,False,0,0.08333333333333333,0.006944444444444444,-0.3983680723511493,0.5691131249561289,boring,0.985600553591027,-0.2566911200407833
20,6,amusing-1,amusing,True,boring,boring-1,0,8,75.0,74.49833067178136,12,4.930094001809394,17.729186399999996,2.5045772,5.931595233555767,6.305986653956149,False,0,0.25,0.0625,-0.3983680723511493,0.5691131249561289,boring,1.457965952470234,-0.312933114941142
20,6,amusing-1,amusing,True,boring,boring-1,0,9,85.0,75.88225614120034,13,6.314019471228377,17.8506168,2.6260076000000048,5.931595233555767,6.305986653956149,False,0,0.4166666666666667,0.17361111111111113,-0.3983680723511493,0.5691131249561289,boring,1.7988666070332435,-0.28243572488489005
20,6,amusing-1,amusing,True,boring,boring-1,0,10,95.0,74.61835602548108,12,5.050119355509111,17.573061599999996,2.3484523999999998,5.931595233555767,6.305986653956149,False,0,0.5833333333333334,0.34027777777777785,-0.3983680723511493,0.5691131249561289,boring,1.4875316498611262,-0.3521440450134644
20,6,amusing-1,amusing,True,boring,boring-1,0,11,105.0,77.48899726889982,13,7.920760598927856,17.403134399999992,2.178525199999996,5.931595233555767,6.305986653956149,False,0,0.75,0.5625,-0.3983680723511493,0.5691131249561289,boring,2.1946531679786236,-0.3948214643381692
20,6,amusing-1,amusing,True,boring,boring-1,0,12,115.0,80.41410546764202,13,10.84586879767005,17.303385599999995,2.078776399999999,5.931595233555767,6.305986653956149,False,0,0.9166666666666666,0.8402777777777777,-0.3983680723511493,0.5691131249561289,boring,2.9151914640455967,-0.4198734946472422
20,8,scary-1,scary,True,relaxed,relaxed-1,1,1,5.0,74.64313919626865,12,0.1527825735328321,27.247537199999996,4.458101399999997,2.4440926596758814,8.640247473784557,False,1,-0.9166666666666666,0.8402777777777777,1.2426429391619733,1.4070711003516558,relaxed,0.281176718556821,0.17769682213989413
20,8,scary-1,scary,True,relaxed,relaxed-1,1,2,15.0,72.93198007750799,13,-1.55837654522783,26.860178399999995,4.070742599999999,2.4440926596758814,8.640247473784557,False,1,-0.75,0.5625,1.2426429391619733,1.4070711003516558,relaxed,-0.14033099738389024,0.08041119666784478
20,8,scary-1,scary,True,relaxed,relaxed-1,1,3,25.0,67.59291360043008,11,-6.897443022305737,26.2108368,3.421401000000003,2.4440926596758814,8.640247473784557,False,1,-0.5833333333333334,0.34027777777777785,1.2426429391619733,1.4070711003516558,relaxed,-1.455496659849379,-0.08267172206543628
20,8,scary-1,scary,True,relaxed,relaxed-1,1,4,35.0,71.43417727087905,11,-3.0561793518567697,25.6821312,2.892695400000001,2.4440926596758814,8.640247473784557,False,1,-0.4166666666666667,0.17361111111111113,1.2426429391619733,1.4070711003516558,relaxed,-0.5092829160161021,-0.2154567652516906
20,8,scary-1,scary,True,relaxed,relaxed-1,1,5,45.0,71.97087565824988,12,-2.519480964485936,25.3028592,2.513423400000004,2.4440926596758814,8.640247473784557,False,1,-0.25,0.0625,1.2426429391619733,1.4070711003516558,relaxed,-0.37707866398044754,-0.3107113812408846
20,8,scary-1,scary,True,relaxed,relaxed-1,1,6,55.0,71.52355058439976,12,-2.96680603833606,24.9336348,2.1441990000000004,2.4440926596758814,8.640247473784557,False,1,-0.08333333333333333,0.006944444444444444,1.2426429391619733,1.4070711003516558,relaxed,-0.48726769788989316,-0.40344253048428047
20,8,scary-1,scary,True,relaxed,relaxed-1,1,7,65.0,74.3194441227803,13,-0.17091249995552,24.5620512,1.7726153999999994,2.4440926596758814,8.640247473784557,False,1,0.08333333333333333,0.006944444444444444,1.2426429391619733,1.4070711003516558,relaxed,0.20144131020616154,-0.4967661956266655
20,8,scary-1,scary,True,relaxed,relaxed-1,1,8,75.0,74.81190794786166,12,0.3215513251258386,24.5054736,1.7160378000000025,2.4440926596758814,8.640247473784557,False,1,0.25,0.0625,1.2426429391619733,1.4070711003516558,relaxed,0.32274931705231097,-0.5109757274708037
20,8,scary-1,scary,True,relaxed,relaxed-1,1,9,85.0,73.13547897916115,12,-1.3548776435746674,24.6058104,1.8163746000000032,2.4440926596758814,8.640247473784557,False,1,0.4166666666666667,0.17361111111111113,1.2426429391619733,1.4070711003516558,relaxed,-0.09020336384482285,-0.4857760202591332
20,8,scary-1,scary,True,relaxed,relaxed-1,1,10,95.0,72.42867197998002,12,-2.061684642755793,25.7010612,2.911625400000002,2.4440926596758814,8.640247473784557,False,1,0.5833333333333334,0.34027777777777785,1.2426429391619733,1.4070711003516558,relaxed,-0.26431026049130285,-0.210702473132379
20,8,scary-1,scary,True,relaxed,relaxed-1,1,11,105.0,72.23094746693518,12,-2.25940915580064,24.9362016,2.1467658000000007,2.4440926596758814,8.640247473784557,False,1,0.75,0.5625,1.2426429391619733,1.4070711003516558,relaxed,-0.31301549600404993,-0.4027978755972308
20,8,scary-1,scary,True,relaxed,relaxed-1,1,12,115.0,73.09565373699893,12,-1.3947028857368906,24.26674933333333,1.4773135333333336,2.4440926596758814,8.640247473784557,False,1,0.9166666666666666,0.8402777777777777,1.2426429391619733,1.4070711003516558,relaxed,-0.10001346664387897,-0.5709316122939272
21,1,amusing-1,amusing,True,,,0,1,5.0,75.7433122489519,13,0.0695513810826469,10.2129048,-0.5513015999999986,5.275604194470925,5.750560533841754,False,0,-0.9166666666666666,0.8402777777777777,-0.7888387393166058,-1.5257818135326888,none,0.4829505624331345,-0.8947646635140037
21,1,amusing-1,amusing,True,,,0,2,15.0,85.46448162833265,14,9.7907207604634,10.3802688,-0.3839375999999976,5.275604194470925,5.750560533841754,False,0,-0.75,0.5625,-0.7888387393166058,-1.5257818135326888,none,1.7227022761835773,-0.6429279036016501
21,1,amusing-1,amusing,True,,,0,3,25.0,77.72540906927128,13,2.051648201402031,10.429939199999998,-0.3342671999999993,5.275604194470925,5.750560533841754,False,0,-0.5833333333333334,0.34027777777777785,-0.7888387393166058,-1.5257818135326888,none,0.7357296092649255,-0.5681876213453102
21,1,amusing-1,amusing,True,,,0,4,35.0,80.28423561408125,13,4.610474746212006,10.353455999999998,-0.4107503999999995,5.275604194470925,5.750560533841754,False,0,-0.4166666666666667,0.17361111111111113,-0.7888387393166058,-1.5257818135326888,none,1.062059649439616,-0.6832737884764045
21,1,amusing-1,amusing,True,,,0,5,45.0,79.11250396900037,13,3.438743101131124,10.433493599999997,-0.3307128000000023,5.275604194470925,5.750560533841754,False,0,-0.25,0.0625,-0.7888387393166058,-1.5257818135326888,none,0.912627388941632,-0.5628392275483663
21,1,amusing-1,amusing,True,,,0,6,55.0,78.9127920536608,13,3.2390311857915464,10.330792799999998,-0.4334135999999997,5.275604194470925,5.750560533841754,False,0,-0.08333333333333333,0.006944444444444444,-0.7888387393166058,-1.5257818135326888,none,0.8871579027475341,-0.7173756673586352
21,1,amusing-1,amusing,True,,,0,7,65.0,77.22025325426839,13,1.546492386399137,10.254895199999996,-0.5093112000000009,5.275604194470925,5.750560533841754,False,0,0.08333333333333333,0.006944444444444444,-0.7888387393166058,-1.5257818135326888,none,0.6713065174618761,-0.8315806676521513
21,1,amusing-1,amusing,True,,,0,8,75.0,66.33596762408253,11,-9.33779324378672,10.2158616,-0.5483447999999971,5.275604194470925,5.750560533841754,False,0,0.25,0.0625,-0.7888387393166058,-1.5257818135326888,none,-0.7167787258210473,-0.890315493252124
21,1,amusing-1,amusing,True,,,0,9,85.0,75.52854096220197,12,-0.1452199056672753,10.133464799999995,-0.6307416000000003,5.275604194470925,5.750560533841754,False,0,0.4166666666666667,0.17361111111111113,-0.7888387393166058,-1.5257818135326888,none,0.4555605375892751,-1.0143000009069776
21,1,amusing-1,amusing,True,,,0,10,95.0,88.96073351869741,15,13.286972650828162,10.139183999999997,-0.6250224000000006,5.275604194470925,5.750560533841754,False,0,0.5833333333333334,0.34027777777777785,-0.7888387393166058,-1.5257818135326888,none,2.16858322976275,-1.0056941788825837
21,1,amusing-1,amusing,True,,,0,11,105.0,78.27963624606541,13,2.60587537819616,10.372384799999995,-0.3918216000000001,5.275604194470925,5.750560533841754,False,0,0.75,0.5625,-0.7888387393166058,-1.5257818135326888,none,0.8064108272771313,-0.6547911538534941
21,1,amusing-1,amusing,True,,,0,12,115.0,78.33465977920801,13,2.660898911338762,10.457935199999998,-0.3062711999999994,5.275604194470925,5.750560533841754,False,0,0.9166666666666666,0.8402777777777777,-0.7888387393166058,-1.5257818135326888,none,0.8134280406233811,-0.5260613460979082
21,4,scary-1,scary,True,boring,boring-1,0,1,5.0,80.97480050233499,14,-1.8785161295010084,10.878211199999996,-0.4404806000000008,4.837481792183032,6.107780743565299,False,1,-0.9166666666666666,0.8402777777777777,-0.5377090057787502,-0.26884485043939826,boring,0.23451131191762795,-0.7280095574562718
21,4,scary-1,scary,True,boring,boring-1,0,2,15.0,80.60912415737,13,-2.24419247446599,11.061736799999997,-0.2569550000000014,4.837481792183032,6.107780743565299,False,1,-0.75,0.5625,-0.5377090057787502,-0.26884485043939826,boring,0.18787619450984827,-0.45185403736252283
21,4,scary-1,scary,True,boring,boring-1,0,3,25.0,76.50715344939859,13,-6.346163182437408,10.974407999999997,-0.3442838000000012,4.837481792183032,6.107780743565299,False,1,-0.5833333333333334,0.34027777777777785,-0.5377090057787502,-0.26884485043939826,boring,-0.33525276420865824,-0.5832598476863307
21,4,scary-1,scary,True,boring,boring-1,0,4,35.0,75.98051138670762,13,-6.872805245128376,10.831687199999998,-0.4870046000000005,4.837481792183032,6.107780743565299,False,1,-0.4166666666666667,0.17361111111111113,-0.5377090057787502,-0.26884485043939826,boring,-0.40241602145413446,-0.7980153736303726
21,4,scary-1,scary,True,boring,boring-1,0,5,45.0,82.8102358344879,13,-0.0430807973480966,10.769793599999998,-0.5488982,4.837481792183032,6.107780743565299,False,1,-0.25,0.0625,-0.5377090057787502,-0.26884485043939826,boring,0.46858645346810224,-0.8911482079514395
21,4,scary-1,scary,True,boring,boring-1,0,6,55.0,75.73048663922721,13,-7.122829992608786,10.721296799999996,-0.5973950000000023,4.837481792183032,6.107780743565299,False,1,-0.08333333333333333,0.006944444444444444,-0.5377090057787502,-0.26884485043939826,boring,-0.43430195997366317,-0.9641225451931279
21,4,scary-1,scary,True,boring,boring-1,0,7,65.0,67.21464046953088,11,-15.638676162305115,10.663737599999996,-0.6549542000000024,4.837481792183032,6.107780743565299,False,1,0.08333333333333333,0.006944444444444444,-0.5377090057787502,-0.26884485043939826,boring,-1.520337443041102,-1.0507333003803072
21,4,scary-1,scary,True,boring,boring-1,0,8,75.0,84.48265423135608,14,1.6293375995200847,10.631602799999998,-0.6870890000000003,4.837481792183032,6.107780743565299,False,1,0.25,0.0625,-0.5377090057787502,-0.26884485043939826,boring,0.6818718610881855,-1.0990873305924849
21,4,scary-1,scary,True,boring,boring-1,0,9,85.0,92.301889806611,15,9.448573174775008,10.853375999999995,-0.4653158000000008,4.837481792183032,6.107780743565299,False,1,0.4166666666666667,0.17361111111111113,-0.5377090057787502,-0.26884485043939826,boring,1.6790678080287,-0.765379698584443
21,4,scary-1,scary,True,boring,boring-1,0,10,95.0,76.1434701928848,12,-6.709846438951189,10.873876799999994,-0.4448150000000037,4.837481792183032,6.107780743565299,False,1,0.5833333333333334,0.34027777777777785,-0.5377090057787502,-0.26884485043939826,boring,-0.3816337007945017,-0.7345316365901646
21,4,scary-1,scary,True,boring,boring-1,0,11,105.0,79.64434795402717,14,-3.2089686778088264,10.850215199999996,-0.4684766000000007,4.837481792183032,6.107780743565299,False,1,0.75,0.5625,-0.5377090057787502,-0.26884485043939826,boring,0.06483719531116146,-0.7701358327036739
21,4,scary-1,scary,True,boring,boring-1,0,12,115.0,81.89917989137567,13,-0.9541367404603278,11.029214399999995,-0.2894774000000026,4.837481792183032,6.107780743565299,False,1,0.9166666666666666,0.8402777777777777,-0.5377090057787502,-0.26884485043939826,boring,0.35239845974878453,-0.5007912989036774
21,7,amusing-2,amusing,True,boring,boring-2,0,1,5.0,68.92326812336724,11,-20.05899774773405,10.839969599999996,0.8761663999999989,4.958594852240229,5.670867492850333,False,0,-0.9166666666666666,0.8402777777777777,-0.8448638230163362,0.9880921126538924,boring,-2.08406604882872,1.2531818243720698
21,7,amusing-2,amusing,True,boring,boring-2,0,2,15.0,69.54309064737282,12,-19.43917522372847,10.7977848,0.8339816000000031,4.958594852240229,5.670867492850333,False,0,-0.75,0.5625,-0.8448638230163362,0.9880921126538924,boring,-2.0050193820782236,1.1897053100108599
21,7,amusing-2,amusing,True,boring,boring-2,0,3,25.0,66.99484281769945,11,-21.98742305340184,10.718733599999997,0.754930400000001,4.958594852240229,5.670867492850333,False,0,-0.5833333333333334,0.34027777777777785,-0.8448638230163362,0.9880921126538924,boring,-2.330000306759905,1.0707550096166063
21,7,amusing-2,amusing,True,boring,boring-2,0,4,35.0,69.17886535492026,11,-19.80340051618103,10.625495999999998,0.6616928000000026,4.958594852240229,5.670867492850333,False,0,-0.4166666666666667,0.17361111111111113,-0.8448638230163362,0.9880921126538924,boring,-2.0514694451197215,0.9304580814480425
21,7,amusing-2,amusing,True,boring,boring-2,0,5,45.0,73.32253101514146,12,-15.659734855959826,10.571481599999997,0.6076784000000011,4.958594852240229,5.670867492850333,False,0,-0.25,0.0625,-0.8448638230163362,0.9880921126538924,boring,-1.5230230820346113,0.8491812746998163
21,7,amusing-2,amusing,True,boring,boring-2,0,6,55.0,80.85095386006003,14,-8.13131201104126,10.5835056,0.6197024000000031,4.958594852240229,5.670867492850333,False,0,-0.08333333333333333,0.006944444444444444,-0.8448638230163362,0.9880921126538924,boring,-0.562914811148756,0.8672740855861875
21,7,amusing-2,amusing,True,boring,boring-2,0,7,65.0,77.52139037686494,12,-11.460875494236348,10.864411199999996,0.9006080000000001,4.958594852240229,5.670867492850333,False,0,0.08333333333333333,0.006944444444444444,-0.8448638230163362,0.9880921126538924,boring,-0.987537803840089,1.2899597058225254
21,7,amusing-2,amusing,True,boring,boring-2,0,8,75.0,77.60275257411986,13,-11.379513296981427,11.398235999999994,1.434432799999998,4.958594852240229,5.670867492850333,False,0,0.25,0.0625,-0.8448638230163362,0.9880921126538924,boring,-0.977161590902658,2.0932191164057983
21,7,amusing-2,amusing,True,boring,boring-2,0,9,85.0,79.92088014760651,13,-9.06138572349478,11.566977599999998,1.603174400000002,4.958594852240229,5.670867492850333,False,0,0.4166666666666667,0.17361111111111113,-0.8448638230163362,0.9880921126538924,boring,-0.6815281624780937,2.3471287851901677
21,7,amusing-2,amusing,True,boring,boring-2,0,10,95.0,81.76300725572871,14,-7.219258615372581,11.510992799999997,1.5471895999999994,4.958594852240229,5.670867492850333,False,0,0.5833333333333334,0.34027777777777785,-0.8448638230163362,0.9880921126538924,boring,-0.44659961117801095,2.2628870687138543
21,7,amusing-2,amusing,True,boring,boring-2,0,11,105.0,83.56491577244192,14,-5.4173500986593695,11.380490399999996,1.4166872,4.958594852240229,5.670867492850333,False,0,0.75,0.5625,-0.8448638230163362,0.9880921126538924,boring,-0.2168001822785398,2.0665168721555403
21,7,amusing-2,amusing,True,boring,boring-2,0,12,115.0,77.21316481959599,12,-11.769101051505302,11.379707999999995,1.4159048000000016,4.958594852240229,5.670867492850333,False,0,0.9166666666666666,0.8402777777777777,-0.8448638230163362,0.9880921126538924,boring,-1.0268461573861531,2.0653395754791046
21,8,scary-2,scary,True,amusing,amusing-2,1,1,5.0,81.57585969207504,13,1.842362126249867,10.979925599999998,-0.3702103999999959,4.781070352716873,6.847657959961869,False,1,-0.9166666666666666,0.8402777777777777,-0.01756719087920494,1.4070711003516558,amusing,0.7090391196532192,-0.6222722454513353
21,8,scary-2,scary,True,amusing,amusing-2,1,2,15.0,78.65784375100345,13,-1.0756538148217205,10.878208799999998,-0.4719271999999961,4.781070352716873,6.847657959961869,False,1,-0.75,0.5625,-0.01756719087920494,1.4070711003516558,amusing,0.33690124996772486,-0.7753280360673148
21,8,scary-2,scary,True,amusing,amusing-2,1,3,25.0,79.34738453430973,13,-0.3861130315154497,11.259453599999995,-0.0906823999999968,4.781070352716873,6.847657959961869,False,1,-0.5833333333333334,0.34027777777777785,-0.01756719087920494,1.4070711003516558,amusing,0.4248391650932432,-0.20165953408700535
21,8,scary-2,scary,True,amusing,amusing-2,1,4,35.0,78.56098906466175,13,-1.1725085011634206,11.584319999999996,0.2341840000000026,4.781070352716873,6.847657959961869,False,1,-0.4166666666666667,0.17361111111111113,-0.01756719087920494,1.4070711003516558,amusing,0.3245492623939282,0.28717499173927746
21,8,scary-2,scary,True,amusing,amusing-2,1,5,45.0,79.91113585528845,14,0.1776382894632746,11.417551199999998,0.0674152000000045,4.781070352716873,6.847657959961869,False,1,-0.25,0.0625,-0.01756719087920494,1.4070711003516558,amusing,0.4967350079735131,0.03623384402250093
21,8,scary-2,scary,True,amusing,amusing-2,1,6,55.0,84.27139048067376,14,4.537892914848584,11.413209599999997,0.0630736000000027,4.781070352716873,6.847657959961869,False,1,-0.08333333333333333,0.006944444444444444,-0.01756719087920494,1.4070711003516558,amusing,1.0528032064842232,0.029700930870114984
21,8,scary-2,scary,True,amusing,amusing-2,1,7,65.0,77.79840836944932,12,-1.935089196375856,11.480632799999997,0.1304968000000013,4.781070352716873,6.847657959961869,False,1,0.08333333333333333,0.006944444444444444,-0.01756719087920494,1.4070711003516558,amusing,0.22729648478387024,0.13115429139521087
21,8,scary-2,scary,True,amusing,amusing-2,1,8,75.0,74.58081289234947,13,-5.152684673475704,11.730590399999995,0.3804544000000032,4.781070352716873,6.847657959961869,False,1,0.25,0.0625,-0.01756719087920494,1.4070711003516558,amusing,-0.1830471015907471,0.5072716888012732
21,8,scary-2,scary,True,amusing,amusing-2,1,9,85.0,73.11070637055163,12,-6.62279119527355,11.592599999999996,0.2424640000000018,4.781070352716873,6.847657959961869,False,1,0.4166666666666667,0.17361111111111113,-0.01756719087920494,1.4070711003516558,amusing,-0.3705314472148824,0.29963411300833215
21,8,scary-2,scary,True,amusing,amusing-2,1,10,95.0,75.70919029632158,12,-4.024307269503595,11.460916799999994,0.1107808000000005,4.781070352716873,6.847657959961869,False,1,0.5833333333333334,0.34027777777777785,-0.01756719087920494,1.4070711003516558,amusing,-0.03914385644218757,0.10148713741686345
21,8,scary-2,scary,True,amusing,amusing-2,1,11,105.0,81.1458679847296,14,1.4123704189044304,11.537013599999998,0.1868776000000043,4.781070352716873,6.847657959961869,False,1,0.75,0.5625,-0.01756719087920494,1.4070711003516558,amusing,0.6542017914187489,0.21599187888874052
21,8,scary-2,scary,True,amusing,amusing-2,1,12,115.0,81.20998330781934,13,1.4764857419941677,11.416189333333328,0.0660533333333344,4.781070352716873,6.847657959961869,False,1,0.9166666666666666,0.8402777777777777,-0.01756719087920494,1.4070711003516558,amusing,0.6623784910086936,0.034184609487195636
22,1,amusing-2,amusing,True,,,0,1,5.0,76.24104414806422,13,-9.579340130146091,10.148841599999995,-0.3294956000000013,4.23255209269978,7.1377749697223365,False,0,-0.9166666666666666,0.8402777777777777,0.18638825557308325,-1.5257818135326888,none,-1.5861452321450897,-0.773152708657939
22,1,amusing-2,amusing,True,,,0,2,15.0,75.84536686428545,13,-9.97501741392486,10.017943199999996,-0.4603940000000008,4.23255209269978,7.1377749697223365,False,0,-0.75,0.5625,0.18638825557308325,-1.5257818135326888,none,-1.6683388158684975,-0.8324160067370816
22,1,amusing-2,amusing,True,,,0,3,25.0,81.04371808698664,13,-4.7766661912236685,9.8837016,-0.5946355999999966,4.23255209269978,7.1377749697223365,False,0,-0.5833333333333334,0.34027777777777785,0.18638825557308325,-1.5257818135326888,none,-0.5884913392424064,-0.8931929142884407
22,1,amusing-2,amusing,True,,,0,4,35.0,77.30859429363987,13,-8.511789984570441,9.744727199999994,-0.7336100000000023,4.23255209269978,7.1377749697223365,False,0,-0.4166666666666667,0.17361111111111113,0.18638825557308325,-1.5257818135326888,none,-1.3643842772797385,-0.9561125626001876
22,1,amusing-2,amusing,True,,,0,5,45.0,78.77460904818011,13,-7.045775230030202,9.614234399999996,-0.8641027999999995,4.23255209269978,7.1377749697223365,False,0,-0.25,0.0625,0.18638825557308325,-1.5257818135326888,none,-1.0598507308595542,-1.0151922282307975
22,1,amusing-2,amusing,True,,,0,6,55.0,79.89192024359008,13,-5.928464034620234,9.482551199999998,-0.995785999999999,4.23255209269978,7.1377749697223365,False,0,-0.08333333333333333,0.006944444444444444,0.18638825557308325,-1.5257818135326888,none,-0.8277529707658076,-1.074810838799111
22,1,amusing-2,amusing,True,,,0,7,65.0,75.62926412164138,12,-10.191120156568928,9.358558799999996,-1.1197783999999995,4.23255209269978,7.1377749697223365,False,0,0.08333333333333333,0.006944444444444444,0.18638825557308325,-1.5257818135326888,none,-1.7132295882189883,-1.1309474956318024
22,1,amusing-2,amusing,True,,,0,8,75.0,76.18297410858285,13,-9.637410169627458,9.219775199999996,-1.2585619999999995,4.23255209269978,7.1377749697223365,False,0,0.25,0.0625,0.18638825557308325,-1.5257818135326888,none,-1.5982080541659818,-1.1937807606319593
22,1,amusing-2,amusing,True,,,0,9,85.0,78.1660584959168,13,-7.654325782293512,9.082384799999996,-1.3959524000000003,4.23255209269978,7.1377749697223365,False,0,0.4166666666666667,0.17361111111111113,0.18638825557308325,-1.5257818135326888,none,-1.1862642320079977,-1.2559832644701479
22,1,amusing-2,amusing,True,,,0,10,95.0,84.8021208556908,14,-1.0182634225195102,8.959766399999998,-1.518570799999999,4.23255209269978,7.1377749697223365,False,0,0.5833333333333334,0.34027777777777785,0.18638825557308325,-1.5257818135326888,none,0.1922373133746445,-1.311497852801155
22,1,amusing-2,amusing,True,,,0,11,105.0,92.47329561902434,15,6.652911340814029,9.295478399999997,-1.1828588,4.23255209269978,7.1377749697223365,False,0,0.75,0.5625,0.18638825557308325,-1.5257818135326888,none,1.7857615590563474,-1.1595066877086466
22,1,amusing-2,amusing,True,,,0,12,115.0,94.98912222016676,16,9.16873794195645,9.444700799999996,-1.033636400000001,4.23255209269978,7.1377749697223365,False,0,0.9166666666666666,0.8402777777777777,0.18638825557308325,-1.5257818135326888,none,2.3083713040479084,-1.0919473319695006
22,2,scary-2,scary,True,amusing,amusing-2,0,1,5.0,81.17025919873655,13,-3.2664115856718468,10.942869599999998,1.7160922000000003,1.16726577693041,8.606721258341276,False,1,-0.9166666666666666,0.8402777777777777,1.2190736412285788,-1.1068028258349254,amusing,-0.274767899828353,0.15297228246844805
22,2,scary-2,scary,True,amusing,amusing-2,0,2,15.0,76.66402156337485,13,-7.772649221033546,10.740616799999994,1.5138393999999966,1.16726577693041,8.606721258341276,False,1,-0.75,0.5625,1.2190736412285788,-1.1068028258349254,amusing,-1.2108434228466562,0.06140379902066342
22,2,scary-2,scary,True,amusing,amusing-2,0,3,25.0,81.73237252631749,13,-2.704298258090901,10.5868584,1.360081000000001,1.16726577693041,8.606721258341276,False,1,-0.5833333333333334,0.34027777777777785,1.2190736412285788,-1.1068028258349254,amusing,-0.1580007495605092,-0.008209197710937791
22,2,scary-2,scary,True,amusing,amusing-2,0,4,35.0,79.24374033297129,13,-5.192930451437107,10.453600799999997,1.2268233999999971,1.16726577693041,8.606721258341276,False,1,-0.4166666666666667,0.17361111111111113,1.2190736412285788,-1.1068028258349254,amusing,-0.6749614317282957,-0.06854060642266706
22,2,scary-2,scary,True,amusing,amusing-2,0,5,45.0,81.20175886392875,14,-3.2349119204796466,10.617019199999996,1.3902417999999983,1.16726577693041,8.606721258341276,False,1,-0.25,0.0625,1.2190736412285788,-1.1068028258349254,amusing,-0.26822451087382804,0.005445885015094419
22,2,scary-2,scary,True,amusing,amusing-2,0,6,55.0,85.32995455698925,14,0.8932837725808582,10.483953599999998,1.2571762,1.16726577693041,8.606721258341276,False,1,-0.08333333333333333,0.006944444444444444,1.2190736412285788,-1.1068028258349254,amusing,0.5893207974737078,-0.05479859709377704
22,2,scary-2,scary,True,amusing,amusing-2,0,7,65.0,77.24404450296596,13,-7.192626281442429,10.362921599999998,1.1361442000000004,1.16726577693041,8.606721258341276,False,1,0.08333333333333333,0.006944444444444444,1.2190736412285788,-1.1068028258349254,amusing,-1.0903559296262089,-0.10959495436869254
22,2,scary-2,scary,True,amusing,amusing-2,0,8,75.0,79.88947646136337,13,-4.547194323045019,10.222567199999997,0.995789799999999,1.16726577693041,8.606721258341276,False,1,0.25,0.0625,1.2190736412285788,-1.1068028258349254,amusing,-0.5408234139342296,-0.1731393876384601
22,2,scary-2,scary,True,amusing,amusing-2,0,9,85.0,78.17013986089276,13,-6.266530923515632,10.066833599999995,0.8400561999999994,1.16726577693041,8.606721258341276,False,1,0.4166666666666667,0.17361111111111113,1.2190736412285788,-1.1068028258349254,amusing,-0.8979792139081159,-0.24364664179693707
22,2,scary-2,scary,True,amusing,amusing-2,0,10,95.0,90.61429098737128,15,6.177620202962885,9.934360799999997,0.7075833999999972,1.16726577693041,8.606721258341276,False,1,0.5833333333333334,0.34027777777777785,1.2190736412285788,-1.1068028258349254,amusing,1.6870298816679525,-0.3036227380194945
22,2,scary-2,scary,True,amusing,amusing-2,0,11,105.0,86.4772422878128,14,2.040571503404408,9.779025599999995,0.5522481999999975,1.16726577693041,8.606721258341276,False,1,0.75,0.5625,1.2190736412285788,-1.1068028258349254,amusing,0.8276455485377814,-0.37394961947704675
22,2,scary-2,scary,True,amusing,amusing-2,0,12,115.0,79.9851454620736,13,-4.451525322334788,9.624479999999998,0.3977026000000006,1.16726577693041,8.606721258341276,False,1,0.9166666666666666,0.8402777777777777,1.2190736412285788,-1.1068028258349254,amusing,-0.5209502032598264,-0.4439190152803553
22,5,scary-1,scary,True,relaxed,relaxed-2,0,1,5.0,84.41337854900898,14,0.7853273454062872,11.416171199999996,5.0882776000000005,0.5714014299332698,6.495794852240229,False,1,-0.9166666666666666,0.8402777777777777,-0.26493082283138986,0.1501341372583653,relaxed,0.5668951339362116,1.6797046836157024
22,5,scary-1,scary,True,relaxed,relaxed-2,0,2,15.0,79.02266239731391,13,-4.605388806288786,11.231459999999998,4.903566400000002,0.5714014299332698,6.495794852240229,False,1,-0.75,0.5625,-0.26493082283138986,0.1501341372583653,relaxed,-0.5529120865137033,1.5960780319212882
22,5,scary-1,scary,True,relaxed,relaxed-2,0,3,25.0,83.73413488406553,14,0.1060836804628309,11.171534399999995,4.843640799999998,0.5714014299332698,6.495794852240229,False,1,-0.5833333333333334,0.34027777777777785,-0.26493082283138986,0.1501341372583653,relaxed,0.42579663439652193,1.5689471525876089
22,5,scary-1,scary,True,relaxed,relaxed-2,0,4,35.0,81.64003012207955,13,-1.988021081523144,11.234615999999995,4.9067224000000005,0.5714014299332698,6.495794852240229,False,1,-0.4166666666666667,0.17361111111111113,-0.26493082283138986,0.1501341372583653,relaxed,-0.009209321558528303,1.5975068879557217
22,5,scary-1,scary,True,relaxed,relaxed-2,0,5,45.0,84.01044034369902,14,0.3823891400963219,11.095053599999998,4.767160000000001,0.5714014299332698,6.495794852240229,False,1,-0.25,0.0625,-0.26493082283138986,0.1501341372583653,relaxed,0.48319324739571023,1.5343210269227334
22,5,scary-1,scary,True,relaxed,relaxed-2,0,6,55.0,78.67510377585583,13,-4.952947427746864,10.9633704,4.635476800000002,0.5714014299332698,6.495794852240229,False,1,-0.08333333333333333,0.006944444444444444,-0.26493082283138986,0.1501341372583653,relaxed,-0.6251100362640334,1.4747024163544198
22,5,scary-1,scary,True,relaxed,relaxed-2,0,7,65.0,83.90667398375918,14,0.278622780156482,10.880971199999998,4.553077600000001,0.5714014299332698,6.495794852240229,False,1,0.08333333333333333,0.006944444444444444,-0.26493082283138986,0.1501341372583653,relaxed,0.46163798167022774,1.4373967781565276
22,5,scary-1,scary,True,relaxed,relaxed-2,0,8,75.0,86.31621154581481,14,2.6881603422121145,10.874857199999996,4.546963599999999,0.5714014299332698,6.495794852240229,False,1,0.25,0.0625,-0.26493082283138986,0.1501341372583653,relaxed,0.9621684277199138,1.4346287091468528
22,5,scary-1,scary,True,relaxed,relaxed-2,0,9,85.0,87.48447666946176,15,3.856425465859061,12.628703999999995,6.300810399999999,0.5714014299332698,6.495794852240229,False,1,0.4166666666666667,0.17361111111111113,-0.26493082283138986,0.1501341372583653,relaxed,1.2048507882905588,2.228670085462766
22,5,scary-1,scary,True,relaxed,relaxed-2,0,10,95.0,78.91672693982544,13,-4.711324263777257,11.4345072,5.106613600000004,0.5714014299332698,6.495794852240229,False,1,0.5833333333333334,0.34027777777777785,-0.26493082283138986,0.1501341372583653,relaxed,-0.5749179363598231,1.6880061741883858
22,5,scary-1,scary,True,relaxed,relaxed-2,0,11,105.0,82.27926662967684,13,-1.3487845739258546,11.113581599999998,4.785688000000001,0.5714014299332698,6.495794852240229,False,1,0.75,0.5625,-0.26493082283138986,0.1501341372583653,relaxed,0.12357853753836487,1.5427094440982707
22,5,scary-1,scary,True,relaxed,relaxed-2,0,12,115.0,86.32596420094708,15,2.697912997344389,10.974014399999998,4.646120800000001,0.5714014299332698,6.495794852240229,False,1,0.9166666666666666,0.8402777777777777,-0.26493082283138986,0.1501341372583653,relaxed,0.9641943354710101,1.4795214099002105
22,8,amusing-1,amusing,True,boring,boring-1,1,1,5.0,90.55613297429538,15,5.693526495588074,8.200041599999997,0.8570412000000012,7.298829361296472,5.509152335557674,False,0,-0.9166666666666666,0.8402777777777777,-0.9585513559567803,1.4070711003516558,boring,1.5864696567111582,-0.23595680664330382
22,8,amusing-1,amusing,True,boring,boring-1,1,2,15.0,89.58295247387262,15,4.720345995165317,8.155492799999996,0.8124924,7.298829361296472,5.509152335557674,False,0,-0.75,0.5625,-0.9585513559567803,1.4070711003516558,boring,1.384311998895732,-0.25612595167080754
22,8,amusing-1,amusing,True,boring,boring-1,1,3,25.0,85.98932653298672,14,1.1267200542794171,8.073881999999998,0.7308816000000018,7.298829361296472,5.509152335557674,False,0,-0.5833333333333334,0.34027777777777785,-0.9585513559567803,1.4070711003516558,boring,0.6378122458091632,-0.2930746475057238
22,8,amusing-1,amusing,True,boring,boring-1,1,4,35.0,86.17679372545447,15,1.3141872467471671,8.030512799999997,0.687512400000001,7.298829361296472,5.509152335557674,False,0,-0.4166666666666667,0.17361111111111113,-0.9585513559567803,1.4070711003516558,boring,0.6767545884989837,-0.31270973721693507
22,8,amusing-1,amusing,True,boring,boring-1,1,5,45.0,79.52621088500005,13,-5.336395593707252,7.958757599999997,0.6157572000000009,7.298829361296472,5.509152335557674,False,0,-0.25,0.0625,-0.9585513559567803,1.4070711003516558,boring,-0.7047632795118163,-0.3451963818690356
22,8,amusing-1,amusing,True,boring,boring-1,1,6,55.0,80.11045182094459,13,-4.752154657762716,7.868080799999999,0.5250804000000029,7.298829361296472,5.509152335557674,False,0,-0.08333333333333333,0.006944444444444444,-0.9585513559567803,1.4070711003516558,boring,-0.583399586795889,-0.386249643232526
22,8,amusing-1,amusing,True,boring,boring-1,1,7,65.0,82.12319127035826,14,-2.739415208349044,7.763800799999997,0.4208004000000009,7.298829361296472,5.509152335557674,False,0,0.08333333333333333,0.006944444444444444,-0.9585513559567803,1.4070711003516558,boring,-0.16529555295075699,-0.4334616544083168
22,8,amusing-1,amusing,True,boring,boring-1,1,8,75.0,86.3260276975114,14,1.4634212188041005,7.672331999999997,0.3293316000000015,7.298829361296472,5.509152335557674,False,0,0.25,0.0625,-0.9585513559567803,1.4070711003516558,boring,0.7077547886102857,-0.474873488008586
22,8,amusing-1,amusing,True,boring,boring-1,1,9,85.0,85.58619196743346,14,0.7235854887261581,7.576725599999999,0.2337252000000029,7.298829361296472,5.509152335557674,False,0,0.4166666666666667,0.17361111111111113,-0.9585513559567803,1.4070711003516558,boring,0.5540695695828275,-0.5181585899003867
22,8,amusing-1,amusing,True,boring,boring-1,1,10,95.0,83.51178193102926,14,-1.3508245476780445,7.481116799999998,0.1381164000000021,7.298829361296472,5.509152335557674,False,0,0.5833333333333334,0.34027777777777785,-0.9585513559567803,1.4070711003516558,boring,0.12315477615435799,-0.5614447783747241
22,8,amusing-1,amusing,True,boring,boring-1,1,11,105.0,87.78206359193051,15,2.919457113223203,7.418632799999997,0.0756324000000017,7.298829361296472,5.509152335557674,False,0,0.75,0.5625,-0.9585513559567803,1.4070711003516558,boring,1.010215437979121,-0.5897339546914491
22,8,amusing-1,amusing,True,boring,boring-1,1,12,115.0,88.60881361917016,15,3.7462071404628574,7.380346666666662,0.0373462666666659,7.298829361296472,5.509152335557674,False,0,0.9166666666666666,0.8402777777777777,-0.9585513559567803,1.4070711003516558,boring,1.1819552632561423,-0.6070677229577631
23,1,scary-1,scary,True,,,0,1,5.0,84.88917429014256,14,1.7570750772221686,16.229630399999998,-0.0908801999999973,4.809189704480459,7.412020591039086,False,1,-0.9166666666666666,0.8402777777777777,0.379185941511678,-1.5257818135326888,none,0.9783492647782001,-0.4294299139044224
23,1,scary-1,scary,True,,,0,2,15.0,80.08877447827004,13,-3.043324734650355,16.066413599999997,-0.254096999999998,4.809189704480459,7.412020591039086,False,1,-0.75,0.5625,0.379185941511678,-1.5257818135326888,none,-0.37087827893425945,-0.7716572859061122
23,1,scary-1,scary,True,,,0,3,25.0,78.21790999108056,13,-4.914189221839834,16.207952399999996,-0.1125581999999987,4.809189704480459,7.412020591039086,False,1,-0.5833333333333334,0.34027777777777785,0.379185941511678,-1.5257818135326888,none,-0.8967140417027134,-0.47488359863695656
23,1,scary-1,scary,True,,,0,4,35.0,79.12686704262987,13,-4.005232170290526,16.1222016,-0.1983089999999947,4.809189704480459,7.412020591039086,False,1,-0.4166666666666667,0.17361111111111113,0.379185941511678,-1.5257818135326888,none,-0.6412374276571833,-0.6546829264698818
23,1,scary-1,scary,True,,,0,5,45.0,79.82060385885119,13,-3.3114953540692085,15.9380832,-0.3824273999999956,4.809189704480459,7.412020591039086,False,1,-0.25,0.0625,0.379185941511678,-1.5257818135326888,none,-0.44625183120369216,-1.040736054390267
23,1,scary-1,scary,True,,,0,6,55.0,83.50006769519457,14,0.3679684822741791,15.819806399999994,-0.5007042000000013,4.809189704480459,7.412020591039086,False,1,-0.08333333333333333,0.006944444444444444,0.379185941511678,-1.5257818135326888,none,0.5879191021861045,-1.2887347802124325
23,1,scary-1,scary,True,,,0,7,65.0,89.81884503943294,15,6.686745826512549,15.960549599999997,-0.3599609999999984,4.809189704480459,7.412020591039086,False,1,0.08333333333333333,0.006944444444444444,0.379185941511678,-1.5257818135326888,none,2.3639104298974285,-0.993629279656675
23,1,scary-1,scary,True,,,0,8,75.0,79.47930831864761,13,-3.652790894272784,15.755536799999998,-0.5649737999999971,4.809189704480459,7.412020591039086,False,1,0.25,0.0625,0.379185941511678,-1.5257818135326888,none,-0.5421782876313418,-1.423493066783412
23,1,scary-1,scary,True,,,0,9,85.0,80.20514325172879,13,-2.9269559611916094,15.568665599999996,-0.7518449999999977,4.809189704480459,7.412020591039086,False,1,0.4166666666666667,0.17361111111111113,0.379185941511678,-1.5257818135326888,none,-0.33817101276233413,-1.8153181710545538
23,1,scary-1,scary,True,,,0,10,95.0,84.58833036523313,15,1.4562311523127391,15.535943999999995,-0.7845665999999998,4.809189704480459,7.412020591039086,False,1,0.5833333333333334,0.34027777777777785,0.379185941511678,-1.5257818135326888,none,0.8937923683208547,-1.883927696395641
23,1,scary-1,scary,True,,,0,11,105.0,80.66213530785944,13,-2.4699639050609505,15.5351544,-0.7853561999999954,4.809189704480459,7.412020591039086,False,1,0.75,0.5625,0.379185941511678,-1.5257818135326888,none,-0.20972623866991133,-1.8855833025154218
23,1,scary-1,scary,True,,,0,12,115.0,86.69464958833449,14,3.562550375414091,15.634697999999997,-0.6858125999999984,4.809189704480459,7.412020591039086,False,1,0.9166666666666666,0.8402777777777777,0.379185941511678,-1.5257818135326888,none,1.4858063719525256,-1.6768637060793552
23,2,amusing-1,amusing,True,scary,scary-1,0,1,5.0,84.58238478258922,15,0.7951756895321012,16.473086399999993,0.8079949999999947,7.452807149666349,5.039588274547188,False,0,-0.9166666666666666,0.8402777777777777,-1.288660051687565,-1.1068028258349254,scary,0.7079923780576878,1.455300686459567
23,2,amusing-1,amusing,True,scary,scary-1,0,2,15.0,92.82897544133702,15,9.041766348279909,16.616793599999998,0.9517021999999996,7.452807149666349,5.039588274547188,False,0,-0.75,0.5625,-1.288660051687565,-1.1068028258349254,scary,3.0258258283019543,1.756621000261349
23,2,amusing-1,amusing,True,scary,scary-1,0,3,25.0,75.86276202580561,13,-7.924447067251506,16.114704,0.4496126000000018,7.452807149666349,5.039588274547188,False,0,-0.5833333333333334,0.34027777777777785,-1.288660051687565,-1.1068028258349254,scary,-1.742794151251265,0.7038567975727893
23,2,amusing-1,amusing,True,scary,scary-1,0,4,35.0,80.18741890441692,13,-3.599790188640199,15.830447999999995,0.1653565999999973,7.452807149666349,5.039588274547188,False,0,-0.4166666666666667,0.17361111111111113,-1.288660051687565,-1.1068028258349254,scary,-0.5272816092965876,0.10783859444839629
23,2,amusing-1,amusing,True,scary,scary-1,0,5,45.0,77.53900242726004,13,-6.248206665797071,15.838331999999998,0.1732405999999997,7.452807149666349,5.039588274547188,False,0,-0.25,0.0625,-1.288660051687565,-1.1068028258349254,scary,-1.2716605356860762,0.12436949445906999
23,2,amusing-1,amusing,True,scary,scary-1,0,6,55.0,79.70555712160548,13,-4.081651971451635,15.7153272,0.0502358000000029,7.452807149666349,5.039588274547188,False,0,-0.08333333333333333,0.006944444444444444,-1.288660051687565,-1.1068028258349254,scary,-0.6627164095446059,-0.13354273913203193
23,2,amusing-1,amusing,True,scary,scary-1,0,7,65.0,83.30556159808216,14,-0.4816474949749505,15.820987199999996,0.1558957999999979,7.452807149666349,5.039588274547188,False,0,0.08333333333333333,0.006944444444444444,-1.288660051687565,-1.1068028258349254,scary,0.3491212263825994,0.08800151443559509
23,2,amusing-1,amusing,True,scary,scary-1,0,8,75.0,83.24102621163026,13,-0.5461828814268586,15.693643199999997,0.0285517999999989,7.452807149666349,5.039588274547188,False,0,0.25,0.0625,-1.288660051687565,-1.1068028258349254,scary,0.330982545364887,-0.17900900445818693
23,2,amusing-1,amusing,True,scary,scary-1,0,9,85.0,84.59636797457172,14,0.8091588815146054,15.525686399999998,-0.139405,7.452807149666349,5.039588274547188,False,0,0.4166666666666667,0.17361111111111113,-1.288660051687565,-1.1068028258349254,scary,0.7119225731479285,-0.5311750454160588
23,2,amusing-1,amusing,True,scary,scary-1,0,10,95.0,81.5566558777712,14,-2.2305532152859087,15.561175200000005,-0.1039161999999951,7.452807149666349,5.039588274547188,False,0,0.5833333333333334,0.34027777777777785,-1.288660051687565,-1.1068028258349254,scary,-0.14243611502129735,-0.4567633502995316
23,2,amusing-1,amusing,True,scary,scary-1,0,11,105.0,78.65317504314618,13,-5.134034049910937,15.460634399999998,-0.2044569999999996,7.452807149666349,5.039588274547188,False,0,0.75,0.5625,-1.288660051687565,-1.1068028258349254,scary,-0.9585048735085663,-0.6675738413944978
23,2,amusing-1,amusing,True,scary,scary-1,0,12,115.0,84.37585080184276,14,0.5886417087856444,15.3877056,-0.2773857999999993,7.452807149666349,5.039588274547188,False,0,0.9166666666666666,0.8402777777777777,-1.288660051687565,-1.1068028258349254,scary,0.6499427683467418,-0.8204884406712671
23,5,scary-2,scary,True,relaxed,relaxed-1,0,1,5.0,82.40702838824298,14,0.3406906783884267,16.244419199999996,1.2099713999999988,3.473896282173498,7.753950810295518,False,1,-0.9166666666666666,0.8402777777777777,0.6195666437033676,0.1501341372583653,relaxed,0.5802522482203955,2.2981509750248423
23,5,scary-2,scary,True,relaxed,relaxed-1,0,2,15.0,79.43763040526568,13,-2.628707304588872,15.864748799999996,0.8303009999999986,3.473896282173498,7.753950810295518,False,1,-0.75,0.5625,0.6195666437033676,0.1501341372583653,relaxed,-0.254343557105743,1.5020711399905209
23,5,scary-2,scary,True,relaxed,relaxed-1,0,3,25.0,75.13432327619779,12,-6.932014433656761,15.590740799999992,0.5562929999999948,3.473896282173498,7.753950810295518,False,1,-0.5833333333333334,0.34027777777777785,0.6195666437033676,0.1501341372583653,relaxed,-1.463855417603826,0.9275405907612755
23,5,scary-2,scary,True,relaxed,relaxed-1,0,4,35.0,76.1273312217569,13,-5.939006488097647,15.481535999999997,0.4470881999999996,3.473896282173498,7.753950810295518,False,1,-0.4166666666666667,0.17361111111111113,0.6195666437033676,0.1501341372583653,relaxed,-1.1847549835191373,0.6985637224856548
23,5,scary-2,scary,True,relaxed,relaxed-1,0,5,45.0,78.16052612558309,13,-3.905811584271461,15.4724688,0.4380210000000044,3.473896282173498,7.753950810295518,False,1,-0.25,0.0625,0.6195666437033676,0.1501341372583653,relaxed,-0.6132937149820027,0.6795519294140342
23,5,scary-2,scary,True,relaxed,relaxed-1,0,6,55.0,78.24864953132425,13,-3.817688178530304,15.677872799999994,0.643424999999997,3.473896282173498,7.753950810295518,False,1,-0.08333333333333333,0.006944444444444444,0.6195666437033676,0.1501341372583653,relaxed,-0.5885252517432421,1.1102359712444847
23,5,scary-2,scary,True,relaxed,relaxed-1,0,7,65.0,82.41966470052606,14,0.3533269906715048,15.326983199999995,0.2925353999999984,3.473896282173498,7.753950810295518,False,1,0.08333333333333333,0.006944444444444444,0.6195666437033676,0.1501341372583653,relaxed,0.5838038816783242,0.374502727664638
23,5,scary-2,scary,True,relaxed,relaxed-1,0,8,75.0,78.62456094155321,13,-3.441776768301338,15.181703999999996,0.1472561999999992,3.473896282173498,7.753950810295518,False,1,0.25,0.0625,0.6195666437033676,0.1501341372583653,relaxed,-0.4828694629436689,0.0698862983356266
23,5,scary-2,scary,True,relaxed,relaxed-1,0,9,85.0,78.08022524852367,13,-3.986112461330876,15.032279999999997,-0.0021678000000004,3.473896282173498,7.753950810295518,False,1,0.4166666666666667,0.17361111111111113,0.6195666437033676,0.1501341372583653,relaxed,-0.6358635340301725,-0.24342080506292138
23,5,scary-2,scary,True,relaxed,relaxed-1,0,10,95.0,78.61237393241832,13,-3.453963777436229,15.040754399999996,0.0063066000000002,3.473896282173498,7.753950810295518,False,1,0.5833333333333334,0.34027777777777785,0.6195666437033676,0.1501341372583653,relaxed,-0.48629481271549474,-0.22565197464049358
23,5,scary-2,scary,True,relaxed,relaxed-1,0,11,105.0,82.59769514487799,14,0.5313574350234376,15.0636192,0.0291714000000027,3.473896282173498,7.753950810295518,False,1,0.75,0.5625,0.6195666437033676,0.1501341372583653,relaxed,0.6338421261064061,-0.17770984849082608
23,5,scary-2,scary,True,relaxed,relaxed-1,0,12,115.0,80.86619898736535,13,-1.2001387224892,14.997386399999996,-0.0370614000000006,3.473896282173498,7.753950810295518,False,1,0.9166666666666666,0.8402777777777777,0.6195666437033676,0.1501341372583653,relaxed,0.1471780149691615,-0.3165845052927885
23,8,amusing-2,amusing,True,boring,boring-2,1,1,5.0,77.53881042172387,13,-1.9242750780543216,16.075083599999996,1.0182619999999964,8.417046043851288,5.159900571973308,False,0,-0.9166666666666666,0.8402777777777777,-1.2040791842799465,1.4070711003516558,boring,-0.05635184808841307,1.8961812994153386
23,8,amusing-2,amusing,True,boring,boring-2,1,2,15.0,73.25684072760815,12,-6.206244772170038,15.772883999999996,0.7160623999999967,8.417046043851288,5.159900571973308,False,0,-0.75,0.5625,-1.2040791842799465,1.4070711003516558,boring,-1.259866488338624,1.262539573024665
23,8,amusing-2,amusing,True,boring,boring-2,1,3,25.0,74.14869278542237,13,-5.314392714355819,15.467342399999996,0.4105207999999969,8.417046043851288,5.159900571973308,False,0,-0.5833333333333334,0.34027777777777785,-1.2040791842799465,1.4070711003516558,boring,-1.0091975006548255,0.6218904559901993
23,8,amusing-2,amusing,True,boring,boring-2,1,4,35.0,77.02558296933103,12,-2.437502530447162,15.347488799999995,0.2906671999999979,8.417046043851288,5.159900571973308,False,0,-0.4166666666666667,0.17361111111111113,-1.2040791842799465,1.4070711003516558,boring,-0.20060246097385992,0.37058555016591405
23,8,amusing-2,amusing,True,boring,boring-2,1,5,45.0,84.96494433803265,15,5.501858838254464,15.5862096,0.5293880000000009,8.417046043851288,5.159900571973308,False,0,-0.25,0.0625,-1.2040791842799465,1.4070711003516558,boring,2.0308793859434666,0.871127112224119
23,8,amusing-2,amusing,True,boring,boring-2,1,6,55.0,83.8175090960996,13,4.354423596321411,15.610456799999998,0.5536351999999987,8.417046043851288,5.159900571973308,False,0,-0.08333333333333333,0.006944444444444444,-1.2040791842799465,1.4070711003516558,boring,1.7083747418066384,0.9219678071427707
23,8,amusing-2,amusing,True,boring,boring-2,1,7,65.0,75.49366171643977,13,-3.9694237833384136,15.037598399999998,-0.0192232000000007,8.417046043851288,5.159900571973308,False,0,0.08333333333333333,0.006944444444444444,-1.2040791842799465,1.4070711003516558,boring,-0.6311729197276119,-0.2791819811210091
23,8,amusing-2,amusing,True,boring,boring-2,1,8,75.0,74.63729205012827,12,-4.825793449649922,15.0441072,-0.0127144000000001,8.417046043851288,5.159900571973308,False,0,0.25,0.0625,-1.2040791842799465,1.4070711003516558,boring,-0.8718690256081397,-0.26553455316699465
23,8,amusing-2,amusing,True,boring,boring-2,1,9,85.0,78.9728589372811,14,-0.4902265624970852,14.965848,-0.0909735999999998,8.417046043851288,5.159900571973308,False,0,0.4166666666666667,0.17361111111111113,-1.2040791842799465,1.4070711003516558,boring,0.3467099451031516,-0.4296257518117077
23,8,amusing-2,amusing,True,boring,boring-2,1,10,95.0,81.03227122393407,13,1.5691857241558864,15.769144799999992,0.712323199999993,8.417046043851288,5.159900571973308,False,0,0.5833333333333334,0.34027777777777785,-1.2040791842799465,1.4070711003516558,boring,0.9255400196606655,1.2546993470835244
23,8,amusing-2,amusing,True,boring,boring-2,1,11,105.0,78.83242036769707,13,-0.6306651320811199,15.188212800000002,0.131391200000003,8.417046043851288,5.159900571973308,False,0,0.75,0.5625,-1.2040791842799465,1.4070711003516558,boring,0.30723748578555043,0.03662111205084783
23,8,amusing-2,amusing,True,boring,boring-2,1,12,115.0,74.67962418875226,12,-4.783461311025931,15.138839999999997,0.0820183999999972,8.417046043851288,5.159900571973308,False,0,0.9166666666666666,0.8402777777777777,-1.2040791842799465,1.4070711003516558,boring,-0.8599709151060766,-0.06690207669177511
24,2,scary-2,scary,True,relaxed,relaxed-2,0,1,5.0,65.39293949161747,10,-8.913078260855826,8.692070399999997,2.145167399999999,3.0937638982252897,7.239406197080172,False,1,-0.9166666666666666,0.8402777777777777,0.2578361254045541,-1.1068028258349254,relaxed,-1.9309357299906644,-0.5754413987090542
24,2,scary-2,scary,True,relaxed,relaxed-2,0,2,15.0,69.70508408981908,12,-4.600933662654214,8.860024799999998,2.3131218,3.0937638982252897,7.239406197080172,False,1,-0.75,0.5625,0.2578361254045541,-1.1068028258349254,relaxed,-1.0325082876658382,-0.5179323235982006
24,2,scary-2,scary,True,relaxed,relaxed-2,0,3,25.0,64.16186393576244,11,-10.144153816710856,9.593137199999996,3.0462342,3.0937638982252897,7.239406197080172,False,1,-0.5833333333333334,0.34027777777777785,0.2578361254045541,-1.1068028258349254,relaxed,-2.1874280710445153,-0.26690814038955646
24,2,scary-2,scary,True,relaxed,relaxed-2,0,4,35.0,67.33385753035668,11,-6.972160222116614,9.294095999999996,2.7471929999999984,3.0937638982252897,7.239406197080172,False,1,-0.4166666666666667,0.17361111111111113,0.2578361254045541,-1.1068028258349254,relaxed,-1.5265490055673154,-0.3693024976200891
24,2,scary-2,scary,True,relaxed,relaxed-2,0,5,45.0,77.5473500578466,13,3.241332305373305,9.518819999999998,2.9719170000000004,3.0937638982252897,7.239406197080172,False,1,-0.25,0.0625,0.2578361254045541,-1.1068028258349254,relaxed,0.6014134872728809,-0.2923550083300705
24,2,scary-2,scary,True,relaxed,relaxed-2,0,6,55.0,71.86571008464959,12,-2.440307667823703,13.212590399999996,6.665687399999999,3.0937638982252897,7.239406197080172,False,1,-0.08333333333333333,0.006944444444444444,0.2578361254045541,-1.1068028258349254,relaxed,-0.5823458123245256,0.9724247138793295
24,2,scary-2,scary,True,relaxed,relaxed-2,0,7,65.0,69.49441834298729,11,-4.811599409486007,12.715831199999998,6.168928200000001,3.0937638982252897,7.239406197080172,False,1,0.08333333333333333,0.006944444444444444,0.2578361254045541,-1.1068028258349254,relaxed,-1.0764001108181678,0.802329961108296
24,2,scary-2,scary,True,relaxed,relaxed-2,0,8,75.0,72.64257001952812,12,-1.663447732945173,12.157171199999995,5.610268199999999,3.0937638982252897,7.239406197080172,False,1,0.25,0.0625,0.2578361254045541,-1.1068028258349254,relaxed,-0.4204884653727024,0.6110398258011569
24,2,scary-2,scary,True,relaxed,relaxed-2,0,9,85.0,80.72621268060011,14,6.4201949281268185,11.857144799999997,5.310241799999997,3.0937638982252897,7.239406197080172,False,1,0.4166666666666667,0.17361111111111113,0.2578361254045541,-1.1068028258349254,relaxed,1.26372370220712,0.5083081273589665
24,2,scary-2,scary,True,relaxed,relaxed-2,0,10,95.0,74.40914007982627,12,0.1031223273529775,12.1098624,5.562959400000001,3.0937638982252897,7.239406197080172,False,1,0.5833333333333334,0.34027777777777785,0.2578361254045541,-1.1068028258349254,relaxed,-0.05242682346412675,0.5948408733914301
24,2,scary-2,scary,True,relaxed,relaxed-2,0,11,105.0,71.54417509267516,12,-2.761842659798134,11.631239999999996,5.084336999999997,3.0937638982252897,7.239406197080172,False,1,0.75,0.5625,0.2578361254045541,-1.1068028258349254,relaxed,-0.6493370399790894,0.4309563216837219
24,2,scary-2,scary,True,relaxed,relaxed-2,0,12,115.0,71.40740403274623,12,-2.8986137197270665,11.666323199999995,5.1194202,3.0937638982252897,7.239406197080172,False,1,0.9166666666666666,0.8402777777777777,0.2578361254045541,-1.1068028258349254,relaxed,-0.6778330402308558,0.44296912030006824
24,4,amusing-2,amusing,True,boring,boring-2,0,1,5.0,73.40314295016799,12,2.649730739113892,12.762947999999998,5.6753934,7.381415443279314,5.124003241182078,False,0,-0.9166666666666666,0.8402777777777777,-1.2293154023631803,-0.26884485043939826,boring,0.47815438267989635,0.6333392714745621
24,4,amusing-2,amusing,True,boring,boring-2,0,2,15.0,76.16905205673348,12,5.41563984567938,13.9423584,6.854803800000002,7.381415443279314,5.124003241182078,False,0,-0.75,0.5625,-1.2293154023631803,-0.26884485043939826,boring,1.0544264875974674,1.0371798453453367
24,4,amusing-2,amusing,True,boring,boring-2,0,3,25.0,70.23631836113752,12,-0.5170938499165771,13.201552799999996,6.113998199999998,7.381415443279314,5.124003241182078,False,0,-0.5833333333333334,0.34027777777777785,-1.2293154023631803,-0.26884485043939826,boring,-0.18164772993956269,0.7835214422731878
24,4,amusing-2,amusing,True,boring,boring-2,0,4,35.0,73.84349768990597,12,3.090085478851876,12.711695999999998,5.6241414,7.381415443279314,5.124003241182078,False,0,-0.4166666666666667,0.17361111111111113,-1.2293154023631803,-0.26884485043939826,boring,0.5699014875203529,0.6157901324369338
24,4,amusing-2,amusing,True,boring,boring-2,0,5,45.0,73.95261278216442,13,3.1992005711103246,12.964809599999995,5.877254999999997,7.381415443279314,5.124003241182078,False,0,-0.25,0.0625,-1.2293154023631803,-0.26884485043939826,boring,0.5926354174766163,0.7024584723790748
24,4,amusing-2,amusing,True,boring,boring-2,0,6,55.0,69.85713797633429,11,-0.8962742347198116,12.5892768,5.501722200000001,7.381415443279314,5.124003241182078,False,0,-0.08333333333333333,0.006944444444444444,-1.2293154023631803,-0.26884485043939826,boring,-0.26064926978602065,0.5738727133766975
24,4,amusing-2,amusing,True,boring,boring-2,0,7,65.0,69.87262576736069,12,-0.8807864436934096,12.4110744,5.323519800000001,7.381415443279314,5.124003241182078,False,0,0.08333333333333333,0.006944444444444444,-1.2293154023631803,-0.26884485043939826,boring,-0.2574224168449308,0.5128546322395894
24,4,amusing-2,amusing,True,boring,boring-2,0,8,75.0,74.76679548455789,12,4.013383273503791,12.445178399999998,5.3576238,7.381415443279314,5.124003241182078,False,0,0.25,0.0625,-1.2293154023631803,-0.26884485043939826,boring,0.7622688947958937,0.5245321440974539
24,4,amusing-2,amusing,True,boring,boring-2,0,9,85.0,76.24821866100473,13,5.49480644995063,12.858551999999998,5.7709974,7.381415443279314,5.124003241182078,False,0,0.4166666666666667,0.17361111111111113,-1.2293154023631803,-0.26884485043939826,boring,1.0709207048420895,0.66607492839631
24,4,amusing-2,amusing,True,boring,boring-2,0,10,95.0,74.26672934013135,12,3.513317129077251,12.426451199999995,5.338896599999999,7.381415443279314,5.124003241182078,False,0,0.5833333333333334,0.34027777777777785,-1.2293154023631803,-0.26884485043939826,boring,0.658081027970244,0.5181197848415129
24,4,amusing-2,amusing,True,boring,boring-2,0,11,105.0,78.17639077695023,13,7.42297856589613,13.086436799999998,5.9988822,7.381415443279314,5.124003241182078,False,0,0.75,0.5625,-1.2293154023631803,-0.26884485043939826,boring,1.4726518395571524,0.7441047036199527
24,4,amusing-2,amusing,True,boring,boring-2,0,12,115.0,79.3315163059407,13,8.578104094886598,12.452865599999996,5.3653109999999975,7.381415443279314,5.124003241182078,False,0,0.9166666666666666,0.8402777777777777,-1.2293154023631803,-0.26884485043939826,boring,1.713320131387587,0.5271643095077796
24,7,amusing-1,amusing,True,boring,boring-1,0,1,5.0,77.0806383997675,13,2.893064298312055,6.115622399999999,-0.9803119999999996,7.006018493803623,5.121798284080076,False,0,-0.9166666666666666,0.8402777777777777,-1.2308655114399223,0.9880921126538924,boring,0.5288524848060118,-1.645633245853425
24,7,amusing-1,amusing,True,boring,boring-1,0,2,15.0,82.60425165001257,13,8.416677548557132,6.255585599999996,-0.8403488000000019,7.006018493803623,5.121798284080076,False,0,-0.75,0.5625,-1.2308655114399223,0.9880921126538924,boring,1.6796872056265637,-1.5977086057037464
24,7,amusing-1,amusing,True,boring,boring-1,0,3,25.0,77.39256504720396,13,3.20499094574852,6.237448799999997,-0.8584856000000016,7.006018493803623,5.121798284080076,False,0,-0.5833333333333334,0.34027777777777785,-1.2308655114399223,0.9880921126538924,boring,0.5938418314448459,-1.6039188067670735
24,7,amusing-1,amusing,True,boring,boring-1,0,4,35.0,81.33920684724367,14,7.151632745788234,6.211034399999997,-0.8849000000000009,7.006018493803623,5.121798284080076,False,0,-0.4166666666666667,0.17361111111111113,-1.2308655114399223,0.9880921126538924,boring,1.4161174340906149,-1.612963331433341
24,7,amusing-1,amusing,True,boring,boring-1,0,5,45.0,78.79089020628983,13,4.603316104834391,6.218128799999997,-0.8778056000000012,7.006018493803623,5.121798284080076,False,0,-0.25,0.0625,-1.2308655114399223,0.9880921126538924,boring,0.8851803215177241,-1.6105341459968985
24,7,amusing-1,amusing,True,boring,boring-1,0,6,55.0,77.29236223865306,13,3.104788137197616,6.213789599999996,-0.8821448000000025,7.006018493803623,5.121798284080076,False,0,-0.08333333333333333,0.006944444444444444,-1.2308655114399223,0.9880921126538924,boring,0.5729647595030336,-1.612019926534479
24,7,amusing-1,amusing,True,boring,boring-1,0,7,65.0,80.28512621748911,13,6.097552116033668,6.207875999999996,-0.888058400000002,7.006018493803623,5.121798284080076,False,0,0.08333333333333333,0.006944444444444444,-1.2308655114399223,0.9880921126538924,boring,1.1965016622564584,-1.614044795585695
24,7,amusing-1,amusing,True,boring,boring-1,0,8,75.0,74.95026647312392,12,0.7626923716684786,6.191320799999997,-0.9046136000000012,7.006018493803623,5.121798284080076,False,0,0.25,0.0625,-1.2308655114399223,0.9880921126538924,boring,0.0849933892522053,-1.6197134427915745
24,7,amusing-1,amusing,True,boring,boring-1,0,9,85.0,76.99422788844112,13,2.8066537869856774,6.1850136,-0.9109207999999986,7.006018493803623,5.121798284080076,False,0,0.4166666666666667,0.17361111111111113,-1.2308655114399223,0.9880921126538924,boring,0.5108490127718608,-1.6218730839711986
24,7,amusing-1,amusing,True,boring,boring-1,0,10,95.0,79.82440207228562,14,5.636827970830183,6.1794936,-0.9164407999999984,7.006018493803623,5.121798284080076,False,0,0.5833333333333334,0.34027777777777785,-1.2308655114399223,0.9880921126538924,boring,1.1005106290325055,-1.6237631808940052
24,7,amusing-1,amusing,True,boring,boring-1,0,11,105.0,76.7206696581925,12,2.5330955567370665,6.2271959999999975,-0.8687384000000007,7.006018493803623,5.121798284080076,False,0,0.75,0.5625,-1.2308655114399223,0.9880921126538924,boring,0.4538536556978738,-1.60742945635587
24,7,amusing-1,amusing,True,boring,boring-1,0,12,115.0,74.95593548992792,13,0.7683613884724849,6.2279807999999965,-0.8679536000000017,7.006018493803623,5.121798284080076,False,0,0.9166666666666666,0.8402777777777777,-1.2308655114399223,0.9880921126538924,boring,0.08617451853758316,-1.607160733880323
24,8,scary-1,scary,True,amusing,amusing-1,1,1,5.0,76.12619195501257,13,-1.2329200882854965,11.774352,5.571205200000002,2.663060295917409,6.601662001015356,False,1,-0.9166666666666666,0.8402777777777777,-0.19050505368779747,1.4070711003516558,amusing,-0.3307888178230726,0.5976643083925324
24,8,scary-1,scary,True,amusing,amusing-1,1,2,15.0,81.27501000219226,14,3.915897958894192,13.322990399999998,7.119843600000002,2.663060295917409,6.601662001015356,False,1,-0.75,0.5625,-0.19050505368779747,1.4070711003516558,amusing,0.7419580077478433,1.1279318218673304
24,8,scary-1,scary,True,amusing,amusing-1,1,3,25.0,68.91377317652984,11,-8.445338866768225,13.2137808,7.010634000000002,2.663060295917409,6.601662001015356,False,1,-0.5833333333333334,0.34027777777777785,-0.19050505368779747,1.4070711003516558,amusing,-1.833483082489014,1.0905374869214985
24,8,scary-1,scary,True,amusing,amusing-1,1,4,35.0,79.45296658384974,13,2.093854540551675,12.726081599999995,6.522934800000001,2.663060295917409,6.601662001015356,False,1,-0.4166666666666667,0.17361111111111113,-0.19050505368779747,1.4070711003516558,amusing,0.3623385931231683,0.9235449584476798
24,8,scary-1,scary,True,amusing,amusing-1,1,5,45.0,77.12512581862754,13,-0.2339862246705308,12.613718399999998,6.410571600000002,2.663060295917409,6.601662001015356,False,1,-0.25,0.0625,-0.19050505368779747,1.4070711003516558,amusing,-0.12266277387882703,0.8850708029120358
24,8,scary-1,scary,True,amusing,amusing-1,1,6,55.0,74.95246535261374,12,-2.406646690684326,12.327293999999997,6.1241472,2.663060295917409,6.601662001015356,False,1,-0.08333333333333333,0.006944444444444444,-0.19050505368779747,1.4070711003516558,amusing,-0.5753326092862747,0.7869965498220235
24,8,scary-1,scary,True,amusing,amusing-1,1,7,65.0,73.25759126324485,13,-4.101520780053221,12.159933599999992,5.956786799999997,2.663060295917409,6.601662001015356,False,1,0.08333333333333333,0.006944444444444444,-0.19050505368779747,1.4070711003516558,amusing,-0.9284565267470594,0.7296908655756885
24,8,scary-1,scary,True,amusing,amusing-1,1,8,75.0,72.57752943360715,12,-4.781582609690915,12.027465599999996,5.8243188,2.663060295917409,6.601662001015356,False,1,0.25,0.0625,-0.19050505368779747,1.4070711003516558,amusing,-1.070146165466259,0.6843326483346736
24,8,scary-1,scary,True,amusing,amusing-1,1,9,85.0,72.58428418925624,12,-4.774827854041831,11.910170399999997,5.7070236,2.663060295917409,6.601662001015356,False,1,0.4166666666666667,0.17361111111111113,-0.19050505368779747,1.4070711003516558,amusing,-1.0687388244777711,0.6441697322875646
24,8,scary-1,scary,True,amusing,amusing-1,1,10,95.0,70.7257669495694,11,-6.633345093728664,11.8047072,5.601560400000003,2.663060295917409,6.601662001015356,False,1,0.5833333333333334,0.34027777777777785,-0.19050505368779747,1.4070711003516558,amusing,-1.4559574930875405,0.60805819790543
24,8,scary-1,scary,True,amusing,amusing-1,1,11,105.0,70.9434381276331,12,-6.415673915664968,11.707130399999995,5.503983600000001,2.663060295917409,6.601662001015356,False,1,0.75,0.5625,-0.19050505368779747,1.4070711003516558,amusing,-1.4106061011474007,0.5746470367790955
24,8,scary-1,scary,True,amusing,amusing-1,1,12,115.0,73.7820962525167,12,-3.577015790781374,11.618141333333332,5.414994533333336,2.663060295917409,6.601662001015356,False,1,0.9166666666666666,0.8402777777777777,-0.19050505368779747,1.4070711003516558,amusing,-0.8191768712840578,0.5441763916576937
25,1,amusing-1,amusing,True,,,0,1,5.0,70.16326187875997,11,1.2334609877189706,6.362819999999996,-3.342746,3.608736709259634,5.934904217547199,False,0,-0.9166666666666666,0.8402777777777777,-0.6592431036044982,-1.5257818135326888,none,0.8199341323702598,-1.4064670135463933
25,1,amusing-1,amusing,True,,,0,2,15.0,71.23049869845377,12,2.3006978074127744,6.578474399999999,-3.1270915999999964,3.608736709259634,5.934904217547199,False,0,-0.75,0.5625,-0.6592431036044982,-1.5257818135326888,none,1.133875264599649,-1.3780575067810565
25,1,amusing-1,amusing,True,,,0,3,25.0,70.66809825883807,12,1.738297367797074,6.766535999999998,-2.939029999999998,3.608736709259634,5.934904217547199,False,0,-0.5833333333333334,0.34027777777777785,-0.6592431036044982,-1.5257818135326888,none,0.9684381024617128,-1.3532829726305828
25,1,amusing-1,amusing,True,,,0,4,35.0,71.23909186201678,12,2.3092909709757805,7.171235999999999,-2.534329999999997,3.608736709259634,5.934904217547199,False,0,-0.4166666666666667,0.17361111111111113,-0.6592431036044982,-1.5257818135326888,none,1.1364030517305095,-1.29996930322281
25,1,amusing-1,amusing,True,,,0,5,45.0,71.26102682798911,12,2.3312259369481154,7.328347199999996,-2.3772188,3.608736709259634,5.934904217547199,False,0,-0.25,0.0625,-0.6592431036044982,-1.5257818135326888,none,1.1428554978284091,-1.2792720593951392
25,1,amusing-1,amusing,True,,,0,6,55.0,76.39279998047927,12,7.46299908943827,7.509309599999997,-2.1962563999999984,3.608736709259634,5.934904217547199,False,0,-0.08333333333333333,0.006944444444444444,-0.6592431036044982,-1.5257818135326888,none,2.652431108515611,-1.2554327473891171
25,1,amusing-1,amusing,True,,,0,7,65.0,71.54632872204296,12,2.61652783100196,7.570809599999997,-2.1347563999999988,3.608736709259634,5.934904217547199,False,0,0.08333333333333333,0.006944444444444444,-0.6592431036044982,-1.5257818135326888,none,1.2267806379600537,-1.247330966641457
25,1,amusing-1,amusing,True,,,0,8,75.0,68.74707710377545,12,-0.1827237872655445,7.615756799999998,-2.0898091999999977,3.608736709259634,5.934904217547199,False,0,0.25,0.0625,-0.6592431036044982,-1.5257818135326888,none,0.40334557067481586,-1.24140979006225
25,1,amusing-1,amusing,True,,,0,9,85.0,70.37730623707408,11,1.447505346033083,7.680016799999999,-2.025549199999997,3.608736709259634,5.934904217547199,False,0,0.4166666666666667,0.17361111111111113,-0.6592431036044982,-1.5257818135326888,none,0.8828979722195303,-1.2329444172029875
25,1,amusing-1,amusing,True,,,0,10,95.0,71.56716337834719,12,2.6373624873061914,7.711166399999996,-1.9943995999999995,3.608736709259634,5.934904217547199,False,0,0.5833333333333334,0.34027777777777785,-0.6592431036044982,-1.5257818135326888,none,1.2329094141314354,-1.228840885014739
25,1,amusing-1,amusing,True,,,0,11,105.0,72.99186701409697,12,4.0620661230559705,7.620487199999998,-2.085078799999998,3.608736709259634,5.934904217547199,False,0,0.75,0.5625,-0.6592431036044982,-1.5257818135326888,none,1.6520039058553417,-1.240786624799669
25,1,amusing-1,amusing,True,,,0,12,115.0,71.31554440667215,12,2.385743515631148,7.519951199999997,-2.185614799999999,3.608736709259634,5.934904217547199,False,0,0.9166666666666666,0.8402777777777777,-0.6592431036044982,-1.5257818135326888,none,1.1588925292185617,-1.2540308626736
25,2,scary-1,scary,True,amusing,amusing-1,0,1,5.0,70.68810724247459,12,-0.4128242519906564,27.1128984,19.4932004,1.9665612964728316,8.294371782650142,False,1,-0.9166666666666666,0.8402777777777777,0.9994885268765417,-1.1068028258349254,amusing,0.3356586252009558,1.6018554400815217
25,2,scary-1,scary,True,amusing,amusing-1,0,2,15.0,68.50043656131916,11,-2.6004949331460807,27.091608,19.47191,1.9665612964728316,8.294371782650142,False,1,-0.75,0.5625,0.9994885268765417,-1.1068028258349254,amusing,-0.3078722181071113,1.599050722149327
25,2,scary-1,scary,True,amusing,amusing-1,0,3,25.0,66.52960186673005,11,-4.571329627735196,26.467889999999997,18.848192,1.9665612964728316,8.294371782650142,False,1,-0.5833333333333334,0.34027777777777785,0.9994885268765417,-1.1068028258349254,amusing,-0.8876180290076247,1.5168844378506436
25,2,scary-1,scary,True,amusing,amusing-1,0,4,35.0,69.77287450186545,12,-1.328056992599798,26.0478084,18.4281104,1.9665612964728316,8.294371782650142,False,1,-0.4166666666666667,0.17361111111111113,0.9994885268765417,-1.1068028258349254,amusing,0.06643140445844321,1.4615444537965587
25,2,scary-1,scary,True,amusing,amusing-1,0,5,45.0,67.1036435446174,11,-3.997287949847845,25.7140728,18.0943748,1.9665612964728316,8.294371782650142,False,1,-0.25,0.0625,0.9994885268765417,-1.1068028258349254,amusing,-0.718756450230275,1.4175793699121881
25,2,scary-1,scary,True,amusing,amusing-1,0,6,55.0,66.42392061914869,11,-4.6770108753165545,25.3951152,17.7754172,1.9665612964728316,8.294371782650142,False,1,-0.08333333333333333,0.006944444444444444,0.9994885268765417,-1.1068028258349254,amusing,-0.9187054970455293,1.375561084660158
25,2,scary-1,scary,True,amusing,amusing-1,0,7,65.0,70.16787511328188,12,-0.9330563811833628,25.111248,17.491549999999997,1.9665612964728316,8.294371782650142,False,1,0.08333333333333333,0.006944444444444444,0.9994885268765417,-1.1068028258349254,amusing,0.18262580188839225,1.3381654778983336
25,2,scary-1,scary,True,amusing,amusing-1,0,8,75.0,71.80166485023544,12,0.7007333557701969,24.814766399999996,17.195068399999997,1.9665612964728316,8.294371782650142,False,1,0.25,0.0625,0.9994885268765417,-1.1068028258349254,amusing,0.6632255997768445,1.2991080971029607
25,2,scary-1,scary,True,amusing,amusing-1,0,9,85.0,71.80299257757959,12,0.7020610831143443,24.5157252,16.8960272,1.9665612964728316,8.294371782650142,False,1,0.4166666666666667,0.17361111111111113,0.9994885268765417,-1.1068028258349254,amusing,0.6636161674728064,1.2597135241449584
25,2,scary-1,scary,True,amusing,amusing-1,0,10,95.0,69.37777030650646,11,-1.7231611879587805,24.278575199999995,16.6588772,1.9665612964728316,8.294371782650142,False,1,0.5833333333333334,0.34027777777777785,0.9994885268765417,-1.1068028258349254,amusing,-0.049793463490891934,1.2284722671643473
25,2,scary-1,scary,True,amusing,amusing-1,0,11,105.0,69.13328188905999,12,-1.9676496054052564,23.889837599999996,16.270139599999993,1.9665612964728316,8.294371782650142,False,1,0.75,0.5625,0.9994885268765417,-1.1068028258349254,amusing,-0.12171280620260574,1.1772614248298494
25,2,scary-1,scary,True,amusing,amusing-1,0,12,115.0,69.28312413298282,11,-1.8178073614824228,23.4464928,15.8267948,1.9665612964728316,8.294371782650142,False,1,0.9166666666666666,0.8402777777777777,0.9994885268765417,-1.1068028258349254,amusing,-0.07763482571611617,1.1188568335255382
25,5,amusing-2,amusing,True,boring,boring-1,0,1,5.0,71.20982914599135,12,-2.564618848716208,12.105921599999997,3.2181983999999986,7.016212774070542,6.271105433746425,False,0,-0.9166666666666666,0.8402777777777777,-0.42288995352781167,0.1501341372583653,boring,-0.2973188166895113,-0.5421526553937429
25,5,amusing-2,amusing,True,boring,boring-1,0,2,15.0,69.92946430224124,12,-3.8449836924663146,12.452474399999996,3.564751199999998,7.016212774070542,6.271105433746425,False,0,-0.75,0.5625,-0.42288995352781167,0.1501341372583653,boring,-0.6739542375222912,-0.4964990813597969
25,5,amusing-2,amusing,True,boring,boring-1,0,3,25.0,71.29763932815827,12,-2.4768086665492888,12.527578799999995,3.639855599999999,7.016212774070542,6.271105433746425,False,0,-0.5833333333333334,0.34027777777777785,-0.42288995352781167,0.1501341372583653,boring,-0.2714883472922311,-0.486605107668991
25,5,amusing-2,amusing,True,boring,boring-1,0,4,35.0,68.63605438036458,11,-5.138393614342974,12.602680799999998,3.7149576,7.016212774070542,6.271105433746425,False,0,-0.4166666666666667,0.17361111111111113,-0.42288995352781167,0.1501341372583653,boring,-1.0544270321426863,-0.4767114501452386
25,5,amusing-2,amusing,True,boring,boring-1,0,5,45.0,70.14793101740699,12,-3.626516977300568,12.688631999999998,3.8009088,7.016212774070542,6.271105433746425,False,0,-0.25,0.0625,-0.42288995352781167,0.1501341372583653,boring,-0.6096895057889469,-0.4653885594558356
25,5,amusing-2,amusing,True,boring,boring-1,0,6,55.0,67.74418225278326,11,-6.030265741924296,12.710711999999996,3.822988799999999,7.016212774070542,6.271105433746425,False,0,-0.08333333333333333,0.006944444444444444,-0.42288995352781167,0.1501341372583653,boring,-1.3167824347767962,-0.46247982256301734
25,5,amusing-2,amusing,True,boring,boring-1,0,7,65.0,70.62309751955227,12,-3.151350475155283,12.5953884,3.707665200000001,7.016212774070542,6.271105433746425,False,0,0.08333333333333333,0.006944444444444444,-0.42288995352781167,0.1501341372583653,boring,-0.46991330342388216,-0.47767212373750245
25,5,amusing-2,amusing,True,boring,boring-1,0,8,75.0,71.20658517940267,12,-2.567862815304892,12.467056799999998,3.5793336,7.016212774070542,6.271105433746425,False,0,0.25,0.0625,-0.42288995352781167,0.1501341372583653,boring,-0.298273070258141,-0.4945780503423223
25,5,amusing-2,amusing,True,boring,boring-1,0,9,85.0,69.90438573791916,12,-3.870062256788401,12.297333599999996,3.4096103999999965,7.016212774070542,6.271105433746425,False,0,0.4166666666666667,0.17361111111111113,-0.42288995352781167,0.1501341372583653,boring,-0.6813314126090937,-0.5169367520364895
25,5,amusing-2,amusing,True,boring,boring-1,0,10,95.0,70.86157121569394,11,-2.912876779013615,12.104339999999995,3.216616799999999,7.016212774070542,6.271105433746425,False,0,0.5833333333333334,0.34027777777777785,-0.42288995352781167,0.1501341372583653,boring,-0.39976326662593675,-0.5423610094820437
25,5,amusing-2,amusing,True,boring,boring-1,0,11,105.0,71.47870078654132,12,-2.295747208166233,11.9608368,3.0731136000000028,7.016212774070542,6.271105433746425,False,0,0.75,0.5625,-0.42288995352781167,0.1501341372583653,boring,-0.21822684225514904,-0.5612655861159881
25,5,amusing-2,amusing,True,boring,boring-1,0,12,115.0,73.5747281040018,13,-0.1997198907057509,11.880796799999995,2.993073599999997,7.016212774070542,6.271105433746425,False,0,0.9166666666666666,0.8402777777777777,-0.42288995352781167,0.1501341372583653,boring,0.3983459531025538,-0.5718097573524556
25,7,scary-2,scary,True,relaxed,relaxed-2,0,1,5.0,70.07880672632933,11,-4.014533056089036,18.141969600000003,9.405642200000008,1.9295674928503332,7.9895094375595805,False,1,-0.9166666666666666,0.8402777777777777,0.785166947625556,0.9880921126538924,relaxed,-0.72382931510794,0.2729581260057465
25,7,scary-2,scary,True,relaxed,relaxed-2,0,2,15.0,71.34031261759218,12,-2.753027164826193,18.1991448,9.462817400000004,1.9295674928503332,7.9895094375595805,False,1,-0.75,0.5625,0.785166947625556,0.9880921126538924,relaxed,-0.352741492322059,0.2804901737228779
25,7,scary-2,scary,True,relaxed,relaxed-2,0,3,25.0,66.58931200181834,11,-7.504027780600026,18.31032,9.573992600000002,1.9295674928503332,7.9895094375595805,False,1,-0.5833333333333334,0.34027777777777785,0.785166947625556,0.9880921126538924,relaxed,-1.7503080726865672,0.29513598014527204
25,7,scary-2,scary,True,relaxed,relaxed-2,0,4,35.0,67.1113050186997,12,-6.982034763718673,18.491284799999995,9.7549574,1.9295674928503332,7.9895094375595805,False,1,-0.4166666666666667,0.17361111111111113,0.785166947625556,0.9880921126538924,relaxed,-1.5967572621152233,0.3189756083183474
25,7,scary-2,scary,True,relaxed,relaxed-2,0,5,45.0,67.67544765758471,11,-6.4178921248336565,18.9068304,10.170503000000002,1.9295674928503332,7.9895094375595805,False,1,-0.25,0.0625,0.785166947625556,0.9880921126538924,relaxed,-1.430807610152081,0.3737180366411906
25,7,scary-2,scary,True,relaxed,relaxed-2,0,6,55.0,67.56450495533943,11,-6.5288348270789385,19.118543999999996,10.382216599999998,1.9295674928503332,7.9895094375595805,False,1,-0.08333333333333333,0.006944444444444444,0.785166947625556,0.9880921126538924,relaxed,-1.4634428012481535,0.4016083971045689
25,7,scary-2,scary,True,relaxed,relaxed-2,0,7,65.0,74.36160920688009,12,0.268269424461721,19.273492799999996,10.537165399999996,1.9295674928503332,7.9895094375595805,False,1,0.08333333333333333,0.006944444444444444,0.785166947625556,0.9880921126538924,relaxed,0.5360108956568082,0.4220207744169756
25,7,scary-2,scary,True,relaxed,relaxed-2,0,8,75.0,65.60812185335482,11,-8.485217929063552,19.6224048,10.886077400000003,1.9295674928503332,7.9895094375595805,False,1,0.25,0.0625,0.785166947625556,0.9880921126538924,relaxed,-2.0389374944388443,0.4679851406645792
25,7,scary-2,scary,True,relaxed,relaxed-2,0,9,85.0,70.10391286419103,12,-3.9894269182273376,19.702044000000004,10.96571660000001,1.9295674928503332,7.9895094375595805,False,1,0.4166666666666667,0.17361111111111113,0.785166947625556,0.9880921126538924,relaxed,-0.7164440289176922,0.4784765120031011
25,7,scary-2,scary,True,relaxed,relaxed-2,0,10,95.0,77.64210639790544,13,3.548766615487068,20.182836,11.446508600000003,1.9295674928503332,7.9895094375595805,False,1,0.5833333333333334,0.34027777777777785,0.785166947625556,0.9880921126538924,relaxed,1.5010104003790194,0.5418142578442218
25,7,scary-2,scary,True,relaxed,relaxed-2,0,11,105.0,76.41077366140355,12,2.3174338789851845,20.638404,11.902076600000004,1.9295674928503332,7.9895094375595805,False,1,0.75,0.5625,0.785166947625556,0.9880921126538924,relaxed,1.1387983905278025,0.6018290879523519
25,7,scary-2,scary,True,relaxed,relaxed-2,0,12,115.0,71.00981749203686,12,-3.0835222903815094,21.1044168,12.3680894,1.9295674928503332,7.9895094375595805,False,1,0.9166666666666666,0.8402777777777777,0.785166947625556,0.9880921126538924,relaxed,-0.4499607898561324,0.6632198770776059
26,2,scary-2,scary,True,relaxed,relaxed-2,0,1,5.0,90.48661737189968,15,19.02268867024374,51.657648,27.761696200000003,2.0886833174451853,7.900001906577693,False,1,-0.9166666666666666,0.8402777777777777,0.7222421695943564,-1.1068028258349254,relaxed,2.9954822360867754,2.3542669741659785
26,2,scary-2,scary,True,relaxed,relaxed-2,0,2,15.0,77.74851084803937,13,6.284582146383443,49.226016,25.33006420000001,2.0886833174451853,7.900001906577693,False,1,-0.75,0.5625,0.7222421695943564,-1.1068028258349254,relaxed,1.022569635670317,2.0476146813172025
26,2,scary-2,scary,True,relaxed,relaxed-2,0,3,25.0,70.63310725074628,11,-0.830821450909653,46.85018399999999,22.9542322,2.0886833174451853,7.900001906577693,False,1,-0.5833333333333334,0.34027777777777785,0.7222421695943564,-1.1068028258349254,relaxed,-0.07948343539270471,1.747999307681924
26,2,scary-2,scary,True,relaxed,relaxed-2,0,4,35.0,68.49602087218034,12,-2.9679078294755925,45.4176288,21.521677000000004,2.0886833174451853,7.900001906577693,False,1,-0.4166666666666667,0.17361111111111113,0.7222421695943564,-1.1068028258349254,relaxed,-0.4104811889876693,1.5673402537163414
26,2,scary-2,scary,True,relaxed,relaxed-2,0,5,45.0,69.67115874493167,11,-1.792769956724257,45.8392944,21.94334260000001,2.0886833174451853,7.900001906577693,False,1,-0.25,0.0625,0.7222421695943564,-1.1068028258349254,relaxed,-0.2284726375569739,1.6205163605678128
26,2,scary-2,scary,True,relaxed,relaxed-2,0,6,55.0,64.35721419535861,11,-7.1067145062973225,43.61308319999999,19.7171314,2.0886833174451853,7.900001906577693,False,1,-0.08333333333333333,0.006944444444444444,0.7222421695943564,-1.1068028258349254,relaxed,-1.0515108293109157,1.3397696156468584
26,2,scary-2,scary,True,relaxed,relaxed-2,0,7,65.0,62.58614143237196,10,-8.87778726928397,42.1346016,18.238649800000005,2.0886833174451853,7.900001906577693,False,1,0.08333333333333333,0.006944444444444444,0.7222421695943564,-1.1068028258349254,relaxed,-1.3258193981555606,1.1533187988395754
26,2,scary-2,scary,True,relaxed,relaxed-2,0,8,75.0,63.47335830839109,11,-7.990570393264846,41.3492352,17.453283400000004,2.0886833174451853,7.900001906577693,False,1,0.25,0.0625,0.7222421695943564,-1.1068028258349254,relaxed,-1.1884048341682436,1.0542765065492987
26,2,scary-2,scary,True,relaxed,relaxed-2,0,9,85.0,63.27081246394413,11,-8.193116237711799,40.83314159999999,16.9371898,2.0886833174451853,7.900001906577693,False,1,0.4166666666666667,0.17361111111111113,0.7222421695943564,-1.1068028258349254,relaxed,-1.2197756857090802,0.9891921164094334
26,2,scary-2,scary,True,relaxed,relaxed-2,0,10,95.0,62.27946448370591,10,-9.184464217950024,40.1518608,16.255909000000003,2.0886833174451853,7.900001906577693,False,1,0.5833333333333334,0.34027777777777785,0.7222421695943564,-1.1068028258349254,relaxed,-1.3733183584717732,0.9032760240920729
26,2,scary-2,scary,True,relaxed,relaxed-2,0,11,105.0,62.21347128173386,10,-9.250457419922071,40.73517,16.839218200000005,2.0886833174451853,7.900001906577693,False,1,0.75,0.5625,0.7222421695943564,-1.1068028258349254,relaxed,-1.3835395651690636,0.9768369509180838
26,2,scary-2,scary,True,relaxed,relaxed-2,0,12,115.0,62.59720405951734,11,-8.866724642138593,40.64685479999999,16.750903,2.0886833174451853,7.900001906577693,False,1,0.9166666666666666,0.8402777777777777,0.7222421695943564,-1.1068028258349254,relaxed,-1.3241059883604749,0.9656995507796584
26,4,amusing-2,amusing,True,boring,boring-2,0,1,5.0,72.38018631746881,12,6.795199302340208,43.563012,15.180766800000008,9.241177399256149,6.789898703113387,False,0,-0.9166666666666666,0.8402777777777777,-0.05817258325868255,-0.26884485043939826,boring,1.1016554102388454,0.7676902032242454
26,4,amusing-2,amusing,True,boring,boring-2,0,2,15.0,69.21442572416528,12,3.629438709036677,42.5974656,14.215220400000009,9.241177399256149,6.789898703113387,False,0,-0.75,0.5625,-0.05817258325868255,-0.26884485043939826,boring,0.6113337951125153,0.6459254717961831
26,4,amusing-2,amusing,True,boring,boring-2,0,3,25.0,64.96774281918962,10,-0.6172441959389801,42.0618576,13.679612400000003,9.241177399256149,6.789898703113387,False,0,-0.5833333333333334,0.34027777777777785,-0.05817258325868255,-0.26884485043939826,boring,-0.04640400897208918,0.5783801272423404
26,4,amusing-2,amusing,True,boring,boring-2,0,4,35.0,66.54110486390142,12,0.95611784877282,42.706284,14.324038800000004,9.241177399256149,6.789898703113387,False,0,-0.4166666666666667,0.17361111111111113,-0.05817258325868255,-0.26884485043939826,boring,0.19728258583024508,0.6596485235836796
26,4,amusing-2,amusing,True,boring,boring-2,0,5,45.0,66.85992428838088,11,1.2749372732522772,41.3539632,12.971718000000005,9.241177399256149,6.789898703113387,False,0,-0.25,0.0625,-0.05817258325868255,-0.26884485043939826,boring,0.24666220584165202,0.48910780278913
26,4,amusing-2,amusing,True,boring,boring-2,0,6,55.0,68.64005074124606,11,3.055063726117453,40.7223552,12.340110000000005,9.241177399256149,6.789898703113387,False,0,-0.08333333333333333,0.006944444444444444,-0.05817258325868255,-0.26884485043939826,boring,0.5223730348109199,0.40945593055614804
26,4,amusing-2,amusing,True,boring,boring-2,0,7,65.0,63.33069282101496,10,-2.2542941941136405,41.1603744,12.77812920000001,9.241177399256149,6.789898703113387,False,0,0.08333333333333333,0.006944444444444444,-0.05817258325868255,-0.26884485043939826,boring,-0.2999547673097379,0.46469438439776084
26,4,amusing-2,amusing,True,boring,boring-2,0,8,75.0,66.0199584820176,11,0.4349714668889959,39.79110719999999,11.408862,9.241177399256149,6.789898703113387,False,0,0.25,0.0625,-0.05817258325868255,-0.26884485043939826,boring,0.11656601609877651,0.2920165588046496
26,4,amusing-2,amusing,True,boring,boring-2,0,9,85.0,62.82594332462773,11,-2.7590436905008744,38.8691316,10.48688640000001,9.241177399256149,6.789898703113387,False,0,0.4166666666666667,0.17361111111111113,-0.05817258325868255,-0.26884485043939826,boring,-0.37813174279749273,0.1757465262953622
26,4,amusing-2,amusing,True,boring,boring-2,0,10,95.0,66.27462490757024,11,0.6896378924416382,38.1417192,9.759474000000004,9.241177399256149,6.789898703113387,False,0,0.5833333333333334,0.34027777777777785,-0.05817258325868255,-0.26884485043939826,boring,0.15600944506796405,0.08401279343338573
26,4,amusing-2,amusing,True,boring,boring-2,0,11,105.0,66.94996584929427,11,1.3649788341656688,37.4996664,9.117421200000004,9.241177399256149,6.789898703113387,False,0,0.75,0.5625,-0.05817258325868255,-0.26884485043939826,boring,0.260608087810408,0.003043730988913323
26,4,amusing-2,amusing,True,boring,boring-2,0,12,115.0,68.29152554112262,11,2.70653852599402,37.143252,8.761006800000004,9.241177399256149,6.789898703113387,False,0,0.9166666666666666,0.8402777777777777,-0.05817258325868255,-0.26884485043939826,boring,0.4683925034345966,-0.0419035689990459
26,7,scary-1,scary,True,relaxed,relaxed-1,0,1,5.0,66.47957564317089,11,-1.861893176494405,43.3461744,6.427717400000006,3.6802299332697808,8.195289990467112,False,1,-0.9166666666666666,0.8402777777777777,0.929832937993051,0.9880921126538924,relaxed,-0.23917862992800898,-0.3361539096713791
26,7,scary-1,scary,True,relaxed,relaxed-1,0,2,15.0,65.04297110875167,11,-3.2984977109136224,41.9524536,5.033996600000002,3.6802299332697808,8.195289990467112,False,1,-0.75,0.5625,0.929832937993051,0.9880921126538924,relaxed,-0.4616838494017239,-0.5119155705275584
26,7,scary-1,scary,True,relaxed,relaxed-1,0,3,25.0,63.3729993261684,11,-4.96846949349689,40.805544,3.887087000000001,3.6802299332697808,8.195289990467112,False,1,-0.5833333333333334,0.34027777777777785,0.929832937993051,0.9880921126538924,relaxed,-0.7203336232929223,-0.6565519540470524
26,7,scary-1,scary,True,relaxed,relaxed-1,0,4,35.0,62.00181589826568,10,-6.339652921399612,40.0489536,3.1304966000000007,3.6802299332697808,8.195289990467112,False,1,-0.4166666666666667,0.17361111111111113,0.929832937993051,0.9880921126538924,relaxed,-0.9327062437702467,-0.7519653146655068
26,7,scary-1,scary,True,relaxed,relaxed-1,0,5,45.0,61.778772022978806,10,-6.562696796686488,39.3081384,2.389681400000008,3.6802299332697808,8.195289990467112,False,1,-0.25,0.0625,0.929832937993051,0.9880921126538924,relaxed,-0.9672518861053085,-0.8453892701230855
26,7,scary-1,scary,True,relaxed,relaxed-1,0,6,55.0,61.925543668075925,11,-6.41592515158937,38.690328,1.7718710000000044,3.6802299332697808,8.195289990467112,False,1,-0.08333333333333333,0.006944444444444444,0.929832937993051,0.9880921126538924,relaxed,-0.9445194943284337,-0.9233011316653835
26,7,scary-1,scary,True,relaxed,relaxed-1,0,7,65.0,63.68839936413546,10,-4.653069455529831,38.3757072,1.4572501999999972,3.6802299332697808,8.195289990467112,False,1,0.08333333333333333,0.006944444444444444,0.929832937993051,0.9880921126538924,relaxed,-0.6714836071691394,-0.9629778548282301
26,7,scary-1,scary,True,relaxed,relaxed-1,0,8,75.0,63.10911440591726,11,-5.232354413748034,37.85804879999999,0.9395917999999952,3.6802299332697808,8.195289990467112,False,1,0.25,0.0625,0.929832937993051,0.9880921126538924,relaxed,-0.7612048378057052,-1.028259581369265
26,7,scary-1,scary,True,relaxed,relaxed-1,0,9,85.0,64.45346548092961,10,-3.888003338735686,37.2392568,0.3207998000000032,3.6802299332697808,8.195289990467112,False,1,0.4166666666666667,0.17361111111111113,0.929832937993051,0.9880921126538924,relaxed,-0.552988085158272,-1.1062952321570807
26,7,scary-1,scary,True,relaxed,relaxed-1,0,10,95.0,64.49073786770802,11,-3.8507309519572734,36.7612152,-0.1572418000000013,3.6802299332697808,8.195289990467112,False,1,0.5833333333333334,0.34027777777777785,0.929832937993051,0.9880921126538924,relaxed,-0.547215236471147,-1.166580897388127
26,7,scary-1,scary,True,relaxed,relaxed-1,0,11,105.0,78.64609266463597,13,10.304623844970678,38.3425944,1.4241374000000064,3.6802299332697808,8.195289990467112,False,1,0.75,0.5625,0.929832937993051,0.9880921126538924,relaxed,1.6452046329900585,-0.9671536988879562
26,7,scary-1,scary,True,relaxed,relaxed-1,0,12,115.0,79.24880211195217,13,10.90733329228688,41.294034,4.375577,3.6802299332697808,8.195289990467112,False,1,0.9166666666666666,0.8402777777777777,0.929832937993051,0.9880921126538924,relaxed,1.7385539122391238,-0.5949486446097285
26,8,amusing-1,amusing,True,scary,scary-1,1,1,5.0,72.53730770020057,12,2.865974530256821,39.5042796,1.1924702000000025,8.49398360343184,5.596887321258341,False,0,-0.9166666666666666,0.8402777777777777,-0.8968726967398019,1.4070711003516558,scary,0.49308638562037743,-0.9963691714832574
26,8,amusing-1,amusing,True,scary,scary-1,1,2,15.0,70.02176266141909,11,0.3504294914753387,40.8587712,2.5469618000000054,8.49398360343184,5.596887321258341,False,0,-0.75,0.5625,-0.8968726967398019,1.4070711003516558,scary,0.10347192489728797,-0.8255546918315628
26,8,amusing-1,amusing,True,scary,scary-1,1,3,25.0,70.12609089085203,12,0.454757720908276,39.79387079999999,1.4820613999999992,8.49398360343184,5.596887321258341,False,0,-0.5833333333333334,0.34027777777777785,-0.8968726967398019,1.4070711003516558,scary,0.11963056496218548,-0.959848922749556
26,8,amusing-1,amusing,True,scary,scary-1,1,4,35.0,68.52257230862715,11,-1.1487608613166032,40.4775216,2.1657122000000086,8.49398360343184,5.596887321258341,False,0,-0.4166666666666667,0.17361111111111113,-0.8968726967398019,1.4070711003516558,scary,-0.128726756429932,-0.873633950530115
26,8,amusing-1,amusing,True,scary,scary-1,1,5,45.0,65.78627921476448,11,-3.8850539551792735,39.5498208,1.2380114000000049,8.49398360343184,5.596887321258341,False,0,-0.25,0.0625,-0.8968726967398019,1.4070711003516558,scary,-0.5525312766074088,-0.9906259860838691
26,8,amusing-1,amusing,True,scary,scary-1,1,6,55.0,71.51987074526146,12,1.848537575317707,39.4457376,1.1339281999999995,8.49398360343184,5.596887321258341,False,0,-0.08333333333333333,0.006944444444444444,-0.8968726967398019,1.4070711003516558,scary,0.3355029814646071,-1.0037518833935934
26,8,amusing-1,amusing,True,scary,scary-1,1,7,65.0,75.30639550062044,13,5.635062330676689,39.8427552,1.530945800000005,8.49398360343184,5.596887321258341,False,0,0.08333333333333333,0.006944444444444444,-0.8968726967398019,1.4070711003516558,scary,0.9219702391879826,-0.9536841275237412
26,8,amusing-1,amusing,True,scary,scary-1,1,8,75.0,77.10579561677999,13,7.4344624468362355,39.2403264,0.9285170000000064,8.49398360343184,5.596887321258341,False,0,0.25,0.0625,-0.8968726967398019,1.4070711003516558,scary,1.2006662255743612,-1.0296562206686484
26,8,amusing-1,amusing,True,scary,scary-1,1,9,85.0,89.43730849484349,14,19.765975324899745,40.8950424,2.583233000000007,8.49398360343184,5.596887321258341,False,0,0.4166666666666667,0.17361111111111113,-0.8968726967398019,1.4070711003516558,scary,3.1106044957370136,-0.8209805430111915
26,8,amusing-1,amusing,True,scary,scary-1,1,10,95.0,69.70914199555024,12,0.0378088256064899,39.5186784,1.2068690000000046,8.49398360343184,5.596887321258341,False,0,0.5833333333333334,0.34027777777777785,-0.8968726967398019,1.4070711003516558,scary,0.055052385487099266,-0.9945533436629821
26,8,amusing-1,amusing,True,scary,scary-1,1,11,105.0,73.13978013825862,12,3.468446968314865,39.1295376,0.8177282000000048,8.49398360343184,5.596887321258341,False,0,0.75,0.5625,-0.8968726967398019,1.4070711003516558,scary,0.586398956230607,-1.0436277589367602
26,8,amusing-1,amusing,True,scary,scary-1,1,12,115.0,67.93422432202861,11,-1.7371088479151382,40.235573333333335,1.9237639333333405,8.49398360343184,5.596887321258341,False,0,0.9166666666666666,0.8402777777777777,-0.8968726967398019,1.4070711003516558,scary,-0.2198516935636917,-0.9041459649813648
27,3,scary-1,scary,True,relaxed,relaxed-1,0,1,5.0,78.38699021408853,13,2.017223013610021,42.7252056,21.481620400000004,1.6788538327445994,6.839275437029799,False,1,-0.9166666666666666,0.8402777777777777,-0.023460196630293056,-0.6878238381371617,relaxed,0.43319947428900785,1.5021069750542104
27,3,scary-1,scary,True,relaxed,relaxed-1,0,2,15.0,81.25410358191948,13,4.884336381440974,43.89123839999999,22.6476532,1.6788538327445994,6.839275437029799,False,1,-0.75,0.5625,-0.023460196630293056,-0.6878238381371617,relaxed,1.2563717144961344,1.6234939748242816
27,3,scary-1,scary,True,relaxed,relaxed-1,0,3,25.0,74.30281978474221,13,-2.066947415736294,43.7563992,22.51281400000001,1.6788538327445994,6.839275437029799,False,1,-0.5833333333333334,0.34027777777777785,-0.023460196630293056,-0.6878238381371617,relaxed,-0.7394000327392514,1.6094568688874713
27,3,scary-1,scary,True,relaxed,relaxed-1,0,4,35.0,80.20464195739675,13,3.8348747569182393,42.6989928,21.455407600000008,1.6788538327445994,6.839275437029799,False,1,-0.4166666666666667,0.17361111111111113,-0.023460196630293056,-0.6878238381371617,relaxed,0.9550625000916324,1.4993781554639103
27,3,scary-1,scary,True,relaxed,relaxed-1,0,5,45.0,79.62426940119485,13,3.2545022007163453,41.88424319999999,20.640658,1.6788538327445994,6.839275437029799,False,1,-0.25,0.0625,-0.023460196630293056,-0.6878238381371617,relaxed,0.788432682588156,1.4145606361729717
27,3,scary-1,scary,True,relaxed,relaxed-1,0,6,55.0,82.55778486131746,14,6.188017660838952,41.9895144,20.74592920000001,1.6788538327445994,6.839275437029799,False,1,-0.08333333333333333,0.006944444444444444,-0.023460196630293056,-0.6878238381371617,relaxed,1.6306695191518308,1.4255196376094634
27,3,scary-1,scary,True,relaxed,relaxed-1,0,7,65.0,77.92315851582111,13,1.5533913153426084,41.5215264,20.277941200000008,1.6788538327445994,6.839275437029799,False,1,0.08333333333333333,0.006944444444444444,-0.023460196630293056,-0.6878238381371617,relaxed,0.30002951232454117,1.3768008886614094
27,3,scary-1,scary,True,relaxed,relaxed-1,0,8,75.0,75.42476915268017,13,-0.944998047798336,40.8102768,19.56669160000001,1.6788538327445994,6.839275437029799,False,1,0.25,0.0625,-0.023460196630293056,-0.6878238381371617,relaxed,-0.41727898061526286,1.3027579843523165
27,3,scary-1,scary,True,relaxed,relaxed-1,0,9,85.0,79.40075917407577,13,3.030991973597267,40.46805839999999,19.2244732,1.6788538327445994,6.839275437029799,False,1,0.4166666666666667,0.17361111111111113,-0.023460196630293056,-0.6878238381371617,relaxed,0.7242610260254416,1.2671321727609826
27,3,scary-1,scary,True,relaxed,relaxed-1,0,10,95.0,73.1619561454912,12,-3.207811054987303,40.0749768,18.831391600000003,1.6788538327445994,6.839275437029799,False,1,0.5833333333333334,0.34027777777777785,-0.023460196630293056,-0.6878238381371617,relaxed,-1.0669515304338062,1.226211371829123
27,3,scary-1,scary,True,relaxed,relaxed-1,0,11,105.0,76.28152595211154,13,-0.0882412483669696,39.5011308,18.257545600000007,1.6788538327445994,6.839275437029799,False,1,0.75,0.5625,-0.023460196630293056,-0.6878238381371617,relaxed,-0.17129693406851185,1.166472534062247
27,3,scary-1,scary,True,relaxed,relaxed-1,0,12,115.0,76.54412256568855,12,0.1743553652100473,39.0881424,17.844557200000004,1.6788538327445994,6.839275437029799,False,1,0.9166666666666666,0.8402777777777777,-0.023460196630293056,-0.6878238381371617,relaxed,-0.09590324887477619,1.123479384284777
27,4,amusing-1,amusing,True,scary,scary-1,0,1,5.0,80.95893764273501,14,4.4607046050361845,34.3349316,-5.909087,6.099371020019066,6.120054146806482,False,0,-0.9166666666666666,0.8402777777777777,-0.5290806684068352,-0.26884485043939826,scary,1.1347434864955537,-1.3493357912778368
27,4,amusing-1,amusing,True,scary,scary-1,0,2,15.0,76.49009244467419,13,-0.0081405930246347,34.8762528,-5.367765800000001,6.099371020019066,6.120054146806482,False,0,-0.75,0.5625,-0.5290806684068352,-0.26884485043939826,scary,-0.1482993656291126,-1.2929828684613132
27,4,amusing-1,amusing,True,scary,scary-1,0,3,25.0,77.2995941719781,13,0.8013611342792757,34.3613544,-5.882664200000001,6.099371020019066,6.120054146806482,False,0,-0.5833333333333334,0.34027777777777785,-0.5290806684068352,-0.26884485043939826,scary,0.08411535427448737,-1.346585110149892
27,4,amusing-1,amusing,True,scary,scary-1,0,4,35.0,76.70104548020107,12,0.2028124425022497,35.64545759999999,-4.598561000000004,6.099371020019066,6.120054146806482,False,0,-0.4166666666666667,0.17361111111111113,-0.5290806684068352,-0.26884485043939826,scary,-0.08773298385240239,-1.2129066794546766
27,4,amusing-1,amusing,True,scary,scary-1,0,5,45.0,77.66162975012058,13,1.1633967124217577,35.0047824,-5.239236200000001,6.099371020019066,6.120054146806482,False,0,-0.25,0.0625,-0.5290806684068352,-0.26884485043939826,scary,0.18805879831056582,-1.2796026080384095
27,4,amusing-1,amusing,True,scary,scary-1,0,6,55.0,76.31488180472958,13,-0.1833512329692439,34.5450792,-5.6989394,6.099371020019066,6.120054146806482,False,0,-0.08333333333333333,0.006944444444444444,-0.5290806684068352,-0.26884485043939826,scary,-0.198603806538068,-1.3274588880956268
27,4,amusing-1,amusing,True,scary,scary-1,0,7,65.0,80.79364046721285,13,4.295407429514029,34.1188824,-6.1251362,6.099371020019066,6.120054146806482,False,0,0.08333333333333333,0.006944444444444444,-0.5290806684068352,-0.26884485043939826,scary,1.0872852841791862,-1.3718270661293883
27,4,amusing-1,amusing,True,scary,scary-1,0,8,75.0,77.68394411854283,13,1.1857110808440012,33.699386399999995,-6.544632200000002,6.099371020019066,6.120054146806482,False,0,0.25,0.0625,-0.5290806684068352,-0.26884485043939826,scary,0.19446544021354772,-1.4154976737276876
27,4,amusing-1,amusing,True,scary,scary-1,0,9,85.0,80.70729561062592,14,4.209062572927095,33.28620479999999,-6.957813800000004,6.099371020019066,6.120054146806482,False,0,0.4166666666666667,0.17361111111111113,-0.5290806684068352,-0.26884485043939826,scary,1.0624949533103372,-1.45851093611979
27,4,amusing-1,amusing,True,scary,scary-1,0,10,95.0,77.45452535702326,13,0.956292319324433,32.88583319999999,-7.3581854000000035,6.099371020019066,6.120054146806482,False,0,0.5833333333333334,0.34027777777777785,-0.5290806684068352,-0.26884485043939826,scary,0.1285973939812223,-1.5001906447155888
27,4,amusing-1,amusing,True,scary,scary-1,0,11,105.0,77.83314332410605,13,1.3349102864072222,32.449586399999994,-7.794432200000003,6.099371020019066,6.120054146806482,False,0,0.75,0.5625,-0.5290806684068352,-0.26884485043939826,scary,0.23730178064521829,-1.5456050534794714
27,4,amusing-1,amusing,True,scary,scary-1,0,12,115.0,84.45378322966316,14,7.955550191964335,32.31001679999999,-7.934001800000004,6.099371020019066,6.120054146806482,False,0,0.9166666666666666,0.8402777777777777,-0.5290806684068352,-0.26884485043939826,scary,2.138142899733983,-1.5601346061671053
27,6,amusing-2,amusing,True,boring,boring-2,0,1,5.0,77.3866991118127,13,-2.574125934009146,33.2836416,8.837636599999996,7.823759936723265,5.662073522601221,False,0,-0.9166666666666666,0.8402777777777777,-0.8510460807534012,0.5691131249561289,boring,-0.8850152294579777,0.18583589020703317
27,6,amusing-2,amusing,True,boring,boring-2,0,2,15.0,75.81303401730614,13,-4.147791028515712,34.4283732,9.982368199999996,7.823759936723265,5.662073522601221,False,0,-0.75,0.5625,-0.8510460807534012,0.5691131249561289,boring,-1.3368276466839946,0.30500538052153703
27,6,amusing-2,amusing,True,boring,boring-2,0,3,25.0,73.70763137144112,12,-6.253193674380725,33.9032208,9.4572158,7.823759936723265,5.662073522601221,False,0,-0.5833333333333334,0.34027777777777785,-0.8510460807534012,0.5691131249561289,boring,-1.9413063645401556,0.2503356711805544
27,6,amusing-2,amusing,True,boring,boring-2,0,4,35.0,77.05894587875804,13,-2.901879167063811,33.87128399999999,9.425278999999987,7.823759936723265,5.662073522601221,False,0,-0.4166666666666667,0.17361111111111113,-0.8510460807534012,0.5691131249561289,boring,-0.9791159253411147,0.24701096853560447
27,6,amusing-2,amusing,True,boring,boring-2,0,5,45.0,74.97557981992675,12,-4.985245225895099,33.66272159999999,9.216716599999993,7.823759936723265,5.662073522601221,False,0,-0.25,0.0625,-0.8510460807534012,0.5691131249561289,boring,-1.5772677546554408,0.2252990887318417
27,6,amusing-2,amusing,True,boring,boring-2,0,6,55.0,74.45537540575872,13,-5.505449640063134,33.3279936,8.8819886,7.823759936723265,5.662073522601221,False,0,-0.08333333333333333,0.006944444444444444,-0.8510460807534012,0.5691131249561289,boring,-1.7266227950877258,0.1904530469575145
27,6,amusing-2,amusing,True,boring,boring-2,0,7,65.0,77.33316345160151,13,-2.627661594220342,33.0906504,8.644645400000002,7.823759936723265,5.662073522601221,False,0,0.08333333333333333,0.006944444444444444,-0.8510460807534012,0.5691131249561289,boring,-0.9003857654965849,0.16574501218882887
27,6,amusing-2,amusing,True,boring,boring-2,0,8,75.0,77.20532933728016,13,-2.755495708541688,32.81387759999999,8.367872599999991,7.823759936723265,5.662073522601221,False,0,0.25,0.0625,-0.8510460807534012,0.5691131249561289,boring,-0.9370880094474073,0.1369322551120439
27,6,amusing-2,amusing,True,boring,boring-2,0,9,85.0,76.84613395939623,12,-3.1146910864256228,32.47382879999999,8.027823799999993,7.823759936723265,5.662073522601221,False,0,0.4166666666666667,0.17361111111111113,-0.8510460807534012,0.5691131249561289,boring,-1.0402160082221659,0.10153230443534515
27,6,amusing-2,amusing,True,boring,boring-2,0,10,95.0,74.48213782606925,13,-5.478687219752601,32.0959344,7.649929399999998,7.823759936723265,5.662073522601221,False,0,0.5833333333333334,0.34027777777777785,-0.8510460807534012,0.5691131249561289,boring,-1.7189390802658553,0.06219252990592298
27,6,amusing-2,amusing,True,boring,boring-2,0,11,105.0,75.90219735365304,12,-4.0586276921688125,31.7036472,7.257642199999999,7.823759936723265,5.662073522601221,False,0,0.75,0.5625,-0.8510460807534012,0.5691131249561289,boring,-1.3112281066907276,0.021354428047894725
27,6,amusing-2,amusing,True,boring,boring-2,0,12,115.0,81.8879566835725,14,1.927131637750648,31.439292,6.993287000000002,7.823759936723265,5.662073522601221,False,0,0.9166666666666666,0.8402777777777777,-0.8510460807534012,0.5691131249561289,boring,0.40733348638577854,-0.006165625077211977
27,7,scary-2,scary,True,amusing,amusing-2,0,1,5.0,79.30325476985844,13,1.943779869586109,43.55434079999999,11.28480239999999,1.473975595805529,7.695991611058151,False,1,-0.9166666666666666,0.8402777777777777,0.5788206896269955,0.9880921126538924,amusing,0.41211333305987496,0.4405921152479811
27,7,scary-2,scary,True,amusing,amusing-2,0,2,15.0,78.67355400376587,13,1.3140791034935404,41.5428144,9.273275999999996,1.473975595805529,7.695991611058151,False,1,-0.75,0.5625,0.5788206896269955,0.9880921126538924,amusing,0.23132097371319504,0.23118706707584347
27,7,scary-2,scary,True,amusing,amusing-2,0,3,25.0,75.00130333826375,12,-2.358171562008579,40.22598,7.956441599999998,1.473975595805529,7.695991611058151,False,1,-0.5833333333333334,0.34027777777777785,0.5788206896269955,0.9880921126538924,amusing,-0.8230129221279694,0.0941012346618477
27,7,scary-2,scary,True,amusing,amusing-2,0,4,35.0,74.05629781987614,13,-3.303177080396196,39.1898592,6.920320799999992,1.473975595805529,7.695991611058151,False,1,-0.4166666666666667,0.17361111111111113,0.5788206896269955,0.9880921126538924,amusing,-1.0943319143615187,-0.013761593306085361
27,7,scary-2,scary,True,amusing,amusing-2,0,5,45.0,79.48962666517576,13,2.130151764903431,38.4265728,6.1570343999999935,1.473975595805529,7.695991611058151,False,1,-0.25,0.0625,0.5788206896269955,0.9880921126538924,amusing,0.4656222637848819,-0.09322166172036897
27,7,scary-2,scary,True,amusing,amusing-2,0,6,55.0,77.70145366278986,13,0.3419787625175274,38.21307839999999,5.943539999999992,1.473975595805529,7.695991611058151,False,1,-0.08333333333333333,0.006944444444444444,0.5788206896269955,0.9880921126538924,amusing,-0.04777716881777611,-0.11544697535109345
27,7,scary-2,scary,True,amusing,amusing-2,0,7,65.0,79.12155943450495,13,1.7620845342326137,37.271388,5.001849599999993,1.473975595805529,7.695991611058151,False,1,0.08333333333333333,0.006944444444444444,0.5788206896269955,0.9880921126538924,amusing,0.3599470818344228,-0.21347935691727118
27,7,scary-2,scary,True,amusing,amusing-2,0,8,75.0,79.20675404360529,13,1.8472791433329547,36.6760536,4.406515199999994,1.473975595805529,7.695991611058151,False,1,0.25,0.0625,0.5788206896269955,0.9880921126538924,amusing,0.38440716702448036,-0.2754551921389868
27,7,scary-2,scary,True,amusing,amusing-2,0,9,85.0,77.33733633845483,13,-0.0221385618174991,35.883588,3.614049599999994,1.473975595805529,7.695991611058151,False,1,0.4166666666666667,0.17361111111111113,0.5788206896269955,0.9880921126538924,amusing,-0.15231829960600274,-0.35795288997818114
27,7,scary-2,scary,True,amusing,amusing-2,0,10,95.0,84.7898509330114,14,7.430376032739062,35.395692,3.126153599999995,1.473975595805529,7.695991611058151,False,1,0.5833333333333334,0.34027777777777785,0.5788206896269955,0.9880921126538924,amusing,1.9873610039084215,-0.40874411269491673
27,7,scary-2,scary,True,amusing,amusing-2,0,11,105.0,83.99835915396746,14,6.6388842536951245,34.649157599999995,2.3796191999999934,1.473975595805529,7.695991611058151,False,1,0.75,0.5625,0.5788206896269955,0.9880921126538924,amusing,1.76011709085938,-0.48646025502054496
27,7,scary-2,scary,True,amusing,amusing-2,0,12,115.0,81.50922432760751,14,4.1497494273351805,33.9079488,1.638410399999998,1.473975595805529,7.695991611058151,False,1,0.9166666666666666,0.8402777777777777,0.5788206896269955,0.9880921126538924,amusing,1.0454656528723272,-0.5636219887515126
28,1,scary-2,scary,True,,,0,1,5.0,83.06472486879888,14,-1.5389306902976756,20.5907016,2.1293500000000094,4.533727645376548,7.932673021925643,False,1,-0.9166666666666666,0.8402777777777777,0.7452103227625793,-1.5257818135326888,none,-0.14492325759835317,0.16611791759646594
28,1,scary-2,scary,True,,,0,2,15.0,87.74185403941162,15,3.1381984803150687,20.2202952,1.7589436000000092,4.533727645376548,7.932673021925643,False,1,-0.75,0.5625,0.7452103227625793,-1.5257818135326888,none,0.5655316255252089,0.07809534170433871
28,1,scary-2,scary,True,,,0,3,25.0,80.27433339772242,13,-4.329322161374137,20.1114816,1.650130000000008,4.533727645376548,7.932673021925643,False,1,-0.5833333333333334,0.34027777777777785,0.7452103227625793,-1.5257818135326888,none,-0.5687831028445972,0.0522371131097581
28,1,scary-2,scary,True,,,0,4,35.0,78.27833041393382,13,-6.325325145162736,20.0020704,1.5407188000000076,4.533727645376548,7.932673021925643,False,1,-0.4166666666666667,0.17361111111111113,0.7452103227625793,-1.5257818135326888,none,-0.8719755131529983,0.02623687214348769
28,1,scary-2,scary,True,,,0,5,45.0,84.76491436223931,14,0.1612588031427577,19.9330752,1.4717236000000078,4.533727645376548,7.932673021925643,False,1,-0.25,0.0625,0.7452103227625793,-1.5257818135326888,none,0.1133351491695499,0.009841002017613848
28,1,scary-2,scary,True,,,0,6,55.0,82.70247646530292,14,-1.9011790937936297,19.862112,1.4007604000000065,4.533727645376548,7.932673021925643,False,1,-0.08333333333333333,0.006944444444444444,0.7452103227625793,-1.5257818135326888,none,-0.19994870970355952,-0.007022539372460178
28,1,scary-2,scary,True,,,0,7,65.0,83.15967272181048,14,-1.4439828372860717,19.76118,1.2998284000000062,4.533727645376548,7.932673021925643,False,1,0.08333333333333333,0.006944444444444444,0.7452103227625793,-1.5257818135326888,none,-0.13050069979558143,-0.03100780158700129
28,1,scary-2,scary,True,,,0,8,75.0,80.42937405000316,13,-4.17428150909339,19.629105599999995,1.1677540000000055,4.533727645376548,7.932673021925643,False,1,0.25,0.0625,0.7452103227625793,-1.5257818135326888,none,-0.5452324621679173,-0.062393676392099744
28,1,scary-2,scary,True,,,0,9,85.0,80.67096435894379,14,-3.93269120015276,19.4942712,1.0329196000000105,4.533727645376548,7.932673021925643,False,1,0.4166666666666667,0.17361111111111113,0.7452103227625793,-1.5257818135326888,none,-0.5085349478506648,-0.09443543162869661
28,1,scary-2,scary,True,,,0,10,95.0,82.05438822396792,13,-2.549267335128633,19.3416936,0.8803420000000095,4.533727645376548,7.932673021925643,False,1,0.5833333333333334,0.34027777777777785,0.7452103227625793,-1.5257818135326888,none,-0.2983931697463625,-0.1306936425436233
28,1,scary-2,scary,True,,,0,11,105.0,95.68854067951531,16,11.08488512041876,19.294778399999995,0.8334268000000051,4.533727645376548,7.932673021925643,False,1,0.75,0.5625,0.7452103227625793,-1.5257818135326888,none,1.772631562723393,-0.14184246921750018
28,1,scary-2,scary,True,,,0,12,115.0,95.06297215407542,16,10.459316594978873,19.393538399999997,0.9321868000000038,4.533727645376548,7.932673021925643,False,1,0.9166666666666666,0.8402777777777777,0.7452103227625793,-1.5257818135326888,none,1.6776078425277527,-0.11837335638600928
28,3,amusing-2,amusing,True,relaxed,relaxed-2,0,1,5.0,85.94328102092037,10,0.2898306606853111,19.154027999999997,2.804805199999997,7.733859961868446,6.954129647283127,False,0,-0.9166666666666666,0.8402777777777777,0.057283575506622386,-0.6878238381371617,relaxed,0.1328651857991363,0.3266316306525331
28,3,amusing-2,amusing,True,relaxed,relaxed-2,0,2,15.0,92.1909785034144,16,6.537528143179358,19.7032272,3.354004400000001,7.733859961868446,6.954129647283127,False,0,-0.75,0.5625,0.057283575506622386,-0.6878238381371617,relaxed,1.0818890469757503,0.45714214089721533
28,3,amusing-2,amusing,True,relaxed,relaxed-2,0,3,25.0,93.6639190483183,15,8.01046868808325,19.273884,2.9246612000000027,7.733859961868446,6.954129647283127,False,0,-0.5833333333333334,0.34027777777777785,0.057283575506622386,-0.6878238381371617,relaxed,1.3056283888893192,0.3551139513039238
28,3,amusing-2,amusing,True,relaxed,relaxed-2,0,4,35.0,83.38288440345464,14,-2.270565956780416,18.993959999999998,2.644737199999998,7.733859961868446,6.954129647283127,False,0,-0.4166666666666667,0.17361111111111113,0.057283575506622386,-0.6878238381371617,relaxed,-0.2560584922213418,0.28859341727959753
28,3,amusing-2,amusing,True,relaxed,relaxed-2,0,5,45.0,79.06179792925715,13,-6.591652430977902,18.7814568,2.432234000000001,7.733859961868446,6.954129647283127,False,0,-0.25,0.0625,0.057283575506622386,-0.6878238381371617,relaxed,-0.912430568768159,0.2380946163697871
28,3,amusing-2,amusing,True,relaxed,relaxed-2,0,6,55.0,78.58187606942519,13,-7.071574290809863,18.50922,2.159997200000003,7.733859961868446,6.954129647283127,False,0,-0.08333333333333333,0.006944444444444444,0.057283575506622386,-0.6878238381371617,relaxed,-0.9853305927781201,0.1734008519298917
28,3,amusing-2,amusing,True,relaxed,relaxed-2,0,7,65.0,89.57434061057072,15,3.92089025033566,18.315640799999997,1.9664179999999971,7.733859961868446,6.954129647283127,False,0,0.08333333333333333,0.006944444444444444,0.057283575506622386,-0.6878238381371617,relaxed,0.6844223317057491,0.12739910945692745
28,3,amusing-2,amusing,True,relaxed,relaxed-2,0,8,75.0,79.20449926557195,13,-6.4489510946631015,18.1191024,1.7698795999999994,7.733859961868446,6.954129647283127,False,0,0.25,0.0625,0.057283575506622386,-0.6878238381371617,relaxed,-0.890754267448513,0.08069414909523544
28,3,amusing-2,amusing,True,relaxed,relaxed-2,0,9,85.0,77.4024718340882,13,-8.250978526146852,17.8786104,1.5293876000000033,7.733859961868446,6.954129647283127,False,0,0.4166666666666667,0.17361111111111113,0.057283575506622386,-0.6878238381371617,relaxed,-1.16448183440654,0.023544150279207667
28,3,amusing-2,amusing,True,relaxed,relaxed-2,0,10,95.0,76.0895153594032,12,-9.563935000831862,17.623526399999996,1.2743035999999996,7.733859961868446,6.954129647283127,False,0,0.5833333333333334,0.34027777777777785,0.057283575506622386,-0.6878238381371617,relaxed,-1.3639196315556097,-0.037073459861620583
28,3,amusing-2,amusing,True,relaxed,relaxed-2,0,11,105.0,80.92976486346484,14,-4.723685496770216,17.323497599999996,0.9742748,7.733859961868446,6.954129647283127,False,0,0.75,0.5625,0.057283575506622386,-0.6878238381371617,relaxed,-0.6286868059788713,-0.1083716550813139
28,3,amusing-2,amusing,True,relaxed,relaxed-2,0,12,115.0,83.73376520252043,14,-1.9196851577146248,17.2048224,0.855599600000005,7.733859961868446,6.954129647283127,False,0,0.9166666666666666,0.8402777777777777,0.057283575506622386,-0.6878238381371617,relaxed,-0.20275977670651452,-0.13657337297418218
28,7,scary-1,scary,True,boring,boring-1,0,1,5.0,77.04008989564831,12,-3.889411982256036,20.773236,8.226012800000003,4.369218684461392,7.96216968541468,False,1,-0.9166666666666666,0.8402777777777777,0.7659468013845205,0.9880921126538924,boring,-0.5019608442561584,1.6149156813546188
28,7,scary-1,scary,True,boring,boring-1,0,2,15.0,81.70719483141703,14,0.777692953512684,20.286722399999995,7.739499200000001,4.369218684461392,7.96216968541468,False,1,-0.75,0.5625,0.7659468013845205,0.9880921126538924,boring,0.20697135981905462,1.4993016415363214
28,7,scary-1,scary,True,boring,boring-1,0,3,25.0,71.95422530099032,12,-8.975276576914027,20.1006384,7.553415200000003,4.369218684461392,7.96216968541468,False,1,-0.5833333333333334,0.34027777777777785,0.7659468013845205,0.9880921126538924,boring,-1.274502547590521,1.4550810421829885
28,7,scary-1,scary,True,boring,boring-1,0,4,35.0,75.75377439214041,13,-5.175727485763929,19.90192799999999,7.354704799999997,4.369218684461392,7.96216968541468,False,1,-0.4166666666666667,0.17361111111111113,0.7659468013845205,0.9880921126538924,boring,-0.6973518837952697,1.4078599324382446
28,7,scary-1,scary,True,boring,boring-1,0,5,45.0,76.8867091624502,12,-4.042792715454141,19.777739999999994,7.2305168,4.369218684461392,7.96216968541468,False,1,-0.25,0.0625,0.7659468013845205,0.9880921126538924,boring,-0.5252593435925343,1.3783481646748064
28,7,scary-1,scary,True,boring,boring-1,0,6,55.0,77.95977521231218,13,-2.9697266655921624,19.61412,7.066896800000002,4.369218684461392,7.96216968541468,False,1,-0.08333333333333333,0.006944444444444444,0.7659468013845205,0.9880921126538924,boring,-0.3622608487404715,1.3394658617030715
28,7,scary-1,scary,True,boring,boring-1,0,7,65.0,71.00928205166814,12,-9.920219826236206,19.377964799999997,6.8307416,4.369218684461392,7.96216968541468,False,1,0.08333333333333333,0.006944444444444444,0.7659468013845205,0.9880921126538924,boring,-1.4180392174720664,1.2833464506607117
28,7,scary-1,scary,True,boring,boring-1,0,8,75.0,75.6304490417631,13,-5.299052836141243,19.1402304,6.593007200000002,4.369218684461392,7.96216968541468,False,1,0.25,0.0625,0.7659468013845205,0.9880921126538924,boring,-0.7160849771506983,1.2268517619453736
28,7,scary-1,scary,True,boring,boring-1,0,9,85.0,74.67310047538298,12,-6.256401402521362,19.20902879999999,6.661805599999997,4.369218684461392,7.96216968541468,False,1,0.4166666666666667,0.17361111111111113,0.7659468013845205,0.9880921126538924,boring,-0.8615060119405055,1.2432008649448263
28,7,scary-1,scary,True,boring,boring-1,0,10,95.0,74.57571172805581,12,-6.353790149848535,19.154812799999995,6.607589600000001,4.369218684461392,7.96216968541468,False,1,0.5833333333333334,0.34027777777777785,0.7659468013845205,0.9880921126538924,boring,-0.8762993410481581,1.2303170919469317
28,7,scary-1,scary,True,boring,boring-1,0,11,105.0,84.05425130966141,15,3.124749431757067,18.8508432,6.303620000000002,4.369218684461392,7.96216968541468,False,1,0.75,0.5625,0.7659468013845205,0.9880921126538924,boring,0.5634887180337003,1.1580824135372192
28,7,scary-1,scary,True,boring,boring-1,0,12,115.0,81.19440616192024,13,0.2649042840158984,18.6584496,6.111226400000007,4.369218684461392,7.96216968541468,False,1,0.9166666666666666,0.8402777777777777,0.7659468013845205,0.9880921126538924,boring,0.12907887471441562,1.1123624144843973
28,8,amusing-1,amusing,True,scary,scary-1,1,1,5.0,87.2463422056542,14,10.069277032224493,15.207129599999996,-3.858092000000001,6.374248236415633,5.770692850333651,False,0,-0.9166666666666666,0.8402777777777777,-0.7746854995544361,1.4070711003516558,scary,1.6183609194982727,-1.2567248514396807
28,8,amusing-1,amusing,True,scary,scary-1,1,2,15.0,104.16283701517686,17,26.98577184174715,15.216983999999997,-3.848237600000001,6.374248236415633,5.770692850333651,False,0,-0.75,0.5625,-0.7746854995544361,1.4070711003516558,scary,4.18797272715875,-1.2543830731338217
28,8,amusing-1,amusing,True,scary,scary-1,1,3,25.0,85.43910706839105,14,8.262041894961342,15.192938399999996,-3.8722832,6.374248236415633,5.770692850333651,False,0,-0.5833333333333334,0.34027777777777785,-0.7746854995544361,1.4070711003516558,scary,1.343842303187987,-1.2600972175192093
28,8,amusing-1,amusing,True,scary,scary-1,1,4,35.0,77.70760176675037,13,0.5305365933206616,15.029714399999994,-4.035507200000003,6.374248236415633,5.770692850333651,False,0,-0.4166666666666667,0.17361111111111113,-0.7746854995544361,1.4070711003516558,scary,0.16942836355186708,-1.2988854159072956
28,8,amusing-1,amusing,True,scary,scary-1,1,5,45.0,77.42874189281656,13,0.2516767193868503,14.7324504,-4.332771199999998,6.374248236415633,5.770692850333651,False,0,-0.25,0.0625,-0.7746854995544361,1.4070711003516558,scary,0.12706961058256602,-1.369526590033868
28,8,amusing-1,amusing,True,scary,scary-1,1,6,55.0,80.98101669396392,14,3.8039515205342127,14.501020799999996,-4.564200800000002,6.374248236415633,5.770692850333651,False,0,-0.08333333333333333,0.006944444444444444,-0.7746854995544361,1.4070711003516558,scary,0.6666593645985521,-1.4245230197113383
28,8,amusing-1,amusing,True,scary,scary-1,1,7,65.0,75.73516893696258,12,-1.4418962364671302,14.264860799999996,-4.8003608,6.374248236415633,5.770692850333651,False,0,0.08333333333333333,0.006944444444444444,-0.7746854995544361,1.4070711003516558,scary,-0.1301837455942177,-1.480643571415317
28,8,amusing-1,amusing,True,scary,scary-1,1,8,75.0,74.07962058015198,12,-3.0974445932777286,14.021013599999998,-5.044207999999999,6.374248236415633,5.770692850333651,False,0,0.25,0.0625,-0.7746854995544361,1.4070711003516558,scary,-0.38166117361427543,-1.5385908927037253
28,8,amusing-1,amusing,True,scary,scary-1,1,9,85.0,76.60568467967659,13,-0.571380493753125,13.790369999999996,-5.274851600000002,6.374248236415633,5.770692850333651,False,0,0.4166666666666667,0.17361111111111113,-0.7746854995544361,1.4070711003516558,scary,0.0020474025496073586,-1.5934005390409203
28,8,amusing-1,amusing,True,scary,scary-1,1,10,95.0,79.70922613389565,14,2.5321609604659443,13.601723999999995,-5.463497600000002,6.374248236415633,5.770692850333651,False,0,0.5833333333333334,0.34027777777777785,-0.7746854995544361,1.4070711003516558,scary,0.47347466074471817,-1.6382299665339286
28,8,amusing-1,amusing,True,scary,scary-1,1,11,105.0,79.35389304837847,13,2.1768278749487564,13.442049599999995,-5.623172000000002,6.374248236415633,5.770692850333651,False,0,0.75,0.5625,-0.7746854995544361,1.4070711003516558,scary,0.41949964390592187,-1.6761746456540245
28,8,amusing-1,amusing,True,scary,scary-1,1,12,115.0,77.75098775709363,13,0.573922583663915,13.369949333333327,-5.695272266666668,6.374248236415633,5.770692850333651,False,0,0.9166666666666666,0.8402777777777777,-0.7746854995544361,1.4070711003516558,scary,0.17601868585730768,-1.6933083971078582
29,1,amusing-1,amusing,True,,,0,1,5.0,75.11791552418993,12,7.122317264703568,52.11066,11.999639999999992,5.354581153719829,5.074572437936089,False,0,-0.9166666666666666,0.8402777777777777,-1.2640658003245226,-1.5257818135326888,none,1.5220521794724011,0.5705697577561403
29,1,amusing-1,amusing,True,,,0,2,15.0,70.30578044986213,12,2.3101821903757696,50.5456224,10.434602399999996,5.354581153719829,5.074572437936089,False,0,-0.75,0.5625,-1.2640658003245226,-1.5257818135326888,none,0.3740447384679008,0.1326348201023311
29,1,amusing-1,amusing,True,,,0,3,25.0,62.96854503924476,10,-5.027053220241598,49.2823992,9.171379199999995,5.354581153719829,5.074572437936089,False,0,-0.5833333333333334,0.34027777777777785,-1.2640658003245226,-1.5257818135326888,none,-1.3763634935718188,-0.22084523260365294
29,1,amusing-1,amusing,True,,,0,4,35.0,69.27379883989681,12,1.2782005804104557,48.22951919999999,8.118499199999988,5.354581153719829,5.074572437936089,False,0,-0.4166666666666667,0.17361111111111113,-1.2640658003245226,-1.5257818135326888,none,0.1278499519706667,-0.5154662290301585
29,1,amusing-1,amusing,True,,,0,5,45.0,69.71589089896703,11,1.7202926394806752,47.90286959999999,7.791849599999985,5.354581153719829,5.074572437936089,False,0,-0.25,0.0625,-1.2640658003245226,-1.5257818135326888,none,0.2333176841898228,-0.6068705967019916
29,1,amusing-1,amusing,True,,,0,6,55.0,68.55217870145096,12,0.5565804419645985,47.361744,7.250723999999998,5.354581153719829,5.074572437936089,False,0,-0.08333333333333333,0.006944444444444444,-1.2640658003245226,-1.5257818135326888,none,-0.044303421889119086,-0.7582904769009561
29,1,amusing-1,amusing,True,,,0,7,65.0,71.33275728228851,12,3.3371590228021546,46.486476,6.375455999999993,5.354581153719829,5.074572437936089,False,0,0.08333333333333333,0.006944444444444444,-1.2640658003245226,-1.5257818135326888,none,0.6190455597570687,-1.0032113893508405
29,1,amusing-1,amusing,True,,,0,8,75.0,69.43341599803267,11,1.437817738546315,45.6770592,5.566039199999999,5.354581153719829,5.074572437936089,False,0,0.25,0.0625,-1.2640658003245226,-1.5257818135326888,none,0.16592903379643095,-1.2297055616595085
29,1,amusing-1,amusing,True,,,0,9,85.0,70.06231348397118,12,2.066715224484824,45.257952,5.146932,5.354581153719829,5.074572437936089,False,0,0.4166666666666667,0.17361111111111113,-1.2640658003245226,-1.5257818135326888,none,0.31596201964051257,-1.346981776302698
29,1,amusing-1,amusing,True,,,0,10,95.0,73.46865809324784,12,5.473059833761482,45.1599768,5.048956799999992,5.354581153719829,5.074572437936089,False,0,0.5833333333333334,0.34027777777777785,-1.2640658003245226,-1.5257818135326888,none,1.1285969306880637,-1.3743975796697374
29,1,amusing-1,amusing,True,,,0,11,105.0,70.33685328487182,12,2.3412550253854647,44.6007144,4.489694399999998,5.354581153719829,5.074572437936089,False,0,0.75,0.5625,-1.2640658003245226,-1.5257818135326888,none,0.38145763217376133,-1.530892570126272
29,1,amusing-1,amusing,True,,,0,12,115.0,70.23005722318406,11,2.234458963697705,44.1094632,3.998443199999997,5.354581153719829,5.074572437936089,False,0,0.9166666666666666,0.8402777777777777,-1.2640658003245226,-1.5257818135326888,none,0.355979820018904,-1.668356400799963
29,3,scary-1,scary,True,boring,boring-1,0,1,5.0,71.74533558526696,12,5.582649016921579,59.4239064,20.0721676,4.25993403241182,5.3219340324118205,False,1,-0.9166666666666666,0.8402777777777777,-1.0901678807295914,-0.6878238381371617,boring,1.1547410841206167,2.8294559795406298
29,3,scary-1,scary,True,boring,boring-1,0,2,15.0,66.40282356101122,11,0.240136992665839,56.73007679999999,17.378337999999985,4.25993403241182,5.3219340324118205,False,1,-0.75,0.5625,-1.0901678807295914,-0.6878238381371617,boring,-0.11979578210780067,2.0756580529438535
29,3,scary-1,scary,True,boring,boring-1,0,3,25.0,65.75281682345711,11,-0.4098697448882689,54.42598559999999,15.07424679999999,4.25993403241182,5.3219340324118205,False,1,-0.5833333333333334,0.34027777777777785,-1.0901678807295914,-0.6878238381371617,boring,-0.2748646984805217,1.4309182485962197
29,3,scary-1,scary,True,boring,boring-1,0,4,35.0,62.96346863347805,11,-3.1992179348673275,52.5810144,13.229275599999994,4.25993403241182,5.3219340324118205,False,1,-0.4166666666666667,0.17361111111111113,-1.0901678807295914,-0.6878238381371617,boring,-0.940305802727934,0.9146511969643141
29,3,scary-1,scary,True,boring,boring-1,0,5,45.0,68.2506175674458,11,2.087930999100422,51.16758,11.8158412,4.25993403241182,5.3219340324118205,False,1,-0.25,0.0625,-1.0901678807295914,-0.6878238381371617,boring,0.32102336283832034,0.5191384592245
29,3,scary-1,scary,True,boring,boring-1,0,6,55.0,61.67046118213385,10,-4.49222538621153,51.4455288,12.093789999999998,4.25993403241182,5.3219340324118205,False,1,-0.08333333333333333,0.006944444444444444,-1.0901678807295914,-0.6878238381371617,boring,-1.248772242777886,0.5969151787096746
29,3,scary-1,scary,True,boring,boring-1,0,7,65.0,61.78495483945373,10,-4.377731728891646,50.70588959999999,11.354150799999992,4.25993403241182,5.3219340324118205,False,1,0.08333333333333333,0.006944444444444444,-1.0901678807295914,-0.6878238381371617,boring,-1.2214580530220205,0.3899464471352275
29,3,scary-1,scary,True,boring,boring-1,0,8,75.0,65.2432898030159,11,-0.9193967653294806,49.5270384,10.175299599999995,4.25993403241182,5.3219340324118205,False,1,0.25,0.0625,-1.0901678807295914,-0.6878238381371617,boring,-0.3964200583830225,0.06007569720876065
29,3,scary-1,scary,True,boring,boring-1,0,9,85.0,66.90711968723357,11,0.7444331188881961,50.5576488,11.205909999999996,4.25993403241182,5.3219340324118205,False,1,0.4166666666666667,0.17361111111111113,-1.0901678807295914,-0.6878238381371617,boring,0.0005116690403534352,0.34846512713004085
29,3,scary-1,scary,True,boring,boring-1,0,10,95.0,68.0524476893696,12,1.8897611210242216,49.0592484,9.707509600000002,4.25993403241182,5.3219340324118205,False,1,0.5833333333333334,0.34027777777777785,-1.0901678807295914,-0.6878238381371617,boring,0.2737469478789559,-0.07082312879073809
29,3,scary-1,scary,True,boring,boring-1,0,11,105.0,66.43957532980298,11,0.2768887614575988,48.27820439999999,8.926465599999993,4.25993403241182,5.3219340324118205,False,1,0.75,0.5625,-1.0901678807295914,-0.6878238381371617,boring,-0.11102809304850907,-0.289377913317887
29,3,scary-1,scary,True,boring,boring-1,0,12,115.0,68.52647973918297,11,2.363793170837596,48.6155016,9.263762799999997,4.25993403241182,5.3219340324118205,False,1,0.9166666666666666,0.8402777777777777,-1.0901678807295914,-0.6878238381371617,boring,0.38683444689027313,-0.19499409260149886
29,7,amusing-2,amusing,True,relaxed,relaxed-2,0,1,5.0,78.40476425417039,13,13.35351696379297,40.40438399999999,13.570818799999994,6.064347378455671,5.351328884652051,False,0,-0.9166666666666666,0.8402777777777777,-1.0695029765345387,0.9880921126538924,relaxed,3.008598901550624,1.0102231499947607
29,7,amusing-2,amusing,True,relaxed,relaxed-2,0,2,15.0,68.12778821223174,11,3.076540921854317,39.8508384,13.017273200000002,6.064347378455671,5.351328884652051,False,0,-0.75,0.5625,-1.0695029765345387,0.9880921126538924,relaxed,0.5568711788373117,0.855327856856412
29,7,amusing-2,amusing,True,relaxed,relaxed-2,0,3,25.0,71.69044758840549,12,6.639200298028072,38.330172,11.4966068,6.064347378455671,5.351328884652051,False,0,-0.5833333333333334,0.34027777777777785,-1.0695029765345387,0.9880921126538924,relaxed,1.4067973364448563,0.42980904179647705
29,7,amusing-2,amusing,True,relaxed,relaxed-2,0,4,35.0,68.02903843564562,11,2.977791145268199,37.1485728,10.315007599999998,6.064347378455671,5.351328884652051,False,0,-0.4166666666666667,0.17361111111111113,-1.0695029765345387,0.9880921126538924,relaxed,0.5333129294184233,0.09916933577037702
29,7,amusing-2,amusing,True,relaxed,relaxed-2,0,5,45.0,65.66838906896537,11,0.6171417785879498,36.2403936,9.406828400000006,6.064347378455671,5.351328884652051,False,0,-0.25,0.0625,-1.0695029765345387,0.9880921126538924,relaxed,-0.029855601117899887,-0.15496091728583308
29,7,amusing-2,amusing,True,relaxed,relaxed-2,0,6,55.0,65.55061280439288,11,0.4993655140154658,35.451675599999994,8.618110399999996,6.064347378455671,5.351328884652051,False,0,-0.08333333333333333,0.006944444444444444,-1.0695029765345387,0.9880921126538924,relaxed,-0.057952906371080755,-0.3756630704842241
29,7,amusing-2,amusing,True,relaxed,relaxed-2,0,7,65.0,66.64863999593673,11,1.5973927055593151,34.9866456,8.153080399999997,6.064347378455671,5.351328884652051,False,0,0.08333333333333333,0.006944444444444444,-1.0695029765345387,0.9880921126538924,relaxed,0.2039980502931389,-0.5057895824971947
29,7,amusing-2,amusing,True,relaxed,relaxed-2,0,8,75.0,66.73631961343416,11,1.685072323056744,34.37337599999999,7.539810799999994,6.064347378455671,5.351328884652051,False,0,0.25,0.0625,-1.0695029765345387,0.9880921126538924,relaxed,0.22491534620373577,-0.6773970787266643
29,7,amusing-2,amusing,True,relaxed,relaxed-2,0,9,85.0,65.28396918117072,11,0.2327218907933002,33.6497136,6.816148399999999,6.064347378455671,5.351328884652051,False,0,0.4166666666666667,0.17361111111111113,-1.0695029765345387,0.9880921126538924,relaxed,-0.12156476655939985,-0.879895119685172
29,7,amusing-2,amusing,True,relaxed,relaxed-2,0,10,95.0,65.72976598483162,11,0.6785186944541977,32.9532516,6.119686400000003,6.064347378455671,5.351328884652051,False,0,0.5833333333333334,0.34027777777777785,-1.0695029765345387,0.9880921126538924,relaxed,-0.01521321161053505,-1.0747818384120873
29,7,amusing-2,amusing,True,relaxed,relaxed-2,0,11,105.0,63.613215906889145,11,-1.4380313834882728,32.283204,5.449638799999999,6.064347378455671,5.351328884652051,False,0,0.75,0.5625,-1.0695029765345387,0.9880921126538924,relaxed,-0.520148173162093,-1.2622771764992275
29,7,amusing-2,amusing,True,relaxed,relaxed-2,0,12,115.0,67.79763242552482,11,2.7463851351474062,31.5855636,4.7519984000000015,6.064347378455671,5.351328884652051,False,0,0.9166666666666666,0.8402777777777777,-1.0695029765345387,0.9880921126538924,relaxed,0.47810753359961583,-1.4574936397195222
29,8,scary-2,scary,True,amusing,amusing-2,1,1,5.0,79.69191767276351,13,13.723660488132296,50.851572,17.5462796,2.624346615824595,6.036447664442326,False,1,-0.9166666666666666,0.8402777777777777,-0.5878569444030813,1.4070711003516558,amusing,3.096902225047946,2.1226521277989794
29,8,scary-2,scary,True,amusing,amusing-2,1,2,15.0,69.3072984944211,11,3.3390413097898914,48.8215008,15.516208399999996,2.624346615824595,6.036447664442326,False,1,-0.75,0.5625,-0.5878569444030813,1.4070711003516558,amusing,0.6194946077232315,1.5545896707661284
29,8,scary-2,scary,True,amusing,amusing-2,1,3,25.0,64.77217064074433,11,-1.196086543886878,47.4396096,14.134317199999998,2.624346615824595,6.036447664442326,False,1,-0.5833333333333334,0.34027777777777785,-0.5878569444030813,1.4070711003516558,amusing,-0.46242858053119823,1.1679034745262757
29,8,scary-2,scary,True,amusing,amusing-2,1,4,35.0,63.21401175970056,11,-2.754245424930652,46.5527136,13.247421199999998,2.624346615824595,6.036447664442326,False,1,-0.4166666666666667,0.17361111111111113,-0.5878569444030813,1.4070711003516558,amusing,-0.8341508954862435,0.919728769672275
29,8,scary-2,scary,True,amusing,amusing-2,1,5,45.0,62.572182612699024,10,-3.396074571932189,45.15819839999999,11.85290599999999,2.624346615824595,6.036447664442326,False,1,-0.25,0.0625,-0.5878569444030813,1.4070711003516558,amusing,-0.9872689242261706,0.5295100764157717
29,8,scary-2,scary,True,amusing,amusing-2,1,6,55.0,62.083370577223945,10,-3.884886607407267,44.03908799999999,10.733795599999992,2.624346615824595,6.036447664442326,False,1,-0.08333333333333333,0.006944444444444444,-0.5878569444030813,1.4070711003516558,amusing,-1.1038824118590658,0.21635623062207976
29,8,scary-2,scary,True,amusing,amusing-2,1,7,65.0,64.1705142992778,11,-1.797742885353415,43.147464,9.8421716,2.624346615824595,6.036447664442326,False,1,0.08333333333333333,0.006944444444444444,-0.5878569444030813,1.4070711003516558,amusing,-0.6059627802705131,-0.03314148166971247
29,8,scary-2,scary,True,amusing,amusing-2,1,8,75.0,61.85633547616667,10,-4.111921708464543,43.7506872,10.445394800000004,2.624346615824595,6.036447664442326,False,1,0.25,0.0625,-0.5878569444030813,1.4070711003516558,amusing,-1.1580450613602062,0.13565479164879027
29,8,scary-2,scary,True,amusing,amusing-2,1,9,85.0,60.9330490181899,11,-5.035208166441315,42.8001192,9.494826799999998,2.624346615824595,6.036447664442326,False,1,0.4166666666666667,0.17361111111111113,-0.5878569444030813,1.4070711003516558,amusing,-1.3783089790525176,-0.13033686108575718
29,8,scary-2,scary,True,amusing,amusing-2,1,10,95.0,59.96967635184534,10,-5.998580832785876,42.0376152,8.732322799999999,2.624346615824595,6.036447664442326,False,1,0.5833333333333334,0.34027777777777785,-0.5878569444030813,1.4070711003516558,amusing,-1.6081360666843818,-0.34370371035556435
29,8,scary-2,scary,True,amusing,amusing-2,1,11,105.0,61.1723856287533,10,-4.795871555877916,41.3681544,8.062862000000003,2.624346615824595,6.036447664442326,False,1,0.75,0.5625,-0.5878569444030813,1.4070711003516558,amusing,-1.3212116188189296,-0.5310348477733926
29,8,scary-2,scary,True,amusing,amusing-2,1,12,115.0,60.20226075701358,10,-5.76599642761763,40.86201333333333,7.556720933333331,2.624346615824595,6.036447664442326,False,1,0.9166666666666666,0.8402777777777777,-0.5878569444030813,1.4070711003516558,amusing,-1.5526495469440664,-0.6726652191297752
30,2,scary-2,scary,True,relaxed,relaxed-2,0,1,5.0,89.81683828653924,15,0.5776503644393927,4.836861599999998,0.0437961999999991,0.5,9.4405385128694,False,1,-0.9166666666666666,0.8402777777777777,1.8052563354019218,-1.1068028258349254,relaxed,-0.2807322539406304,-1.044266981986059
30,2,scary-2,scary,True,relaxed,relaxed-2,0,2,15.0,88.51110332716287,14,-0.7280845949369734,5.016441599999997,0.2233761999999979,0.5,9.4405385128694,False,1,-0.75,0.5625,1.8052563354019218,-1.1068028258349254,relaxed,-0.5251972653270724,-0.9635610046465707
30,2,scary-2,scary,True,relaxed,relaxed-2,0,3,25.0,87.58690256111386,15,-1.652285360985985,5.297548799999998,0.5044833999999989,0.5,9.4405385128694,False,1,-0.5833333333333334,0.34027777777777785,1.8052563354019218,-1.1068028258349254,relaxed,-0.6982298927933992,-0.8372271628314062
30,2,scary-2,scary,True,relaxed,relaxed-2,0,4,35.0,81.1515984079951,13,-8.08758951410475,5.783859599999996,0.9907941999999972,0.5,9.4405385128694,False,1,-0.4166666666666667,0.17361111111111113,1.8052563354019218,-1.1068028258349254,relaxed,-1.9030737179283084,-0.6186717089682336
30,2,scary-2,scary,True,relaxed,relaxed-2,0,5,45.0,89.12410297501705,15,-0.1150849470827921,5.996954399999998,1.203888999999999,0.5,9.4405385128694,False,1,-0.25,0.0625,1.8052563354019218,-1.1068028258349254,relaxed,-0.4104289773093182,-0.5229036718819041
30,2,scary-2,scary,True,relaxed,relaxed-2,0,6,55.0,87.84593309986435,15,-1.393254822235491,6.299342399999999,1.506277,0.5,9.4405385128694,False,1,-0.08333333333333333,0.006944444444444444,1.8052563354019218,-1.1068028258349254,relaxed,-0.6497331414807744,-0.3870059155853598
30,2,scary-2,scary,True,relaxed,relaxed-2,0,7,65.0,82.63083866417645,13,-6.608349257923393,6.526432799999998,1.7333673999999988,0.5,9.4405385128694,False,1,0.08333333333333333,0.006944444444444444,1.8052563354019218,-1.1068028258349254,relaxed,-1.6261243389797861,-0.2849480434592024
30,2,scary-2,scary,True,relaxed,relaxed-2,0,8,75.0,82.66994161577962,14,-6.569246306320224,6.611592000000002,1.8185266000000029,0.5,9.4405385128694,False,1,0.25,0.0625,1.8052563354019218,-1.1068028258349254,relaxed,-1.6188033252929979,-0.24667620658733846
30,2,scary-2,scary,True,relaxed,relaxed-2,0,9,85.0,84.79273136708233,14,-4.44645655501752,6.632879999999997,1.8398145999999984,0.5,9.4405385128694,False,1,0.4166666666666667,0.17361111111111113,1.8052563354019218,-1.1068028258349254,relaxed,-1.2213659916314306,-0.23710905631669207
30,2,scary-2,scary,True,relaxed,relaxed-2,0,10,95.0,82.87251122636552,14,-6.366676695734327,6.614743199999998,1.821677799999999,0.5,9.4405385128694,False,1,0.5833333333333334,0.34027777777777785,1.8052563354019218,-1.1068028258349254,relaxed,-1.580877418658714,-0.2452600094841428
30,2,scary-2,scary,True,relaxed,relaxed-2,0,11,105.0,84.34429862890966,14,-4.8948892931901895,6.576899999999995,1.783834599999996,0.5,9.4405385128694,False,1,0.75,0.5625,1.8052563354019218,-1.1068028258349254,relaxed,-1.3053233932895691,-0.26226731787958757
30,2,scary-2,scary,True,relaxed,relaxed-2,0,12,115.0,93.52641054340498,16,4.287222621305133,6.472027199999997,1.678961799999998,0.5,9.4405385128694,False,1,0.9166666666666666,0.8402777777777777,1.8052563354019218,-1.1068028258349254,relaxed,0.41378895612687033,-0.3093987457687099
30,3,amusing-2,amusing,True,scary,scary-2,0,1,5.0,95.26255810239178,16,9.89624950165421,5.337566399999995,-1.2348628000000037,7.031482459485224,8.097702192564348,False,0,-0.9166666666666666,0.8402777777777777,0.8612276435086395,-0.6878238381371617,scary,1.4639337886021395,-1.6189157417529243
30,3,amusing-2,amusing,True,scary,scary-2,0,2,15.0,86.94886825753258,14,1.5825596567950129,5.41188,-1.1605491999999984,7.031482459485224,8.097702192564348,False,0,-0.75,0.5625,0.8612276435086395,-0.6878238381371617,scary,-0.09258904782214634,-1.585518082115903
30,3,amusing-2,amusing,True,scary,scary-2,0,3,25.0,80.99225217660691,14,-4.374056424130657,5.5963895999999975,-0.9760396000000008,7.031482459485224,8.097702192564348,False,0,-0.5833333333333334,0.34027777777777785,0.8612276435086395,-0.6878238381371617,scary,-1.2078109445718876,-1.5025966677238887
30,3,amusing-2,amusing,True,scary,scary-2,0,4,35.0,87.05978093041276,14,1.6934723296751883,5.636603999999995,-0.9358252000000036,7.031482459485224,8.097702192564348,False,0,-0.4166666666666667,0.17361111111111113,0.8612276435086395,-0.6878238381371617,scary,-0.07182352596501318,-1.484523706062674
30,3,amusing-2,amusing,True,scary,scary-2,0,5,45.0,89.01621608557421,15,3.649907484836646,6.074223599999998,-0.4982056000000003,7.031482459485224,8.097702192564348,False,0,-0.25,0.0625,0.8612276435086395,-0.6878238381371617,scary,0.294468223404869,-1.2878508164262088
30,3,amusing-2,amusing,True,scary,scary-2,0,6,55.0,85.92588190936229,14,0.5595733086247208,6.312746399999996,-0.259682800000002,7.031482459485224,8.097702192564348,False,0,-0.08333333333333333,0.006944444444444444,0.8612276435086395,-0.6878238381371617,scary,-0.2841167138754994,-1.1806550502398223
30,3,amusing-2,amusing,True,scary,scary-2,0,7,65.0,88.14740935478717,15,2.781100754049604,6.453887999999997,-0.118541200000001,7.031482459485224,8.097702192564348,False,0,0.08333333333333333,0.006944444444444444,0.8612276435086395,-0.6878238381371617,scary,0.13180669258707353,-1.1172238732086424
30,3,amusing-2,amusing,True,scary,scary-2,0,8,75.0,89.43955635813978,15,4.073247757402214,6.6096216,0.0371924000000012,7.031482459485224,8.097702192564348,False,0,0.25,0.0625,0.8612276435086395,-0.6878238381371617,scary,0.37372771156509255,-1.0472348299265555
30,3,amusing-2,amusing,True,scary,scary-2,0,9,85.0,88.03649900122032,15,2.6701904004827526,7.173995999999998,0.6015667999999996,7.031482459485224,8.097702192564348,False,0,0.4166666666666667,0.17361111111111113,0.8612276435086395,-0.6878238381371617,scary,0.11104160496121687,-0.7935964095156662
30,3,amusing-2,amusing,True,scary,scary-2,0,10,95.0,85.98014554477699,14,0.61383694403942,7.887599999999996,1.315170799999998,7.031482459485224,8.097702192564348,False,0,0.5833333333333334,0.34027777777777785,0.8612276435086395,-0.6878238381371617,scary,-0.2739572552853274,-0.4728919421286051
30,3,amusing-2,amusing,True,scary,scary-2,0,11,105.0,88.55273793095198,15,3.186429330214409,8.272583999999997,1.7001547999999982,7.031482459485224,8.097702192564348,False,0,0.75,0.5625,0.8612276435086395,-0.6878238381371617,scary,0.20769395766781035,-0.2998742899397991
30,3,amusing-2,amusing,True,scary,scary-2,0,12,115.0,92.42119922787188,15,7.054890627134313,9.335889599999998,2.7634604,7.031482459485224,8.097702192564348,False,0,0.9166666666666666,0.8402777777777777,0.8612276435086395,-0.6878238381371617,scary,0.931963020243276,0.17799138362380326
30,7,amusing-1,amusing,True,boring,boring-1,0,1,5.0,85.98365590777323,14,4.781828746798524,4.772594399999997,1.0623124000000002,6.453520591039085,7.774292469018113,False,0,-0.9166666666666666,0.8402777777777777,0.6338670533545366,0.9880921126538924,boring,0.5063911272124141,-0.586530344514724
30,7,amusing-1,amusing,True,boring,boring-1,0,2,15.0,75.41117834234016,12,-5.790648818634537,6.5372711999999975,2.8269892000000003,6.453520591039085,7.774292469018113,False,0,-0.75,0.5625,0.6338670533545366,0.9880921126538924,boring,-1.4730311359786785,0.206542190468691
30,7,amusing-1,amusing,True,boring,boring-1,0,3,25.0,85.24804994670666,15,4.046222785731956,7.012550399999998,3.3022684000000004,6.453520591039085,7.774292469018113,False,0,-0.5833333333333334,0.34027777777777785,0.6338670533545366,0.9880921126538924,boring,0.3686679864197665,0.42013987587425056
30,7,amusing-1,amusing,True,boring,boring-1,0,4,35.0,83.97347895592894,13,2.771651794954238,7.358707199999998,3.6484252000000006,6.453520591039085,7.774292469018113,False,0,-0.4166666666666667,0.17361111111111113,0.6338670533545366,0.9880921126538924,boring,0.13003762002280525,0.575707995134246
30,7,amusing-1,amusing,True,boring,boring-1,0,5,45.0,86.22446492769832,15,5.022637766723619,7.550308800000001,3.840026800000004,6.453520591039085,7.774292469018113,False,0,-0.25,0.0625,0.6338670533545366,0.9880921126538924,boring,0.5514763716375637,0.6618166619557744
30,7,amusing-1,amusing,True,boring,boring-1,0,6,55.0,97.43195311499592,16,16.230125954021233,9.4626396,5.752357600000002,6.453520591039085,7.774292469018113,False,0,-0.08333333333333333,0.006944444444444444,0.6338670533545366,0.9880921126538924,boring,2.6497879069507513,1.5212471453637615
30,7,amusing-1,amusing,True,boring,boring-1,0,7,65.0,84.4565120949328,14,3.254684933958103,9.940871999999995,6.230589999999998,6.453520591039085,7.774292469018113,False,0,0.08333333333333333,0.006944444444444444,0.6338670533545366,0.9880921126538924,boring,0.22047304949388818,1.7361720436676318
30,7,amusing-1,amusing,True,boring,boring-1,0,8,75.0,81.57434036414016,14,0.3725132031654539,9.934756799999995,6.224474799999998,6.453520591039085,7.774292469018113,False,0,0.25,0.0625,0.6338670533545366,0.9880921126538924,boring,-0.31913886786063106,1.733423779982219
30,7,amusing-1,amusing,True,boring,boring-1,0,9,85.0,78.48768646606877,13,-2.714140694905936,9.872467199999996,6.1621852,6.453520591039085,7.774292469018113,False,0,0.4166666666666667,0.17361111111111113,0.6338670533545366,0.9880921126538924,boring,-0.8970347684945724,1.705429888423662
30,7,amusing-1,amusing,True,boring,boring-1,0,10,95.0,77.73176447399908,12,-3.4700626869756235,9.755373599999997,6.0450915999999975,6.453520591039085,7.774292469018113,False,0,0.5833333333333334,0.34027777777777785,0.6338670533545366,0.9880921126538924,boring,-1.0385615592659851,1.6528062475494034
30,7,amusing-1,amusing,True,boring,boring-1,0,11,105.0,78.57934201363268,14,-2.6224851473420188,9.5862384,5.875956400000003,6.453520591039085,7.774292469018113,False,0,0.75,0.5625,0.6338670533545366,0.9880921126538924,boring,-0.879874643985426,1.5767943218421452
30,7,amusing-1,amusing,True,boring,boring-1,0,12,115.0,89.24249091895459,14,8.040663757979885,9.431099999999995,5.720818,6.453520591039085,7.774292469018113,False,0,0.9166666666666666,0.8402777777777777,0.6338670533545366,0.9880921126538924,boring,1.116523476349705,1.5070727704729239
30,8,scary-1,scary,True,amusing,amusing-1,1,1,5.0,89.60899762125572,15,7.7934581986615825,15.640613999999996,5.887145999999998,0.5,8.584260803277148,False,1,-0.9166666666666666,0.8402777777777777,1.2032836944622451,1.4070711003516558,amusing,1.0702406457954827,1.581823097897594
30,8,scary-1,scary,True,amusing,amusing-1,1,2,15.0,82.28744787680411,14,0.4719084542099665,15.080968799999996,5.327500799999999,0.5,8.584260803277148,False,1,-0.75,0.5625,1.2032836944622451,1.4070711003516558,amusing,-0.30052968457740153,1.3303100517379238
30,8,scary-1,scary,True,amusing,amusing-1,1,3,25.0,82.5325939330089,14,0.717054510414755,14.501807999999995,4.748339999999999,0.5,8.584260803277148,False,1,-0.5833333333333334,0.34027777777777785,1.2032836944622451,1.4070711003516558,amusing,-0.2546324425750368,1.0700263987658767
30,8,scary-1,scary,True,amusing,amusing-1,1,4,35.0,81.5897114319683,13,-0.2258279906258451,13.907668799999996,4.154200799999998,0.5,8.584260803277148,False,1,-0.4166666666666667,0.17361111111111113,1.2032836944622451,1.4070711003516558,amusing,-0.4311627404718301,0.8030112255188442
30,8,scary-1,scary,True,amusing,amusing-1,1,5,45.0,91.2974517291863,15,9.481912306592164,13.6581024,3.904634400000001,0.5,8.584260803277148,False,1,-0.25,0.0625,1.2032836944622451,1.4070711003516558,amusing,1.386359893240521,0.6908522978927301
30,8,scary-1,scary,True,amusing,amusing-1,1,6,55.0,90.88145510240292,16,9.065915679808782,13.674657599999998,3.9211896,0.5,8.584260803277148,False,1,-0.08333333333333333,0.006944444444444444,1.2032836944622451,1.4070711003516558,amusing,1.308475312320751,0.6982924560175248
30,8,scary-1,scary,True,amusing,amusing-1,1,7,65.0,93.45479038456084,15,11.639250961966695,13.164887999999996,3.411419999999998,0.5,8.584260803277148,False,1,0.08333333333333333,0.006944444444444444,1.2032836944622451,1.4070711003516558,amusing,1.7902656132822325,0.4691942614192374
30,8,scary-1,scary,True,amusing,amusing-1,1,8,75.0,90.81420568668445,15,8.998666264090303,12.608599199999995,2.855131199999999,0.5,8.584260803277148,False,1,0.25,0.0625,1.2032836944622451,1.4070711003516558,amusing,1.2958846031103601,0.21918963235691782
30,8,scary-1,scary,True,amusing,amusing-1,1,9,85.0,91.04731617323426,15,9.231776750640122,12.082262399999996,2.328794399999998,0.5,8.584260803277148,False,1,0.4166666666666667,0.17361111111111113,1.2032836944622451,1.4070711003516558,amusing,1.3395284967960421,-0.017354113348278414
30,8,scary-1,scary,True,amusing,amusing-1,1,10,95.0,86.84338023832382,15,5.027840815729675,11.562244799999997,1.8087767999999984,0.5,8.584260803277148,False,1,0.5833333333333334,0.34027777777777785,1.2032836944622451,1.4070711003516558,amusing,0.552450507640721,-0.25105791467211913
30,8,scary-1,scary,True,amusing,amusing-1,1,11,105.0,88.48554254857793,14,6.670003125983783,11.0782956,1.3248276000000008,0.5,8.584260803277148,False,1,0.75,0.5625,1.2032836944622451,1.4070711003516558,amusing,0.8599028163898059,-0.4685520296552105
30,8,scary-1,scary,True,amusing,amusing-1,1,12,115.0,85.33082448374417,14,3.515285061150024,10.643018666666665,0.8895506666666666,0.5,8.584260803277148,False,1,0.9166666666666666,0.8402777777777777,1.2032836944622451,1.4070711003516558,amusing,0.2692636655402784,-0.6641720893389295
