term_set,dominance_orientation,participant,emotion,nrc_term,valence_elicited,arousal_elicited,dominance_elicited,valence_nrc,arousal_nrc,dominance_nrc,delta_valence,delta_arousal,delta_dominance,distance_va,distance_vad
adjective,reported,1,amusement,amused,0.75,0.25,0.5,0.884,0.694,0.192,-0.134,-0.44399999999999995,0.308,0.46378012031565125,0.5567369217143766
adjective,reported,1,anger,angry,-0.5,-0.75,0.0,-0.756,0.66,0.208,0.256,-1.4100000000000001,-0.208,1.4330512900800167,1.448067677976413
adjective,reported,1,calmness,calm,0.5,-0.25,-0.25,0.75,-0.9,-0.373,-0.25,0.65,0.123,0.696419413859206,0.7071979920785975
adjective,reported,1,disgust,disgusted,0.0,-0.25,0.75,-0.898,0.546,-0.452,0.898,-0.796,1.202,1.2000083333043985,1.698476964812888
adjective,reported,1,excitement,excited,0.25,0.0,0.0,0.816,0.862,0.418,-0.566,-0.862,-0.418,1.031212878119741,1.1127102048601873
adjective,reported,1,fear,afraid,0.0,0.5,0.25,-0.977,0.352,-0.529,0.977,0.14800000000000002,0.779,0.9881462442371575,1.2582821623149556
adjective,reported,1,happiness,happy,0.75,0.25,0.0,0.985,0.47,0.39,-0.235,-0.21999999999999997,-0.39,0.32190837205639744,0.5056925943693461
adjective,reported,1,sadness,sad,-1.0,-0.5,0.5,-0.55,-0.334,-0.702,-0.44999999999999996,-0.16599999999999998,1.202,0.4796415328138296,1.294163822705611
adjective,reported,1,surprise,surprised,0.0,0.5,0.0,0.568,0.71,0.078,-0.568,-0.20999999999999996,-0.078,0.6055774104109234,0.610580052081625
adjective,reported,2,amusement,amused,0.75,0.5,0.0,0.884,0.694,0.192,-0.134,-0.19399999999999995,-0.192,0.23577955806218653,0.30406578235638415
adjective,reported,2,anger,angry,-0.5,0.5,0.25,-0.756,0.66,0.208,0.256,-0.16000000000000003,0.04200000000000001,0.30188739622581134,0.3047950130825634
adjective,reported,2,calmness,calm,0.25,-0.5,-0.5,0.75,-0.9,-0.373,-0.5,0.4,-0.127,0.6403124237432849,0.6527855696934485
adjective,reported,2,disgust,disgusted,-0.75,0.25,0.25,-0.898,0.546,-0.452,0.14800000000000002,-0.29600000000000004,0.702,0.33093806066996895,0.7760953549661278
adjective,reported,2,excitement,excited,-0.5,0.25,0.25,0.816,0.862,0.418,-1.3159999999999998,-0.612,-0.16799999999999998,1.4513442045221387,1.4610352494036547
adjective,reported,2,fear,afraid,-1.0,1.0,0.75,-0.977,0.352,-0.529,-0.02300000000000002,0.648,1.279,0.6484080505360803,1.4339714083621053
adjective,reported,2,happiness,happy,0.75,0.0,0.0,0.985,0.47,0.39,-0.235,-0.47,-0.39,0.5254759747124506,0.6543890280253788
adjective,reported,2,sadness,sad,-0.75,0.0,0.5,-0.55,-0.334,-0.702,-0.19999999999999996,0.334,1.202,0.38930193937354074,1.263471408461624
adjective,reported,2,surprise,surprised,-0.25,0.75,0.25,0.568,0.71,0.078,-0.818,0.040000000000000036,0.172,0.8189774111659002,0.8368440714971935
adjective,reported,3,amusement,amused,1.0,0.5,0.25,0.884,0.694,0.192,0.11599999999999999,-0.19399999999999995,0.057999999999999996,0.2260353954583219,0.23335809392433762
adjective,reported,3,anger,angry,-0.5,0.0,0.0,-0.756,0.66,0.208,0.256,-0.66,-0.208,0.7079095987483148,0.7378346698278687
adjective,reported,3,calmness,calm,0.25,-0.25,-0.5,0.75,-0.9,-0.373,-0.5,0.65,-0.127,0.8200609733428363,0.829836730929645
adjective,reported,3,disgust,disgusted,0.0,-0.25,-0.25,-0.898,0.546,-0.452,0.898,-0.796,0.202,1.2000083333043985,1.2168911208485336
adjective,reported,3,excitement,excited,0.25,0.0,-0.5,0.816,0.862,0.418,-0.566,-0.862,-0.9179999999999999,1.031212878119741,1.3806244963783598
adjective,reported,3,fear,afraid,0.0,0.25,0.5,-0.977,0.352,-0.529,0.977,-0.10199999999999998,1.029,0.9823100325253733,1.4225941093650007
adjective,reported,3,happiness,happy,0.75,0.25,0.5,0.985,0.47,0.39,-0.235,-0.21999999999999997,0.10999999999999999,0.32190837205639744,0.34018377386348103
adjective,reported,3,sadness,sad,-0.75,-0.5,0.25,-0.55,-0.334,-0.702,-0.19999999999999996,-0.16599999999999998,0.952,0.2599153708421262,0.9868434526306591
adjective,reported,3,surprise,surprised,0.25,0.5,-0.25,0.568,0.71,0.078,-0.31799999999999995,-0.20999999999999996,-0.328,0.38108266819680997,0.5028001591089645
adjective,reported,4,amusement,amused,0.5,0.0,-0.25,0.884,0.694,0.192,-0.384,-0.694,-0.442,0.7931532008382743,0.9079955947029699
adjective,reported,4,anger,angry,-0.75,0.0,0.0,-0.756,0.66,0.208,0.006000000000000005,-0.66,-0.208,0.66002727216381,0.6920260110718383
adjective,reported,4,calmness,calm,0.0,-0.5,-0.75,0.75,-0.9,-0.373,-0.75,0.4,-0.377,0.85,0.9298542896604823
adjective,reported,4,disgust,disgusted,-0.25,0.5,0.0,-0.898,0.546,-0.452,0.648,-0.04600000000000004,0.452,0.649630664300878,0.7914063431638642
adjective,reported,4,excitement,excited,0.25,-0.5,-0.75,0.816,0.862,0.418,-0.566,-1.362,-1.168,1.4749237268414934,1.8813888486966217
adjective,reported,4,fear,afraid,-1.0,0.25,0.0,-0.977,0.352,-0.529,-0.02300000000000002,-0.10199999999999998,0.529,0.10456098698845569,0.5392346428040394
adjective,reported,4,happiness,happy,0.5,-0.25,0.0,0.985,0.47,0.39,-0.485,-0.72,-0.39,0.8681157756889343,0.9516958547771447
adjective,reported,4,sadness,sad,-1.0,0.0,0.25,-0.55,-0.334,-0.702,-0.44999999999999996,0.334,0.952,0.5604069949599131,1.1046990540414163
adjective,reported,4,surprise,surprised,-0.25,0.0,-0.25,0.568,0.71,0.078,-0.818,-0.71,-0.328,1.083154651931108,1.1317278824876587
adjective,reported,5,amusement,amused,0.75,-0.25,0.0,0.884,0.694,0.192,-0.134,-0.944,-0.192,0.9534631613229742,0.9726026938066745
adjective,reported,5,anger,angry,-0.5,0.0,0.0,-0.756,0.66,0.208,0.256,-0.66,-0.208,0.7079095987483148,0.7378346698278687
adjective,reported,5,calmness,calm,0.5,-0.5,-0.25,0.75,-0.9,-0.373,-0.25,0.4,0.123,0.47169905660283024,0.4874720504808456
adjective,reported,5,disgust,disgusted,0.0,0.0,0.25,-0.898,0.546,-0.452,0.898,-0.546,0.702,1.0509614645647098,1.26385283953473
adjective,reported,5,excitement,excited,-0.5,0.25,-0.25,0.816,0.862,0.418,-1.3159999999999998,-0.612,-0.6679999999999999,1.4513442045221387,1.5976933372834725
adjective,reported,5,fear,afraid,-0.5,0.25,0.25,-0.977,0.352,-0.529,0.477,-0.10199999999999998,0.779,0.48778376356742337,0.9191158795277122
adjective,reported,5,happiness,happy,0.5,0.25,0.25,0.985,0.47,0.39,-0.485,-0.21999999999999997,-0.14,0.5325645500782041,0.55065869647178
adjective,reported,5,sadness,sad,-1.0,0.0,0.0,-0.55,-0.334,-0.702,-0.44999999999999996,0.334,0.702,0.5604069949599131,0.8982538616671792
adjective,reported,5,surprise,surprised,-0.5,0.5,0.25,0.568,0.71,0.078,-1.068,-0.20999999999999996,0.172,1.0884502744728397,1.1019564419703713
adjective,reported,6,amusement,amused,0.5,0.25,0.25,0.884,0.694,0.192,-0.384,-0.44399999999999995,0.057999999999999996,0.5870195908144804,0.589877953478514
adjective,reported,6,anger,angry,-0.75,0.5,0.25,-0.756,0.66,0.208,0.006000000000000005,-0.16000000000000003,0.04200000000000001,0.1601124604770035,0.16552945357246854
adjective,reported,6,calmness,calm,0.25,-0.25,0.0,0.75,-0.9,-0.373,-0.5,0.65,0.373,0.8200609733428363,0.9009045454430786
adjective,reported,6,disgust,disgusted,-0.5,0.75,0.75,-0.898,0.546,-0.452,0.398,0.20399999999999996,1.202,0.4472359556207439,1.2825069200593033
adjective,reported,6,excitement,excited,0.5,0.5,0.25,0.816,0.862,0.418,-0.31599999999999995,-0.362,-0.16799999999999998,0.4805205510693585,0.5090422379331601
adjective,reported,6,fear,afraid,-0.25,0.5,0.5,-0.977,0.352,-0.529,0.727,0.14800000000000002,1.029,0.7419117198157743,1.2685716377091205
adjective,reported,6,happiness,happy,0.75,0.5,0.5,0.985,0.47,0.39,-0.235,0.030000000000000027,0.10999999999999999,0.23690715480964267,0.2611991577321795
adjective,reported,6,sadness,sad,-0.75,0.5,0.75,-0.55,-0.334,-0.702,-0.19999999999999996,0.8340000000000001,1.452,0.8576456144585595,1.686374810058547
adjective,reported,6,surprise,surprised,0.25,0.75,0.25,0.568,0.71,0.078,-0.31799999999999995,0.040000000000000036,0.172,0.3205058501806168,0.36374166657120816
adjective,reported,7,amusement,amused,0.5,-0.25,-0.25,0.884,0.694,0.192,-0.384,-0.944,-0.442,1.0191133401148273,1.1108357214277906
adjective,reported,7,anger,angry,-0.75,0.25,0.25,-0.756,0.66,0.208,0.006000000000000005,-0.41000000000000003,0.04200000000000001,0.41004390008875885,0.412189276910499
adjective,reported,7,calmness,calm,0.0,-0.25,-0.5,0.75,-0.9,-0.373,-0.75,0.65,-0.127,0.9924716620639604,1.0005643407597535
adjective,reported,7,disgust,disgusted,-0.75,0.5,0.75,-0.898,0.546,-0.452,0.14800000000000002,-0.04600000000000004,1.202,0.154983870128475,1.2119504940384322
adjective,reported,7,excitement,excited,0.25,0.25,-0.25,0.816,0.862,0.418,-0.566,-0.612,-0.6679999999999999,0.833606621854697,1.0682340567497368
adjective,reported,7,fear,afraid,-0.5,0.25,0.5,-0.977,0.352,-0.529,0.477,-0.10199999999999998,1.029,0.48778376356742337,1.1387598517685806
adjective,reported,7,happiness,happy,0.75,0.5,0.0,0.985,0.47,0.39,-0.235,0.030000000000000027,-0.39,0.23690715480964267,0.4563167759353145
adjective,reported,7,sadness,sad,-1.0,0.75,0.75,-0.55,-0.334,-0.702,-0.44999999999999996,1.084,1.452,1.1736933159901695,1.867045794832039
adjective,reported,7,surprise,surprised,-0.5,0.0,-0.25,0.568,0.71,0.078,-1.068,-0.71,-0.328,1.2824679333223112,1.323747710101891
adjective,reported,8,amusement,amused,0.25,-0.25,-0.25,0.884,0.694,0.192,-0.634,-0.944,-0.442,1.1371420315862042,1.2200229506037992
adjective,reported,8,anger,angry,-0.25,-0.5,-0.25,-0.756,0.66,0.208,0.506,-1.1600000000000001,-0.45799999999999996,1.2655575846242637,1.3458826100369974
adjective,reported,8,calmness,calm,0.0,-0.5,0.0,0.75,-0.9,-0.373,-0.75,0.4,0.373,0.85,0.9282397319658322
adjective,reported,8,disgust,disgusted,0.75,0.25,0.25,-0.898,0.546,-0.452,1.6480000000000001,-0.29600000000000004,0.702,1.674371523885903,1.8155781448343116
adjective,reported,8,excitement,excited,0.25,-0.25,-0.25,0.816,0.862,0.418,-0.566,-1.112,-0.6679999999999999,1.2477579893553077,1.4153176321942718
adjective,reported,8,fear,afraid,0.0,0.25,0.25,-0.977,0.352,-0.529,0.977,-0.10199999999999998,0.779,0.9823100325253733,1.2537041118222434
adjective,reported,8,happiness,happy,0.5,0.0,0.25,0.985,0.47,0.39,-0.485,-0.47,-0.14,0.6753702688155587,0.6897282073396738
adjective,reported,8,sadness,sad,-0.75,0.0,0.25,-0.55,-0.334,-0.702,-0.19999999999999996,0.334,0.952,0.38930193937354074,1.028523213155639
adjective,reported,8,surprise,surprised,0.0,0.5,0.0,0.568,0.71,0.078,-0.568,-0.20999999999999996,-0.078,0.6055774104109234,0.610580052081625
adjective,reported,9,amusement,amused,0.75,0.5,0.25,0.884,0.694,0.192,-0.134,-0.19399999999999995,0.057999999999999996,0.23577955806218653,0.24280856657045688
adjective,reported,9,anger,angry,0.0,0.0,0.0,-0.756,0.66,0.208,0.756,-0.66,-0.208,1.0035616572986434,1.0248902380255165
adjective,reported,9,calmness,calm,0.25,-0.25,-0.25,0.75,-0.9,-0.373,-0.5,0.65,0.123,0.8200609733428363,0.8292339838670386
adjective,reported,9,disgust,disgusted,-0.75,0.5,0.75,-0.898,0.546,-0.452,0.14800000000000002,-0.04600000000000004,1.202,0.154983870128475,1.2119504940384322
adjective,reported,9,excitement,excited,0.5,0.5,0.5,0.816,0.862,0.418,-0.31599999999999995,-0.362,0.08200000000000002,0.4805205510693585,0.48746692195471064
adjective,reported,9,fear,afraid,-0.25,0.5,0.5,-0.977,0.352,-0.529,0.727,0.14800000000000002,1.029,0.7419117198157743,1.2685716377091205
adjective,reported,9,happiness,happy,0.75,0.5,0.5,0.985,0.47,0.39,-0.235,0.030000000000000027,0.10999999999999999,0.23690715480964267,0.2611991577321795
adjective,reported,9,sadness,sad,-0.75,0.75,0.75,-0.55,-0.334,-0.702,-0.19999999999999996,1.084,1.452,1.1022957860755889,1.8230085024486309
adjective,reported,9,surprise,surprised,0.25,0.5,0.25,0.568,0.71,0.078,-0.31799999999999995,-0.20999999999999996,0.172,0.38108266819680997,0.418100466395339
adjective,reported,10,amusement,amused,0.75,-0.25,0.0,0.884,0.694,0.192,-0.134,-0.944,-0.192,0.9534631613229742,0.9726026938066745
adjective,reported,10,anger,angry,-0.75,-0.25,0.25,-0.756,0.66,0.208,0.006000000000000005,-0.91,0.04200000000000001,0.9100197800048085,0.9109884741312593
adjective,reported,10,calmness,calm,0.75,-1.0,-0.75,0.75,-0.9,-0.373,0.0,-0.09999999999999998,-0.377,0.09999999999999998,0.3900371777151507
adjective,reported,10,disgust,disgusted,0.5,0.0,0.0,-0.898,0.546,-0.452,1.3980000000000001,-0.546,0.452,1.50083976493162,1.5674259153146604
adjective,reported,10,excitement,excited,0.75,1.0,0.75,0.816,0.862,0.418,-0.06599999999999995,0.138,0.332,0.15297058540778352,0.3655461667149582
adjective,reported,10,fear,afraid,0.25,0.25,0.25,-0.977,0.352,-0.529,1.2269999999999999,-0.10199999999999998,0.779,1.2312323095175823,1.4569742619552344
adjective,reported,10,happiness,happy,1.0,0.5,0.5,0.985,0.47,0.39,0.015000000000000013,0.030000000000000027,0.10999999999999999,0.033541019662496875,0.115
adjective,reported,10,sadness,sad,-1.0,-0.5,0.0,-0.55,-0.334,-0.702,-0.44999999999999996,-0.16599999999999998,0.702,0.4796415328138296,0.8502117383334578
adjective,reported,10,surprise,surprised,0.25,0.25,0.25,0.568,0.71,0.078,-0.31799999999999995,-0.45999999999999996,0.172,0.5592173101755702,0.5850709358701728
adjective,reported,11,amusement,amused,0.75,0.0,0.25,0.884,0.694,0.192,-0.134,-0.694,0.057999999999999996,0.7068182227418871,0.7091939086032818
adjective,reported,11,anger,angry,-0.75,0.0,0.0,-0.756,0.66,0.208,0.006000000000000005,-0.66,-0.208,0.66002727216381,0.6920260110718383
adjective,reported,11,calmness,calm,0.25,-0.25,-0.5,0.75,-0.9,-0.373,-0.5,0.65,-0.127,0.8200609733428363,0.829836730929645
adjective,reported,11,disgust,disgusted,-1.0,0.5,1.0,-0.898,0.546,-0.452,-0.10199999999999998,-0.04600000000000004,1.452,0.11189280584559491,1.456304913127742
adjective,reported,11,excitement,excited,0.5,0.0,0.75,0.816,0.862,0.418,-0.31599999999999995,-0.862,0.332,0.9180958555619342,0.9762806973406777
adjective,reported,11,fear,afraid,-0.25,0.5,0.5,-0.977,0.352,-0.529,0.727,0.14800000000000002,1.029,0.7419117198157743,1.2685716377091205
adjective,reported,11,happiness,happy,1.0,0.0,0.5,0.985,0.47,0.39,0.015000000000000013,-0.47,0.10999999999999999,0.4702393007820592,0.4829337428674869
adjective,reported,11,sadness,sad,-1.0,-0.25,0.25,-0.55,-0.334,-0.702,-0.44999999999999996,0.08400000000000002,0.952,0.4577728694450993,1.0563427474072986
adjective,reported,11,surprise,surprised,-0.25,0.25,0.0,0.568,0.71,0.078,-0.818,-0.45999999999999996,-0.078,0.9384689659226882,0.9417048369844979
adjective,reported,12,amusement,amused,0.75,-0.25,0.0,0.884,0.694,0.192,-0.134,-0.944,-0.192,0.9534631613229742,0.9726026938066745
adjective,reported,12,anger,angry,-0.25,0.0,0.0,-0.756,0.66,0.208,0.506,-0.66,-0.208,0.8316465595431752,0.8572630868059117
adjective,reported,12,calmness,calm,0.75,-0.25,0.0,0.75,-0.9,-0.373,0.0,0.65,0.373,0.65,0.7494191083766146
adjective,reported,12,disgust,disgusted,0.0,0.5,0.0,-0.898,0.546,-0.452,0.898,-0.04600000000000004,0.452,0.8991774018512698,1.006391573891594
adjective,reported,12,excitement,excited,0.75,0.0,0.25,0.816,0.862,0.418,-0.06599999999999995,-0.862,-0.16799999999999998,0.8645229898620395,0.8806951799572881
adjective,reported,12,fear,afraid,-0.25,0.5,0.25,-0.977,0.352,-0.529,0.727,0.14800000000000002,0.779,0.7419117198157743,1.075766703333023
adjective,reported,12,happiness,happy,1.0,0.5,0.5,0.985,0.47,0.39,0.015000000000000013,0.030000000000000027,0.10999999999999999,0.033541019662496875,0.115
adjective,reported,12,sadness,sad,-1.0,0.25,0.5,-0.55,-0.334,-0.702,-0.44999999999999996,0.5840000000000001,1.202,0.7372625041326868,1.410092195567368
adjective,reported,12,surprise,surprised,0.0,-0.25,-0.25,0.568,0.71,0.078,-0.568,-0.96,-0.328,1.1154478921043331,1.1626727828585308
adjective,reported,13,amusement,amused,0.75,0.25,0.25,0.884,0.694,0.192,-0.134,-0.44399999999999995,0.057999999999999996,0.46378012031565125,0.4673927684506896
adjective,reported,13,anger,angry,-0.5,0.0,0.25,-0.756,0.66,0.208,0.256,-0.66,0.04200000000000001,0.7079095987483148,0.709154426059656
adjective,reported,13,calmness,calm,0.25,-0.25,-0.5,0.75,-0.9,-0.373,-0.5,0.65,-0.127,0.8200609733428363,0.829836730929645
adjective,reported,13,disgust,disgusted,-0.5,0.75,0.5,-0.898,0.546,-0.452,0.398,0.20399999999999996,0.952,0.4472359556207439,1.0518193761288104
adjective,reported,13,excitement,excited,0.5,0.25,0.25,0.816,0.862,0.418,-0.31599999999999995,-0.612,-0.16799999999999998,0.6887670143089025,0.7089598013992048
adjective,reported,13,fear,afraid,0.25,0.25,0.75,-0.977,0.352,-0.529,1.2269999999999999,-0.10199999999999998,1.279,1.2312323095175823,1.775323632468176
adjective,reported,13,happiness,happy,0.5,0.25,0.25,0.985,0.47,0.39,-0.485,-0.21999999999999997,-0.14,0.5325645500782041,0.55065869647178
adjective,reported,13,sadness,sad,-0.5,0.0,0.25,-0.55,-0.334,-0.702,0.050000000000000044,0.334,0.952,0.3377217789838257,1.0101287046708454
adjective,reported,13,surprise,surprised,0.5,0.5,0.5,0.568,0.71,0.078,-0.06799999999999995,-0.20999999999999996,0.422,0.22073513539987233,0.4762436351280718
adjective,reported,14,amusement,amused,0.5,0.0,0.0,0.884,0.694,0.192,-0.384,-0.694,-0.192,0.7931532008382743,0.8160612722093851
adjective,reported,14,anger,angry,-1.0,0.0,0.0,-0.756,0.66,0.208,-0.244,-0.66,-0.208,0.7036590083271869,0.7337574531137656
adjective,reported,14,calmness,calm,0.25,-0.5,0.0,0.75,-0.9,-0.373,-0.5,0.4,0.373,0.6403124237432849,0.741032387956154
adjective,reported,14,disgust,disgusted,0.5,0.5,0.5,-0.898,0.546,-0.452,1.3980000000000001,-0.04600000000000004,0.952,1.3987565906904604,1.691988179627742
adjective,reported,14,excitement,excited,0.5,0.0,0.0,0.816,0.862,0.418,-0.31599999999999995,-0.862,-0.418,0.9180958555619342,1.0087735127371258
adjective,reported,14,fear,afraid,-0.25,-0.5,-0.25,-0.977,0.352,-0.529,0.727,-0.852,0.279,1.1200147320459672,1.1542417424439302
adjective,reported,14,happiness,happy,0.75,0.25,0.25,0.985,0.47,0.39,-0.235,-0.21999999999999997,-0.14,0.32190837205639744,0.351034186369362
adjective,reported,14,sadness,sad,-0.75,-0.25,-0.25,-0.55,-0.334,-0.702,-0.19999999999999996,0.08400000000000002,0.45199999999999996,0.21692394980729995,0.5013581554138717
adjective,reported,14,surprise,surprised,0.25,0.0,-0.25,0.568,0.71,0.078,-0.31799999999999995,-0.71,-0.328,0.7779614386330469,0.8442795745486207
adjective,reported,15,amusement,amused,0.75,0.25,0.75,0.884,0.694,0.192,-0.134,-0.44399999999999995,0.558,0.46378012031565125,0.7255728771115966
adjective,reported,15,anger,angry,-0.25,0.25,0.75,-0.756,0.66,0.208,0.506,-0.41000000000000003,0.542,0.6512572456410753,0.8472897969408105
adjective,reported,15,calmness,calm,0.0,-0.75,0.25,0.75,-0.9,-0.373,-0.75,0.15000000000000002,0.623,0.7648529270389177,0.9864730102744829
adjective,reported,15,disgust,disgusted,-0.5,0.5,0.75,-0.898,0.546,-0.452,0.398,-0.04600000000000004,1.202,0.4006494727314639,1.2670138120794106
adjective,reported,15,excitement,excited,0.0,0.75,0.5,0.816,0.862,0.418,-0.816,-0.11199999999999999,0.08200000000000002,0.82365041127896,0.8277221756120829
adjective,reported,15,fear,afraid,-1.0,0.5,0.5,-0.977,0.352,-0.529,-0.02300000000000002,0.14800000000000002,1.029,0.14977650015940422,1.039843257419117
adjective,reported,15,happiness,happy,0.5,0.0,0.5,0.985,0.47,0.39,-0.485,-0.47,0.10999999999999999,0.6753702688155587,0.6842696836774226
adjective,reported,15,sadness,sad,-1.0,-0.5,0.25,-0.55,-0.334,-0.702,-0.44999999999999996,-0.16599999999999998,0.952,0.4796415328138296,1.0660018761709567
adjective,reported,15,surprise,surprised,-0.5,0.25,0.5,0.568,0.71,0.078,-1.068,-0.45999999999999996,0.422,1.1628516672387756,1.237056183041013
adjective,reported,16,amusement,amused,0.75,0.0,0.25,0.884,0.694,0.192,-0.134,-0.694,0.057999999999999996,0.7068182227418871,0.7091939086032818
adjective,reported,16,anger,angry,-0.5,0.0,0.0,-0.756,0.66,0.208,0.256,-0.66,-0.208,0.7079095987483148,0.7378346698278687
adjective,reported,16,calmness,calm,0.0,-0.25,-0.25,0.75,-0.9,-0.373,-0.75,0.65,0.123,0.9924716620639604,1.0000644979200093
adjective,reported,16,disgust,disgusted,-0.75,0.0,0.25,-0.898,0.546,-0.452,0.14800000000000002,-0.546,0.702,0.5657031023425628,0.9015675238161588
adjective,reported,16,excitement,excited,0.0,0.25,0.25,0.816,0.862,0.418,-0.816,-0.612,-0.16799999999999998,1.02,1.0337427146055251
adjective,reported,16,fear,afraid,-0.5,0.25,0.25,-0.977,0.352,-0.529,0.477,-0.10199999999999998,0.779,0.48778376356742337,0.9191158795277122
adjective,reported,16,happiness,happy,1.0,0.5,0.75,0.985,0.47,0.39,0.015000000000000013,0.030000000000000027,0.36,0.033541019662496875,0.3615591237958185
adjective,reported,16,sadness,sad,-1.0,-0.25,0.25,-0.55,-0.334,-0.702,-0.44999999999999996,0.08400000000000002,0.952,0.4577728694450993,1.0563427474072986
adjective,reported,16,surprise,surprised,-0.75,-0.25,-0.5,0.568,0.71,0.078,-1.318,-0.96,-0.578,1.6305594132076269,1.729973410200284
adjective,reported,17,amusement,amused,0.75,-0.5,-0.25,0.884,0.694,0.192,-0.134,-1.194,-0.442,1.2014957344909718,1.2802171690771844
adjective,reported,17,anger,angry,-0.75,0.0,0.25,-0.756,0.66,0.208,0.006000000000000005,-0.66,0.04200000000000001,0.66002727216381,0.661362230551458
adjective,reported,17,calmness,calm,0.25,-1.0,-0.25,0.75,-0.9,-0.373,-0.5,-0.09999999999999998,0.123,0.5099019513592785,0.5245274063383152
adjective,reported,17,disgust,disgusted,-0.75,0.25,0.75,-0.898,0.546,-0.452,0.14800000000000002,-0.29600000000000004,1.202,0.33093806066996895,1.2467253105636382
adjective,reported,17,excitement,excited,-0.5,0.5,0.25,0.816,0.862,0.418,-1.3159999999999998,-0.362,-0.16799999999999998,1.3648809471891676,1.3751814425740334
adjective,reported,17,fear,afraid,-0.25,0.5,0.25,-0.977,0.352,-0.529,0.727,0.14800000000000002,0.779,0.7419117198157743,1.075766703333023
adjective,reported,17,happiness,happy,0.75,0.0,0.0,0.985,0.47,0.39,-0.235,-0.47,-0.39,0.5254759747124506,0.6543890280253788
adjective,reported,17,sadness,sad,-0.75,-0.25,0.75,-0.55,-0.334,-0.702,-0.19999999999999996,0.08400000000000002,1.452,0.21692394980729995,1.4681144369564656
adjective,reported,17,surprise,surprised,0.25,-0.5,-0.25,0.568,0.71,0.078,-0.31799999999999995,-1.21,-0.328,1.2510891255222387,1.293370789835614
adjective,reported,18,amusement,amused,0.5,0.25,0.25,0.884,0.694,0.192,-0.384,-0.44399999999999995,0.057999999999999996,0.5870195908144804,0.589877953478514
adjective,reported,18,anger,angry,-0.75,0.5,0.75,-0.756,0.66,0.208,0.006000000000000005,-0.16000000000000003,0.542,0.1601124604770035,0.5651548460377916
adjective,reported,18,calmness,calm,0.25,-0.5,-0.5,0.75,-0.9,-0.373,-0.5,0.4,-0.127,0.6403124237432849,0.6527855696934485
adjective,reported,18,disgust,disgusted,-1.0,0.0,0.75,-0.898,0.546,-0.452,-0.10199999999999998,-0.546,1.202,0.5554457669295897,1.3241314134178677
adjective,reported,18,excitement,excited,0.0,0.5,0.25,0.816,0.862,0.418,-0.816,-0.362,-0.16799999999999998,0.8926925562588723,0.9083633634179661
adjective,reported,18,fear,afraid,-0.75,0.25,0.5,-0.977,0.352,-0.529,0.22699999999999998,-0.10199999999999998,1.029,0.2488634163552369,1.058666141897435
adjective,reported,18,happiness,happy,0.75,0.5,0.5,0.985,0.47,0.39,-0.235,0.030000000000000027,0.10999999999999999,0.23690715480964267,0.2611991577321795
adjective,reported,18,sadness,sad,-0.5,0.25,0.25,-0.55,-0.334,-0.702,0.050000000000000044,0.5840000000000001,0.952,0.5861365028728377,1.1179713770933493
adjective,reported,18,surprise,surprised,-0.25,0.0,0.0,0.568,0.71,0.078,-0.818,-0.71,-0.078,1.083154651931108,1.085959483590433
adjective,reported,19,amusement,amused,0.75,0.75,0.5,0.884,0.694,0.192,-0.134,0.05600000000000005,0.308,0.14523085071705671,0.3405231269679051
adjective,reported,19,anger,angry,-0.75,0.75,0.5,-0.756,0.66,0.208,0.006000000000000005,0.08999999999999997,0.29200000000000004,0.09019977827023741,0.30561413579872254
adjective,reported,19,calmness,calm,0.25,0.0,-0.25,0.75,-0.9,-0.373,-0.5,0.9,0.123,1.0295630140987,1.0368842751242782
adjective,reported,19,disgust,disgusted,-0.25,0.0,-0.25,-0.898,0.546,-0.452,0.648,-0.546,0.202,0.8473606080058242,0.8711050453303552
adjective,reported,19,excitement,excited,0.5,0.5,0.75,0.816,0.862,0.418,-0.31599999999999995,-0.362,0.332,0.4805205510693585,0.5840582162764256
adjective,reported,19,fear,afraid,0.25,0.5,0.5,-0.977,0.352,-0.529,1.2269999999999999,0.14800000000000002,1.029,1.235893603834893,1.6081896654312884
adjective,reported,19,happiness,happy,0.75,0.75,0.5,0.985,0.47,0.39,-0.235,0.28,0.10999999999999999,0.36554753452868477,0.3817394399325278
adjective,reported,19,sadness,sad,-0.25,0.25,0.25,-0.55,-0.334,-0.702,0.30000000000000004,0.5840000000000001,0.952,0.6565485511369286,1.1564428217599
adjective,reported,19,surprise,surprised,0.0,0.5,0.5,0.568,0.71,0.078,-0.568,-0.20999999999999996,0.422,0.6055774104109234,0.738111102748089
adjective,reported,20,amusement,amused,0.0,0.5,0.25,0.884,0.694,0.192,-0.884,-0.19399999999999995,0.057999999999999996,0.9050370158175852,0.9068935990511787
adjective,reported,20,anger,angry,-0.25,-0.25,0.0,-0.756,0.66,0.208,0.506,-0.91,-0.208,1.0412185169310042,1.0617909398747005
adjective,reported,20,calmness,calm,0.5,0.0,0.0,0.75,-0.9,-0.373,-0.25,0.9,0.373,0.9340770846134703,1.0057976933757604
adjective,reported,20,disgust,disgusted,-1.0,-0.25,0.25,-0.898,0.546,-0.452,-0.10199999999999998,-0.796,0.702,0.8025085669324659,1.0662194895986474
adjective,reported,20,excitement,excited,0.0,0.5,0.25,0.816,0.862,0.418,-0.816,-0.362,-0.16799999999999998,0.8926925562588723,0.9083633634179661
adjective,reported,20,fear,afraid,-0.5,0.0,-0.25,-0.977,0.352,-0.529,0.477,-0.352,0.279,0.5928178472347134,0.6551900487644787
adjective,reported,20,happiness,happy,1.0,0.25,1.0,0.985,0.47,0.39,0.015000000000000013,-0.21999999999999997,0.61,0.22051077071199945,0.6486331783065062
adjective,reported,20,sadness,sad,0.0,-0.25,0.75,-0.55,-0.334,-0.702,0.55,0.08400000000000002,1.452,0.5563775696413363,1.5549469444325104
adjective,reported,20,surprise,surprised,-0.25,0.0,0.0,0.568,0.71,0.078,-0.818,-0.71,-0.078,1.083154651931108,1.085959483590433
adjective,reported,21,amusement,amused,0.5,0.25,0.25,0.884,0.694,0.192,-0.384,-0.44399999999999995,0.057999999999999996,0.5870195908144804,0.589877953478514
adjective,reported,21,anger,angry,-1.0,0.0,0.25,-0.756,0.66,0.208,-0.244,-0.66,0.04200000000000001,0.7036590083271869,0.7049113419430844
adjective,reported,21,calmness,calm,0.5,-0.5,0.0,0.75,-0.9,-0.373,-0.25,0.4,0.373,0.47169905660283024,0.6013559677927874
adjective,reported,21,disgust,disgusted,0.0,1.0,0.5,-0.898,0.546,-0.452,0.898,0.45399999999999996,0.952,1.006240527905729,1.3852162286083713
adjective,reported,21,excitement,excited,0.0,0.25,0.75,0.816,0.862,0.418,-0.816,-0.612,0.332,1.02,1.0726714315203887
adjective,reported,21,fear,afraid,-0.75,0.75,0.75,-0.977,0.352,-0.529,0.22699999999999998,0.398,1.279,0.4581844606705906,1.3585926541829967
adjective,reported,21,happiness,happy,0.75,0.25,0.5,0.985,0.47,0.39,-0.235,-0.21999999999999997,0.10999999999999999,0.32190837205639744,0.34018377386348103
adjective,reported,21,sadness,sad,-1.0,0.75,0.75,-0.55,-0.334,-0.702,-0.44999999999999996,1.084,1.452,1.1736933159901695,1.867045794832039
adjective,reported,21,surprise,surprised,-0.25,0.25,1.0,0.568,0.71,0.078,-0.818,-0.45999999999999996,0.922,0.9384689659226882,1.3156017634527555
adjective,reported,22,amusement,amused,0.5,0.25,0.0,0.884,0.694,0.192,-0.384,-0.44399999999999995,-0.192,0.5870195908144804,0.617621243157973
adjective,reported,22,anger,angry,-0.5,-0.25,0.5,-0.756,0.66,0.208,0.256,-0.91,0.29200000000000004,0.9453232251457699,0.9893937537704592
adjective,reported,22,calmness,calm,0.0,-0.75,-0.75,0.75,-0.9,-0.373,-0.75,0.15000000000000002,-0.377,0.7648529270389177,0.8527185936755454
adjective,reported,22,disgust,disgusted,0.25,-0.25,0.0,-0.898,0.546,-0.452,1.1480000000000001,-0.796,0.452,1.3969681456640306,1.4682724542808805
adjective,reported,22,excitement,excited,0.5,0.25,0.5,0.816,0.862,0.418,-0.31599999999999995,-0.612,0.08200000000000002,0.6887670143089025,0.6936310258343408
adjective,reported,22,fear,afraid,-0.5,0.25,0.25,-0.977,0.352,-0.529,0.477,-0.10199999999999998,0.779,0.48778376356742337,0.9191158795277122
adjective,reported,22,happiness,happy,0.5,-0.5,0.25,0.985,0.47,0.39,-0.485,-0.97,-0.14,1.084492969087398,1.0934921124544064
adjective,reported,22,sadness,sad,-0.75,0.25,0.25,-0.55,-0.334,-0.702,-0.19999999999999996,0.5840000000000001,0.952,0.6172973351635337,1.13461887874299
adjective,reported,22,surprise,surprised,0.25,0.25,0.25,0.568,0.71,0.078,-0.31799999999999995,-0.45999999999999996,0.172,0.5592173101755702,0.5850709358701728
adjective,reported,23,amusement,amused,0.75,-0.25,0.0,0.884,0.694,0.192,-0.134,-0.944,-0.192,0.9534631613229742,0.9726026938066745
adjective,reported,23,anger,angry,-0.75,0.25,0.25,-0.756,0.66,0.208,0.006000000000000005,-0.41000000000000003,0.04200000000000001,0.41004390008875885,0.412189276910499
adjective,reported,23,calmness,calm,0.5,-1.0,-1.0,0.75,-0.9,-0.373,-0.25,-0.09999999999999998,-0.627,0.2692582403567252,0.6823701341647361
adjective,reported,23,disgust,disgusted,0.25,0.75,1.0,-0.898,0.546,-0.452,1.1480000000000001,0.20399999999999996,1.452,1.1659845625050103,1.8622094404228544
adjective,reported,23,excitement,excited,0.25,0.25,0.0,0.816,0.862,0.418,-0.566,-0.612,-0.418,0.833606621854697,0.9325363263701848
adjective,reported,23,fear,afraid,-0.75,0.0,0.0,-0.977,0.352,-0.529,0.22699999999999998,-0.352,0.529,0.4188472275185786,0.6747399499066288
adjective,reported,23,happiness,happy,0.5,-0.25,-0.5,0.985,0.47,0.39,-0.485,-0.72,-0.89,0.8681157756889343,1.2432718930306437
adjective,reported,23,sadness,sad,-0.5,-0.5,0.0,-0.55,-0.334,-0.702,0.050000000000000044,-0.16599999999999998,0.702,0.17336666346215468,0.7230905890688939
adjective,reported,23,surprise,surprised,-0.25,0.0,-0.5,0.568,0.71,0.078,-0.818,-0.71,-0.578,1.083154651931108,1.2277247248467384
adjective,reversed,1,amusement,amused,0.75,0.25,-0.5,0.884,0.694,0.192,-0.134,-0.44399999999999995,-0.692,0.46378012031565125,0.8330402151156929
adjective,reversed,1,anger,angry,-0.5,-0.75,0.0,-0.756,0.66,0.208,0.256,-1.4100000000000001,-0.208,1.4330512900800167,1.448067677976413
adjective,reversed,1,calmness,calm,0.5,-0.25,0.25,0.75,-0.9,-0.373,-0.25,0.65,0.623,0.696419413859206,0.9344137199335207
adjective,reversed,1,disgust,disgusted,0.0,-0.25,-0.75,-0.898,0.546,-0.452,0.898,-0.796,-0.298,1.2000083333043985,1.2364562264795305
adjective,reversed,1,excitement,excited,0.25,0.0,0.0,0.816,0.862,0.418,-0.566,-0.862,-0.418,1.031212878119741,1.1127102048601873
adjective,reversed,1,fear,afraid,0.0,0.5,-0.25,-0.977,0.352,-0.529,0.977,0.14800000000000002,0.279,0.9881462442371575,1.0267784571172107
adjective,reversed,1,happiness,happy,0.75,0.25,0.0,0.985,0.47,0.39,-0.235,-0.21999999999999997,-0.39,0.32190837205639744,0.5056925943693461
adjective,reversed,1,sadness,sad,-1.0,-0.5,-0.5,-0.55,-0.334,-0.702,-0.44999999999999996,-0.16599999999999998,0.20199999999999996,0.4796415328138296,0.5204421197405144
adjective,reversed,1,surprise,surprised,0.0,0.5,0.0,0.568,0.71,0.078,-0.568,-0.20999999999999996,-0.078,0.6055774104109234,0.610580052081625
adjective,reversed,2,amusement,amused,0.75,0.5,0.0,0.884,0.694,0.192,-0.134,-0.19399999999999995,-0.192,0.23577955806218653,0.30406578235638415
adjective,reversed,2,anger,angry,-0.5,0.5,-0.25,-0.756,0.66,0.208,0.256,-0.16000000000000003,-0.45799999999999996,0.30188739622581134,0.5485435260760991
adjective,reversed,2,calmness,calm,0.25,-0.5,0.5,0.75,-0.9,-0.373,-0.5,0.4,0.873,0.6403124237432849,1.082649065948888
adjective,reversed,2,disgust,disgusted,-0.75,0.25,-0.25,-0.898,0.546,-0.452,0.14800000000000002,-0.29600000000000004,0.202,0.33093806066996895,0.38771639119335677
adjective,reversed,2,excitement,excited,-0.5,0.25,-0.25,0.816,0.862,0.418,-1.3159999999999998,-0.612,-0.6679999999999999,1.4513442045221387,1.5976933372834725
adjective,reversed,2,fear,afraid,-1.0,1.0,-0.75,-0.977,0.352,-0.529,-0.02300000000000002,0.648,-0.22099999999999997,0.6484080505360803,0.6850357654896567
adjective,reversed,2,happiness,happy,0.75,0.0,0.0,0.985,0.47,0.39,-0.235,-0.47,-0.39,0.5254759747124506,0.6543890280253788
adjective,reversed,2,sadness,sad,-0.75,0.0,-0.5,-0.55,-0.334,-0.702,-0.19999999999999996,0.334,0.20199999999999996,0.38930193937354074,0.4385886455438626
adjective,reversed,2,surprise,surprised,-0.25,0.75,-0.25,0.568,0.71,0.078,-0.818,0.040000000000000036,-0.328,0.8189774111659002,0.8822176602177039
adjective,reversed,3,amusement,amused,1.0,0.5,-0.25,0.884,0.694,0.192,0.11599999999999999,-0.19399999999999995,-0.442,0.2260353954583219,0.49644335024250247
adjective,reversed,3,anger,angry,-0.5,0.0,0.0,-0.756,0.66,0.208,0.256,-0.66,-0.208,0.7079095987483148,0.7378346698278687
adjective,reversed,3,calmness,calm,0.25,-0.25,0.5,0.75,-0.9,-0.373,-0.5,0.65,0.873,0.8200609733428363,1.1977599926529523
adjective,reversed,3,disgust,disgusted,0.0,-0.25,0.25,-0.898,0.546,-0.452,0.898,-0.796,0.702,1.2000083333043985,1.3902604072618914
adjective,reversed,3,excitement,excited,0.25,0.0,0.5,0.816,0.862,0.418,-0.566,-0.862,0.08200000000000002,1.031212878119741,1.0344679792047697
adjective,reversed,3,fear,afraid,0.0,0.25,-0.5,-0.977,0.352,-0.529,0.977,-0.10199999999999998,0.029000000000000026,0.9823100325253733,0.9827380118831264
adjective,reversed,3,happiness,happy,0.75,0.25,-0.5,0.985,0.47,0.39,-0.235,-0.21999999999999997,-0.89,0.32190837205639744,0.9464274932608414
adjective,reversed,3,sadness,sad,-0.75,-0.5,-0.25,-0.55,-0.334,-0.702,-0.19999999999999996,-0.16599999999999998,0.45199999999999996,0.2599153708421262,0.5214019562679065
adjective,reversed,3,surprise,surprised,0.25,0.5,0.25,0.568,0.71,0.078,-0.31799999999999995,-0.20999999999999996,0.172,0.38108266819680997,0.418100466395339
adjective,reversed,4,amusement,amused,0.5,0.0,0.25,0.884,0.694,0.192,-0.384,-0.694,0.057999999999999996,0.7931532008382743,0.7952710229852462
adjective,reversed,4,anger,angry,-0.75,0.0,0.0,-0.756,0.66,0.208,0.006000000000000005,-0.66,-0.208,0.66002727216381,0.6920260110718383
adjective,reversed,4,calmness,calm,0.0,-0.5,0.75,0.75,-0.9,-0.373,-0.75,0.4,1.123,0.85,1.4084136466251667
adjective,reversed,4,disgust,disgusted,-0.25,0.5,0.0,-0.898,0.546,-0.452,0.648,-0.04600000000000004,0.452,0.649630664300878,0.7914063431638642
adjective,reversed,4,excitement,excited,0.25,-0.5,0.75,0.816,0.862,0.418,-0.566,-1.362,0.332,1.4749237268414934,1.511828032548676
adjective,reversed,4,fear,afraid,-1.0,0.25,0.0,-0.977,0.352,-0.529,-0.02300000000000002,-0.10199999999999998,0.529,0.10456098698845569,0.5392346428040394
adjective,reversed,4,happiness,happy,0.5,-0.25,0.0,0.985,0.47,0.39,-0.485,-0.72,-0.39,0.8681157756889343,0.9516958547771447
adjective,reversed,4,sadness,sad,-1.0,0.0,-0.25,-0.55,-0.334,-0.702,-0.44999999999999996,0.334,0.45199999999999996,0.5604069949599131,0.7199722216863648
adjective,reversed,4,surprise,surprised,-0.25,0.0,0.25,0.568,0.71,0.078,-0.818,-0.71,0.172,1.083154651931108,1.096726036893444
adjective,reversed,5,amusement,amused,0.75,-0.25,0.0,0.884,0.694,0.192,-0.134,-0.944,-0.192,0.9534631613229742,0.9726026938066745
adjective,reversed,5,anger,angry,-0.5,0.0,0.0,-0.756,0.66,0.208,0.256,-0.66,-0.208,0.7079095987483148,0.7378346698278687
adjective,reversed,5,calmness,calm,0.5,-0.5,0.25,0.75,-0.9,-0.373,-0.25,0.4,0.623,0.47169905660283024,0.7814275398269503
adjective,reversed,5,disgust,disgusted,0.0,0.0,-0.25,-0.898,0.546,-0.452,0.898,-0.546,0.202,1.0509614645647098,1.0701981125006714
adjective,reversed,5,excitement,excited,-0.5,0.25,0.25,0.816,0.862,0.418,-1.3159999999999998,-0.612,-0.16799999999999998,1.4513442045221387,1.4610352494036547
adjective,reversed,5,fear,afraid,-0.5,0.25,-0.25,-0.977,0.352,-0.529,0.477,-0.10199999999999998,0.279,0.48778376356742337,0.5619377189689263
adjective,reversed,5,happiness,happy,0.5,0.25,-0.25,0.985,0.47,0.39,-0.485,-0.21999999999999997,-0.64,0.5325645500782041,0.832601345182675
adjective,reversed,5,sadness,sad,-1.0,0.0,0.0,-0.55,-0.334,-0.702,-0.44999999999999996,0.334,0.702,0.5604069949599131,0.8982538616671792
adjective,reversed,5,surprise,surprised,-0.5,0.5,-0.25,0.568,0.71,0.078,-1.068,-0.20999999999999996,-0.328,1.0884502744728397,1.1367972554505927
adjective,reversed,6,amusement,amused,0.5,0.25,-0.25,0.884,0.694,0.192,-0.384,-0.44399999999999995,-0.442,0.5870195908144804,0.7348169840171088
adjective,reversed,6,anger,angry,-0.75,0.5,-0.25,-0.756,0.66,0.208,0.006000000000000005,-0.16000000000000003,-0.45799999999999996,0.1601124604770035,0.48518037882832815
adjective,reversed,6,calmness,calm,0.25,-0.25,0.0,0.75,-0.9,-0.373,-0.5,0.65,0.373,0.8200609733428363,0.9009045454430786
adjective,reversed,6,disgust,disgusted,-0.5,0.75,-0.75,-0.898,0.546,-0.452,0.398,0.20399999999999996,-0.298,0.4472359556207439,0.5374234829257091
adjective,reversed,6,excitement,excited,0.5,0.5,-0.25,0.816,0.862,0.418,-0.31599999999999995,-0.362,-0.6679999999999999,0.4805205510693585,0.8228754462250042
adjective,reversed,6,fear,afraid,-0.25,0.5,-0.5,-0.977,0.352,-0.529,0.727,0.14800000000000002,0.029000000000000026,0.7419117198157743,0.7424782825106738
adjective,reversed,6,happiness,happy,0.75,0.5,-0.5,0.985,0.47,0.39,-0.235,0.030000000000000027,-0.89,0.23690715480964267,0.9209913137483979
adjective,reversed,6,sadness,sad,-0.75,0.5,-0.75,-0.55,-0.334,-0.702,-0.19999999999999996,0.8340000000000001,-0.04800000000000004,0.8576456144585595,0.8589877763973129
adjective,reversed,6,surprise,surprised,0.25,0.75,-0.25,0.568,0.71,0.078,-0.31799999999999995,0.040000000000000036,-0.328,0.3205058501806168,0.4585935019164576
adjective,reversed,7,amusement,amused,0.5,-0.25,0.25,0.884,0.694,0.192,-0.384,-0.944,0.057999999999999996,1.0191133401148273,1.0207624601247833
adjective,reversed,7,anger,angry,-0.75,0.25,-0.25,-0.756,0.66,0.208,0.006000000000000005,-0.41000000000000003,-0.45799999999999996,0.41004390008875885,0.6147357155721473
adjective,reversed,7,calmness,calm,0.0,-0.25,0.5,0.75,-0.9,-0.373,-0.75,0.65,0.873,0.9924716620639604,1.3217900741040538
adjective,reversed,7,disgust,disgusted,-0.75,0.5,-0.75,-0.898,0.546,-0.452,0.14800000000000002,-0.04600000000000004,-0.298,0.154983870128475,0.33589284005468173
adjective,reversed,7,excitement,excited,0.25,0.25,0.25,0.816,0.862,0.418,-0.566,-0.612,-0.16799999999999998,0.833606621854697,0.850366979603512
adjective,reversed,7,fear,afraid,-0.5,0.25,-0.5,-0.977,0.352,-0.529,0.477,-0.10199999999999998,0.029000000000000026,0.48778376356742337,0.4886450654616293
adjective,reversed,7,happiness,happy,0.75,0.5,0.0,0.985,0.47,0.39,-0.235,0.030000000000000027,-0.39,0.23690715480964267,0.4563167759353145
adjective,reversed,7,sadness,sad,-1.0,0.75,-0.75,-0.55,-0.334,-0.702,-0.44999999999999996,1.084,-0.04800000000000004,1.1736933159901695,1.1746744229785546
adjective,reversed,7,surprise,surprised,-0.5,0.0,0.25,0.568,0.71,0.078,-1.068,-0.71,0.172,1.2824679333223112,1.2939505400130253
adjective,reversed,8,amusement,amused,0.25,-0.25,0.25,0.884,0.694,0.192,-0.634,-0.944,0.057999999999999996,1.1371420315862042,1.1386202176318494
adjective,reversed,8,anger,angry,-0.25,-0.5,0.25,-0.756,0.66,0.208,0.506,-1.1600000000000001,0.04200000000000001,1.2655575846242637,1.2662543188475215
adjective,reversed,8,calmness,calm,0.0,-0.5,0.0,0.75,-0.9,-0.373,-0.75,0.4,0.373,0.85,0.9282397319658322
adjective,reversed,8,disgust,disgusted,0.75,0.25,-0.25,-0.898,0.546,-0.452,1.6480000000000001,-0.29600000000000004,0.202,1.674371523885903,1.6865123776598856
adjective,reversed,8,excitement,excited,0.25,-0.25,0.25,0.816,0.862,0.418,-0.566,-1.112,-0.16799999999999998,1.2477579893553077,1.2590170769294593
adjective,reversed,8,fear,afraid,0.0,0.25,-0.25,-0.977,0.352,-0.529,0.977,-0.10199999999999998,0.279,0.9823100325253733,1.0211630623950319
adjective,reversed,8,happiness,happy,0.5,0.0,-0.25,0.985,0.47,0.39,-0.485,-0.47,-0.64,0.6753702688155587,0.9304434426659152
adjective,reversed,8,sadness,sad,-0.75,0.0,-0.25,-0.55,-0.334,-0.702,-0.19999999999999996,0.334,0.45199999999999996,0.38930193937354074,0.5965400238039356
adjective,reversed,8,surprise,surprised,0.0,0.5,0.0,0.568,0.71,0.078,-0.568,-0.20999999999999996,-0.078,0.6055774104109234,0.610580052081625
adjective,reversed,9,amusement,amused,0.75,0.5,-0.25,0.884,0.694,0.192,-0.134,-0.19399999999999995,-0.442,0.23577955806218653,0.5009550878072804
adjective,reversed,9,anger,angry,0.0,0.0,0.0,-0.756,0.66,0.208,0.756,-0.66,-0.208,1.0035616572986434,1.0248902380255165
adjective,reversed,9,calmness,calm,0.25,-0.25,0.25,0.75,-0.9,-0.373,-0.5,0.65,0.623,0.8200609733428363,1.0298684381997538
adjective,reversed,9,disgust,disgusted,-0.75,0.5,-0.75,-0.898,0.546,-0.452,0.14800000000000002,-0.04600000000000004,-0.298,0.154983870128475,0.33589284005468173
adjective,reversed,9,excitement,excited,0.5,0.5,-0.5,0.816,0.862,0.418,-0.31599999999999995,-0.362,-0.9179999999999999,0.4805205510693585,1.036158289065913
adjective,reversed,9,fear,afraid,-0.25,0.5,-0.5,-0.977,0.352,-0.529,0.727,0.14800000000000002,0.029000000000000026,0.7419117198157743,0.7424782825106738
adjective,reversed,9,happiness,happy,0.75,0.5,-0.5,0.985,0.47,0.39,-0.235,0.030000000000000027,-0.89,0.23690715480964267,0.9209913137483979
adjective,reversed,9,sadness,sad,-0.75,0.75,-0.75,-0.55,-0.334,-0.702,-0.19999999999999996,1.084,-0.04800000000000004,1.1022957860755889,1.1033403826562318
adjective,reversed,9,surprise,surprised,0.25,0.5,-0.25,0.568,0.71,0.078,-0.31799999999999995,-0.20999999999999996,-0.328,0.38108266819680997,0.5028001591089645
adjective,reversed,10,amusement,amused,0.75,-0.25,0.0,0.884,0.694,0.192,-0.134,-0.944,-0.192,0.9534631613229742,0.9726026938066745
adjective,reversed,10,anger,angry,-0.75,-0.25,-0.25,-0.756,0.66,0.208,0.006000000000000005,-0.91,-0.45799999999999996,0.9100197800048085,1.0187737727287645
adjective,reversed,10,calmness,calm,0.75,-1.0,0.75,0.75,-0.9,-0.373,0.0,-0.09999999999999998,1.123,0.09999999999999998,1.1274435684325845
adjective,reversed,10,disgust,disgusted,0.5,0.0,0.0,-0.898,0.546,-0.452,1.3980000000000001,-0.546,0.452,1.50083976493162,1.5674259153146604
adjective,reversed,10,excitement,excited,0.75,1.0,-0.75,0.816,0.862,0.418,-0.06599999999999995,0.138,-1.168,0.15297058540778352,1.1779745328316737
adjective,reversed,10,fear,afraid,0.25,0.25,-0.25,-0.977,0.352,-0.529,1.2269999999999999,-0.10199999999999998,0.279,1.2312323095175823,1.2624476226758874
adjective,reversed,10,happiness,happy,1.0,0.5,-0.5,0.985,0.47,0.39,0.015000000000000013,0.030000000000000027,-0.89,0.033541019662496875,0.8906317982196683
adjective,reversed,10,sadness,sad,-1.0,-0.5,0.0,-0.55,-0.334,-0.702,-0.44999999999999996,-0.16599999999999998,0.702,0.4796415328138296,0.8502117383334578
adjective,reversed,10,surprise,surprised,0.25,0.25,-0.25,0.568,0.71,0.078,-0.31799999999999995,-0.45999999999999996,-0.328,0.5592173101755702,0.648311653450715
adjective,reversed,11,amusement,amused,0.75,0.0,-0.25,0.884,0.694,0.192,-0.134,-0.694,-0.442,0.7068182227418871,0.8336402101626337
adjective,reversed,11,anger,angry,-0.75,0.0,0.0,-0.756,0.66,0.208,0.006000000000000005,-0.66,-0.208,0.66002727216381,0.6920260110718383
adjective,reversed,11,calmness,calm,0.25,-0.25,0.5,0.75,-0.9,-0.373,-0.5,0.65,0.873,0.8200609733428363,1.1977599926529523
adjective,reversed,11,disgust,disgusted,-1.0,0.5,-1.0,-0.898,0.546,-0.452,-0.10199999999999998,-0.04600000000000004,-0.548,0.11189280584559491,0.5593067137090346
adjective,reversed,11,excitement,excited,0.5,0.0,-0.75,0.816,0.862,0.418,-0.31599999999999995,-0.862,-1.168,0.9180958555619342,1.4856392563472467
adjective,reversed,11,fear,afraid,-0.25,0.5,-0.5,-0.977,0.352,-0.529,0.727,0.14800000000000002,0.029000000000000026,0.7419117198157743,0.7424782825106738
adjective,reversed,11,happiness,happy,1.0,0.0,-0.5,0.985,0.47,0.39,0.015000000000000013,-0.47,-0.89,0.4702393007820592,1.0065907808041956
adjective,reversed,11,sadness,sad,-1.0,-0.25,-0.25,-0.55,-0.334,-0.702,-0.44999999999999996,0.08400000000000002,0.45199999999999996,0.4577728694450993,0.6433195162592223
adjective,reversed,11,surprise,surprised,-0.25,0.25,0.0,0.568,0.71,0.078,-0.818,-0.45999999999999996,-0.078,0.9384689659226882,0.9417048369844979
adjective,reversed,12,amusement,amused,0.75,-0.25,0.0,0.884,0.694,0.192,-0.134,-0.944,-0.192,0.9534631613229742,0.9726026938066745
adjective,reversed,12,anger,angry,-0.25,0.0,0.0,-0.756,0.66,0.208,0.506,-0.66,-0.208,0.8316465595431752,0.8572630868059117
adjective,reversed,12,calmness,calm,0.75,-0.25,0.0,0.75,-0.9,-0.373,0.0,0.65,0.373,0.65,0.7494191083766146
adjective,reversed,12,disgust,disgusted,0.0,0.5,0.0,-0.898,0.546,-0.452,0.898,-0.04600000000000004,0.452,0.8991774018512698,1.006391573891594
adjective,reversed,12,excitement,excited,0.75,0.0,-0.25,0.816,0.862,0.418,-0.06599999999999995,-0.862,-0.6679999999999999,0.8645229898620395,1.0925310064249891
adjective,reversed,12,fear,afraid,-0.25,0.5,-0.25,-0.977,0.352,-0.529,0.727,0.14800000000000002,0.279,0.7419117198157743,0.7926373697978162
adjective,reversed,12,happiness,happy,1.0,0.5,-0.5,0.985,0.47,0.39,0.015000000000000013,0.030000000000000027,-0.89,0.033541019662496875,0.8906317982196683
adjective,reversed,12,sadness,sad,-1.0,0.25,-0.5,-0.55,-0.334,-0.702,-0.44999999999999996,0.5840000000000001,0.20199999999999996,0.7372625041326868,0.7644344314589708
adjective,reversed,12,surprise,surprised,0.0,-0.25,0.25,0.568,0.71,0.078,-0.568,-0.96,0.172,1.1154478921043331,1.1286310291676374
adjective,reversed,13,amusement,amused,0.75,0.25,-0.25,0.884,0.694,0.192,-0.134,-0.44399999999999995,-0.442,0.46378012031565125,0.6406684009688631
adjective,reversed,13,anger,angry,-0.5,0.0,-0.25,-0.756,0.66,0.208,0.256,-0.66,-0.45799999999999996,0.7079095987483148,0.8431488599292535
adjective,reversed,13,calmness,calm,0.25,-0.25,0.5,0.75,-0.9,-0.373,-0.5,0.65,0.873,0.8200609733428363,1.1977599926529523
adjective,reversed,13,disgust,disgusted,-0.5,0.75,-0.5,-0.898,0.546,-0.452,0.398,0.20399999999999996,-0.04799999999999999,0.4472359556207439,0.44980440193488547
adjective,reversed,13,excitement,excited,0.5,0.25,-0.25,0.816,0.862,0.418,-0.31599999999999995,-0.612,-0.6679999999999999,0.6887670143089025,0.9594915320105748
adjective,reversed,13,fear,afraid,0.25,0.25,-0.75,-0.977,0.352,-0.529,1.2269999999999999,-0.10199999999999998,-0.22099999999999997,1.2312323095175823,1.2509092692917418
adjective,reversed,13,happiness,happy,0.5,0.25,-0.25,0.985,0.47,0.39,-0.485,-0.21999999999999997,-0.64,0.5325645500782041,0.832601345182675
adjective,reversed,13,sadness,sad,-0.5,0.0,-0.25,-0.55,-0.334,-0.702,0.050000000000000044,0.334,0.45199999999999996,0.3377217789838257,0.5642339940131221
adjective,reversed,13,surprise,surprised,0.5,0.5,-0.5,0.568,0.71,0.078,-0.06799999999999995,-0.20999999999999996,-0.578,0.22073513539987233,0.6187147969783816
adjective,reversed,14,amusement,amused,0.5,0.0,0.0,0.884,0.694,0.192,-0.384,-0.694,-0.192,0.7931532008382743,0.8160612722093851
adjective,reversed,14,anger,angry,-1.0,0.0,0.0,-0.756,0.66,0.208,-0.244,-0.66,-0.208,0.7036590083271869,0.7337574531137656
adjective,reversed,14,calmness,calm,0.25,-0.5,0.0,0.75,-0.9,-0.373,-0.5,0.4,0.373,0.6403124237432849,0.741032387956154
adjective,reversed,14,disgust,disgusted,0.5,0.5,-0.5,-0.898,0.546,-0.452,1.3980000000000001,-0.04600000000000004,-0.04799999999999999,1.3987565906904604,1.399579936981093
adjective,reversed,14,excitement,excited,0.5,0.0,0.0,0.816,0.862,0.418,-0.31599999999999995,-0.862,-0.418,0.9180958555619342,1.0087735127371258
adjective,reversed,14,fear,afraid,-0.25,-0.5,0.25,-0.977,0.352,-0.529,0.727,-0.852,0.779,1.1200147320459672,1.3642851608076663
adjective,reversed,14,happiness,happy,0.75,0.25,-0.25,0.985,0.47,0.39,-0.235,-0.21999999999999997,-0.64,0.32190837205639744,0.7163972361755733
adjective,reversed,14,sadness,sad,-0.75,-0.25,0.25,-0.55,-0.334,-0.702,-0.19999999999999996,0.08400000000000002,0.952,0.21692394980729995,0.9764015567378003
adjective,reversed,14,surprise,surprised,0.25,0.0,0.25,0.568,0.71,0.078,-0.31799999999999995,-0.71,0.172,0.7779614386330469,0.7967483919029896
adjective,reversed,15,amusement,amused,0.75,0.25,-0.75,0.884,0.694,0.192,-0.134,-0.44399999999999995,-0.942,0.46378012031565125,1.0499790474099946
adjective,reversed,15,anger,angry,-0.25,0.25,-0.75,-0.756,0.66,0.208,0.506,-0.41000000000000003,-0.958,0.6512572456410753,1.1584040745784694
adjective,reversed,15,calmness,calm,0.0,-0.75,-0.25,0.75,-0.9,-0.373,-0.75,0.15000000000000002,0.123,0.7648529270389177,0.7746799339081915
adjective,reversed,15,disgust,disgusted,-0.5,0.5,-0.75,-0.898,0.546,-0.452,0.398,-0.04600000000000004,-0.298,0.4006494727314639,0.49932354240512233
adjective,reversed,15,excitement,excited,0.0,0.75,-0.5,0.816,0.862,0.418,-0.816,-0.11199999999999999,-0.9179999999999999,0.82365041127896,1.2333385585474899
adjective,reversed,15,fear,afraid,-1.0,0.5,-0.5,-0.977,0.352,-0.529,-0.02300000000000002,0.14800000000000002,0.029000000000000026,0.14977650015940422,0.15255818562109347
adjective,reversed,15,happiness,happy,0.5,0.0,-0.5,0.985,0.47,0.39,-0.485,-0.47,-0.89,0.6753702688155587,1.1172399026171596
adjective,reversed,15,sadness,sad,-1.0,-0.5,-0.25,-0.55,-0.334,-0.702,-0.44999999999999996,-0.16599999999999998,0.45199999999999996,0.4796415328138296,0.6590599365763329
adjective,reversed,15,surprise,surprised,-0.5,0.25,-0.5,0.568,0.71,0.078,-1.068,-0.45999999999999996,-0.578,1.1628516672387756,1.2985792236132534
adjective,reversed,16,amusement,amused,0.75,0.0,-0.25,0.884,0.694,0.192,-0.134,-0.694,-0.442,0.7068182227418871,0.8336402101626337
adjective,reversed,16,anger,angry,-0.5,0.0,0.0,-0.756,0.66,0.208,0.256,-0.66,-0.208,0.7079095987483148,0.7378346698278687
adjective,reversed,16,calmness,calm,0.0,-0.25,0.25,0.75,-0.9,-0.373,-0.75,0.65,0.623,0.9924716620639604,1.1718058712943882
adjective,reversed,16,disgust,disgusted,-0.75,0.0,-0.25,-0.898,0.546,-0.452,0.14800000000000002,-0.546,0.202,0.5657031023425628,0.6006862741897805
adjective,reversed,16,excitement,excited,0.0,0.25,-0.25,0.816,0.862,0.418,-0.816,-0.612,-0.6679999999999999,1.02,1.2192719138895967
adjective,reversed,16,fear,afraid,-0.5,0.25,-0.25,-0.977,0.352,-0.529,0.477,-0.10199999999999998,0.279,0.48778376356742337,0.5619377189689263
adjective,reversed,16,happiness,happy,1.0,0.5,-0.75,0.985,0.47,0.39,0.015000000000000013,0.030000000000000027,-1.1400000000000001,0.033541019662496875,1.140493314316222
adjective,reversed,16,sadness,sad,-1.0,-0.25,-0.25,-0.55,-0.334,-0.702,-0.44999999999999996,0.08400000000000002,0.45199999999999996,0.4577728694450993,0.6433195162592223
adjective,reversed,16,surprise,surprised,-0.75,-0.25,0.5,0.568,0.71,0.078,-1.318,-0.96,0.422,1.6305594132076269,1.684282636614176
adjective,reversed,17,amusement,amused,0.75,-0.5,0.25,0.884,0.694,0.192,-0.134,-1.194,0.057999999999999996,1.2014957344909718,1.2028948416216605
adjective,reversed,17,anger,angry,-0.75,0.0,-0.25,-0.756,0.66,0.208,0.006000000000000005,-0.66,-0.45799999999999996,0.66002727216381,0.8033679107357973
adjective,reversed,17,calmness,calm,0.25,-1.0,0.25,0.75,-0.9,-0.373,-0.5,-0.09999999999999998,0.623,0.5099019513592785,0.8050645936817741
adjective,reversed,17,disgust,disgusted,-0.75,0.25,-0.75,-0.898,0.546,-0.452,0.14800000000000002,-0.29600000000000004,-0.298,0.33093806066996895,0.44533582833632424
adjective,reversed,17,excitement,excited,-0.5,0.5,-0.25,0.816,0.862,0.418,-1.3159999999999998,-0.362,-0.6679999999999999,1.3648809471891676,1.5195802051882616
adjective,reversed,17,fear,afraid,-0.25,0.5,-0.25,-0.977,0.352,-0.529,0.727,0.14800000000000002,0.279,0.7419117198157743,0.7926373697978162
adjective,reversed,17,happiness,happy,0.75,0.0,0.0,0.985,0.47,0.39,-0.235,-0.47,-0.39,0.5254759747124506,0.6543890280253788
adjective,reversed,17,sadness,sad,-0.75,-0.25,-0.75,-0.55,-0.334,-0.702,-0.19999999999999996,0.08400000000000002,-0.04800000000000004,0.21692394980729995,0.22217110523198103
adjective,reversed,17,surprise,surprised,0.25,-0.5,0.25,0.568,0.71,0.078,-0.31799999999999995,-1.21,0.172,1.2510891255222387,1.2628570782159
adjective,reversed,18,amusement,amused,0.5,0.25,-0.25,0.884,0.694,0.192,-0.384,-0.44399999999999995,-0.442,0.5870195908144804,0.7348169840171088
adjective,reversed,18,anger,angry,-0.75,0.5,-0.75,-0.756,0.66,0.208,0.006000000000000005,-0.16000000000000003,-0.958,0.1601124604770035,0.9712878049270462
adjective,reversed,18,calmness,calm,0.25,-0.5,0.5,0.75,-0.9,-0.373,-0.5,0.4,0.873,0.6403124237432849,1.082649065948888
adjective,reversed,18,disgust,disgusted,-1.0,0.0,-0.75,-0.898,0.546,-0.452,-0.10199999999999998,-0.546,-0.298,0.5554457669295897,0.6303364181133754
adjective,reversed,18,excitement,excited,0.0,0.5,-0.25,0.816,0.862,0.418,-0.816,-0.362,-0.6679999999999999,0.8926925562588723,1.1149547076002684
adjective,reversed,18,fear,afraid,-0.75,0.25,-0.5,-0.977,0.352,-0.529,0.22699999999999998,-0.10199999999999998,0.029000000000000026,0.2488634163552369,0.2505474007049365
adjective,reversed,18,happiness,happy,0.75,0.5,-0.5,0.985,0.47,0.39,-0.235,0.030000000000000027,-0.89,0.23690715480964267,0.9209913137483979
adjective,reversed,18,sadness,sad,-0.5,0.25,-0.25,-0.55,-0.334,-0.702,0.050000000000000044,0.5840000000000001,0.45199999999999996,0.5861365028728377,0.7401756548279604
adjective,reversed,18,surprise,surprised,-0.25,0.0,0.0,0.568,0.71,0.078,-0.818,-0.71,-0.078,1.083154651931108,1.085959483590433
adjective,reversed,19,amusement,amused,0.75,0.75,-0.5,0.884,0.694,0.192,-0.134,0.05600000000000005,-0.692,0.14523085071705671,0.7070756678036658
adjective,reversed,19,anger,angry,-0.75,0.75,-0.5,-0.756,0.66,0.208,0.006000000000000005,0.08999999999999997,-0.708,0.09019977827023741,0.7137226352022191
adjective,reversed,19,calmness,calm,0.25,0.0,0.25,0.75,-0.9,-0.373,-0.5,0.9,0.623,1.0295630140987,1.20338231663923
adjective,reversed,19,disgust,disgusted,-0.25,0.0,0.25,-0.898,0.546,-0.452,0.648,-0.546,0.702,0.8473606080058242,1.1003744817106584
adjective,reversed,19,excitement,excited,0.5,0.5,-0.75,0.816,0.862,0.418,-0.31599999999999995,-0.362,-1.168,0.4805205510693585,1.262982185147518
adjective,reversed,19,fear,afraid,0.25,0.5,-0.5,-0.977,0.352,-0.529,1.2269999999999999,0.14800000000000002,0.029000000000000026,1.235893603834893,1.236233796658221
adjective,reversed,19,happiness,happy,0.75,0.75,-0.5,0.985,0.47,0.39,-0.235,0.28,-0.89,0.36554753452868477,0.9621460388111568
adjective,reversed,19,sadness,sad,-0.25,0.25,-0.25,-0.55,-0.334,-0.702,0.30000000000000004,0.5840000000000001,0.45199999999999996,0.6565485511369286,0.7970947246093152
adjective,reversed,19,surprise,surprised,0.0,0.5,-0.5,0.568,0.71,0.078,-0.568,-0.20999999999999996,-0.578,0.6055774104109234,0.8371427596294433
adjective,reversed,20,amusement,amused,0.0,0.5,-0.25,0.884,0.694,0.192,-0.884,-0.19399999999999995,-0.442,0.9050370158175852,1.0072020651289393
adjective,reversed,20,anger,angry,-0.25,-0.25,0.0,-0.756,0.66,0.208,0.506,-0.91,-0.208,1.0412185169310042,1.0617909398747005
adjective,reversed,20,calmness,calm,0.5,0.0,0.0,0.75,-0.9,-0.373,-0.25,0.9,0.373,0.9340770846134703,1.0057976933757604
adjective,reversed,20,disgust,disgusted,-1.0,-0.25,-0.25,-0.898,0.546,-0.452,-0.10199999999999998,-0.796,0.202,0.8025085669324659,0.8275409355433725
adjective,reversed,20,excitement,excited,0.0,0.5,-0.25,0.816,0.862,0.418,-0.816,-0.362,-0.6679999999999999,0.8926925562588723,1.1149547076002684
adjective,reversed,20,fear,afraid,-0.5,0.0,0.25,-0.977,0.352,-0.529,0.477,-0.352,0.779,0.5928178472347134,0.9789147051709868
adjective,reversed,20,happiness,happy,1.0,0.25,-1.0,0.985,0.47,0.39,0.015000000000000013,-0.21999999999999997,-1.3900000000000001,0.22051077071199945,1.4073823219011956
adjective,reversed,20,sadness,sad,0.0,-0.25,-0.75,-0.55,-0.334,-0.702,0.55,0.08400000000000002,-0.04800000000000004,0.5563775696413363,0.558444267586301
adjective,reversed,20,surprise,surprised,-0.25,0.0,0.0,0.568,0.71,0.078,-0.818,-0.71,-0.078,1.083154651931108,1.085959483590433
adjective,reversed,21,amusement,amused,0.5,0.25,-0.25,0.884,0.694,0.192,-0.384,-0.44399999999999995,-0.442,0.5870195908144804,0.7348169840171088
adjective,reversed,21,anger,angry,-1.0,0.0,-0.25,-0.756,0.66,0.208,-0.244,-0.66,-0.45799999999999996,0.7036590083271869,0.8395832299420946
adjective,reversed,21,calmness,calm,0.5,-0.5,0.0,0.75,-0.9,-0.373,-0.25,0.4,0.373,0.47169905660283024,0.6013559677927874
adjective,reversed,21,disgust,disgusted,0.0,1.0,-0.5,-0.898,0.546,-0.452,0.898,0.45399999999999996,-0.04799999999999999,1.006240527905729,1.007384732860291
adjective,reversed,21,excitement,excited,0.0,0.25,-0.75,0.816,0.862,0.418,-0.816,-0.612,-1.168,1.02,1.550685009923034
adjective,reversed,21,fear,afraid,-0.75,0.75,-0.75,-0.977,0.352,-0.529,0.22699999999999998,0.398,-0.22099999999999997,0.4581844606705906,0.5086983389003742
adjective,reversed,21,happiness,happy,0.75,0.25,-0.5,0.985,0.47,0.39,-0.235,-0.21999999999999997,-0.89,0.32190837205639744,0.9464274932608414
adjective,reversed,21,sadness,sad,-1.0,0.75,-0.75,-0.55,-0.334,-0.702,-0.44999999999999996,1.084,-0.04800000000000004,1.1736933159901695,1.1746744229785546
adjective,reversed,21,surprise,surprised,-0.25,0.25,-1.0,0.568,0.71,0.078,-0.818,-0.45999999999999996,-1.078,0.9384689659226882,1.4292683442936809
adjective,reversed,22,amusement,amused,0.5,0.25,0.0,0.884,0.694,0.192,-0.384,-0.44399999999999995,-0.192,0.5870195908144804,0.617621243157973
adjective,reversed,22,anger,angry,-0.5,-0.25,-0.5,-0.756,0.66,0.208,0.256,-0.91,-0.708,0.9453232251457699,1.181058846967415
adjective,reversed,22,calmness,calm,0.0,-0.75,0.75,0.75,-0.9,-0.373,-0.75,0.15000000000000002,1.123,0.7648529270389177,1.3587232978057011
adjective,reversed,22,disgust,disgusted,0.25,-0.25,0.0,-0.898,0.546,-0.452,1.1480000000000001,-0.796,0.452,1.3969681456640306,1.4682724542808805
adjective,reversed,22,excitement,excited,0.5,0.25,-0.5,0.816,0.862,0.418,-0.31599999999999995,-0.612,-0.9179999999999999,0.6887670143089025,1.1476602284648536
adjective,reversed,22,fear,afraid,-0.5,0.25,-0.25,-0.977,0.352,-0.529,0.477,-0.10199999999999998,0.279,0.48778376356742337,0.5619377189689263
adjective,reversed,22,happiness,happy,0.5,-0.5,-0.25,0.985,0.47,0.39,-0.485,-0.97,-0.64,1.084492969087398,1.2592557325658675
adjective,reversed,22,sadness,sad,-0.75,0.25,-0.25,-0.55,-0.334,-0.702,-0.19999999999999996,0.5840000000000001,0.45199999999999996,0.6172973351635337,0.7650882302061639
adjective,reversed,22,surprise,surprised,0.25,0.25,-0.25,0.568,0.71,0.078,-0.31799999999999995,-0.45999999999999996,-0.328,0.5592173101755702,0.648311653450715
adjective,reversed,23,amusement,amused,0.75,-0.25,0.0,0.884,0.694,0.192,-0.134,-0.944,-0.192,0.9534631613229742,0.9726026938066745
adjective,reversed,23,anger,angry,-0.75,0.25,-0.25,-0.756,0.66,0.208,0.006000000000000005,-0.41000000000000003,-0.45799999999999996,0.41004390008875885,0.6147357155721473
adjective,reversed,23,calmness,calm,0.5,-1.0,1.0,0.75,-0.9,-0.373,-0.25,-0.09999999999999998,1.373,0.2692582403567252,1.3991529580428297
adjective,reversed,23,disgust,disgusted,0.25,0.75,-1.0,-0.898,0.546,-0.452,1.1480000000000001,0.20399999999999996,-0.548,1.1659845625050103,1.28834156961576
adjective,reversed,23,excitement,excited,0.25,0.25,0.0,0.816,0.862,0.418,-0.566,-0.612,-0.418,0.833606621854697,0.9325363263701848
adjective,reversed,23,fear,afraid,-0.75,0.0,0.0,-0.977,0.352,-0.529,0.22699999999999998,-0.352,0.529,0.4188472275185786,0.6747399499066288
adjective,reversed,23,happiness,happy,0.5,-0.25,0.5,0.985,0.47,0.39,-0.485,-0.72,0.10999999999999999,0.8681157756889343,0.8750571409913754
adjective,reversed,23,sadness,sad,-0.5,-0.5,0.0,-0.55,-0.334,-0.702,0.050000000000000044,-0.16599999999999998,0.702,0.17336666346215468,0.7230905890688939
adjective,reversed,23,surprise,surprised,-0.25,0.0,0.5,0.568,0.71,0.078,-0.818,-0.71,0.422,1.083154651931108,1.162457741167394
noun,reported,1,amusement,amusement,0.75,0.25,0.5,0.858,0.674,0.606,-0.10799999999999998,-0.42400000000000004,-0.10599999999999998,0.4375385697284298,0.45019551308292716
noun,reported,1,anger,anger,-0.5,-0.75,0.0,-0.666,0.73,0.314,0.16600000000000004,-1.48,-0.314,1.4892803631284475,1.5220223388636582
noun,reported,1,calmness,calmness,0.5,-0.25,-0.25,0.868,-0.895,-0.199,-0.368,0.645,-0.05099999999999999,0.7425961217243193,0.7443453499552476
noun,reported,1,disgust,disgust,0.0,-0.25,0.75,-0.896,0.55,-0.366,0.896,-0.8,1.116,1.2011727602639015,1.639595071961367
noun,reported,1,excitement,excitement,0.25,0.0,0.0,0.792,0.368,0.462,-0.542,-0.368,-0.462,0.6551244156646888,0.801643312203127
noun,reported,1,fear,fear,0.0,0.5,0.25,-0.854,0.68,-0.414,0.854,-0.18000000000000005,0.6639999999999999,0.872763427281414,1.0966366763883104
noun,reported,1,happiness,happiness,0.75,0.25,0.0,0.92,0.464,0.7,-0.17000000000000004,-0.21400000000000002,-0.7,0.2733056896590337,0.7514625739183556
noun,reported,1,sadness,sadness,-1.0,-0.5,0.5,-0.896,-0.424,-0.672,-0.10399999999999998,-0.07600000000000001,1.1720000000000002,0.12880993750483694,1.1790572505183963
noun,reported,1,surprise,surprise,0.0,0.5,0.0,0.75,0.75,0.124,-0.75,-0.25,-0.124,0.7905694150420949,0.8002349654945102
noun,reported,2,amusement,amusement,0.75,0.5,0.0,0.858,0.674,0.606,-0.10799999999999998,-0.17400000000000004,-0.606,0.20479257799051218,0.6396686642317255
noun,reported,2,anger,anger,-0.5,0.5,0.25,-0.666,0.73,0.314,0.16600000000000004,-0.22999999999999998,-0.064,0.2836476687723698,0.2907782660378867
noun,reported,2,calmness,calmness,0.25,-0.5,-0.5,0.868,-0.895,-0.199,-0.618,0.395,-0.301,0.7334500664666955,0.7928114529949728
noun,reported,2,disgust,disgust,-0.75,0.25,0.25,-0.896,0.55,-0.366,0.14600000000000002,-0.30000000000000004,0.616,0.33364052511647924,0.7005512115470217
noun,reported,2,excitement,excitement,-0.5,0.25,0.25,0.792,0.368,0.462,-1.292,-0.118,-0.21200000000000002,1.297377354511786,1.3145843449547086
noun,reported,2,fear,fear,-1.0,1.0,0.75,-0.854,0.68,-0.414,-0.14600000000000002,0.31999999999999995,1.164,0.35173285317126685,1.2159819077601441
noun,reported,2,happiness,happiness,0.75,0.0,0.0,0.92,0.464,0.7,-0.17000000000000004,-0.464,-0.7,0.4941619167843674,0.8568523793513092
noun,reported,2,sadness,sadness,-0.75,0.0,0.5,-0.896,-0.424,-0.672,0.14600000000000002,0.424,1.1720000000000002,0.4484328266307006,1.2548609484719813
noun,reported,2,surprise,surprise,-0.25,0.75,0.25,0.75,0.75,0.124,-1.0,0.0,0.126,1.0,1.0079067417177048
noun,reported,3,amusement,amusement,1.0,0.5,0.25,0.858,0.674,0.606,0.14200000000000002,-0.17400000000000004,-0.356,0.22458851261807675,0.4209227957713861
noun,reported,3,anger,anger,-0.5,0.0,0.0,-0.666,0.73,0.314,0.16600000000000004,-0.73,-0.314,0.7486360931721099,0.8118201771328426
noun,reported,3,calmness,calmness,0.25,-0.25,-0.5,0.868,-0.895,-0.199,-0.618,0.645,-0.301,0.8932799113379859,0.9426293014753997
noun,reported,3,disgust,disgust,0.0,-0.25,-0.25,-0.896,0.55,-0.366,0.896,-0.8,0.11599999999999999,1.2011727602639015,1.2067609539589852
noun,reported,3,excitement,excitement,0.25,0.0,-0.5,0.792,0.368,0.462,-0.542,-0.368,-0.962,0.6551244156646888,1.1638865924135393
noun,reported,3,fear,fear,0.0,0.25,0.5,-0.854,0.68,-0.414,0.854,-0.43000000000000005,0.9139999999999999,0.9561464322999903,1.3227289971872545
noun,reported,3,happiness,happiness,0.75,0.25,0.5,0.92,0.464,0.7,-0.17000000000000004,-0.21400000000000002,-0.19999999999999996,0.2733056896590337,0.33866797900008205
noun,reported,3,sadness,sadness,-0.75,-0.5,0.25,-0.896,-0.424,-0.672,0.14600000000000002,-0.07600000000000001,0.922,0.1645964762684791,0.9365767453871573
noun,reported,3,surprise,surprise,0.25,0.5,-0.25,0.75,0.75,0.124,-0.5,-0.25,-0.374,0.5590169943749475,0.6725890275643812
noun,reported,4,amusement,amusement,0.5,0.0,-0.25,0.858,0.674,0.606,-0.358,-0.674,-0.856,0.7631775678045052,1.1468112311971836
noun,reported,4,anger,anger,-0.75,0.0,0.0,-0.666,0.73,0.314,-0.08399999999999996,-0.73,-0.314,0.7348169840171088,0.7990944875294785
noun,reported,4,calmness,calmness,0.0,-0.5,-0.75,0.868,-0.895,-0.199,-0.868,0.395,-0.5509999999999999,0.9536503552141109,1.1013854910974632
noun,reported,4,disgust,disgust,-0.25,0.5,0.0,-0.896,0.55,-0.366,0.646,-0.050000000000000044,0.366,0.6479320952075148,0.744158585249139
noun,reported,4,excitement,excitement,0.25,-0.5,-0.75,0.792,0.368,0.462,-0.542,-0.868,-1.212,1.0233220411971982,1.5862320132943981
noun,reported,4,fear,fear,-1.0,0.25,0.0,-0.854,0.68,-0.414,-0.14600000000000002,-0.43000000000000005,0.414,0.45411011880379853,0.614501423920238
noun,reported,4,happiness,happiness,0.5,-0.25,0.0,0.92,0.464,0.7,-0.42000000000000004,-0.714,-0.7,0.8283694827792728,1.0845257027844015
noun,reported,4,sadness,sadness,-1.0,0.0,0.25,-0.896,-0.424,-0.672,-0.10399999999999998,0.424,0.922,0.43656843678855206,1.0201352851460437
noun,reported,4,surprise,surprise,-0.25,0.0,-0.25,0.75,0.75,0.124,-1.0,-0.75,-0.374,1.25,1.3047513173015002
noun,reported,5,amusement,amusement,0.75,-0.25,0.0,0.858,0.674,0.606,-0.10799999999999998,-0.924,-0.606,0.9302902772790868,1.1102594291425767
noun,reported,5,anger,anger,-0.5,0.0,0.0,-0.666,0.73,0.314,0.16600000000000004,-0.73,-0.314,0.7486360931721099,0.8118201771328426
noun,reported,5,calmness,calmness,0.5,-0.5,-0.25,0.868,-0.895,-0.199,-0.368,0.395,-0.05099999999999999,0.5398601670803284,0.5422637734534735
noun,reported,5,disgust,disgust,0.0,0.0,0.25,-0.896,0.55,-0.366,0.896,-0.55,0.616,1.0513400972092715,1.218512207571184
noun,reported,5,excitement,excitement,-0.5,0.25,-0.25,0.792,0.368,0.462,-1.292,-0.118,-0.712,1.297377354511786,1.479909456689834
noun,reported,5,fear,fear,-0.5,0.25,0.25,-0.854,0.68,-0.414,0.354,-0.43000000000000005,0.6639999999999999,0.556970376231986,0.8666671794870278
noun,reported,5,happiness,happiness,0.5,0.25,0.25,0.92,0.464,0.7,-0.42000000000000004,-0.21400000000000002,-0.44999999999999996,0.47137670710377705,0.6516870414547155
noun,reported,5,sadness,sadness,-1.0,0.0,0.0,-0.896,-0.424,-0.672,-0.10399999999999998,0.424,0.672,0.43656843678855206,0.8013588459610339
noun,reported,5,surprise,surprise,-0.5,0.5,0.25,0.75,0.75,0.124,-1.25,-0.25,0.126,1.2747548783981961,1.2809668223650448
noun,reported,6,amusement,amusement,0.5,0.25,0.25,0.858,0.674,0.606,-0.358,-0.42400000000000004,-0.356,0.5549234181398367,0.6592996283936463
noun,reported,6,anger,anger,-0.75,0.5,0.25,-0.666,0.73,0.314,-0.08399999999999996,-0.22999999999999998,-0.064,0.24485914318236104,0.25308496596992874
noun,reported,6,calmness,calmness,0.25,-0.25,0.0,0.868,-0.895,-0.199,-0.618,0.645,0.199,0.8932799113379859,0.9151775783966738
noun,reported,6,disgust,disgust,-0.5,0.75,0.75,-0.896,0.55,-0.366,0.396,0.19999999999999996,1.116,0.44363949328255253,1.2009462935535462
noun,reported,6,excitement,excitement,0.5,0.5,0.25,0.792,0.368,0.462,-0.29200000000000004,0.132,-0.21200000000000002,0.32044968403791574,0.38422909832546526
noun,reported,6,fear,fear,-0.25,0.5,0.5,-0.854,0.68,-0.414,0.604,-0.18000000000000005,0.9139999999999999,0.6302507437520404,1.1102306066759282
noun,reported,6,happiness,happiness,0.75,0.5,0.5,0.92,0.464,0.7,-0.17000000000000004,0.035999999999999976,-0.19999999999999996,0.1737699628819665,0.2649452773687427
noun,reported,6,sadness,sadness,-0.75,0.5,0.75,-0.896,-0.424,-0.672,0.14600000000000002,0.9239999999999999,1.4220000000000002,0.935463521469437,1.7021092796879995
noun,reported,6,surprise,surprise,0.25,0.75,0.25,0.75,0.75,0.124,-0.5,0.0,0.126,0.5,0.5156316514722501
noun,reported,7,amusement,amusement,0.5,-0.25,-0.25,0.858,0.674,0.606,-0.358,-0.924,-0.856,0.9909288571840059,1.3094563757529305
noun,reported,7,anger,anger,-0.75,0.25,0.25,-0.666,0.73,0.314,-0.08399999999999996,-0.48,-0.064,0.4872945721019269,0.49147939936481566
noun,reported,7,calmness,calmness,0.0,-0.25,-0.5,0.868,-0.895,-0.199,-0.868,0.645,-0.301,1.081410652804937,1.122519487581396
noun,reported,7,disgust,disgust,-0.75,0.5,0.75,-0.896,0.55,-0.366,0.14600000000000002,-0.050000000000000044,1.116,0.15432433379088345,1.1266197228878965
noun,reported,7,excitement,excitement,0.25,0.25,-0.25,0.792,0.368,0.462,-0.542,-0.118,-0.712,0.5546963133102654,0.9025696649012751
noun,reported,7,fear,fear,-0.5,0.25,0.5,-0.854,0.68,-0.414,0.354,-0.43000000000000005,0.9139999999999999,0.556970376231986,1.0703326585692878
noun,reported,7,happiness,happiness,0.75,0.5,0.0,0.92,0.464,0.7,-0.17000000000000004,0.035999999999999976,-0.7,0.1737699628819665,0.7212461438371786
noun,reported,7,sadness,sadness,-1.0,0.75,0.75,-0.896,-0.424,-0.672,-0.10399999999999998,1.174,1.4220000000000002,1.1785974715737344,1.846936923665776
noun,reported,7,surprise,surprise,-0.5,0.0,-0.25,0.75,0.75,0.124,-1.25,-0.75,-0.374,1.4577379737113252,1.5049504975247525
noun,reported,8,amusement,amusement,0.25,-0.25,-0.25,0.858,0.674,0.606,-0.608,-0.924,-0.856,1.106092220386709,1.398633618929561
noun,reported,8,anger,anger,-0.25,-0.5,-0.25,-0.666,0.73,0.314,0.41600000000000004,-1.23,-0.5640000000000001,1.298443683799956,1.4156454358348352
noun,reported,8,calmness,calmness,0.0,-0.5,0.0,0.868,-0.895,-0.199,-0.868,0.395,0.199,0.9536503552141109,0.974191972867771
noun,reported,8,disgust,disgust,0.75,0.25,0.25,-0.896,0.55,-0.366,1.646,-0.30000000000000004,0.616,1.6731156564924015,1.7829111026632818
noun,reported,8,excitement,excitement,0.25,-0.25,-0.25,0.792,0.368,0.462,-0.542,-0.618,-0.712,0.8220024330864234,1.0874888505175582
noun,reported,8,fear,fear,0.0,0.25,0.25,-0.854,0.68,-0.414,0.854,-0.43000000000000005,0.6639999999999999,0.9561464322999903,1.1640927798075202
noun,reported,8,happiness,happiness,0.5,0.0,0.25,0.92,0.464,0.7,-0.42000000000000004,-0.464,-0.44999999999999996,0.6258562135187283,0.7708410990599813
noun,reported,8,sadness,sadness,-0.75,0.0,0.25,-0.896,-0.424,-0.672,0.14600000000000002,0.424,0.922,0.4484328266307006,1.0252687452565792
noun,reported,8,surprise,surprise,0.0,0.5,0.0,0.75,0.75,0.124,-0.75,-0.25,-0.124,0.7905694150420949,0.8002349654945102
noun,reported,9,amusement,amusement,0.75,0.5,0.25,0.858,0.674,0.606,-0.10799999999999998,-0.17400000000000004,-0.356,0.20479257799051218,0.41070183832069707
noun,reported,9,anger,anger,0.0,0.0,0.0,-0.666,0.73,0.314,0.666,-0.73,-0.314,0.9881578821220828,1.0368471439898939
noun,reported,9,calmness,calmness,0.25,-0.25,-0.25,0.868,-0.895,-0.199,-0.618,0.645,-0.05099999999999999,0.8932799113379859,0.8947345975204044
noun,reported,9,disgust,disgust,-0.75,0.5,0.75,-0.896,0.55,-0.366,0.14600000000000002,-0.050000000000000044,1.116,0.15432433379088345,1.1266197228878965
noun,reported,9,excitement,excitement,0.5,0.5,0.5,0.792,0.368,0.462,-0.29200000000000004,0.132,0.03799999999999998,0.32044968403791574,0.3226949023458537
noun,reported,9,fear,fear,-0.25,0.5,0.5,-0.854,0.68,-0.414,0.604,-0.18000000000000005,0.9139999999999999,0.6302507437520404,1.1102306066759282
noun,reported,9,happiness,happiness,0.75,0.5,0.5,0.92,0.464,0.7,-0.17000000000000004,0.035999999999999976,-0.19999999999999996,0.1737699628819665,0.2649452773687427
noun,reported,9,sadness,sadness,-0.75,0.75,0.75,-0.896,-0.424,-0.672,0.14600000000000002,1.174,1.4220000000000002,1.183043532588721,1.8497772838912259
noun,reported,9,surprise,surprise,0.25,0.5,0.25,0.75,0.75,0.124,-0.5,-0.25,0.126,0.5590169943749475,0.5730410107487945
noun,reported,10,amusement,amusement,0.75,-0.25,0.0,0.858,0.674,0.606,-0.10799999999999998,-0.924,-0.606,0.9302902772790868,1.1102594291425767
noun,reported,10,anger,anger,-0.75,-0.25,0.25,-0.666,0.73,0.314,-0.08399999999999996,-0.98,-0.064,0.9835934119340165,0.9856733738921833
noun,reported,10,calmness,calmness,0.75,-1.0,-0.75,0.868,-0.895,-0.199,-0.118,-0.10499999999999998,-0.5509999999999999,0.15795252451290545,0.5731928122368597
noun,reported,10,disgust,disgust,0.5,0.0,0.0,-0.896,0.55,-0.366,1.396,-0.55,0.366,1.500438602542603,1.5444325818888953
noun,reported,10,excitement,excitement,0.75,1.0,0.75,0.792,0.368,0.462,-0.04200000000000004,0.632,0.288,0.633394032179022,0.6957959470994352
noun,reported,10,fear,fear,0.25,0.25,0.25,-0.854,0.68,-0.414,1.104,-0.43000000000000005,0.6639999999999999,1.1847852126018454,1.3581649384371546
noun,reported,10,happiness,happiness,1.0,0.5,0.5,0.92,0.464,0.7,0.07999999999999996,0.035999999999999976,-0.19999999999999996,0.08772684879784519,0.2183941391154991
noun,reported,10,sadness,sadness,-1.0,-0.5,0.0,-0.896,-0.424,-0.672,-0.10399999999999998,-0.07600000000000001,0.672,0.12880993750483694,0.6842338781440159
noun,reported,10,surprise,surprise,0.25,0.25,0.25,0.75,0.75,0.124,-0.5,-0.5,0.126,0.7071067811865476,0.7182450835195463
noun,reported,11,amusement,amusement,0.75,0.0,0.25,0.858,0.674,0.606,-0.10799999999999998,-0.674,-0.356,0.6825979783152013,0.769854531713622
noun,reported,11,anger,anger,-0.75,0.0,0.0,-0.666,0.73,0.314,-0.08399999999999996,-0.73,-0.314,0.7348169840171088,0.7990944875294785
noun,reported,11,calmness,calmness,0.25,-0.25,-0.5,0.868,-0.895,-0.199,-0.618,0.645,-0.301,0.8932799113379859,0.9426293014753997
noun,reported,11,disgust,disgust,-1.0,0.5,1.0,-0.896,0.55,-0.366,-0.10399999999999998,-0.050000000000000044,1.366,0.11539497389401325,1.3708654200905355
noun,reported,11,excitement,excitement,0.5,0.0,0.75,0.792,0.368,0.462,-0.29200000000000004,-0.368,0.288,0.4697744139478011,0.5510281299534535
noun,reported,11,fear,fear,-0.25,0.5,0.5,-0.854,0.68,-0.414,0.604,-0.18000000000000005,0.9139999999999999,0.6302507437520404,1.1102306066759282
noun,reported,11,happiness,happiness,1.0,0.0,0.5,0.92,0.464,0.7,0.07999999999999996,-0.464,-0.19999999999999996,0.47084604702598915,0.5115623129199414
noun,reported,11,sadness,sadness,-1.0,-0.25,0.25,-0.896,-0.424,-0.672,-0.10399999999999998,0.174,0.922,0.20271161782196892,0.944021186202937
noun,reported,11,surprise,surprise,-0.25,0.25,0.0,0.75,0.75,0.124,-1.0,-0.5,-0.124,1.118033988749895,1.1248893278896372
noun,reported,12,amusement,amusement,0.75,-0.25,0.0,0.858,0.674,0.606,-0.10799999999999998,-0.924,-0.606,0.9302902772790868,1.1102594291425767
noun,reported,12,anger,anger,-0.25,0.0,0.0,-0.666,0.73,0.314,0.41600000000000004,-0.73,-0.314,0.8402118780402953,0.8969682268620222
noun,reported,12,calmness,calmness,0.75,-0.25,0.0,0.868,-0.895,-0.199,-0.118,0.645,0.199,0.6557049641416481,0.6852371852139958
noun,reported,12,disgust,disgust,0.0,0.5,0.0,-0.896,0.55,-0.366,0.896,-0.050000000000000044,0.366,0.897394004883028,0.9691604614304073
noun,reported,12,excitement,excitement,0.75,0.0,0.25,0.792,0.368,0.462,-0.04200000000000004,-0.368,-0.21200000000000002,0.3703889847174184,0.4267692584992504
noun,reported,12,fear,fear,-0.25,0.5,0.25,-0.854,0.68,-0.414,0.604,-0.18000000000000005,0.6639999999999999,0.6302507437520404,0.9154845711425179
noun,reported,12,happiness,happiness,1.0,0.5,0.5,0.92,0.464,0.7,0.07999999999999996,0.035999999999999976,-0.19999999999999996,0.08772684879784519,0.2183941391154991
noun,reported,12,sadness,sadness,-1.0,0.25,0.5,-0.896,-0.424,-0.672,-0.10399999999999998,0.6739999999999999,1.1720000000000002,0.6819765391859165,1.35597787592571
noun,reported,12,surprise,surprise,0.0,-0.25,-0.25,0.75,0.75,0.124,-0.75,-1.0,-0.374,1.25,1.3047513173015002
noun,reported,13,amusement,amusement,0.75,0.25,0.25,0.858,0.674,0.606,-0.10799999999999998,-0.42400000000000004,-0.356,0.4375385697284298,0.5640709175272202
noun,reported,13,anger,anger,-0.5,0.0,0.25,-0.666,0.73,0.314,0.16600000000000004,-0.73,-0.064,0.7486360931721099,0.7513667546544762
noun,reported,13,calmness,calmness,0.25,-0.25,-0.5,0.868,-0.895,-0.199,-0.618,0.645,-0.301,0.8932799113379859,0.9426293014753997
noun,reported,13,disgust,disgust,-0.5,0.75,0.5,-0.896,0.55,-0.366,0.396,0.19999999999999996,0.866,0.44363949328255253,0.9730220963575288
noun,reported,13,excitement,excitement,0.5,0.25,0.25,0.792,0.368,0.462,-0.29200000000000004,-0.118,-0.21200000000000002,0.31494126436527814,0.3796472046518979
noun,reported,13,fear,fear,0.25,0.25,0.75,-0.854,0.68,-0.414,1.104,-0.43000000000000005,1.164,1.1847852126018454,1.660906981140124
noun,reported,13,happiness,happiness,0.5,0.25,0.25,0.92,0.464,0.7,-0.42000000000000004,-0.21400000000000002,-0.44999999999999996,0.47137670710377705,0.6516870414547155
noun,reported,13,sadness,sadness,-0.5,0.0,0.25,-0.896,-0.424,-0.672,0.396,0.424,0.922,0.5801654936309122,1.0893465931465522
noun,reported,13,surprise,surprise,0.5,0.5,0.5,0.75,0.75,0.124,-0.25,-0.25,0.376,0.3535533905932738,0.5161162659711472
noun,reported,14,amusement,amusement,0.5,0.0,0.0,0.858,0.674,0.606,-0.358,-0.674,-0.606,0.7631775678045052,0.9745132118139805
noun,reported,14,anger,anger,-1.0,0.0,0.0,-0.666,0.73,0.314,-0.33399999999999996,-0.73,-0.314,0.8027801691621436,0.8620046403587396
noun,reported,14,calmness,calmness,0.25,-0.5,0.0,0.868,-0.895,-0.199,-0.618,0.395,0.199,0.7334500664666955,0.7599671045512431
noun,reported,14,disgust,disgust,0.5,0.5,0.5,-0.896,0.55,-0.366,1.396,-0.050000000000000044,0.866,1.3968951284903244,1.6435546842134579
noun,reported,14,excitement,excitement,0.5,0.0,0.0,0.792,0.368,0.462,-0.29200000000000004,-0.368,-0.462,0.4697744139478011,0.6588869402257113
noun,reported,14,fear,fear,-0.25,-0.5,-0.25,-0.854,0.68,-0.414,0.604,-1.1800000000000002,0.16399999999999998,1.325600241400099,1.335706554599475
noun,reported,14,happiness,happiness,0.75,0.25,0.25,0.92,0.464,0.7,-0.17000000000000004,-0.21400000000000002,-0.44999999999999996,0.2733056896590337,0.5264940645439414
noun,reported,14,sadness,sadness,-0.75,-0.25,-0.25,-0.896,-0.424,-0.672,0.14600000000000002,0.174,0.42200000000000004,0.22713872413131142,0.4792452399346289
noun,reported,14,surprise,surprise,0.25,0.0,-0.25,0.75,0.75,0.124,-0.5,-0.75,-0.374,0.9013878188659973,0.975897535605045
noun,reported,15,amusement,amusement,0.75,0.25,0.75,0.858,0.674,0.606,-0.10799999999999998,-0.42400000000000004,0.14400000000000002,0.4375385697284298,0.4606256614649254
noun,reported,15,anger,anger,-0.25,0.25,0.75,-0.666,0.73,0.314,0.41600000000000004,-0.48,0.436,0.6351818637209347,0.7704232602926784
noun,reported,15,calmness,calmness,0.0,-0.75,0.25,0.868,-0.895,-0.199,-0.868,0.14500000000000002,0.449,0.8800278404686979,0.9879524280045067
noun,reported,15,disgust,disgust,-0.5,0.5,0.75,-0.896,0.55,-0.366,0.396,-0.050000000000000044,1.116,0.3991440842603082,1.1852307792155925
noun,reported,15,excitement,excitement,0.0,0.75,0.5,0.792,0.368,0.462,-0.792,0.382,0.03799999999999998,0.8793110939821014,0.8801318083105507
noun,reported,15,fear,fear,-1.0,0.5,0.5,-0.854,0.68,-0.414,-0.14600000000000002,-0.18000000000000005,0.9139999999999999,0.23176712450216064,0.9429273566929744
noun,reported,15,happiness,happiness,0.5,0.0,0.5,0.92,0.464,0.7,-0.42000000000000004,-0.464,-0.19999999999999996,0.6258562135187283,0.6570357676717455
noun,reported,15,sadness,sadness,-1.0,-0.5,0.25,-0.896,-0.424,-0.672,-0.10399999999999998,-0.07600000000000001,0.922,0.12880993750483694,0.9309543490418851
noun,reported,15,surprise,surprise,-0.5,0.25,0.5,0.75,0.75,0.124,-1.25,-0.5,0.376,1.346291201783626,1.3978111460422684
noun,reported,16,amusement,amusement,0.75,0.0,0.25,0.858,0.674,0.606,-0.10799999999999998,-0.674,-0.356,0.6825979783152013,0.769854531713622
noun,reported,16,anger,anger,-0.5,0.0,0.0,-0.666,0.73,0.314,0.16600000000000004,-0.73,-0.314,0.7486360931721099,0.8118201771328426
noun,reported,16,calmness,calmness,0.0,-0.25,-0.25,0.868,-0.895,-0.199,-0.868,0.645,-0.05099999999999999,1.081410652804937,1.0826125807508427
noun,reported,16,disgust,disgust,-0.75,0.0,0.25,-0.896,0.55,-0.366,0.14600000000000002,-0.55,0.616,0.5690483283518194,0.8386131408462427
noun,reported,16,excitement,excitement,0.0,0.25,0.25,0.792,0.368,0.462,-0.792,-0.118,-0.21200000000000002,0.800742155753024,0.8283308517736135
noun,reported,16,fear,fear,-0.5,0.25,0.25,-0.854,0.68,-0.414,0.354,-0.43000000000000005,0.6639999999999999,0.556970376231986,0.8666671794870278
noun,reported,16,happiness,happiness,1.0,0.5,0.75,0.92,0.464,0.7,0.07999999999999996,0.035999999999999976,0.050000000000000044,0.08772684879784519,0.10097524449091469
noun,reported,16,sadness,sadness,-1.0,-0.25,0.25,-0.896,-0.424,-0.672,-0.10399999999999998,0.174,0.922,0.20271161782196892,0.944021186202937
noun,reported,16,surprise,surprise,-0.75,-0.25,-0.5,0.75,0.75,0.124,-1.5,-1.0,-0.624,1.8027756377319946,1.907714863390229
noun,reported,17,amusement,amusement,0.75,-0.5,-0.25,0.858,0.674,0.606,-0.10799999999999998,-1.174,-0.856,1.1789571663126697,1.4569406302248558
noun,reported,17,anger,anger,-0.75,0.0,0.25,-0.666,0.73,0.314,-0.08399999999999996,-0.73,-0.064,0.7348169840171088,0.7375988069404668
noun,reported,17,calmness,calmness,0.25,-1.0,-0.25,0.868,-0.895,-0.199,-0.618,-0.10499999999999998,-0.05099999999999999,0.6268564428958197,0.6289276587970989
noun,reported,17,disgust,disgust,-0.75,0.25,0.75,-0.896,0.55,-0.366,0.14600000000000002,-0.30000000000000004,1.116,0.33364052511647924,1.1648055631735283
noun,reported,17,excitement,excitement,-0.5,0.5,0.25,0.792,0.368,0.462,-1.292,0.132,-0.21200000000000002,1.2987255291246107,1.315914890864907
noun,reported,17,fear,fear,-0.25,0.5,0.25,-0.854,0.68,-0.414,0.604,-0.18000000000000005,0.6639999999999999,0.6302507437520404,0.9154845711425179
noun,reported,17,happiness,happiness,0.75,0.0,0.0,0.92,0.464,0.7,-0.17000000000000004,-0.464,-0.7,0.4941619167843674,0.8568523793513092
noun,reported,17,sadness,sadness,-0.75,-0.25,0.75,-0.896,-0.424,-0.672,0.14600000000000002,0.174,1.4220000000000002,0.22713872413131142,1.440026388647097
noun,reported,17,surprise,surprise,0.25,-0.5,-0.25,0.75,0.75,0.124,-0.5,-1.25,-0.374,1.346291201783626,1.3972744898551608
noun,reported,18,amusement,amusement,0.5,0.25,0.25,0.858,0.674,0.606,-0.358,-0.42400000000000004,-0.356,0.5549234181398367,0.6592996283936463
noun,reported,18,anger,anger,-0.75,0.5,0.75,-0.666,0.73,0.314,-0.08399999999999996,-0.22999999999999998,0.436,0.24485914318236104,0.5000519972962811
noun,reported,18,calmness,calmness,0.25,-0.5,-0.5,0.868,-0.895,-0.199,-0.618,0.395,-0.301,0.7334500664666955,0.7928114529949728
noun,reported,18,disgust,disgust,-1.0,0.0,0.75,-0.896,0.55,-0.366,-0.10399999999999998,-0.55,1.116,0.559746371136071,1.2485079094663358
noun,reported,18,excitement,excitement,0.0,0.5,0.25,0.792,0.368,0.462,-0.792,0.132,-0.21200000000000002,0.802924653999365,0.8304408467795885
noun,reported,18,fear,fear,-0.75,0.25,0.5,-0.854,0.68,-0.414,0.10399999999999998,-0.43000000000000005,0.9139999999999999,0.44239801084543773,1.0154368518032029
noun,reported,18,happiness,happiness,0.75,0.5,0.5,0.92,0.464,0.7,-0.17000000000000004,0.035999999999999976,-0.19999999999999996,0.1737699628819665,0.2649452773687427
noun,reported,18,sadness,sadness,-0.5,0.25,0.25,-0.896,-0.424,-0.672,0.396,0.6739999999999999,0.922,0.7817237363672668,1.2087911316683293
noun,reported,18,surprise,surprise,-0.25,0.0,0.0,0.75,0.75,0.124,-1.0,-0.75,-0.124,1.25,1.2561353430263795
noun,reported,19,amusement,amusement,0.75,0.75,0.5,0.858,0.674,0.606,-0.10799999999999998,0.07599999999999996,-0.10599999999999998,0.13206059215375338,0.16933989488599543
noun,reported,19,anger,anger,-0.75,0.75,0.5,-0.666,0.73,0.314,-0.08399999999999996,0.020000000000000018,0.186,0.08634813257969158,0.20506584308460538
noun,reported,19,calmness,calmness,0.25,0.0,-0.25,0.868,-0.895,-0.199,-0.618,0.895,-0.05099999999999999,1.087634589372736,1.0888296469145209
noun,reported,19,disgust,disgust,-0.25,0.0,-0.25,-0.896,0.55,-0.366,0.646,-0.55,0.11599999999999999,0.8484197074561622,0.8563130268774382
noun,reported,19,excitement,excitement,0.5,0.5,0.75,0.792,0.368,0.462,-0.29200000000000004,0.132,0.288,0.32044968403791574,0.43085032203771184
noun,reported,19,fear,fear,0.25,0.5,0.5,-0.854,0.68,-0.414,1.104,-0.18000000000000005,0.9139999999999999,1.1185776682912993,1.444510989920118
noun,reported,19,happiness,happiness,0.75,0.75,0.5,0.92,0.464,0.7,-0.17000000000000004,0.286,-0.19999999999999996,0.33271008400708263,0.38819582687092347
noun,reported,19,sadness,sadness,-0.25,0.25,0.25,-0.896,-0.424,-0.672,0.646,0.6739999999999999,0.922,0.9335909168367053,1.3121265182900619
noun,reported,19,surprise,surprise,0.0,0.5,0.5,0.75,0.75,0.124,-0.75,-0.25,0.376,0.7905694150420949,0.8754290376723861
noun,reported,20,amusement,amusement,0.0,0.5,0.25,0.858,0.674,0.606,-0.858,-0.17400000000000004,-0.356,0.875465590414609,0.9450798908028886
noun,reported,20,anger,anger,-0.25,-0.25,0.0,-0.666,0.73,0.314,0.41600000000000004,-0.98,-0.314,1.0646389059206882,1.1099783781677912
noun,reported,20,calmness,calmness,0.5,0.0,0.0,0.868,-0.895,-0.199,-0.368,0.895,0.199,0.9677029502900154,0.9879524280045067
noun,reported,20,disgust,disgust,-1.0,-0.25,0.25,-0.896,0.55,-0.366,-0.10399999999999998,-0.8,0.616,0.8067316778210709,1.0150231524453026
noun,reported,20,excitement,excitement,0.0,0.5,0.25,0.792,0.368,0.462,-0.792,0.132,-0.21200000000000002,0.802924653999365,0.8304408467795885
noun,reported,20,fear,fear,-0.5,0.0,-0.25,-0.854,0.68,-0.414,0.354,-0.68,0.16399999999999998,0.7666263757528827,0.7839719382733034
noun,reported,20,happiness,happiness,1.0,0.25,1.0,0.92,0.464,0.7,0.07999999999999996,-0.21400000000000002,0.30000000000000004,0.22846443924602358,0.37708884894677014
noun,reported,20,sadness,sadness,0.0,-0.25,0.75,-0.896,-0.424,-0.672,0.896,0.174,1.4220000000000002,0.9127387358932456,1.6897266051050983
noun,reported,20,surprise,surprise,-0.25,0.0,0.0,0.75,0.75,0.124,-1.0,-0.75,-0.124,1.25,1.2561353430263795
noun,reported,21,amusement,amusement,0.5,0.25,0.25,0.858,0.674,0.606,-0.358,-0.42400000000000004,-0.356,0.5549234181398367,0.6592996283936463
noun,reported,21,anger,anger,-1.0,0.0,0.25,-0.666,0.73,0.314,-0.33399999999999996,-0.73,-0.064,0.8027801691621436,0.8053272626702761
noun,reported,21,calmness,calmness,0.5,-0.5,0.0,0.868,-0.895,-0.199,-0.368,0.395,0.199,0.5398601670803284,0.5753694465297927
noun,reported,21,disgust,disgust,0.0,1.0,0.5,-0.896,0.55,-0.366,0.896,0.44999999999999996,0.866,1.0026544768762569,1.3248667857562133
noun,reported,21,excitement,excitement,0.0,0.25,0.75,0.792,0.368,0.462,-0.792,-0.118,0.288,0.800742155753024,0.850959458493764
noun,reported,21,fear,fear,-0.75,0.75,0.75,-0.854,0.68,-0.414,0.10399999999999998,0.06999999999999995,1.164,0.1253634715537185,1.1707313953251617
noun,reported,21,happiness,happiness,0.75,0.25,0.5,0.92,0.464,0.7,-0.17000000000000004,-0.21400000000000002,-0.19999999999999996,0.2733056896590337,0.33866797900008205
noun,reported,21,sadness,sadness,-1.0,0.75,0.75,-0.896,-0.424,-0.672,-0.10399999999999998,1.174,1.4220000000000002,1.1785974715737344,1.846936923665776
noun,reported,21,surprise,surprise,-0.25,0.25,1.0,0.75,0.75,0.124,-1.0,-0.5,0.876,1.118033988749895,1.420343620396135
noun,reported,22,amusement,amusement,0.5,0.25,0.0,0.858,0.674,0.606,-0.358,-0.42400000000000004,-0.606,0.5549234181398367,0.8216909394656849
noun,reported,22,anger,anger,-0.5,-0.25,0.5,-0.666,0.73,0.314,0.16600000000000004,-0.98,0.186,0.9939597577367003,1.011213132826112
noun,reported,22,calmness,calmness,0.0,-0.75,-0.75,0.868,-0.895,-0.199,-0.868,0.14500000000000002,-0.5509999999999999,0.8800278404686979,1.0382918664807117
noun,reported,22,disgust,disgust,0.25,-0.25,0.0,-0.896,0.55,-0.366,1.146,-0.8,0.366,1.397610818504207,1.4447394228718202
noun,reported,22,excitement,excitement,0.5,0.25,0.5,0.792,0.368,0.462,-0.29200000000000004,-0.118,0.03799999999999998,0.31494126436527814,0.3172254718650443
noun,reported,22,fear,fear,-0.5,0.25,0.25,-0.854,0.68,-0.414,0.354,-0.43000000000000005,0.6639999999999999,0.556970376231986,0.8666671794870278
noun,reported,22,happiness,happiness,0.5,-0.5,0.25,0.92,0.464,0.7,-0.42000000000000004,-0.964,-0.44999999999999996,1.0515208034080923,1.1437639616634194
noun,reported,22,sadness,sadness,-0.75,0.25,0.25,-0.896,-0.424,-0.672,0.14600000000000002,0.6739999999999999,0.922,0.6896317858103699,1.1513800415153983
noun,reported,22,surprise,surprise,0.25,0.25,0.25,0.75,0.75,0.124,-0.5,-0.5,0.126,0.7071067811865476,0.7182450835195463
noun,reported,23,amusement,amusement,0.75,-0.25,0.0,0.858,0.674,0.606,-0.10799999999999998,-0.924,-0.606,0.9302902772790868,1.1102594291425767
noun,reported,23,anger,anger,-0.75,0.25,0.25,-0.666,0.73,0.314,-0.08399999999999996,-0.48,-0.064,0.4872945721019269,0.49147939936481566
noun,reported,23,calmness,calmness,0.5,-1.0,-1.0,0.868,-0.895,-0.199,-0.368,-0.10499999999999998,-0.8009999999999999,0.3826865558129786,0.8877218032694701
noun,reported,23,disgust,disgust,0.25,0.75,1.0,-0.896,0.55,-0.366,1.146,0.19999999999999996,1.366,1.1633211078631729,1.794232983756569
noun,reported,23,excitement,excitement,0.25,0.25,0.0,0.792,0.368,0.462,-0.542,-0.118,-0.462,0.5546963133102654,0.721894729167626
noun,reported,23,fear,fear,-0.75,0.0,0.0,-0.854,0.68,-0.414,0.10399999999999998,-0.68,0.414,0.6879069704545813,0.8028773256232861
noun,reported,23,happiness,happiness,0.5,-0.25,-0.5,0.92,0.464,0.7,-0.42000000000000004,-0.714,-1.2,0.8283694827792728,1.458148140622207
noun,reported,23,sadness,sadness,-0.5,-0.5,0.0,-0.896,-0.424,-0.672,0.396,-0.07600000000000001,0.672,0.40322698322408934,0.7836938177630344
noun,reported,23,surprise,surprise,-0.25,0.0,-0.5,0.75,0.75,0.124,-1.0,-0.75,-0.624,1.25,1.397095558650159
noun,reversed,1,amusement,amusement,0.75,0.25,-0.5,0.858,0.674,0.606,-0.10799999999999998,-0.42400000000000004,-1.1059999999999999,0.4375385697284298,1.1894015301823013
noun,reversed,1,anger,anger,-0.5,-0.75,0.0,-0.666,0.73,0.314,0.16600000000000004,-1.48,-0.314,1.4892803631284475,1.5220223388636582
noun,reversed,1,calmness,calmness,0.5,-0.25,0.25,0.868,-0.895,-0.199,-0.368,0.645,0.449,0.7425961217243193,0.8677845354694909
noun,reversed,1,disgust,disgust,0.0,-0.25,-0.75,-0.896,0.55,-0.366,0.896,-0.8,-0.384,1.2011727602639015,1.2610598716952341
noun,reversed,1,excitement,excitement,0.25,0.0,0.0,0.792,0.368,0.462,-0.542,-0.368,-0.462,0.6551244156646888,0.801643312203127
noun,reversed,1,fear,fear,0.0,0.5,-0.25,-0.854,0.68,-0.414,0.854,-0.18000000000000005,0.16399999999999998,0.872763427281414,0.8880382874628774
noun,reversed,1,happiness,happiness,0.75,0.25,0.0,0.92,0.464,0.7,-0.17000000000000004,-0.21400000000000002,-0.7,0.2733056896590337,0.7514625739183556
noun,reversed,1,sadness,sadness,-1.0,-0.5,-0.5,-0.896,-0.424,-0.672,-0.10399999999999998,-0.07600000000000001,0.17200000000000004,0.12880993750483694,0.2148860162970127
noun,reversed,1,surprise,surprise,0.0,0.5,0.0,0.75,0.75,0.124,-0.75,-0.25,-0.124,0.7905694150420949,0.8002349654945102
noun,reversed,2,amusement,amusement,0.75,0.5,0.0,0.858,0.674,0.606,-0.10799999999999998,-0.17400000000000004,-0.606,0.20479257799051218,0.6396686642317255
noun,reversed,2,anger,anger,-0.5,0.5,-0.25,-0.666,0.73,0.314,0.16600000000000004,-0.22999999999999998,-0.5640000000000001,0.2836476687723698,0.6313097496475086
noun,reversed,2,calmness,calmness,0.25,-0.5,0.5,0.868,-0.895,-0.199,-0.618,0.395,0.6990000000000001,0.7334500664666955,1.013188037829109
noun,reversed,2,disgust,disgust,-0.75,0.25,-0.25,-0.896,0.55,-0.366,0.14600000000000002,-0.30000000000000004,0.11599999999999999,0.33364052511647924,0.35323080273384994
noun,reversed,2,excitement,excitement,-0.5,0.25,-0.25,0.792,0.368,0.462,-1.292,-0.118,-0.712,1.297377354511786,1.479909456689834
noun,reversed,2,fear,fear,-1.0,1.0,-0.75,-0.854,0.68,-0.414,-0.14600000000000002,0.31999999999999995,-0.336,0.35173285317126685,0.48642779525845353
noun,reversed,2,happiness,happiness,0.75,0.0,0.0,0.92,0.464,0.7,-0.17000000000000004,-0.464,-0.7,0.4941619167843674,0.8568523793513092
noun,reversed,2,sadness,sadness,-0.75,0.0,-0.5,-0.896,-0.424,-0.672,0.14600000000000002,0.424,0.17200000000000004,0.4484328266307006,0.48028741395127145
noun,reversed,2,surprise,surprise,-0.25,0.75,-0.25,0.75,0.75,0.124,-1.0,0.0,-0.374,1.0,1.0676497553036763
noun,reversed,3,amusement,amusement,1.0,0.5,-0.25,0.858,0.674,0.606,0.14200000000000002,-0.17400000000000004,-0.856,0.22458851261807675,0.8849723159511828
noun,reversed,3,anger,anger,-0.5,0.0,0.0,-0.666,0.73,0.314,0.16600000000000004,-0.73,-0.314,0.7486360931721099,0.8118201771328426
noun,reversed,3,calmness,calmness,0.25,-0.25,0.5,0.868,-0.895,-0.199,-0.618,0.645,0.6990000000000001,0.8932799113379859,1.1342618745245738
noun,reversed,3,disgust,disgust,0.0,-0.25,0.25,-0.896,0.55,-0.366,0.896,-0.8,0.616,1.2011727602639015,1.3499155529143296
noun,reversed,3,excitement,excitement,0.25,0.0,0.5,0.792,0.368,0.462,-0.542,-0.368,0.03799999999999998,0.6551244156646888,0.656225570973884
noun,reversed,3,fear,fear,0.0,0.25,-0.5,-0.854,0.68,-0.414,0.854,-0.43000000000000005,-0.08600000000000002,0.9561464322999903,0.9600062499796551
noun,reversed,3,happiness,happiness,0.75,0.25,-0.5,0.92,0.464,0.7,-0.17000000000000004,-0.21400000000000002,-1.2,0.2733056896590337,1.2307298647550566
noun,reversed,3,sadness,sadness,-0.75,-0.5,-0.25,-0.896,-0.424,-0.672,0.14600000000000002,-0.07600000000000001,0.42200000000000004,0.1645964762684791,0.4529635746944781
noun,reversed,3,surprise,surprise,0.25,0.5,0.25,0.75,0.75,0.124,-0.5,-0.25,0.126,0.5590169943749475,0.5730410107487945
noun,reversed,4,amusement,amusement,0.5,0.0,0.25,0.858,0.674,0.606,-0.358,-0.674,-0.356,0.7631775678045052,0.842125881326539
noun,reversed,4,anger,anger,-0.75,0.0,0.0,-0.666,0.73,0.314,-0.08399999999999996,-0.73,-0.314,0.7348169840171088,0.7990944875294785
noun,reversed,4,calmness,calmness,0.0,-0.5,0.75,0.868,-0.895,-0.199,-0.868,0.395,0.9490000000000001,0.9536503552141109,1.3453809869326978
noun,reversed,4,disgust,disgust,-0.25,0.5,0.0,-0.896,0.55,-0.366,0.646,-0.050000000000000044,0.366,0.6479320952075148,0.744158585249139
noun,reversed,4,excitement,excitement,0.25,-0.5,0.75,0.792,0.368,0.462,-0.542,-0.868,0.288,1.0233220411971982,1.063076667037707
noun,reversed,4,fear,fear,-1.0,0.25,0.0,-0.854,0.68,-0.414,-0.14600000000000002,-0.43000000000000005,0.414,0.45411011880379853,0.614501423920238
noun,reversed,4,happiness,happiness,0.5,-0.25,0.0,0.92,0.464,0.7,-0.42000000000000004,-0.714,-0.7,0.8283694827792728,1.0845257027844015
noun,reversed,4,sadness,sadness,-1.0,0.0,-0.25,-0.896,-0.424,-0.672,-0.10399999999999998,0.424,0.42200000000000004,0.43656843678855206,0.6071869563816403
noun,reversed,4,surprise,surprise,-0.25,0.0,0.25,0.75,0.75,0.124,-1.0,-0.75,0.126,1.25,1.256334350401994
noun,reversed,5,amusement,amusement,0.75,-0.25,0.0,0.858,0.674,0.606,-0.10799999999999998,-0.924,-0.606,0.9302902772790868,1.1102594291425767
noun,reversed,5,anger,anger,-0.5,0.0,0.0,-0.666,0.73,0.314,0.16600000000000004,-0.73,-0.314,0.7486360931721099,0.8118201771328426
noun,reversed,5,calmness,calmness,0.5,-0.5,0.25,0.868,-0.895,-0.199,-0.368,0.395,0.449,0.5398601670803284,0.7021751918146923
noun,reversed,5,disgust,disgust,0.0,0.0,-0.25,-0.896,0.55,-0.366,0.896,-0.55,0.11599999999999999,1.0513400972092715,1.0577201898422852
noun,reversed,5,excitement,excitement,-0.5,0.25,0.25,0.792,0.368,0.462,-1.292,-0.118,-0.21200000000000002,1.297377354511786,1.3145843449547086
noun,reversed,5,fear,fear,-0.5,0.25,-0.25,-0.854,0.68,-0.414,0.354,-0.43000000000000005,0.16399999999999998,0.556970376231986,0.580613468669131
noun,reversed,5,happiness,happiness,0.5,0.25,-0.25,0.92,0.464,0.7,-0.42000000000000004,-0.21400000000000002,-0.95,0.47137670710377705,1.0605168551230102
noun,reversed,5,sadness,sadness,-1.0,0.0,0.0,-0.896,-0.424,-0.672,-0.10399999999999998,0.424,0.672,0.43656843678855206,0.8013588459610339
noun,reversed,5,surprise,surprise,-0.5,0.5,-0.25,0.75,0.75,0.124,-1.25,-0.25,-0.374,1.2747548783981961,1.32848635672332
noun,reversed,6,amusement,amusement,0.5,0.25,-0.25,0.858,0.674,0.606,-0.358,-0.42400000000000004,-0.856,0.5549234181398367,1.0201352851460437
noun,reversed,6,anger,anger,-0.75,0.5,-0.25,-0.666,0.73,0.314,-0.08399999999999996,-0.22999999999999998,-0.5640000000000001,0.24485914318236104,0.6148593335064534
noun,reversed,6,calmness,calmness,0.25,-0.25,0.0,0.868,-0.895,-0.199,-0.618,0.645,0.199,0.8932799113379859,0.9151775783966738
noun,reversed,6,disgust,disgust,-0.5,0.75,-0.75,-0.896,0.55,-0.366,0.396,0.19999999999999996,-0.384,0.44363949328255253,0.5867469642017759
noun,reversed,6,excitement,excitement,0.5,0.5,-0.25,0.792,0.368,0.462,-0.29200000000000004,0.132,-0.712,0.32044968403791574,0.7807893441895836
noun,reversed,6,fear,fear,-0.25,0.5,-0.5,-0.854,0.68,-0.414,0.604,-0.18000000000000005,-0.08600000000000002,0.6302507437520404,0.6360911884313444
noun,reversed,6,happiness,happiness,0.75,0.5,-0.5,0.92,0.464,0.7,-0.17000000000000004,0.035999999999999976,-1.2,0.1737699628819665,1.212516391641779
noun,reversed,6,sadness,sadness,-0.75,0.5,-0.75,-0.896,-0.424,-0.672,0.14600000000000002,0.9239999999999999,-0.07799999999999996,0.935463521469437,0.9387097527990214
noun,reversed,6,surprise,surprise,0.25,0.75,-0.25,0.75,0.75,0.124,-0.5,0.0,-0.374,0.5,0.624400512491782
noun,reversed,7,amusement,amusement,0.5,-0.25,0.25,0.858,0.674,0.606,-0.358,-0.924,-0.356,0.9909288571840059,1.052936845209626
noun,reversed,7,anger,anger,-0.75,0.25,-0.25,-0.666,0.73,0.314,-0.08399999999999996,-0.48,-0.5640000000000001,0.4872945721019269,0.7453536073569377
noun,reversed,7,calmness,calmness,0.0,-0.25,0.5,0.868,-0.895,-0.199,-0.868,0.645,0.6990000000000001,1.081410652804937,1.2876529035419444
noun,reversed,7,disgust,disgust,-0.75,0.5,-0.75,-0.896,0.55,-0.366,0.14600000000000002,-0.050000000000000044,-0.384,0.15432433379088345,0.4138502144496243
noun,reversed,7,excitement,excitement,0.25,0.25,0.25,0.792,0.368,0.462,-0.542,-0.118,-0.21200000000000002,0.5546963133102654,0.5938282580005771
noun,reversed,7,fear,fear,-0.5,0.25,-0.5,-0.854,0.68,-0.414,0.354,-0.43000000000000005,-0.08600000000000002,0.556970376231986,0.5635707586452655
noun,reversed,7,happiness,happiness,0.75,0.5,0.0,0.92,0.464,0.7,-0.17000000000000004,0.035999999999999976,-0.7,0.1737699628819665,0.7212461438371786
noun,reversed,7,sadness,sadness,-1.0,0.75,-0.75,-0.896,-0.424,-0.672,-0.10399999999999998,1.174,-0.07799999999999996,1.1785974715737344,1.1811756854930597
noun,reversed,7,surprise,surprise,-0.5,0.0,0.25,0.75,0.75,0.124,-1.25,-0.75,0.126,1.4577379737113252,1.4631732638344648
noun,reversed,8,amusement,amusement,0.25,-0.25,0.25,0.858,0.674,0.606,-0.608,-0.924,-0.356,1.106092220386709,1.1619707397348695
noun,reversed,8,anger,anger,-0.25,-0.5,0.25,-0.666,0.73,0.314,0.41600000000000004,-1.23,-0.064,1.298443683799956,1.3000199998461563
noun,reversed,8,calmness,calmness,0.0,-0.5,0.0,0.868,-0.895,-0.199,-0.868,0.395,0.199,0.9536503552141109,0.974191972867771
noun,reversed,8,disgust,disgust,0.75,0.25,-0.25,-0.896,0.55,-0.366,1.646,-0.30000000000000004,0.11599999999999999,1.6731156564924015,1.6771320758962307
noun,reversed,8,excitement,excitement,0.25,-0.25,0.25,0.792,0.368,0.462,-0.542,-0.618,-0.21200000000000002,0.8220024330864234,0.8489004653079182
noun,reversed,8,fear,fear,0.0,0.25,-0.25,-0.854,0.68,-0.414,0.854,-0.43000000000000005,0.16399999999999998,0.9561464322999903,0.9701092721956636
noun,reversed,8,happiness,happiness,0.5,0.0,-0.25,0.92,0.464,0.7,-0.42000000000000004,-0.464,-0.95,0.6258562135187283,1.1376273555079448
noun,reversed,8,sadness,sadness,-0.75,0.0,-0.25,-0.896,-0.424,-0.672,0.14600000000000002,0.424,0.42200000000000004,0.4484328266307006,0.6157726853312024
noun,reversed,8,surprise,surprise,0.0,0.5,0.0,0.75,0.75,0.124,-0.75,-0.25,-0.124,0.7905694150420949,0.8002349654945102
noun,reversed,9,amusement,amusement,0.75,0.5,-0.25,0.858,0.674,0.606,-0.10799999999999998,-0.17400000000000004,-0.856,0.20479257799051218,0.8801568042116131
noun,reversed,9,anger,anger,0.0,0.0,0.0,-0.666,0.73,0.314,0.666,-0.73,-0.314,0.9881578821220828,1.0368471439898939
noun,reversed,9,calmness,calmness,0.25,-0.25,0.25,0.868,-0.895,-0.199,-0.618,0.645,0.449,0.8932799113379859,0.9997749746818031
noun,reversed,9,disgust,disgust,-0.75,0.5,-0.75,-0.896,0.55,-0.366,0.14600000000000002,-0.050000000000000044,-0.384,0.15432433379088345,0.4138502144496243
noun,reversed,9,excitement,excitement,0.5,0.5,-0.5,0.792,0.368,0.462,-0.29200000000000004,0.132,-0.962,0.32044968403791574,1.013968441323496
noun,reversed,9,fear,fear,-0.25,0.5,-0.5,-0.854,0.68,-0.414,0.604,-0.18000000000000005,-0.08600000000000002,0.6302507437520404,0.6360911884313444
noun,reversed,9,happiness,happiness,0.75,0.5,-0.5,0.92,0.464,0.7,-0.17000000000000004,0.035999999999999976,-1.2,0.1737699628819665,1.212516391641779
noun,reversed,9,sadness,sadness,-0.75,0.75,-0.75,-0.896,-0.424,-0.672,0.14600000000000002,1.174,-0.07799999999999996,1.183043532588721,1.1856120782110817
noun,reversed,9,surprise,surprise,0.25,0.5,-0.25,0.75,0.75,0.124,-0.5,-0.25,-0.374,0.5590169943749475,0.6725890275643812
noun,reversed,10,amusement,amusement,0.75,-0.25,0.0,0.858,0.674,0.606,-0.10799999999999998,-0.924,-0.606,0.9302902772790868,1.1102594291425767
noun,reversed,10,anger,anger,-0.75,-0.25,-0.25,-0.666,0.73,0.314,-0.08399999999999996,-0.98,-0.5640000000000001,0.9835934119340165,1.133821855495827
noun,reversed,10,calmness,calmness,0.75,-1.0,0.75,0.868,-0.895,-0.199,-0.118,-0.10499999999999998,0.9490000000000001,0.15795252451290545,0.9620550919775853
noun,reversed,10,disgust,disgust,0.5,0.0,0.0,-0.896,0.55,-0.366,1.396,-0.55,0.366,1.500438602542603,1.5444325818888953
noun,reversed,10,excitement,excitement,0.75,1.0,-0.75,0.792,0.368,0.462,-0.04200000000000004,0.632,-1.212,0.633394032179022,1.3675276962460394
noun,reversed,10,fear,fear,0.25,0.25,-0.25,-0.854,0.68,-0.414,1.104,-0.43000000000000005,0.16399999999999998,1.1847852126018454,1.1960819369926126
noun,reversed,10,happiness,happiness,1.0,0.5,-0.5,0.92,0.464,0.7,0.07999999999999996,0.035999999999999976,-1.2,0.08772684879784519,1.2032023936146403
noun,reversed,10,sadness,sadness,-1.0,-0.5,0.0,-0.896,-0.424,-0.672,-0.10399999999999998,-0.07600000000000001,0.672,0.12880993750483694,0.6842338781440159
noun,reversed,10,surprise,surprise,0.25,0.25,-0.25,0.75,0.75,0.124,-0.5,-0.5,-0.374,0.7071067811865476,0.7999224962457301
noun,reversed,11,amusement,amusement,0.75,0.0,-0.25,0.858,0.674,0.606,-0.10799999999999998,-0.674,-0.856,0.6825979783152013,1.0948406276714433
noun,reversed,11,anger,anger,-0.75,0.0,0.0,-0.666,0.73,0.314,-0.08399999999999996,-0.73,-0.314,0.7348169840171088,0.7990944875294785
noun,reversed,11,calmness,calmness,0.25,-0.25,0.5,0.868,-0.895,-0.199,-0.618,0.645,0.6990000000000001,0.8932799113379859,1.1342618745245738
noun,reversed,11,disgust,disgust,-1.0,0.5,-1.0,-0.896,0.55,-0.366,-0.10399999999999998,-0.050000000000000044,-0.634,0.11539497389401325,0.6444160146985797
noun,reversed,11,excitement,excitement,0.5,0.0,-0.75,0.792,0.368,0.462,-0.29200000000000004,-0.368,-1.212,0.4697744139478011,1.2998584538325701
noun,reversed,11,fear,fear,-0.25,0.5,-0.5,-0.854,0.68,-0.414,0.604,-0.18000000000000005,-0.08600000000000002,0.6302507437520404,0.6360911884313444
noun,reversed,11,happiness,happiness,1.0,0.0,-0.5,0.92,0.464,0.7,0.07999999999999996,-0.464,-1.2,0.47084604702598915,1.289067880291802
noun,reversed,11,sadness,sadness,-1.0,-0.25,-0.25,-0.896,-0.424,-0.672,-0.10399999999999998,0.174,0.42200000000000004,0.20271161782196892,0.46816236499744407
noun,reversed,11,surprise,surprise,-0.25,0.25,0.0,0.75,0.75,0.124,-1.0,-0.5,-0.124,1.118033988749895,1.1248893278896372
noun,reversed,12,amusement,amusement,0.75,-0.25,0.0,0.858,0.674,0.606,-0.10799999999999998,-0.924,-0.606,0.9302902772790868,1.1102594291425767
noun,reversed,12,anger,anger,-0.25,0.0,0.0,-0.666,0.73,0.314,0.41600000000000004,-0.73,-0.314,0.8402118780402953,0.8969682268620222
noun,reversed,12,calmness,calmness,0.75,-0.25,0.0,0.868,-0.895,-0.199,-0.118,0.645,0.199,0.6557049641416481,0.6852371852139958
noun,reversed,12,disgust,disgust,0.0,0.5,0.0,-0.896,0.55,-0.366,0.896,-0.050000000000000044,0.366,0.897394004883028,0.9691604614304073
noun,reversed,12,excitement,excitement,0.75,0.0,-0.25,0.792,0.368,0.462,-0.04200000000000004,-0.368,-0.712,0.3703889847174184,0.8025783450853878
noun,reversed,12,fear,fear,-0.25,0.5,-0.25,-0.854,0.68,-0.414,0.604,-0.18000000000000005,0.16399999999999998,0.6302507437520404,0.6512388194817628
noun,reversed,12,happiness,happiness,1.0,0.5,-0.5,0.92,0.464,0.7,0.07999999999999996,0.035999999999999976,-1.2,0.08772684879784519,1.2032023936146403
noun,reversed,12,sadness,sadness,-1.0,0.25,-0.5,-0.896,-0.424,-0.672,-0.10399999999999998,0.6739999999999999,0.17200000000000004,0.6819765391859165,0.703332069509133
noun,reversed,12,surprise,surprise,0.0,-0.25,0.25,0.75,0.75,0.124,-0.75,-1.0,0.126,1.25,1.256334350401994
noun,reversed,13,amusement,amusement,0.75,0.25,-0.25,0.858,0.674,0.606,-0.10799999999999998,-0.42400000000000004,-0.856,0.4375385697284298,0.9613407304384851
noun,reversed,13,anger,anger,-0.5,0.0,-0.25,-0.666,0.73,0.314,0.16600000000000004,-0.73,-0.5640000000000001,0.7486360931721099,0.9373110476250667
noun,reversed,13,calmness,calmness,0.25,-0.25,0.5,0.868,-0.895,-0.199,-0.618,0.645,0.6990000000000001,0.8932799113379859,1.1342618745245738
noun,reversed,13,disgust,disgust,-0.5,0.75,-0.5,-0.896,0.55,-0.366,0.396,0.19999999999999996,-0.134,0.44363949328255253,0.46343500083614747
noun,reversed,13,excitement,excitement,0.5,0.25,-0.25,0.792,0.368,0.462,-0.29200000000000004,-0.118,-0.712,0.31494126436527814,0.7785447963990254
noun,reversed,13,fear,fear,0.25,0.25,-0.75,-0.854,0.68,-0.414,1.104,-0.43000000000000005,-0.336,1.1847852126018454,1.2315080186503051
noun,reversed,13,happiness,happiness,0.5,0.25,-0.25,0.92,0.464,0.7,-0.42000000000000004,-0.21400000000000002,-0.95,0.47137670710377705,1.0605168551230102
noun,reversed,13,sadness,sadness,-0.5,0.0,-0.25,-0.896,-0.424,-0.672,0.396,0.424,0.42200000000000004,0.5801654936309122,0.7174092277075895
noun,reversed,13,surprise,surprise,0.5,0.5,-0.5,0.75,0.75,0.124,-0.25,-0.25,-0.624,0.3535533905932738,0.717200111544888
noun,reversed,14,amusement,amusement,0.5,0.0,0.0,0.858,0.674,0.606,-0.358,-0.674,-0.606,0.7631775678045052,0.9745132118139805
noun,reversed,14,anger,anger,-1.0,0.0,0.0,-0.666,0.73,0.314,-0.33399999999999996,-0.73,-0.314,0.8027801691621436,0.8620046403587396
noun,reversed,14,calmness,calmness,0.25,-0.5,0.0,0.868,-0.895,-0.199,-0.618,0.395,0.199,0.7334500664666955,0.7599671045512431
noun,reversed,14,disgust,disgust,0.5,0.5,-0.5,-0.896,0.55,-0.366,1.396,-0.050000000000000044,-0.134,1.3968951284903244,1.403307521536174
noun,reversed,14,excitement,excitement,0.5,0.0,0.0,0.792,0.368,0.462,-0.29200000000000004,-0.368,-0.462,0.4697744139478011,0.6588869402257113
noun,reversed,14,fear,fear,-0.25,-0.5,0.25,-0.854,0.68,-0.414,0.604,-1.1800000000000002,0.6639999999999999,1.325600241400099,1.482603116144034
noun,reversed,14,happiness,happiness,0.75,0.25,-0.25,0.92,0.464,0.7,-0.17000000000000004,-0.21400000000000002,-0.95,0.2733056896590337,0.9885322453010827
noun,reversed,14,sadness,sadness,-0.75,-0.25,0.25,-0.896,-0.424,-0.672,0.14600000000000002,0.174,0.922,0.22713872413131142,0.9495662167537343
noun,reversed,14,surprise,surprise,0.25,0.0,0.25,0.75,0.75,0.124,-0.5,-0.75,0.126,0.9013878188659973,0.910151635717917
noun,reversed,15,amusement,amusement,0.75,0.25,-0.75,0.858,0.674,0.606,-0.10799999999999998,-0.42400000000000004,-1.3559999999999999,0.4375385697284298,1.4248424474305923
noun,reversed,15,anger,anger,-0.25,0.25,-0.75,-0.666,0.73,0.314,0.41600000000000004,-0.48,-1.064,0.6351818637209347,1.2391739183827266
noun,reversed,15,calmness,calmness,0.0,-0.75,-0.25,0.868,-0.895,-0.199,-0.868,0.14500000000000002,-0.05099999999999999,0.8800278404686979,0.8815043959050913
noun,reversed,15,disgust,disgust,-0.5,0.5,-0.75,-0.896,0.55,-0.366,0.396,-0.050000000000000044,-0.384,0.3991440842603082,0.5538700208532684
noun,reversed,15,excitement,excitement,0.0,0.75,-0.5,0.792,0.368,0.462,-0.792,0.382,-0.962,0.8793110939821014,1.3033157714076815
noun,reversed,15,fear,fear,-1.0,0.5,-0.5,-0.854,0.68,-0.414,-0.14600000000000002,-0.18000000000000005,-0.08600000000000002,0.23176712450216064,0.2472084140962844
noun,reversed,15,happiness,happiness,0.5,0.0,-0.5,0.92,0.464,0.7,-0.42000000000000004,-0.464,-1.2,0.6258562135187283,1.353401640312291
noun,reversed,15,sadness,sadness,-1.0,-0.5,-0.25,-0.896,-0.424,-0.672,-0.10399999999999998,-0.07600000000000001,0.42200000000000004,0.12880993750483694,0.4412210330435303
noun,reversed,15,surprise,surprise,-0.5,0.25,-0.5,0.75,0.75,0.124,-1.25,-0.5,-0.624,1.346291201783626,1.4838719621315042
noun,reversed,16,amusement,amusement,0.75,0.0,-0.25,0.858,0.674,0.606,-0.10799999999999998,-0.674,-0.856,0.6825979783152013,1.0948406276714433
noun,reversed,16,anger,anger,-0.5,0.0,0.0,-0.666,0.73,0.314,0.16600000000000004,-0.73,-0.314,0.7486360931721099,0.8118201771328426
noun,reversed,16,calmness,calmness,0.0,-0.25,0.25,0.868,-0.895,-0.199,-0.868,0.645,0.449,1.081410652804937,1.1709184429327262
noun,reversed,16,disgust,disgust,-0.75,0.0,-0.25,-0.896,0.55,-0.366,0.14600000000000002,-0.55,0.11599999999999999,0.5690483283518194,0.5807512376224437
noun,reversed,16,excitement,excitement,0.0,0.25,-0.25,0.792,0.368,0.462,-0.792,-0.118,-0.712,0.800742155753024,1.0715092160126296
noun,reversed,16,fear,fear,-0.5,0.25,-0.25,-0.854,0.68,-0.414,0.354,-0.43000000000000005,0.16399999999999998,0.556970376231986,0.580613468669131
noun,reversed,16,happiness,happiness,1.0,0.5,-0.75,0.92,0.464,0.7,0.07999999999999996,0.035999999999999976,-1.45,0.08772684879784519,1.4526513690490228
noun,reversed,16,sadness,sadness,-1.0,-0.25,-0.25,-0.896,-0.424,-0.672,-0.10399999999999998,0.174,0.42200000000000004,0.20271161782196892,0.46816236499744407
noun,reversed,16,surprise,surprise,-0.75,-0.25,0.5,0.75,0.75,0.124,-1.5,-1.0,0.376,1.8027756377319946,1.84156889634898
noun,reversed,17,amusement,amusement,0.75,-0.5,0.25,0.858,0.674,0.606,-0.10799999999999998,-1.174,-0.356,1.1789571663126697,1.2315340027786483
noun,reversed,17,anger,anger,-0.75,0.0,-0.25,-0.666,0.73,0.314,-0.08399999999999996,-0.73,-0.5640000000000001,0.7348169840171088,0.9263109629060858
noun,reversed,17,calmness,calmness,0.25,-1.0,0.25,0.868,-0.895,-0.199,-0.618,-0.10499999999999998,0.449,0.6268564428958197,0.7710706841788242
noun,reversed,17,disgust,disgust,-0.75,0.25,-0.75,-0.896,0.55,-0.366,0.14600000000000002,-0.30000000000000004,-0.384,0.33364052511647924,0.5086963730949927
noun,reversed,17,excitement,excitement,-0.5,0.5,-0.25,0.792,0.368,0.462,-1.292,0.132,-0.712,1.2987255291246107,1.4810914894090776
noun,reversed,17,fear,fear,-0.25,0.5,-0.25,-0.854,0.68,-0.414,0.604,-0.18000000000000005,0.16399999999999998,0.6302507437520404,0.6512388194817628
noun,reversed,17,happiness,happiness,0.75,0.0,0.0,0.92,0.464,0.7,-0.17000000000000004,-0.464,-0.7,0.4941619167843674,0.8568523793513092
noun,reversed,17,sadness,sadness,-0.75,-0.25,-0.75,-0.896,-0.424,-0.672,0.14600000000000002,0.174,-0.07799999999999996,0.22713872413131142,0.24015828113975166
noun,reversed,17,surprise,surprise,0.25,-0.5,0.25,0.75,0.75,0.124,-0.5,-1.25,0.126,1.346291201783626,1.3521745449460287
noun,reversed,18,amusement,amusement,0.5,0.25,-0.25,0.858,0.674,0.606,-0.358,-0.42400000000000004,-0.856,0.5549234181398367,1.0201352851460437
noun,reversed,18,anger,anger,-0.75,0.5,-0.75,-0.666,0.73,0.314,-0.08399999999999996,-0.22999999999999998,-1.064,0.24485914318236104,1.091811339014209
noun,reversed,18,calmness,calmness,0.25,-0.5,0.5,0.868,-0.895,-0.199,-0.618,0.395,0.6990000000000001,0.7334500664666955,1.013188037829109
noun,reversed,18,disgust,disgust,-1.0,0.0,-0.75,-0.896,0.55,-0.366,-0.10399999999999998,-0.55,-0.384,0.559746371136071,0.6788018856779937
noun,reversed,18,excitement,excitement,0.0,0.5,-0.25,0.792,0.368,0.462,-0.792,0.132,-0.712,0.802924653999365,1.0731411836286966
noun,reversed,18,fear,fear,-0.75,0.25,-0.5,-0.854,0.68,-0.414,0.10399999999999998,-0.43000000000000005,-0.08600000000000002,0.44239801084543773,0.45067948699713417
noun,reversed,18,happiness,happiness,0.75,0.5,-0.5,0.92,0.464,0.7,-0.17000000000000004,0.035999999999999976,-1.2,0.1737699628819665,1.212516391641779
noun,reversed,18,sadness,sadness,-0.5,0.25,-0.25,-0.896,-0.424,-0.672,0.396,0.6739999999999999,0.42200000000000004,0.7817237363672668,0.8883557845818307
noun,reversed,18,surprise,surprise,-0.25,0.0,0.0,0.75,0.75,0.124,-1.0,-0.75,-0.124,1.25,1.2561353430263795
noun,reversed,19,amusement,amusement,0.75,0.75,-0.5,0.858,0.674,0.606,-0.10799999999999998,0.07599999999999996,-1.1059999999999999,0.13206059215375338,1.1138563641690968
noun,reversed,19,anger,anger,-0.75,0.75,-0.5,-0.666,0.73,0.314,-0.08399999999999996,0.020000000000000018,-0.8140000000000001,0.08634813257969158,0.8185670406264841
noun,reversed,19,calmness,calmness,0.25,0.0,0.25,0.868,-0.895,-0.199,-0.618,0.895,0.449,1.087634589372736,1.1766690273819567
noun,reversed,19,disgust,disgust,-0.25,0.0,0.25,-0.896,0.55,-0.366,0.646,-0.55,0.616,0.8484197074561622,1.0484617303459387
noun,reversed,19,excitement,excitement,0.5,0.5,-0.75,0.792,0.368,0.462,-0.29200000000000004,0.132,-1.212,0.32044968403791574,1.2536474783606435
noun,reversed,19,fear,fear,0.25,0.5,-0.5,-0.854,0.68,-0.414,1.104,-0.18000000000000005,-0.08600000000000002,1.1185776682912993,1.1218787813306748
noun,reversed,19,happiness,happiness,0.75,0.75,-0.5,0.92,0.464,0.7,-0.17000000000000004,0.286,-1.2,0.33271008400708263,1.2452694487539633
noun,reversed,19,sadness,sadness,-0.25,0.25,-0.25,-0.896,-0.424,-0.672,0.646,0.6739999999999999,0.42200000000000004,0.9335909168367053,1.0245369685862975
noun,reversed,19,surprise,surprise,0.0,0.5,-0.5,0.75,0.75,0.124,-0.75,-0.25,-0.624,0.7905694150420949,1.0071623503685987
noun,reversed,20,amusement,amusement,0.0,0.5,-0.25,0.858,0.674,0.606,-0.858,-0.17400000000000004,-0.856,0.875465590414609,1.224408428589088
noun,reversed,20,anger,anger,-0.25,-0.25,0.0,-0.666,0.73,0.314,0.41600000000000004,-0.98,-0.314,1.0646389059206882,1.1099783781677912
noun,reversed,20,calmness,calmness,0.5,0.0,0.0,0.868,-0.895,-0.199,-0.368,0.895,0.199,0.9677029502900154,0.9879524280045067
noun,reversed,20,disgust,disgust,-1.0,-0.25,-0.25,-0.896,0.55,-0.366,-0.10399999999999998,-0.8,0.11599999999999999,0.8067316778210709,0.8150288338457727
noun,reversed,20,excitement,excitement,0.0,0.5,-0.25,0.792,0.368,0.462,-0.792,0.132,-0.712,0.802924653999365,1.0731411836286966
noun,reversed,20,fear,fear,-0.5,0.0,0.25,-0.854,0.68,-0.414,0.354,-0.68,0.6639999999999999,0.7666263757528827,1.0142051074610106
noun,reversed,20,happiness,happiness,1.0,0.25,-1.0,0.92,0.464,0.7,0.07999999999999996,-0.21400000000000002,-1.7,0.22846443924602358,1.7152830670183856
noun,reversed,20,sadness,sadness,0.0,-0.25,-0.75,-0.896,-0.424,-0.672,0.896,0.174,-0.07799999999999996,0.9127387358932456,0.9160654998415779
noun,reversed,20,surprise,surprise,-0.25,0.0,0.0,0.75,0.75,0.124,-1.0,-0.75,-0.124,1.25,1.2561353430263795
noun,reversed,21,amusement,amusement,0.5,0.25,-0.25,0.858,0.674,0.606,-0.358,-0.42400000000000004,-0.856,0.5549234181398367,1.0201352851460437
noun,reversed,21,anger,anger,-1.0,0.0,-0.25,-0.666,0.73,0.314,-0.33399999999999996,-0.73,-0.5640000000000001,0.8027801691621436,0.9810973448134491
noun,reversed,21,calmness,calmness,0.5,-0.5,0.0,0.868,-0.895,-0.199,-0.368,0.395,0.199,0.5398601670803284,0.5753694465297927
noun,reversed,21,disgust,disgust,0.0,1.0,-0.5,-0.896,0.55,-0.366,0.896,0.44999999999999996,-0.134,1.0026544768762569,1.011569078214632
noun,reversed,21,excitement,excitement,0.0,0.25,-0.75,0.792,0.368,0.462,-0.792,-0.118,-1.212,0.800742155753024,1.4526293401965968
noun,reversed,21,fear,fear,-0.75,0.75,-0.75,-0.854,0.68,-0.414,0.10399999999999998,0.06999999999999995,-0.336,0.1253634715537185,0.3586251524921251
noun,reversed,21,happiness,happiness,0.75,0.25,-0.5,0.92,0.464,0.7,-0.17000000000000004,-0.21400000000000002,-1.2,0.2733056896590337,1.2307298647550566
noun,reversed,21,sadness,sadness,-1.0,0.75,-0.75,-0.896,-0.424,-0.672,-0.10399999999999998,1.174,-0.07799999999999996,1.1785974715737344,1.1811756854930597
noun,reversed,21,surprise,surprise,-0.25,0.25,-1.0,0.75,0.75,0.124,-1.0,-0.5,-1.124,1.118033988749895,1.5853630499037121
noun,reversed,22,amusement,amusement,0.5,0.25,0.0,0.858,0.674,0.606,-0.358,-0.42400000000000004,-0.606,0.5549234181398367,0.8216909394656849
noun,reversed,22,anger,anger,-0.5,-0.25,-0.5,-0.666,0.73,0.314,0.16600000000000004,-0.98,-0.8140000000000001,0.9939597577367003,1.2847381056075202
noun,reversed,22,calmness,calmness,0.0,-0.75,0.75,0.868,-0.895,-0.199,-0.868,0.14500000000000002,0.9490000000000001,0.8800278404686979,1.2942372270955584
noun,reversed,22,disgust,disgust,0.25,-0.25,0.0,-0.896,0.55,-0.366,1.146,-0.8,0.366,1.397610818504207,1.4447394228718202
noun,reversed,22,excitement,excitement,0.5,0.25,-0.5,0.792,0.368,0.462,-0.29200000000000004,-0.118,-0.962,0.31494126436527814,1.012241078004642
noun,reversed,22,fear,fear,-0.5,0.25,-0.25,-0.854,0.68,-0.414,0.354,-0.43000000000000005,0.16399999999999998,0.556970376231986,0.580613468669131
noun,reversed,22,happiness,happiness,0.5,-0.5,-0.25,0.92,0.464,0.7,-0.42000000000000004,-0.964,-0.95,1.0515208034080923,1.4171083233119477
noun,reversed,22,sadness,sadness,-0.75,0.25,-0.25,-0.896,-0.424,-0.672,0.14600000000000002,0.6739999999999999,0.42200000000000004,0.6896317858103699,0.8085023191061359
noun,reversed,22,surprise,surprise,0.25,0.25,-0.25,0.75,0.75,0.124,-0.5,-0.5,-0.374,0.7071067811865476,0.7999224962457301
noun,reversed,23,amusement,amusement,0.75,-0.25,0.0,0.858,0.674,0.606,-0.10799999999999998,-0.924,-0.606,0.9302902772790868,1.1102594291425767
noun,reversed,23,anger,anger,-0.75,0.25,-0.25,-0.666,0.73,0.314,-0.08399999999999996,-0.48,-0.5640000000000001,0.4872945721019269,0.7453536073569377
noun,reversed,23,calmness,calmness,0.5,-1.0,1.0,0.868,-0.895,-0.199,-0.368,-0.10499999999999998,1.199,0.3826865558129786,1.2585904814513735
noun,reversed,23,disgust,disgust,0.25,0.75,-1.0,-0.896,0.55,-0.366,1.146,0.19999999999999996,-0.634,1.1633211078631729,1.3248667857562133
noun,reversed,23,excitement,excitement,0.25,0.25,0.0,0.792,0.368,0.462,-0.542,-0.118,-0.462,0.5546963133102654,0.721894729167626
noun,reversed,23,fear,fear,-0.75,0.0,0.0,-0.854,0.68,-0.414,0.10399999999999998,-0.68,0.414,0.6879069704545813,0.8028773256232861
noun,reversed,23,happiness,happiness,0.5,-0.25,0.5,0.92,0.464,0.7,-0.42000000000000004,-0.714,-0.19999999999999996,0.8283694827792728,0.8521713442729695
noun,reversed,23,sadness,sadness,-0.5,-0.5,0.0,-0.896,-0.424,-0.672,0.396,-0.07600000000000001,0.672,0.40322698322408934,0.7836938177630344
noun,reversed,23,surprise,surprise,-0.25,0.0,0.5,0.75,0.75,0.124,-1.0,-0.75,0.376,1.25,1.3053260129178457
