participant,age,gender,film_id,valence_score,arousal_score,dominance_score,film,emotion,valence_elicited,arousal_elicited,dominance_elicited,term_set,dominance_orientation,nrc_term,valence_nrc,arousal_nrc,dominance_nrc,delta_valence,delta_arousal,delta_dominance,distance_va,distance_vad
1,22,male,1,4.0,3.0,2.0,Searching for Bobby Fischer,calmness,0.5,0.0,-0.5,noun,reported,calmness,0.868,-0.895,-0.199,-0.368,0.895,-0.301,0.9677029502900154,1.0134347536965564
1,22,male,2,3.0,3.0,1.0,D.O.A.,surprise,0.0,0.0,-1.0,noun,reported,surprise,0.75,0.75,0.124,-0.75,-0.75,-1.124,1.0606601717798212,1.5454371549823693
1,22,male,3,5.0,4.0,4.0,The Hangover,amusement,1.0,0.5,0.5,noun,reported,amusement,0.858,0.674,0.606,0.14200000000000002,-0.17400000000000004,-0.10599999999999998,0.22458851261807675,0.2483465320877262
1,22,male,4,4.0,3.0,2.0,The Ring,fear,0.5,0.0,-0.5,noun,reported,fear,-0.854,0.68,-0.414,1.354,-0.68,-0.08600000000000002,1.5151620375392199,1.5176007380072007
1,22,male,5,4.0,4.0,4.0,300,excitement,0.5,0.5,0.5,noun,reported,excitement,0.792,0.368,0.462,-0.29200000000000004,0.132,0.03799999999999998,0.32044968403791574,0.3226949023458537
1,22,male,6,1.0,2.0,5.0,National Lampoon's Van Wilder,disgust,-1.0,-0.5,1.0,noun,reported,disgust,-0.896,0.55,-0.366,-0.10399999999999998,-1.05,1.366,1.0551379056786843,1.7260567777451588
1,22,male,7,5.0,4.0,4.0,Wall-E,happiness,1.0,0.5,0.5,noun,reported,happiness,0.92,0.464,0.7,0.07999999999999996,0.035999999999999976,-0.19999999999999996,0.08772684879784519,0.2183941391154991
1,22,male,8,1.0,2.0,4.0,Crash,anger,-1.0,-0.5,0.5,noun,reported,anger,-0.666,0.73,0.314,-0.33399999999999996,-1.23,0.186,1.2745414861823838,1.2880419247835064
1,22,male,9,1.0,2.0,3.0,My Girl,sadness,-1.0,-0.5,0.0,noun,reported,sadness,-0.896,-0.424,-0.672,-0.10399999999999998,-0.07600000000000001,0.672,0.12880993750483694,0.6842338781440159
1,22,male,10,5.0,3.0,4.0,The Fly,disgust,1.0,0.0,0.5,noun,reported,disgust,-0.896,0.55,-0.366,1.896,-0.55,0.866,1.9741621007404635,2.1557532326312305
1,22,male,11,4.0,2.0,3.0,Pride and Prejudice,calmness,0.5,-0.5,0.0,noun,reported,calmness,0.868,-0.895,-0.199,-0.368,0.395,0.199,0.5398601670803284,0.5753694465297927
1,22,male,12,4.0,3.0,4.0,Modern Times,amusement,0.5,0.0,0.5,noun,reported,amusement,0.858,0.674,0.606,-0.358,-0.674,-0.10599999999999998,0.7631775678045052,0.7705037313342487
1,22,male,13,4.0,3.0,2.0,Remember the Titans,happiness,0.5,0.0,-0.5,noun,reported,happiness,0.92,0.464,0.7,-0.42000000000000004,-0.464,-1.2,0.6258562135187283,1.353401640312291
1,22,male,14,3.0,1.0,2.0,Gentleman's Agreement,anger,0.0,-1.0,-0.5,noun,reported,anger,-0.666,0.73,0.314,0.666,-1.73,-0.8140000000000001,1.8537680545310948,2.0246115676840337
1,22,male,15,2.0,5.0,5.0,Psycho,fear,-0.5,1.0,1.0,noun,reported,fear,-0.854,0.68,-0.414,0.354,0.31999999999999995,1.414,0.47719597651279494,1.4923511651082662
1,22,male,16,3.0,2.0,2.0,The Bourne Identity,excitement,0.0,-0.5,-0.5,noun,reported,excitement,0.792,0.368,0.462,-0.792,-0.868,-0.962,1.1750268082048172,1.518595403654311
1,22,male,17,1.0,2.0,5.0,The Shawshank Redemption,sadness,-1.0,-0.5,1.0,noun,reported,sadness,-0.896,-0.424,-0.672,-0.10399999999999998,-0.07600000000000001,1.6720000000000002,0.12880993750483694,1.6769543822060278
1,22,male,18,3.0,5.0,5.0,The Departed,surprise,0.0,1.0,1.0,noun,reported,surprise,0.75,0.75,0.124,-0.75,0.25,0.876,0.7905694150420949,1.1799898304646528
2,30,female,1,3.0,2.0,2.0,Searching for Bobby Fischer,calmness,0.0,-0.5,-0.5,noun,reported,calmness,0.868,-0.895,-0.199,-0.868,0.395,-0.301,0.9536503552141109,1.0000249996875077
2,30,female,2,2.0,4.0,3.0,D.O.A.,surprise,-0.5,0.5,0.0,noun,reported,surprise,0.75,0.75,0.124,-1.25,-0.25,-0.124,1.2747548783981961,1.280771642409372
2,30,female,3,5.0,5.0,4.0,The Hangover,amusement,1.0,1.0,0.5,noun,reported,amusement,0.858,0.674,0.606,0.14200000000000002,0.32599999999999996,-0.10599999999999998,0.3555840266378679,0.3710471668130616
2,30,female,4,1.0,5.0,4.0,The Ring,fear,-1.0,1.0,0.5,noun,reported,fear,-0.854,0.68,-0.414,-0.14600000000000002,0.31999999999999995,0.9139999999999999,0.35173285317126685,0.9793426366701287
2,30,female,5,2.0,2.0,2.0,300,excitement,-0.5,-0.5,-0.5,noun,reported,excitement,0.792,0.368,0.462,-1.292,-0.868,-0.962,1.55649863475687,1.829790151902671
2,30,female,6,2.0,3.0,3.0,National Lampoon's Van Wilder,disgust,-0.5,0.0,0.0,noun,reported,disgust,-0.896,0.55,-0.366,0.396,-0.55,0.366,0.677728559232972,0.7702415205635178
2,30,female,7,4.0,2.0,2.0,Wall-E,happiness,0.5,-0.5,-0.5,noun,reported,happiness,0.92,0.464,0.7,-0.42000000000000004,-0.964,-1.2,1.0515208034080923,1.5955237384633298
2,30,female,8,2.0,5.0,4.0,Crash,anger,-0.5,1.0,0.5,noun,reported,anger,-0.666,0.73,0.314,0.16600000000000004,0.27,0.186,0.31694794525284437,0.36749421764158413
2,30,female,9,2.0,3.0,3.0,My Girl,sadness,-0.5,0.0,0.0,noun,reported,sadness,-0.896,-0.424,-0.672,0.396,0.424,0.672,0.5801654936309122,0.8877927686121351
2,30,female,10,1.0,4.0,4.0,The Fly,disgust,-1.0,0.5,0.5,noun,reported,disgust,-0.896,0.55,-0.366,-0.10399999999999998,-0.050000000000000044,0.866,0.11539497389401325,0.8736543939110019
2,30,female,11,4.0,2.0,2.0,Pride and Prejudice,calmness,0.5,-0.5,-0.5,noun,reported,calmness,0.868,-0.895,-0.199,-0.368,0.395,-0.301,0.5398601670803284,0.6181019333410954
2,30,female,12,4.0,3.0,2.0,Modern Times,amusement,0.5,0.0,-0.5,noun,reported,amusement,0.858,0.674,0.606,-0.358,-0.674,-1.1059999999999999,0.7631775678045052,1.3437544418531235
2,30,female,13,5.0,4.0,4.0,Remember the Titans,happiness,1.0,0.5,0.5,noun,reported,happiness,0.92,0.464,0.7,0.07999999999999996,0.035999999999999976,-0.19999999999999996,0.08772684879784519,0.2183941391154991
2,30,female,14,2.0,3.0,3.0,Gentleman's Agreement,anger,-0.5,0.0,0.0,noun,reported,anger,-0.666,0.73,0.314,0.16600000000000004,-0.73,-0.314,0.7486360931721099,0.8118201771328426
2,30,female,15,1.0,5.0,5.0,Psycho,fear,-1.0,1.0,1.0,noun,reported,fear,-0.854,0.68,-0.414,-0.14600000000000002,0.31999999999999995,1.414,0.35173285317126685,1.4570902511512456
2,30,female,16,2.0,5.0,5.0,The Bourne Identity,excitement,-0.5,1.0,1.0,noun,reported,excitement,0.792,0.368,0.462,-1.292,0.632,0.538,1.4382934332047823,1.535621047003459
2,30,female,17,1.0,3.0,5.0,The Shawshank Redemption,sadness,-1.0,0.0,1.0,noun,reported,sadness,-0.896,-0.424,-0.672,-0.10399999999999998,0.424,1.6720000000000002,0.43656843678855206,1.7280555546625231
2,30,female,18,3.0,5.0,4.0,The Departed,surprise,0.0,1.0,0.5,noun,reported,surprise,0.75,0.75,0.124,-0.75,0.25,0.376,0.7905694150420949,0.8754290376723861
3,27,male,1,3.0,4.0,2.0,Searching for Bobby Fischer,calmness,0.0,0.5,-0.5,noun,reported,calmness,0.868,-0.895,-0.199,-0.868,1.395,-0.301,1.643,1.6703442758904525
3,27,male,2,4.0,5.0,3.0,D.O.A.,surprise,0.5,1.0,0.0,noun,reported,surprise,0.75,0.75,0.124,-0.25,0.25,-0.124,0.3535533905932738,0.3746678529044092
3,27,male,3,5.0,5.0,4.0,The Hangover,amusement,1.0,1.0,0.5,noun,reported,amusement,0.858,0.674,0.606,0.14200000000000002,0.32599999999999996,-0.10599999999999998,0.3555840266378679,0.3710471668130616
3,27,male,4,2.0,5.0,5.0,The Ring,fear,-0.5,1.0,1.0,noun,reported,fear,-0.854,0.68,-0.414,0.354,0.31999999999999995,1.414,0.47719597651279494,1.4923511651082662
3,27,male,5,3.0,4.0,3.0,300,excitement,0.0,0.5,0.0,noun,reported,excitement,0.792,0.368,0.462,-0.792,0.132,-0.462,0.802924653999365,0.9263541439428012
3,27,male,6,3.0,3.0,3.0,National Lampoon's Van Wilder,disgust,0.0,0.0,0.0,noun,reported,disgust,-0.896,0.55,-0.366,0.896,-0.55,0.366,1.0513400972092715,1.1132259429244362
3,27,male,7,5.0,3.0,3.0,Wall-E,happiness,1.0,0.0,0.0,noun,reported,happiness,0.92,0.464,0.7,0.07999999999999996,-0.464,-0.7,0.47084604702598915,0.843620767880924
3,27,male,8,1.0,4.0,4.0,Crash,anger,-1.0,0.5,0.5,noun,reported,anger,-0.666,0.73,0.314,-0.33399999999999996,-0.22999999999999998,0.186,0.40553174968182204,0.4461524403160874
3,27,male,9,1.0,2.0,3.0,My Girl,sadness,-1.0,-0.5,0.0,noun,reported,sadness,-0.896,-0.424,-0.672,-0.10399999999999998,-0.07600000000000001,0.672,0.12880993750483694,0.6842338781440159
3,27,male,10,3.0,2.0,2.0,The Fly,disgust,0.0,-0.5,-0.5,noun,reported,disgust,-0.896,0.55,-0.366,0.896,-1.05,-0.134,1.3803318441592225,1.3868208247643241
3,27,male,11,4.0,1.0,2.0,Pride and Prejudice,calmness,0.5,-1.0,-0.5,noun,reported,calmness,0.868,-0.895,-0.199,-0.368,-0.10499999999999998,-0.301,0.3826865558129786,0.4868778080791935
3,27,male,12,5.0,3.0,3.0,Modern Times,amusement,1.0,0.0,0.0,noun,reported,amusement,0.858,0.674,0.606,0.14200000000000002,-0.674,-0.606,0.6887960510920487,0.9174290163276939
3,27,male,13,4.0,4.0,5.0,Remember the Titans,happiness,0.5,0.5,1.0,noun,reported,happiness,0.92,0.464,0.7,-0.42000000000000004,0.035999999999999976,0.30000000000000004,0.4215400336860071,0.5173934672954424
3,27,male,14,3.0,2.0,2.0,Gentleman's Agreement,anger,0.0,-0.5,-0.5,noun,reported,anger,-0.666,0.73,0.314,0.666,-1.23,-0.8140000000000001,1.398733713041907,1.6183485409515466
3,27,male,15,4.0,2.0,3.0,Psycho,fear,0.5,-0.5,0.0,noun,reported,fear,-0.854,0.68,-0.414,1.354,-1.1800000000000002,0.414,1.796027839427886,1.8431256061375743
3,27,male,16,4.0,2.0,1.0,The Bourne Identity,excitement,0.5,-0.5,-1.0,noun,reported,excitement,0.792,0.368,0.462,-0.29200000000000004,-0.868,-1.462,0.9157991046075553,1.7251469502624985
3,27,male,17,2.0,2.0,4.0,The Shawshank Redemption,sadness,-0.5,-0.5,0.5,noun,reported,sadness,-0.896,-0.424,-0.672,0.396,-0.07600000000000001,1.1720000000000002,0.40322698322408934,1.239425673447182
3,27,male,18,3.0,3.0,2.0,The Departed,surprise,0.0,0.0,-0.5,noun,reported,surprise,0.75,0.75,0.124,-0.75,-0.75,-0.624,1.0606601717798212,1.2305998537298792
4,26,female,1,3.0,3.0,1.0,Searching for Bobby Fischer,calmness,0.0,0.0,-1.0,noun,reported,calmness,0.868,-0.895,-0.199,-0.868,0.895,-0.8009999999999999,1.2467754408874117,1.4819075544716005
4,26,female,2,3.0,3.0,2.0,D.O.A.,surprise,0.0,0.0,-0.5,noun,reported,surprise,0.75,0.75,0.124,-0.75,-0.75,-0.624,1.0606601717798212,1.2305998537298792
4,26,female,3,5.0,4.0,4.0,The Hangover,amusement,1.0,0.5,0.5,noun,reported,amusement,0.858,0.674,0.606,0.14200000000000002,-0.17400000000000004,-0.10599999999999998,0.22458851261807675,0.2483465320877262
4,26,female,4,1.0,5.0,4.0,The Ring,fear,-1.0,1.0,0.5,noun,reported,fear,-0.854,0.68,-0.414,-0.14600000000000002,0.31999999999999995,0.9139999999999999,0.35173285317126685,0.9793426366701287
4,26,female,5,4.0,3.0,2.0,300,excitement,0.5,0.0,-0.5,noun,reported,excitement,0.792,0.368,0.462,-0.29200000000000004,-0.368,-0.962,0.4697744139478011,1.0705755461432882
4,26,female,6,4.0,4.0,3.0,National Lampoon's Van Wilder,disgust,0.5,0.5,0.0,noun,reported,disgust,-0.896,0.55,-0.366,1.396,-0.050000000000000044,0.366,1.3968951284903244,1.4440470906448999
4,26,female,7,5.0,3.0,4.0,Wall-E,happiness,1.0,0.0,0.5,noun,reported,happiness,0.92,0.464,0.7,0.07999999999999996,-0.464,-0.19999999999999996,0.47084604702598915,0.5115623129199414
4,26,female,8,1.0,4.0,4.0,Crash,anger,-1.0,0.5,0.5,noun,reported,anger,-0.666,0.73,0.314,-0.33399999999999996,-0.22999999999999998,0.186,0.40553174968182204,0.4461524403160874
4,26,female,9,1.0,3.0,3.0,My Girl,sadness,-1.0,0.0,0.0,noun,reported,sadness,-0.896,-0.424,-0.672,-0.10399999999999998,0.424,0.672,0.43656843678855206,0.8013588459610339
4,26,female,10,1.0,4.0,3.0,The Fly,disgust,-1.0,0.5,0.0,noun,reported,disgust,-0.896,0.55,-0.366,-0.10399999999999998,-0.050000000000000044,0.366,0.11539497389401325,0.3837603418801896
4,26,female,11,3.0,1.0,2.0,Pride and Prejudice,calmness,0.0,-1.0,-0.5,noun,reported,calmness,0.868,-0.895,-0.199,-0.868,-0.10499999999999998,-0.301,0.8743277417536286,0.9246891369536033
4,26,female,12,3.0,2.0,1.0,Modern Times,amusement,0.0,-0.5,-1.0,noun,reported,amusement,0.858,0.674,0.606,-0.858,-1.174,-1.6059999999999999,1.45411141251281,2.1664893260757134
4,26,female,13,3.0,2.0,2.0,Remember the Titans,happiness,0.0,-0.5,-0.5,noun,reported,happiness,0.92,0.464,0.7,-0.92,-0.964,-1.2,1.3325524379925917,1.7932361807637052
4,26,female,14,2.0,2.0,2.0,Gentleman's Agreement,anger,-0.5,-0.5,-0.5,noun,reported,anger,-0.666,0.73,0.314,0.16600000000000004,-1.23,-0.8140000000000001,1.2411510786362794,1.4842681698399383
4,26,female,15,1.0,2.0,2.0,Psycho,fear,-1.0,-0.5,-0.5,noun,reported,fear,-0.854,0.68,-0.414,-0.14600000000000002,-1.1800000000000002,-0.08600000000000002,1.188997897390908,1.1921040223067785
4,26,female,16,3.0,1.0,1.0,The Bourne Identity,excitement,0.0,-1.0,-1.0,noun,reported,excitement,0.792,0.368,0.462,-0.792,-1.3679999999999999,-1.462,1.5807238848072105,2.1531678987018172
4,26,female,17,1.0,3.0,4.0,The Shawshank Redemption,sadness,-1.0,0.0,0.5,noun,reported,sadness,-0.896,-0.424,-0.672,-0.10399999999999998,0.424,1.1720000000000002,0.43656843678855206,1.2506702203218882
4,26,female,18,2.0,3.0,3.0,The Departed,surprise,-0.5,0.0,0.0,noun,reported,surprise,0.75,0.75,0.124,-1.25,-0.75,-0.124,1.4577379737113252,1.4630023923425415
5,27,female,1,4.0,2.0,2.0,Searching for Bobby Fischer,calmness,0.5,-0.5,-0.5,noun,reported,calmness,0.868,-0.895,-0.199,-0.368,0.395,-0.301,0.5398601670803284,0.6181019333410954
5,27,female,2,2.0,4.0,3.0,D.O.A.,surprise,-0.5,0.5,0.0,noun,reported,surprise,0.75,0.75,0.124,-1.25,-0.25,-0.124,1.2747548783981961,1.280771642409372
5,27,female,3,5.0,4.0,4.0,The Hangover,amusement,1.0,0.5,0.5,noun,reported,amusement,0.858,0.674,0.606,0.14200000000000002,-0.17400000000000004,-0.10599999999999998,0.22458851261807675,0.2483465320877262
5,27,female,4,1.0,4.0,4.0,The Ring,fear,-1.0,0.5,0.5,noun,reported,fear,-0.854,0.68,-0.414,-0.14600000000000002,-0.18000000000000005,0.9139999999999999,0.23176712450216064,0.9429273566929744
5,27,female,5,1.0,3.0,2.0,300,excitement,-1.0,0.0,-0.5,noun,reported,excitement,0.792,0.368,0.462,-1.792,-0.368,-0.962,1.8293955285831438,2.0669136411567854
5,27,female,6,3.0,3.0,4.0,National Lampoon's Van Wilder,disgust,0.0,0.0,0.5,noun,reported,disgust,-0.896,0.55,-0.366,0.896,-0.55,0.866,1.0513400972092715,1.3620836978688204
5,27,female,7,4.0,3.0,3.0,Wall-E,happiness,0.5,0.0,0.0,noun,reported,happiness,0.92,0.464,0.7,-0.42000000000000004,-0.464,-0.7,0.6258562135187283,0.9389866878715587
5,27,female,8,1.0,4.0,4.0,Crash,anger,-1.0,0.5,0.5,noun,reported,anger,-0.666,0.73,0.314,-0.33399999999999996,-0.22999999999999998,0.186,0.40553174968182204,0.4461524403160874
5,27,female,9,1.0,2.0,2.0,My Girl,sadness,-1.0,-0.5,-0.5,noun,reported,sadness,-0.896,-0.424,-0.672,-0.10399999999999998,-0.07600000000000001,0.17200000000000004,0.12880993750483694,0.2148860162970127
5,27,female,10,3.0,3.0,3.0,The Fly,disgust,0.0,0.0,0.0,noun,reported,disgust,-0.896,0.55,-0.366,0.896,-0.55,0.366,1.0513400972092715,1.1132259429244362
5,27,female,11,4.0,2.0,3.0,Pride and Prejudice,calmness,0.5,-0.5,0.0,noun,reported,calmness,0.868,-0.895,-0.199,-0.368,0.395,0.199,0.5398601670803284,0.5753694465297927
5,27,female,12,4.0,1.0,2.0,Modern Times,amusement,0.5,-1.0,-0.5,noun,reported,amusement,0.858,0.674,0.606,-0.358,-1.674,-1.1059999999999999,1.7118527974098707,2.0380569177527894
5,27,female,13,4.0,4.0,4.0,Remember the Titans,happiness,0.5,0.5,0.5,noun,reported,happiness,0.92,0.464,0.7,-0.42000000000000004,0.035999999999999976,-0.19999999999999996,0.4215400336860071,0.46657903939204126
5,27,female,14,3.0,2.0,2.0,Gentleman's Agreement,anger,0.0,-0.5,-0.5,noun,reported,anger,-0.666,0.73,0.314,0.666,-1.23,-0.8140000000000001,1.398733713041907,1.6183485409515466
5,27,female,15,3.0,3.0,3.0,Psycho,fear,0.0,0.0,0.0,noun,reported,fear,-0.854,0.68,-0.414,0.854,-0.68,0.414,1.0916574554318768,1.1675238755588684
5,27,female,16,3.0,4.0,3.0,The Bourne Identity,excitement,0.0,0.5,0.0,noun,reported,excitement,0.792,0.368,0.462,-0.792,0.132,-0.462,0.802924653999365,0.9263541439428012
5,27,female,17,1.0,4.0,4.0,The Shawshank Redemption,sadness,-1.0,0.5,0.5,noun,reported,sadness,-0.896,-0.424,-0.672,-0.10399999999999998,0.9239999999999999,1.1720000000000002,0.9298343938573147,1.4960534749800891
5,27,female,18,2.0,4.0,4.0,The Departed,surprise,-0.5,0.5,0.5,noun,reported,surprise,0.75,0.75,0.124,-1.25,-0.25,0.376,1.2747548783981961,1.3290507890972414
6,25,male,1,3.0,3.0,3.0,Searching for Bobby Fischer,calmness,0.0,0.0,0.0,noun,reported,calmness,0.868,-0.895,-0.199,-0.868,0.895,0.199,1.2467754408874117,1.2625569294095218
6,25,male,2,3.0,4.0,3.0,D.O.A.,surprise,0.0,0.5,0.0,noun,reported,surprise,0.75,0.75,0.124,-0.75,-0.25,-0.124,0.7905694150420949,0.8002349654945102
6,25,male,3,4.0,4.0,4.0,The Hangover,amusement,0.5,0.5,0.5,noun,reported,amusement,0.858,0.674,0.606,-0.358,-0.17400000000000004,-0.10599999999999998,0.39804522356134364,0.4119174674616264
6,25,male,4,2.0,5.0,5.0,The Ring,fear,-0.5,1.0,1.0,noun,reported,fear,-0.854,0.68,-0.414,0.354,0.31999999999999995,1.414,0.47719597651279494,1.4923511651082662
6,25,male,5,4.0,4.0,3.0,300,excitement,0.5,0.5,0.0,noun,reported,excitement,0.792,0.368,0.462,-0.29200000000000004,0.132,-0.462,0.32044968403791574,0.562256169374779
6,25,male,6,1.0,5.0,5.0,National Lampoon's Van Wilder,disgust,-1.0,1.0,1.0,noun,reported,disgust,-0.896,0.55,-0.366,-0.10399999999999998,0.44999999999999996,1.366,0.461861451086795,1.4419680995084463
6,25,male,7,4.0,3.0,3.0,Wall-E,happiness,0.5,0.0,0.0,noun,reported,happiness,0.92,0.464,0.7,-0.42000000000000004,-0.464,-0.7,0.6258562135187283,0.9389866878715587
6,25,male,8,1.0,5.0,4.0,Crash,anger,-1.0,1.0,0.5,noun,reported,anger,-0.666,0.73,0.314,-0.33399999999999996,0.27,0.186,0.4294834106225757,0.46802991357390816
6,25,male,9,1.0,4.0,5.0,My Girl,sadness,-1.0,0.5,1.0,noun,reported,sadness,-0.896,-0.424,-0.672,-0.10399999999999998,0.9239999999999999,1.6720000000000002,0.9298343938573147,1.9131586447547941
6,25,male,10,3.0,4.0,4.0,The Fly,disgust,0.0,0.5,0.5,noun,reported,disgust,-0.896,0.55,-0.366,0.896,-0.050000000000000044,0.866,0.897394004883028,1.2471054486289441
6,25,male,11,4.0,2.0,3.0,Pride and Prejudice,calmness,0.5,-0.5,0.0,noun,reported,calmness,0.868,-0.895,-0.199,-0.368,0.395,0.199,0.5398601670803284,0.5753694465297927
6,25,male,12,4.0,3.0,3.0,Modern Times,amusement,0.5,0.0,0.0,noun,reported,amusement,0.858,0.674,0.606,-0.358,-0.674,-0.606,0.7631775678045052,0.9745132118139805
6,25,male,13,5.0,5.0,5.0,Remember the Titans,happiness,1.0,1.0,1.0,noun,reported,happiness,0.92,0.464,0.7,0.07999999999999996,0.536,0.30000000000000004,0.5419372657420783,0.6194319978819306
6,25,male,14,2.0,3.0,3.0,Gentleman's Agreement,anger,-0.5,0.0,0.0,noun,reported,anger,-0.666,0.73,0.314,0.16600000000000004,-0.73,-0.314,0.7486360931721099,0.8118201771328426
6,25,male,15,3.0,3.0,3.0,Psycho,fear,0.0,0.0,0.0,noun,reported,fear,-0.854,0.68,-0.414,0.854,-0.68,0.414,1.0916574554318768,1.1675238755588684
6,25,male,16,4.0,4.0,4.0,The Bourne Identity,excitement,0.5,0.5,0.5,noun,reported,excitement,0.792,0.368,0.462,-0.29200000000000004,0.132,0.03799999999999998,0.32044968403791574,0.3226949023458537
6,25,male,17,2.0,4.0,4.0,The Shawshank Redemption,sadness,-0.5,0.5,0.5,noun,reported,sadness,-0.896,-0.424,-0.672,0.396,0.9239999999999999,1.1720000000000002,1.0052820499740358,1.5440777182512544
6,25,male,18,4.0,5.0,4.0,The Departed,surprise,0.5,1.0,0.5,noun,reported,surprise,0.75,0.75,0.124,-0.25,0.25,0.376,0.3535533905932738,0.5161162659711472
7,23,female,1,3.0,3.0,2.0,Searching for Bobby Fischer,calmness,0.0,0.0,-0.5,noun,reported,calmness,0.868,-0.895,-0.199,-0.868,0.895,-0.301,1.2467754408874117,1.2825950257193421
7,23,female,2,2.0,3.0,2.0,D.O.A.,surprise,-0.5,0.0,-0.5,noun,reported,surprise,0.75,0.75,0.124,-1.25,-0.75,-0.624,1.4577379737113252,1.5856784037124299
7,23,female,3,4.0,3.0,3.0,The Hangover,amusement,0.5,0.0,0.0,noun,reported,amusement,0.858,0.674,0.606,-0.358,-0.674,-0.606,0.7631775678045052,0.9745132118139805
7,23,female,4,2.0,4.0,4.0,The Ring,fear,-0.5,0.5,0.5,noun,reported,fear,-0.854,0.68,-0.414,0.354,-0.18000000000000005,0.9139999999999999,0.3971347378409499,0.9965500489187684
7,23,female,5,3.0,4.0,3.0,300,excitement,0.0,0.5,0.0,noun,reported,excitement,0.792,0.368,0.462,-0.792,0.132,-0.462,0.802924653999365,0.9263541439428012
7,23,female,6,1.0,5.0,5.0,National Lampoon's Van Wilder,disgust,-1.0,1.0,1.0,noun,reported,disgust,-0.896,0.55,-0.366,-0.10399999999999998,0.44999999999999996,1.366,0.461861451086795,1.4419680995084463
7,23,female,7,5.0,5.0,4.0,Wall-E,happiness,1.0,1.0,0.5,noun,reported,happiness,0.92,0.464,0.7,0.07999999999999996,0.536,-0.19999999999999996,0.5419372657420783,0.5776642623531423
7,23,female,8,1.0,4.0,5.0,Crash,anger,-1.0,0.5,1.0,noun,reported,anger,-0.666,0.73,0.314,-0.33399999999999996,-0.22999999999999998,0.6859999999999999,0.40553174968182204,0.796901499559387
7,23,female,9,1.0,5.0,4.0,My Girl,sadness,-1.0,1.0,0.5,noun,reported,sadness,-0.896,-0.424,-0.672,-0.10399999999999998,1.424,1.1720000000000002,1.4277927020404608,1.84720762233161
7,23,female,10,2.0,3.0,4.0,The Fly,disgust,-0.5,0.0,0.5,noun,reported,disgust,-0.896,0.55,-0.366,0.396,-0.55,0.866,0.677728559232972,1.0996690411210093
7,23,female,11,3.0,2.0,2.0,Pride and Prejudice,calmness,0.0,-0.5,-0.5,noun,reported,calmness,0.868,-0.895,-0.199,-0.868,0.395,-0.301,0.9536503552141109,1.0000249996875077
7,23,female,12,4.0,2.0,2.0,Modern Times,amusement,0.5,-0.5,-0.5,noun,reported,amusement,0.858,0.674,0.606,-0.358,-1.174,-1.1059999999999999,1.227371174502644,1.6521731144162828
7,23,female,13,4.0,3.0,2.0,Remember the Titans,happiness,0.5,0.0,-0.5,noun,reported,happiness,0.92,0.464,0.7,-0.42000000000000004,-0.464,-1.2,0.6258562135187283,1.353401640312291
7,23,female,14,2.0,3.0,2.0,Gentleman's Agreement,anger,-0.5,0.0,-0.5,noun,reported,anger,-0.666,0.73,0.314,0.16600000000000004,-0.73,-0.8140000000000001,0.7486360931721099,1.1059168142315225
7,23,female,15,2.0,3.0,4.0,Psycho,fear,-0.5,0.0,0.5,noun,reported,fear,-0.854,0.68,-0.414,0.354,-0.68,0.9139999999999999,0.7666263757528827,1.1929425803449216
7,23,female,16,4.0,3.0,2.0,The Bourne Identity,excitement,0.5,0.0,-0.5,noun,reported,excitement,0.792,0.368,0.462,-0.29200000000000004,-0.368,-0.962,0.4697744139478011,1.0705755461432882
7,23,female,17,1.0,4.0,5.0,The Shawshank Redemption,sadness,-1.0,0.5,1.0,noun,reported,sadness,-0.896,-0.424,-0.672,-0.10399999999999998,0.9239999999999999,1.6720000000000002,0.9298343938573147,1.9131586447547941
7,23,female,18,2.0,3.0,3.0,The Departed,surprise,-0.5,0.0,0.0,noun,reported,surprise,0.75,0.75,0.124,-1.25,-0.75,-0.124,1.4577379737113252,1.4630023923425415
8,29,male,1,2.0,2.0,3.0,Searching for Bobby Fischer,calmness,-0.5,-0.5,0.0,noun,reported,calmness,0.868,-0.895,-0.199,-1.3679999999999999,0.395,0.199,1.4238851779550203,1.4377238956072198
8,29,male,2,3.0,4.0,3.0,D.O.A.,surprise,0.0,0.5,0.0,noun,reported,surprise,0.75,0.75,0.124,-0.75,-0.25,-0.124,0.7905694150420949,0.8002349654945102
8,29,male,3,4.0,3.0,3.0,The Hangover,amusement,0.5,0.0,0.0,noun,reported,amusement,0.858,0.674,0.606,-0.358,-0.674,-0.606,0.7631775678045052,0.9745132118139805
8,29,male,4,3.0,4.0,4.0,The Ring,fear,0.0,0.5,0.5,noun,reported,fear,-0.854,0.68,-0.414,0.854,-0.18000000000000005,0.9139999999999999,0.872763427281414,1.263768966227609
8,29,male,5,3.0,2.0,2.0,300,excitement,0.0,-0.5,-0.5,noun,reported,excitement,0.792,0.368,0.462,-0.792,-0.868,-0.962,1.1750268082048172,1.518595403654311
8,29,male,6,5.0,4.0,4.0,National Lampoon's Van Wilder,disgust,1.0,0.5,0.5,noun,reported,disgust,-0.896,0.55,-0.366,1.896,-0.050000000000000044,0.866,1.8966591681164013,2.0850112709527493
8,29,male,7,3.0,1.0,2.0,Wall-E,happiness,0.0,-1.0,-0.5,noun,reported,happiness,0.92,0.464,0.7,-0.92,-1.464,-1.2,1.72907374047494,2.1046842993665345
8,29,male,8,2.0,3.0,3.0,Crash,anger,-0.5,0.0,0.0,noun,reported,anger,-0.666,0.73,0.314,0.16600000000000004,-0.73,-0.314,0.7486360931721099,0.8118201771328426
8,29,male,9,1.0,3.0,4.0,My Girl,sadness,-1.0,0.0,0.5,noun,reported,sadness,-0.896,-0.424,-0.672,-0.10399999999999998,0.424,1.1720000000000002,0.43656843678855206,1.2506702203218882
8,29,male,10,4.0,3.0,3.0,The Fly,disgust,0.5,0.0,0.0,noun,reported,disgust,-0.896,0.55,-0.366,1.396,-0.55,0.366,1.500438602542603,1.5444325818888953
8,29,male,11,4.0,2.0,3.0,Pride and Prejudice,calmness,0.5,-0.5,0.0,noun,reported,calmness,0.868,-0.895,-0.199,-0.368,0.395,0.199,0.5398601670803284,0.5753694465297927
8,29,male,12,3.0,2.0,2.0,Modern Times,amusement,0.0,-0.5,-0.5,noun,reported,amusement,0.858,0.674,0.606,-0.858,-1.174,-1.1059999999999999,1.45411141251281,1.8269307594980164
8,29,male,13,5.0,5.0,5.0,Remember the Titans,happiness,1.0,1.0,1.0,noun,reported,happiness,0.92,0.464,0.7,0.07999999999999996,0.536,0.30000000000000004,0.5419372657420783,0.6194319978819306
8,29,male,14,3.0,1.0,2.0,Gentleman's Agreement,anger,0.0,-1.0,-0.5,noun,reported,anger,-0.666,0.73,0.314,0.666,-1.73,-0.8140000000000001,1.8537680545310948,2.0246115676840337
8,29,male,15,3.0,3.0,3.0,Psycho,fear,0.0,0.0,0.0,noun,reported,fear,-0.854,0.68,-0.414,0.854,-0.68,0.414,1.0916574554318768,1.1675238755588684
8,29,male,16,4.0,3.0,3.0,The Bourne Identity,excitement,0.5,0.0,0.0,noun,reported,excitement,0.792,0.368,0.462,-0.29200000000000004,-0.368,-0.462,0.4697744139478011,0.6588869402257113
8,29,male,17,2.0,3.0,3.0,The Shawshank Redemption,sadness,-0.5,0.0,0.0,noun,reported,sadness,-0.896,-0.424,-0.672,0.396,0.424,0.672,0.5801654936309122,0.8877927686121351
8,29,male,18,3.0,4.0,3.0,The Departed,surprise,0.0,0.5,0.0,noun,reported,surprise,0.75,0.75,0.124,-0.75,-0.25,-0.124,0.7905694150420949,0.8002349654945102
9,31,female,1,3.0,2.0,2.0,Searching for Bobby Fischer,calmness,0.0,-0.5,-0.5,noun,reported,calmness,0.868,-0.895,-0.199,-0.868,0.395,-0.301,0.9536503552141109,1.0000249996875077
9,31,female,2,4.0,4.0,3.0,D.O.A.,surprise,0.5,0.5,0.0,noun,reported,surprise,0.75,0.75,0.124,-0.25,-0.25,-0.124,0.3535533905932738,0.3746678529044092
9,31,female,3,5.0,5.0,4.0,The Hangover,amusement,1.0,1.0,0.5,noun,reported,amusement,0.858,0.674,0.606,0.14200000000000002,0.32599999999999996,-0.10599999999999998,0.3555840266378679,0.3710471668130616
9,31,female,4,2.0,4.0,4.0,The Ring,fear,-0.5,0.5,0.5,noun,reported,fear,-0.854,0.68,-0.414,0.354,-0.18000000000000005,0.9139999999999999,0.3971347378409499,0.9965500489187684
9,31,female,5,4.0,4.0,4.0,300,excitement,0.5,0.5,0.5,noun,reported,excitement,0.792,0.368,0.462,-0.29200000000000004,0.132,0.03799999999999998,0.32044968403791574,0.3226949023458537
9,31,female,6,1.0,4.0,5.0,National Lampoon's Van Wilder,disgust,-1.0,0.5,1.0,noun,reported,disgust,-0.896,0.55,-0.366,-0.10399999999999998,-0.050000000000000044,1.366,0.11539497389401325,1.3708654200905355
9,31,female,7,5.0,4.0,4.0,Wall-E,happiness,1.0,0.5,0.5,noun,reported,happiness,0.92,0.464,0.7,0.07999999999999996,0.035999999999999976,-0.19999999999999996,0.08772684879784519,0.2183941391154991
9,31,female,8,3.0,3.0,3.0,Crash,anger,0.0,0.0,0.0,noun,reported,anger,-0.666,0.73,0.314,0.666,-0.73,-0.314,0.9881578821220828,1.0368471439898939
9,31,female,9,1.0,5.0,5.0,My Girl,sadness,-1.0,1.0,1.0,noun,reported,sadness,-0.896,-0.424,-0.672,-0.10399999999999998,1.424,1.6720000000000002,1.4277927020404608,2.198675965211791
9,31,female,10,2.0,4.0,4.0,The Fly,disgust,-0.5,0.5,0.5,noun,reported,disgust,-0.896,0.55,-0.366,0.396,-0.050000000000000044,0.866,0.3991440842603082,0.9535575493907014
9,31,female,11,4.0,3.0,3.0,Pride and Prejudice,calmness,0.5,0.0,0.0,noun,reported,calmness,0.868,-0.895,-0.199,-0.368,0.895,0.199,0.9677029502900154,0.9879524280045067
9,31,female,12,4.0,3.0,3.0,Modern Times,amusement,0.5,0.0,0.0,noun,reported,amusement,0.858,0.674,0.606,-0.358,-0.674,-0.606,0.7631775678045052,0.9745132118139805
9,31,female,13,4.0,4.0,4.0,Remember the Titans,happiness,0.5,0.5,0.5,noun,reported,happiness,0.92,0.464,0.7,-0.42000000000000004,0.035999999999999976,-0.19999999999999996,0.4215400336860071,0.46657903939204126
9,31,female,14,3.0,3.0,3.0,Gentleman's Agreement,anger,0.0,0.0,0.0,noun,reported,anger,-0.666,0.73,0.314,0.666,-0.73,-0.314,0.9881578821220828,1.0368471439898939
9,31,female,15,3.0,4.0,4.0,Psycho,fear,0.0,0.5,0.5,noun,reported,fear,-0.854,0.68,-0.414,0.854,-0.18000000000000005,0.9139999999999999,0.872763427281414,1.263768966227609
9,31,female,16,4.0,4.0,4.0,The Bourne Identity,excitement,0.5,0.5,0.5,noun,reported,excitement,0.792,0.368,0.462,-0.29200000000000004,0.132,0.03799999999999998,0.32044968403791574,0.3226949023458537
9,31,female,17,2.0,4.0,4.0,The Shawshank Redemption,sadness,-0.5,0.5,0.5,noun,reported,sadness,-0.896,-0.424,-0.672,0.396,0.9239999999999999,1.1720000000000002,1.0052820499740358,1.5440777182512544
9,31,female,18,3.0,4.0,4.0,The Departed,surprise,0.0,0.5,0.5,noun,reported,surprise,0.75,0.75,0.124,-0.75,-0.25,0.376,0.7905694150420949,0.8754290376723861
10,24,male,1,4.0,1.0,2.0,Searching for Bobby Fischer,calmness,0.5,-1.0,-0.5,noun,reported,calmness,0.868,-0.895,-0.199,-0.368,-0.10499999999999998,-0.301,0.3826865558129786,0.4868778080791935
10,24,male,2,3.0,2.0,3.0,D.O.A.,surprise,0.0,-0.5,0.0,noun,reported,surprise,0.75,0.75,0.124,-0.75,-1.25,-0.124,1.4577379737113252,1.4630023923425415
10,24,male,3,5.0,3.0,4.0,The Hangover,amusement,1.0,0.0,0.5,noun,reported,amusement,0.858,0.674,0.606,0.14200000000000002,-0.674,-0.10599999999999998,0.6887960510920487,0.6969045845738139
10,24,male,4,4.0,5.0,5.0,The Ring,fear,0.5,1.0,1.0,noun,reported,fear,-0.854,0.68,-0.414,1.354,0.31999999999999995,1.414,1.3913001114065937,1.983711672597608
10,24,male,5,5.0,5.0,5.0,300,excitement,1.0,1.0,1.0,noun,reported,excitement,0.792,0.368,0.462,0.20799999999999996,0.632,0.538,0.665348029229816,0.8556471235269829
10,24,male,6,4.0,4.0,3.0,National Lampoon's Van Wilder,disgust,0.5,0.5,0.0,noun,reported,disgust,-0.896,0.55,-0.366,1.396,-0.050000000000000044,0.366,1.3968951284903244,1.4440470906448999
10,24,male,7,5.0,4.0,4.0,Wall-E,happiness,1.0,0.5,0.5,noun,reported,happiness,0.92,0.464,0.7,0.07999999999999996,0.035999999999999976,-0.19999999999999996,0.08772684879784519,0.2183941391154991
10,24,male,8,1.0,3.0,4.0,Crash,anger,-1.0,0.0,0.5,noun,reported,anger,-0.666,0.73,0.314,-0.33399999999999996,-0.73,0.186,0.8027801691621436,0.8240461152144338
10,24,male,9,1.0,2.0,3.0,My Girl,sadness,-1.0,-0.5,0.0,noun,reported,sadness,-0.896,-0.424,-0.672,-0.10399999999999998,-0.07600000000000001,0.672,0.12880993750483694,0.6842338781440159
10,24,male,10,4.0,2.0,3.0,The Fly,disgust,0.5,-0.5,0.0,noun,reported,disgust,-0.896,0.55,-0.366,1.396,-1.05,0.366,1.7468016487283264,1.7847330332573552
10,24,male,11,5.0,1.0,1.0,Pride and Prejudice,calmness,1.0,-1.0,-1.0,noun,reported,calmness,0.868,-0.895,-0.199,0.132,-0.10499999999999998,-0.8009999999999999,0.16866831356244716,0.8185658189785351
10,24,male,12,4.0,2.0,2.0,Modern Times,amusement,0.5,-0.5,-0.5,noun,reported,amusement,0.858,0.674,0.606,-0.358,-1.174,-1.1059999999999999,1.227371174502644,1.6521731144162828
10,24,male,13,5.0,4.0,4.0,Remember the Titans,happiness,1.0,0.5,0.5,noun,reported,happiness,0.92,0.464,0.7,0.07999999999999996,0.035999999999999976,-0.19999999999999996,0.08772684879784519,0.2183941391154991
10,24,male,14,2.0,2.0,3.0,Gentleman's Agreement,anger,-0.5,-0.5,0.0,noun,reported,anger,-0.666,0.73,0.314,0.16600000000000004,-1.23,-0.314,1.2411510786362794,1.2802546621668673
10,24,male,15,3.0,2.0,2.0,Psycho,fear,0.0,-0.5,-0.5,noun,reported,fear,-0.854,0.68,-0.414,0.854,-1.1800000000000002,-0.08600000000000002,1.456611135478512,1.4591476964310364
10,24,male,16,4.0,5.0,4.0,The Bourne Identity,excitement,0.5,1.0,0.5,noun,reported,excitement,0.792,0.368,0.462,-0.29200000000000004,0.632,0.03799999999999998,0.6961953748769091,0.6972316688160399
10,24,male,17,1.0,2.0,3.0,The Shawshank Redemption,sadness,-1.0,-0.5,0.0,noun,reported,sadness,-0.896,-0.424,-0.672,-0.10399999999999998,-0.07600000000000001,0.672,0.12880993750483694,0.6842338781440159
10,24,male,18,4.0,5.0,4.0,The Departed,surprise,0.5,1.0,0.5,noun,reported,surprise,0.75,0.75,0.124,-0.25,0.25,0.376,0.3535533905932738,0.5161162659711472
11,26,male,1,2.0,3.0,1.0,Searching for Bobby Fischer,calmness,-0.5,0.0,-1.0,noun,reported,calmness,0.868,-0.895,-0.199,-1.3679999999999999,0.895,-0.8009999999999999,1.6347626739071333,1.8204532402673792
11,26,male,2,2.0,4.0,4.0,D.O.A.,surprise,-0.5,0.5,0.5,noun,reported,surprise,0.75,0.75,0.124,-1.25,-0.25,0.376,1.2747548783981961,1.3290507890972414
11,26,male,3,5.0,4.0,4.0,The Hangover,amusement,1.0,0.5,0.5,noun,reported,amusement,0.858,0.674,0.606,0.14200000000000002,-0.17400000000000004,-0.10599999999999998,0.22458851261807675,0.2483465320877262
11,26,male,4,2.0,5.0,5.0,The Ring,fear,-0.5,1.0,1.0,noun,reported,fear,-0.854,0.68,-0.414,0.354,0.31999999999999995,1.414,0.47719597651279494,1.4923511651082662
11,26,male,5,5.0,4.0,5.0,300,excitement,1.0,0.5,1.0,noun,reported,excitement,0.792,0.368,0.462,0.20799999999999996,0.132,0.538,0.24634934544260512,0.5917195281550204
11,26,male,6,1.0,3.0,5.0,National Lampoon's Van Wilder,disgust,-1.0,0.0,1.0,noun,reported,disgust,-0.896,0.55,-0.366,-0.10399999999999998,-0.55,1.366,0.559746371136071,1.476235753529903
11,26,male,7,5.0,2.0,4.0,Wall-E,happiness,1.0,-0.5,0.5,noun,reported,happiness,0.92,0.464,0.7,0.07999999999999996,-0.964,-0.19999999999999996,0.967313806373092,0.9877732533329701
11,26,male,8,1.0,4.0,4.0,Crash,anger,-1.0,0.5,0.5,noun,reported,anger,-0.666,0.73,0.314,-0.33399999999999996,-0.22999999999999998,0.186,0.40553174968182204,0.4461524403160874
11,26,male,9,1.0,2.0,2.0,My Girl,sadness,-1.0,-0.5,-0.5,noun,reported,sadness,-0.896,-0.424,-0.672,-0.10399999999999998,-0.07600000000000001,0.17200000000000004,0.12880993750483694,0.2148860162970127
11,26,male,10,1.0,5.0,5.0,The Fly,disgust,-1.0,1.0,1.0,noun,reported,disgust,-0.896,0.55,-0.366,-0.10399999999999998,0.44999999999999996,1.366,0.461861451086795,1.4419680995084463
11,26,male,11,5.0,2.0,3.0,Pride and Prejudice,calmness,1.0,-0.5,0.0,noun,reported,calmness,0.868,-0.895,-0.199,0.132,0.395,0.199,0.41647208790025775,0.46157339611377085
11,26,male,12,4.0,2.0,3.0,Modern Times,amusement,0.5,-0.5,0.0,noun,reported,amusement,0.858,0.674,0.606,-0.358,-1.174,-0.606,1.227371174502644,1.3688228519425
11,26,male,13,5.0,4.0,4.0,Remember the Titans,happiness,1.0,0.5,0.5,noun,reported,happiness,0.92,0.464,0.7,0.07999999999999996,0.035999999999999976,-0.19999999999999996,0.08772684879784519,0.2183941391154991
11,26,male,14,2.0,2.0,2.0,Gentleman's Agreement,anger,-0.5,-0.5,-0.5,noun,reported,anger,-0.666,0.73,0.314,0.16600000000000004,-1.23,-0.8140000000000001,1.2411510786362794,1.4842681698399383
11,26,male,15,3.0,3.0,3.0,Psycho,fear,0.0,0.0,0.0,noun,reported,fear,-0.854,0.68,-0.414,0.854,-0.68,0.414,1.0916574554318768,1.1675238755588684
11,26,male,16,3.0,2.0,4.0,The Bourne Identity,excitement,0.0,-0.5,0.5,noun,reported,excitement,0.792,0.368,0.462,-0.792,-0.868,0.03799999999999998,1.1750268082048172,1.1756411016972825
11,26,male,17,1.0,3.0,5.0,The Shawshank Redemption,sadness,-1.0,0.0,1.0,noun,reported,sadness,-0.896,-0.424,-0.672,-0.10399999999999998,0.424,1.6720000000000002,0.43656843678855206,1.7280555546625231
11,26,male,18,3.0,3.0,2.0,The Departed,surprise,0.0,0.0,-0.5,noun,reported,surprise,0.75,0.75,0.124,-0.75,-0.75,-0.624,1.0606601717798212,1.2305998537298792
12,25,male,1,4.0,2.0,3.0,Searching for Bobby Fischer,calmness,0.5,-0.5,0.0,noun,reported,calmness,0.868,-0.895,-0.199,-0.368,0.395,0.199,0.5398601670803284,0.5753694465297927
12,25,male,2,3.0,2.0,2.0,D.O.A.,surprise,0.0,-0.5,-0.5,noun,reported,surprise,0.75,0.75,0.124,-0.75,-1.25,-0.624,1.4577379737113252,1.5856784037124299
12,25,male,3,5.0,2.0,3.0,The Hangover,amusement,1.0,-0.5,0.0,noun,reported,amusement,0.858,0.674,0.606,0.14200000000000002,-1.174,-0.606,1.182556552558904,1.3287874171589675
12,25,male,4,3.0,4.0,4.0,The Ring,fear,0.0,0.5,0.5,noun,reported,fear,-0.854,0.68,-0.414,0.854,-0.18000000000000005,0.9139999999999999,0.872763427281414,1.263768966227609
12,25,male,5,4.0,3.0,3.0,300,excitement,0.5,0.0,0.0,noun,reported,excitement,0.792,0.368,0.462,-0.29200000000000004,-0.368,-0.462,0.4697744139478011,0.6588869402257113
12,25,male,6,4.0,4.0,3.0,National Lampoon's Van Wilder,disgust,0.5,0.5,0.0,noun,reported,disgust,-0.896,0.55,-0.366,1.396,-0.050000000000000044,0.366,1.3968951284903244,1.4440470906448999
12,25,male,7,5.0,4.0,4.0,Wall-E,happiness,1.0,0.5,0.5,noun,reported,happiness,0.92,0.464,0.7,0.07999999999999996,0.035999999999999976,-0.19999999999999996,0.08772684879784519,0.2183941391154991
12,25,male,8,2.0,4.0,4.0,Crash,anger,-0.5,0.5,0.5,noun,reported,anger,-0.666,0.73,0.314,0.16600000000000004,-0.22999999999999998,0.186,0.2836476687723698,0.3391931603084001
12,25,male,9,1.0,4.0,4.0,My Girl,sadness,-1.0,0.5,0.5,noun,reported,sadness,-0.896,-0.424,-0.672,-0.10399999999999998,0.9239999999999999,1.1720000000000002,0.9298343938573147,1.4960534749800891
12,25,male,10,2.0,4.0,3.0,The Fly,disgust,-0.5,0.5,0.0,noun,reported,disgust,-0.896,0.55,-0.366,0.396,-0.050000000000000044,0.366,0.3991440842603082,0.5415459352631132
12,25,male,11,5.0,3.0,3.0,Pride and Prejudice,calmness,1.0,0.0,0.0,noun,reported,calmness,0.868,-0.895,-0.199,0.132,0.895,0.199,0.904681711984939,0.9263098833543773
12,25,male,12,4.0,3.0,3.0,Modern Times,amusement,0.5,0.0,0.0,noun,reported,amusement,0.858,0.674,0.606,-0.358,-0.674,-0.606,0.7631775678045052,0.9745132118139805
12,25,male,13,5.0,4.0,4.0,Remember the Titans,happiness,1.0,0.5,0.5,noun,reported,happiness,0.92,0.464,0.7,0.07999999999999996,0.035999999999999976,-0.19999999999999996,0.08772684879784519,0.2183941391154991
12,25,male,14,3.0,2.0,2.0,Gentleman's Agreement,anger,0.0,-0.5,-0.5,noun,reported,anger,-0.666,0.73,0.314,0.666,-1.23,-0.8140000000000001,1.398733713041907,1.6183485409515466
12,25,male,15,2.0,4.0,3.0,Psycho,fear,-0.5,0.5,0.0,noun,reported,fear,-0.854,0.68,-0.414,0.354,-0.18000000000000005,0.414,0.3971347378409499,0.573682839206473
12,25,male,16,5.0,3.0,4.0,The Bourne Identity,excitement,1.0,0.0,0.5,noun,reported,excitement,0.792,0.368,0.462,0.20799999999999996,-0.368,0.03799999999999998,0.42271503403593297,0.4244196036942685
12,25,male,17,1.0,3.0,4.0,The Shawshank Redemption,sadness,-1.0,0.0,0.5,noun,reported,sadness,-0.896,-0.424,-0.672,-0.10399999999999998,0.424,1.1720000000000002,0.43656843678855206,1.2506702203218882
12,25,male,18,3.0,3.0,3.0,The Departed,surprise,0.0,0.0,0.0,noun,reported,surprise,0.75,0.75,0.124,-0.75,-0.75,-0.124,1.0606601717798212,1.0678838888193791
13,28,male,1,4.0,3.0,2.0,Searching for Bobby Fischer,calmness,0.5,0.0,-0.5,noun,reported,calmness,0.868,-0.895,-0.199,-0.368,0.895,-0.301,0.9677029502900154,1.0134347536965564
13,28,male,2,4.0,3.0,3.0,D.O.A.,surprise,0.5,0.0,0.0,noun,reported,surprise,0.75,0.75,0.124,-0.25,-0.75,-0.124,0.7905694150420949,0.8002349654945102
13,28,male,3,5.0,4.0,5.0,The Hangover,amusement,1.0,0.5,1.0,noun,reported,amusement,0.858,0.674,0.606,0.14200000000000002,-0.17400000000000004,0.394,0.22458851261807675,0.45351515961431765
13,28,male,4,4.0,4.0,5.0,The Ring,fear,0.5,0.5,1.0,noun,reported,fear,-0.854,0.68,-0.414,1.354,-0.18000000000000005,1.414,1.3659121494444657,1.9659888097341753
13,28,male,5,4.0,4.0,4.0,300,excitement,0.5,0.5,0.5,noun,reported,excitement,0.792,0.368,0.462,-0.29200000000000004,0.132,0.03799999999999998,0.32044968403791574,0.3226949023458537
13,28,male,6,2.0,5.0,4.0,National Lampoon's Van Wilder,disgust,-0.5,1.0,0.5,noun,reported,disgust,-0.896,0.55,-0.366,0.396,0.44999999999999996,0.866,0.5994297289924816,1.0532198251077503
13,28,male,7,4.0,3.0,3.0,Wall-E,happiness,0.5,0.0,0.0,noun,reported,happiness,0.92,0.464,0.7,-0.42000000000000004,-0.464,-0.7,0.6258562135187283,0.9389866878715587
13,28,male,8,1.0,4.0,5.0,Crash,anger,-1.0,0.5,1.0,noun,reported,anger,-0.666,0.73,0.314,-0.33399999999999996,-0.22999999999999998,0.6859999999999999,0.40553174968182204,0.796901499559387
13,28,male,9,2.0,3.0,3.0,My Girl,sadness,-0.5,0.0,0.0,noun,reported,sadness,-0.896,-0.424,-0.672,0.396,0.424,0.672,0.5801654936309122,0.8877927686121351
13,28,male,10,2.0,4.0,4.0,The Fly,disgust,-0.5,0.5,0.5,noun,reported,disgust,-0.896,0.55,-0.366,0.396,-0.050000000000000044,0.866,0.3991440842603082,0.9535575493907014
13,28,male,11,3.0,2.0,2.0,Pride and Prejudice,calmness,0.0,-0.5,-0.5,noun,reported,calmness,0.868,-0.895,-0.199,-0.868,0.395,-0.301,0.9536503552141109,1.0000249996875077
13,28,male,12,4.0,3.0,2.0,Modern Times,amusement,0.5,0.0,-0.5,noun,reported,amusement,0.858,0.674,0.606,-0.358,-0.674,-1.1059999999999999,0.7631775678045052,1.3437544418531235
13,28,male,13,4.0,4.0,4.0,Remember the Titans,happiness,0.5,0.5,0.5,noun,reported,happiness,0.92,0.464,0.7,-0.42000000000000004,0.035999999999999976,-0.19999999999999996,0.4215400336860071,0.46657903939204126
13,28,male,14,3.0,2.0,2.0,Gentleman's Agreement,anger,0.0,-0.5,-0.5,noun,reported,anger,-0.666,0.73,0.314,0.666,-1.23,-0.8140000000000001,1.398733713041907,1.6183485409515466
13,28,male,15,3.0,3.0,4.0,Psycho,fear,0.0,0.0,0.5,noun,reported,fear,-0.854,0.68,-0.414,0.854,-0.68,0.9139999999999999,1.0916574554318768,1.4237668348434023
13,28,male,16,4.0,3.0,3.0,The Bourne Identity,excitement,0.5,0.0,0.0,noun,reported,excitement,0.792,0.368,0.462,-0.29200000000000004,-0.368,-0.462,0.4697744139478011,0.6588869402257113
13,28,male,17,2.0,3.0,4.0,The Shawshank Redemption,sadness,-0.5,0.0,0.5,noun,reported,sadness,-0.896,-0.424,-0.672,0.396,0.424,1.1720000000000002,0.5801654936309122,1.307736976612652
13,28,male,18,4.0,5.0,5.0,The Departed,surprise,0.5,1.0,1.0,noun,reported,surprise,0.75,0.75,0.124,-0.25,0.25,0.876,0.3535533905932738,0.9446565513455141
14,25,male,1,3.0,2.0,2.0,Searching for Bobby Fischer,calmness,0.0,-0.5,-0.5,noun,reported,calmness,0.868,-0.895,-0.199,-0.868,0.395,-0.301,0.9536503552141109,1.0000249996875077
14,25,male,2,4.0,2.0,2.0,D.O.A.,surprise,0.5,-0.5,-0.5,noun,reported,surprise,0.75,0.75,0.124,-0.25,-1.25,-0.624,1.2747548783981961,1.4192871450132984
14,25,male,3,5.0,5.0,4.0,The Hangover,amusement,1.0,1.0,0.5,noun,reported,amusement,0.858,0.674,0.606,0.14200000000000002,0.32599999999999996,-0.10599999999999998,0.3555840266378679,0.3710471668130616
14,25,male,4,2.0,3.0,3.0,The Ring,fear,-0.5,0.0,0.0,noun,reported,fear,-0.854,0.68,-0.414,0.354,-0.68,0.414,0.7666263757528827,0.8712703369218994
14,25,male,5,4.0,4.0,4.0,300,excitement,0.5,0.5,0.5,noun,reported,excitement,0.792,0.368,0.462,-0.29200000000000004,0.132,0.03799999999999998,0.32044968403791574,0.3226949023458537
14,25,male,6,5.0,5.0,5.0,National Lampoon's Van Wilder,disgust,1.0,1.0,1.0,noun,reported,disgust,-0.896,0.55,-0.366,1.896,0.44999999999999996,1.366,1.9486703158820888,2.3797630134112095
14,25,male,7,4.0,4.0,4.0,Wall-E,happiness,0.5,0.5,0.5,noun,reported,happiness,0.92,0.464,0.7,-0.42000000000000004,0.035999999999999976,-0.19999999999999996,0.4215400336860071,0.46657903939204126
14,25,male,8,1.0,4.0,4.0,Crash,anger,-1.0,0.5,0.5,noun,reported,anger,-0.666,0.73,0.314,-0.33399999999999996,-0.22999999999999998,0.186,0.40553174968182204,0.4461524403160874
14,25,male,9,1.0,3.0,3.0,My Girl,sadness,-1.0,0.0,0.0,noun,reported,sadness,-0.896,-0.424,-0.672,-0.10399999999999998,0.424,0.672,0.43656843678855206,0.8013588459610339
14,25,male,10,3.0,3.0,3.0,The Fly,disgust,0.0,0.0,0.0,noun,reported,disgust,-0.896,0.55,-0.366,0.896,-0.55,0.366,1.0513400972092715,1.1132259429244362
14,25,male,11,4.0,2.0,4.0,Pride and Prejudice,calmness,0.5,-0.5,0.5,noun,reported,calmness,0.868,-0.895,-0.199,-0.368,0.395,0.6990000000000001,0.5398601670803284,0.8832043931050163
14,25,male,12,3.0,1.0,2.0,Modern Times,amusement,0.0,-1.0,-0.5,noun,reported,amusement,0.858,0.674,0.606,-0.858,-1.674,-1.1059999999999999,1.8810741612174677,2.1821264857931584
14,25,male,13,5.0,3.0,3.0,Remember the Titans,happiness,1.0,0.0,0.0,noun,reported,happiness,0.92,0.464,0.7,0.07999999999999996,-0.464,-0.7,0.47084604702598915,0.843620767880924
14,25,male,14,1.0,2.0,2.0,Gentleman's Agreement,anger,-1.0,-0.5,-0.5,noun,reported,anger,-0.666,0.73,0.314,-0.33399999999999996,-1.23,-0.8140000000000001,1.2745414861823838,1.5123002347417658
14,25,male,15,3.0,1.0,2.0,Psycho,fear,0.0,-1.0,-0.5,noun,reported,fear,-0.854,0.68,-0.414,0.854,-1.6800000000000002,-0.08600000000000002,1.8845996922423607,1.8865608922057089
14,25,male,16,4.0,2.0,2.0,The Bourne Identity,excitement,0.5,-0.5,-0.5,noun,reported,excitement,0.792,0.368,0.462,-0.29200000000000004,-0.868,-0.962,0.9157991046075553,1.328206309275784
14,25,male,17,2.0,2.0,2.0,The Shawshank Redemption,sadness,-0.5,-0.5,-0.5,noun,reported,sadness,-0.896,-0.424,-0.672,0.396,-0.07600000000000001,0.17200000000000004,0.40322698322408934,0.43837883160572433
14,25,male,18,3.0,4.0,3.0,The Departed,surprise,0.0,0.5,0.0,noun,reported,surprise,0.75,0.75,0.124,-0.75,-0.25,-0.124,0.7905694150420949,0.8002349654945102
15,29,male,1,3.0,2.0,4.0,Searching for Bobby Fischer,calmness,0.0,-0.5,0.5,noun,reported,calmness,0.868,-0.895,-0.199,-0.868,0.395,0.6990000000000001,0.9536503552141109,1.1823916440841418
15,29,male,2,2.0,2.0,3.0,D.O.A.,surprise,-0.5,-0.5,0.0,noun,reported,surprise,0.75,0.75,0.124,-1.25,-1.25,-0.124,1.7677669529663689,1.7721106060288674
15,29,male,3,5.0,4.0,5.0,The Hangover,amusement,1.0,0.5,1.0,noun,reported,amusement,0.858,0.674,0.606,0.14200000000000002,-0.17400000000000004,0.394,0.22458851261807675,0.45351515961431765
15,29,male,4,1.0,4.0,4.0,The Ring,fear,-1.0,0.5,0.5,noun,reported,fear,-0.854,0.68,-0.414,-0.14600000000000002,-0.18000000000000005,0.9139999999999999,0.23176712450216064,0.9429273566929744
15,29,male,5,2.0,4.0,4.0,300,excitement,-0.5,0.5,0.5,noun,reported,excitement,0.792,0.368,0.462,-1.292,0.132,0.03799999999999998,1.2987255291246107,1.2992813398182859
15,29,male,6,3.0,4.0,4.0,National Lampoon's Van Wilder,disgust,0.0,0.5,0.5,noun,reported,disgust,-0.896,0.55,-0.366,0.896,-0.050000000000000044,0.866,0.897394004883028,1.2471054486289441
15,29,male,7,4.0,3.0,5.0,Wall-E,happiness,0.5,0.0,1.0,noun,reported,happiness,0.92,0.464,0.7,-0.42000000000000004,-0.464,0.30000000000000004,0.6258562135187283,0.694043226319514
15,29,male,8,3.0,4.0,5.0,Crash,anger,0.0,0.5,1.0,noun,reported,anger,-0.666,0.73,0.314,0.666,-0.22999999999999998,0.6859999999999999,0.7045963383384845,0.98338802107815
15,29,male,9,1.0,2.0,4.0,My Girl,sadness,-1.0,-0.5,0.5,noun,reported,sadness,-0.896,-0.424,-0.672,-0.10399999999999998,-0.07600000000000001,1.1720000000000002,0.12880993750483694,1.1790572505183963
15,29,male,10,1.0,4.0,5.0,The Fly,disgust,-1.0,0.5,1.0,noun,reported,disgust,-0.896,0.55,-0.366,-0.10399999999999998,-0.050000000000000044,1.366,0.11539497389401325,1.3708654200905355
15,29,male,11,3.0,1.0,3.0,Pride and Prejudice,calmness,0.0,-1.0,0.0,noun,reported,calmness,0.868,-0.895,-0.199,-0.868,-0.10499999999999998,0.199,0.8743277417536286,0.8966883516584789
15,29,male,12,4.0,3.0,4.0,Modern Times,amusement,0.5,0.0,0.5,noun,reported,amusement,0.858,0.674,0.606,-0.358,-0.674,-0.10599999999999998,0.7631775678045052,0.7705037313342487
15,29,male,13,4.0,3.0,3.0,Remember the Titans,happiness,0.5,0.0,0.0,noun,reported,happiness,0.92,0.464,0.7,-0.42000000000000004,-0.464,-0.7,0.6258562135187283,0.9389866878715587
15,29,male,14,2.0,3.0,4.0,Gentleman's Agreement,anger,-0.5,0.0,0.5,noun,reported,anger,-0.666,0.73,0.314,0.16600000000000004,-0.73,0.186,0.7486360931721099,0.7713961368842859
15,29,male,15,1.0,4.0,4.0,Psycho,fear,-1.0,0.5,0.5,noun,reported,fear,-0.854,0.68,-0.414,-0.14600000000000002,-0.18000000000000005,0.9139999999999999,0.23176712450216064,0.9429273566929744
15,29,male,16,4.0,5.0,4.0,The Bourne Identity,excitement,0.5,1.0,0.5,noun,reported,excitement,0.792,0.368,0.462,-0.29200000000000004,0.632,0.03799999999999998,0.6961953748769091,0.6972316688160399
15,29,male,17,1.0,2.0,3.0,The Shawshank Redemption,sadness,-1.0,-0.5,0.0,noun,reported,sadness,-0.896,-0.424,-0.672,-0.10399999999999998,-0.07600000000000001,0.672,0.12880993750483694,0.6842338781440159
15,29,male,18,2.0,5.0,5.0,The Departed,surprise,-0.5,1.0,1.0,noun,reported,surprise,0.75,0.75,0.124,-1.25,0.25,0.876,1.2747548783981961,1.5467307457990225
16,28,female,1,2.0,2.0,2.0,Searching for Bobby Fischer,calmness,-0.5,-0.5,-0.5,noun,reported,calmness,0.868,-0.895,-0.199,-1.3679999999999999,0.395,-0.301,1.4238851779550203,1.455352191052049
16,28,female,2,2.0,1.0,1.0,D.O.A.,surprise,-0.5,-1.0,-1.0,noun,reported,surprise,0.75,0.75,0.124,-1.25,-1.75,-1.124,2.1505813167606567,2.4265976180652613
16,28,female,3,5.0,4.0,5.0,The Hangover,amusement,1.0,0.5,1.0,noun,reported,amusement,0.858,0.674,0.606,0.14200000000000002,-0.17400000000000004,0.394,0.22458851261807675,0.45351515961431765
16,28,female,4,2.0,5.0,5.0,The Ring,fear,-0.5,1.0,1.0,noun,reported,fear,-0.854,0.68,-0.414,0.354,0.31999999999999995,1.414,0.47719597651279494,1.4923511651082662
16,28,female,5,2.0,3.0,3.0,300,excitement,-0.5,0.0,0.0,noun,reported,excitement,0.792,0.368,0.462,-1.292,-0.368,-0.462,1.3433867648596216,1.4206097282505143
16,28,female,6,1.0,4.0,5.0,National Lampoon's Van Wilder,disgust,-1.0,0.5,1.0,noun,reported,disgust,-0.896,0.55,-0.366,-0.10399999999999998,-0.050000000000000044,1.366,0.11539497389401325,1.3708654200905355
16,28,female,7,5.0,4.0,5.0,Wall-E,happiness,1.0,0.5,1.0,noun,reported,happiness,0.92,0.464,0.7,0.07999999999999996,0.035999999999999976,0.30000000000000004,0.08772684879784519,0.31256359352938085
16,28,female,8,1.0,5.0,5.0,Crash,anger,-1.0,1.0,1.0,noun,reported,anger,-0.666,0.73,0.314,-0.33399999999999996,0.27,0.6859999999999999,0.4294834106225757,0.8093528278816352
16,28,female,9,1.0,2.0,3.0,My Girl,sadness,-1.0,-0.5,0.0,noun,reported,sadness,-0.896,-0.424,-0.672,-0.10399999999999998,-0.07600000000000001,0.672,0.12880993750483694,0.6842338781440159
16,28,female,10,2.0,2.0,2.0,The Fly,disgust,-0.5,-0.5,-0.5,noun,reported,disgust,-0.896,0.55,-0.366,0.396,-1.05,-0.134,1.122192496856043,1.130164589783276
16,28,female,11,4.0,3.0,3.0,Pride and Prejudice,calmness,0.5,0.0,0.0,noun,reported,calmness,0.868,-0.895,-0.199,-0.368,0.895,0.199,0.9677029502900154,0.9879524280045067
16,28,female,12,4.0,2.0,2.0,Modern Times,amusement,0.5,-0.5,-0.5,noun,reported,amusement,0.858,0.674,0.606,-0.358,-1.174,-1.1059999999999999,1.227371174502644,1.6521731144162828
16,28,female,13,5.0,4.0,4.0,Remember the Titans,happiness,1.0,0.5,0.5,noun,reported,happiness,0.92,0.464,0.7,0.07999999999999996,0.035999999999999976,-0.19999999999999996,0.08772684879784519,0.2183941391154991
16,28,female,14,3.0,1.0,1.0,Gentleman's Agreement,anger,0.0,-1.0,-1.0,noun,reported,anger,-0.666,0.73,0.314,0.666,-1.73,-1.314,1.8537680545310948,2.2722350230554937
16,28,female,15,2.0,2.0,2.0,Psycho,fear,-0.5,-0.5,-0.5,noun,reported,fear,-0.854,0.68,-0.414,0.354,-1.1800000000000002,-0.08600000000000002,1.231956168051445,1.2349542501647581
16,28,female,16,4.0,4.0,4.0,The Bourne Identity,excitement,0.5,0.5,0.5,noun,reported,excitement,0.792,0.368,0.462,-0.29200000000000004,0.132,0.03799999999999998,0.32044968403791574,0.3226949023458537
16,28,female,17,1.0,3.0,4.0,The Shawshank Redemption,sadness,-1.0,0.0,0.5,noun,reported,sadness,-0.896,-0.424,-0.672,-0.10399999999999998,0.424,1.1720000000000002,0.43656843678855206,1.2506702203218882
16,28,female,18,1.0,4.0,3.0,The Departed,surprise,-1.0,0.5,0.0,noun,reported,surprise,0.75,0.75,0.124,-1.75,-0.25,-0.124,1.7677669529663689,1.7721106060288674
17,26,female,1,2.0,1.0,2.0,Searching for Bobby Fischer,calmness,-0.5,-1.0,-0.5,noun,reported,calmness,0.868,-0.895,-0.199,-1.3679999999999999,-0.10499999999999998,-0.301,1.3720236878421597,1.4046529820564222
17,26,female,2,5.0,2.0,3.0,D.O.A.,surprise,1.0,-0.5,0.0,noun,reported,surprise,0.75,0.75,0.124,0.25,-1.25,-0.124,1.2747548783981961,1.280771642409372
17,26,female,3,4.0,2.0,2.0,The Hangover,amusement,0.5,-0.5,-0.5,noun,reported,amusement,0.858,0.674,0.606,-0.358,-1.174,-1.1059999999999999,1.227371174502644,1.6521731144162828
17,26,female,4,2.0,5.0,4.0,The Ring,fear,-0.5,1.0,0.5,noun,reported,fear,-0.854,0.68,-0.414,0.354,0.31999999999999995,0.9139999999999999,0.47719597651279494,1.0310732272734076
17,26,female,5,1.0,4.0,3.0,300,excitement,-1.0,0.5,0.0,noun,reported,excitement,0.792,0.368,0.462,-1.792,0.132,-0.462,1.7968550303238155,1.8552983587552705
17,26,female,6,2.0,4.0,5.0,National Lampoon's Van Wilder,disgust,-0.5,0.5,1.0,noun,reported,disgust,-0.896,0.55,-0.366,0.396,-0.050000000000000044,1.366,0.3991440842603082,1.4231205149248605
17,26,female,7,5.0,3.0,3.0,Wall-E,happiness,1.0,0.0,0.0,noun,reported,happiness,0.92,0.464,0.7,0.07999999999999996,-0.464,-0.7,0.47084604702598915,0.843620767880924
17,26,female,8,1.0,4.0,5.0,Crash,anger,-1.0,0.5,1.0,noun,reported,anger,-0.666,0.73,0.314,-0.33399999999999996,-0.22999999999999998,0.6859999999999999,0.40553174968182204,0.796901499559387
17,26,female,9,2.0,2.0,5.0,My Girl,sadness,-0.5,-0.5,1.0,noun,reported,sadness,-0.896,-0.424,-0.672,0.396,-0.07600000000000001,1.6720000000000002,0.40322698322408934,1.7199348824882879
17,26,female,10,1.0,3.0,4.0,The Fly,disgust,-1.0,0.0,0.5,noun,reported,disgust,-0.896,0.55,-0.366,-0.10399999999999998,-0.55,0.866,0.559746371136071,1.0311508134118887
17,26,female,11,5.0,1.0,3.0,Pride and Prejudice,calmness,1.0,-1.0,0.0,noun,reported,calmness,0.868,-0.895,-0.199,0.132,-0.10499999999999998,0.199,0.16866831356244716,0.26086394921491163
17,26,female,12,5.0,2.0,3.0,Modern Times,amusement,1.0,-0.5,0.0,noun,reported,amusement,0.858,0.674,0.606,0.14200000000000002,-1.174,-0.606,1.182556552558904,1.3287874171589675
17,26,female,13,4.0,3.0,3.0,Remember the Titans,happiness,0.5,0.0,0.0,noun,reported,happiness,0.92,0.464,0.7,-0.42000000000000004,-0.464,-0.7,0.6258562135187283,0.9389866878715587
17,26,female,14,2.0,2.0,2.0,Gentleman's Agreement,anger,-0.5,-0.5,-0.5,noun,reported,anger,-0.666,0.73,0.314,0.16600000000000004,-1.23,-0.8140000000000001,1.2411510786362794,1.4842681698399383
17,26,female,15,3.0,3.0,3.0,Psycho,fear,0.0,0.0,0.0,noun,reported,fear,-0.854,0.68,-0.414,0.854,-0.68,0.414,1.0916574554318768,1.1675238755588684
17,26,female,16,3.0,4.0,4.0,The Bourne Identity,excitement,0.0,0.5,0.5,noun,reported,excitement,0.792,0.368,0.462,-0.792,0.132,0.03799999999999998,0.802924653999365,0.8038233636813501
17,26,female,17,1.0,3.0,4.0,The Shawshank Redemption,sadness,-1.0,0.0,0.5,noun,reported,sadness,-0.896,-0.424,-0.672,-0.10399999999999998,0.424,1.1720000000000002,0.43656843678855206,1.2506702203218882
17,26,female,18,2.0,2.0,2.0,The Departed,surprise,-0.5,-0.5,-0.5,noun,reported,surprise,0.75,0.75,0.124,-1.25,-1.25,-0.624,1.7677669529663689,1.874666903745836
18,25,female,1,3.0,2.0,2.0,Searching for Bobby Fischer,calmness,0.0,-0.5,-0.5,noun,reported,calmness,0.868,-0.895,-0.199,-0.868,0.395,-0.301,0.9536503552141109,1.0000249996875077
18,25,female,2,3.0,3.0,3.0,D.O.A.,surprise,0.0,0.0,0.0,noun,reported,surprise,0.75,0.75,0.124,-0.75,-0.75,-0.124,1.0606601717798212,1.0678838888193791
18,25,female,3,4.0,4.0,4.0,The Hangover,amusement,0.5,0.5,0.5,noun,reported,amusement,0.858,0.674,0.606,-0.358,-0.17400000000000004,-0.10599999999999998,0.39804522356134364,0.4119174674616264
18,25,female,4,1.0,4.0,5.0,The Ring,fear,-1.0,0.5,1.0,noun,reported,fear,-0.854,0.68,-0.414,-0.14600000000000002,-0.18000000000000005,1.414,0.23176712450216064,1.4328684517428667
18,25,female,5,2.0,4.0,4.0,300,excitement,-0.5,0.5,0.5,noun,reported,excitement,0.792,0.368,0.462,-1.292,0.132,0.03799999999999998,1.2987255291246107,1.2992813398182859
18,25,female,6,1.0,4.0,5.0,National Lampoon's Van Wilder,disgust,-1.0,0.5,1.0,noun,reported,disgust,-0.896,0.55,-0.366,-0.10399999999999998,-0.050000000000000044,1.366,0.11539497389401325,1.3708654200905355
18,25,female,7,4.0,3.0,4.0,Wall-E,happiness,0.5,0.0,0.5,noun,reported,happiness,0.92,0.464,0.7,-0.42000000000000004,-0.464,-0.19999999999999996,0.6258562135187283,0.6570357676717455
18,25,female,8,1.0,4.0,5.0,Crash,anger,-1.0,0.5,1.0,noun,reported,anger,-0.666,0.73,0.314,-0.33399999999999996,-0.22999999999999998,0.6859999999999999,0.40553174968182204,0.796901499559387
18,25,female,9,2.0,4.0,3.0,My Girl,sadness,-0.5,0.5,0.0,noun,reported,sadness,-0.896,-0.424,-0.672,0.396,0.9239999999999999,0.672,1.0052820499740358,1.2092046973114188
18,25,female,10,1.0,2.0,4.0,The Fly,disgust,-1.0,-0.5,0.5,noun,reported,disgust,-0.896,0.55,-0.366,-0.10399999999999998,-1.05,0.866,1.0551379056786843,1.365017216008648
18,25,female,11,4.0,2.0,2.0,Pride and Prejudice,calmness,0.5,-0.5,-0.5,noun,reported,calmness,0.868,-0.895,-0.199,-0.368,0.395,-0.301,0.5398601670803284,0.6181019333410954
18,25,female,12,4.0,3.0,3.0,Modern Times,amusement,0.5,0.0,0.0,noun,reported,amusement,0.858,0.674,0.606,-0.358,-0.674,-0.606,0.7631775678045052,0.9745132118139805
18,25,female,13,5.0,5.0,4.0,Remember the Titans,happiness,1.0,1.0,0.5,noun,reported,happiness,0.92,0.464,0.7,0.07999999999999996,0.536,-0.19999999999999996,0.5419372657420783,0.5776642623531423
18,25,female,14,2.0,4.0,4.0,Gentleman's Agreement,anger,-0.5,0.5,0.5,noun,reported,anger,-0.666,0.73,0.314,0.16600000000000004,-0.22999999999999998,0.186,0.2836476687723698,0.3391931603084001
18,25,female,15,2.0,3.0,3.0,Psycho,fear,-0.5,0.0,0.0,noun,reported,fear,-0.854,0.68,-0.414,0.354,-0.68,0.414,0.7666263757528827,0.8712703369218994
18,25,female,16,4.0,4.0,3.0,The Bourne Identity,excitement,0.5,0.5,0.0,noun,reported,excitement,0.792,0.368,0.462,-0.29200000000000004,0.132,-0.462,0.32044968403791574,0.562256169374779
18,25,female,17,2.0,3.0,4.0,The Shawshank Redemption,sadness,-0.5,0.0,0.5,noun,reported,sadness,-0.896,-0.424,-0.672,0.396,0.424,1.1720000000000002,0.5801654936309122,1.307736976612652
18,25,female,18,2.0,3.0,3.0,The Departed,surprise,-0.5,0.0,0.0,noun,reported,surprise,0.75,0.75,0.124,-1.25,-0.75,-0.124,1.4577379737113252,1.4630023923425415
19,33,male,1,3.0,2.0,1.0,Searching for Bobby Fischer,calmness,0.0,-0.5,-1.0,noun,reported,calmness,0.868,-0.895,-0.199,-0.868,0.395,-0.8009999999999999,0.9536503552141109,1.245411578555459
19,33,male,2,4.0,4.0,3.0,D.O.A.,surprise,0.5,0.5,0.0,noun,reported,surprise,0.75,0.75,0.124,-0.25,-0.25,-0.124,0.3535533905932738,0.3746678529044092
19,33,male,3,4.0,4.0,4.0,The Hangover,amusement,0.5,0.5,0.5,noun,reported,amusement,0.858,0.674,0.606,-0.358,-0.17400000000000004,-0.10599999999999998,0.39804522356134364,0.4119174674616264
19,33,male,4,3.0,4.0,4.0,The Ring,fear,0.0,0.5,0.5,noun,reported,fear,-0.854,0.68,-0.414,0.854,-0.18000000000000005,0.9139999999999999,0.872763427281414,1.263768966227609
19,33,male,5,4.0,4.0,4.0,300,excitement,0.5,0.5,0.5,noun,reported,excitement,0.792,0.368,0.462,-0.29200000000000004,0.132,0.03799999999999998,0.32044968403791574,0.3226949023458537
19,33,male,6,3.0,3.0,2.0,National Lampoon's Van Wilder,disgust,0.0,0.0,-0.5,noun,reported,disgust,-0.896,0.55,-0.366,0.896,-0.55,-0.134,1.0513400972092715,1.0598452717260196
19,33,male,7,5.0,5.0,4.0,Wall-E,happiness,1.0,1.0,0.5,noun,reported,happiness,0.92,0.464,0.7,0.07999999999999996,0.536,-0.19999999999999996,0.5419372657420783,0.5776642623531423
19,33,male,8,1.0,5.0,5.0,Crash,anger,-1.0,1.0,1.0,noun,reported,anger,-0.666,0.73,0.314,-0.33399999999999996,0.27,0.6859999999999999,0.4294834106225757,0.8093528278816352
19,33,male,9,3.0,3.0,3.0,My Girl,sadness,0.0,0.0,0.0,noun,reported,sadness,-0.896,-0.424,-0.672,0.896,0.424,0.672,0.9912577868546608,1.1975708747293414
19,33,male,10,2.0,3.0,3.0,The Fly,disgust,-0.5,0.0,0.0,noun,reported,disgust,-0.896,0.55,-0.366,0.396,-0.55,0.366,0.677728559232972,0.7702415205635178
19,33,male,11,4.0,4.0,4.0,Pride and Prejudice,calmness,0.5,0.5,0.5,noun,reported,calmness,0.868,-0.895,-0.199,-0.368,1.395,0.6990000000000001,1.4427227730925993,1.6031375486838302
19,33,male,12,5.0,5.0,4.0,Modern Times,amusement,1.0,1.0,0.5,noun,reported,amusement,0.858,0.674,0.606,0.14200000000000002,0.32599999999999996,-0.10599999999999998,0.3555840266378679,0.3710471668130616
19,33,male,13,4.0,4.0,4.0,Remember the Titans,happiness,0.5,0.5,0.5,noun,reported,happiness,0.92,0.464,0.7,-0.42000000000000004,0.035999999999999976,-0.19999999999999996,0.4215400336860071,0.46657903939204126
19,33,male,14,2.0,4.0,3.0,Gentleman's Agreement,anger,-0.5,0.5,0.0,noun,reported,anger,-0.666,0.73,0.314,0.16600000000000004,-0.22999999999999998,-0.314,0.2836476687723698,0.42314536509336836
19,33,male,15,4.0,4.0,4.0,Psycho,fear,0.5,0.5,0.5,noun,reported,fear,-0.854,0.68,-0.414,1.354,-0.18000000000000005,0.9139999999999999,1.3659121494444657,1.6435060085074227
19,33,male,16,4.0,4.0,5.0,The Bourne Identity,excitement,0.5,0.5,1.0,noun,reported,excitement,0.792,0.368,0.462,-0.29200000000000004,0.132,0.538,0.32044968403791574,0.6262044394604689
19,33,male,17,2.0,4.0,4.0,The Shawshank Redemption,sadness,-0.5,0.5,0.5,noun,reported,sadness,-0.896,-0.424,-0.672,0.396,0.9239999999999999,1.1720000000000002,1.0052820499740358,1.5440777182512544
19,33,male,18,2.0,4.0,5.0,The Departed,surprise,-0.5,0.5,1.0,noun,reported,surprise,0.75,0.75,0.124,-1.25,-0.25,0.876,1.2747548783981961,1.5467307457990225
20,23,female,1,4.0,3.0,2.0,Searching for Bobby Fischer,calmness,0.5,0.0,-0.5,noun,reported,calmness,0.868,-0.895,-0.199,-0.368,0.895,-0.301,0.9677029502900154,1.0134347536965564
20,23,female,2,3.0,2.0,2.0,D.O.A.,surprise,0.0,-0.5,-0.5,noun,reported,surprise,0.75,0.75,0.124,-0.75,-1.25,-0.624,1.4577379737113252,1.5856784037124299
20,23,female,3,2.0,4.0,3.0,The Hangover,amusement,-0.5,0.5,0.0,noun,reported,amusement,0.858,0.674,0.606,-1.358,-0.17400000000000004,-0.606,1.3691018954044292,1.4972227623169507
20,23,female,4,2.0,3.0,2.0,The Ring,fear,-0.5,0.0,-0.5,noun,reported,fear,-0.854,0.68,-0.414,0.354,-0.68,-0.08600000000000002,0.7666263757528827,0.7714350264280201
20,23,female,5,2.0,4.0,4.0,300,excitement,-0.5,0.5,0.5,noun,reported,excitement,0.792,0.368,0.462,-1.292,0.132,0.03799999999999998,1.2987255291246107,1.2992813398182859
20,23,female,6,1.0,3.0,4.0,National Lampoon's Van Wilder,disgust,-1.0,0.0,0.5,noun,reported,disgust,-0.896,0.55,-0.366,-0.10399999999999998,-0.55,0.866,0.559746371136071,1.0311508134118887
20,23,female,7,5.0,3.0,5.0,Wall-E,happiness,1.0,0.0,1.0,noun,reported,happiness,0.92,0.464,0.7,0.07999999999999996,-0.464,0.30000000000000004,0.47084604702598915,0.5582974117797789
20,23,female,8,2.0,3.0,4.0,Crash,anger,-0.5,0.0,0.5,noun,reported,anger,-0.666,0.73,0.314,0.16600000000000004,-0.73,0.186,0.7486360931721099,0.7713961368842859
20,23,female,9,3.0,2.0,4.0,My Girl,sadness,0.0,-0.5,0.5,noun,reported,sadness,-0.896,-0.424,-0.672,0.896,-0.07600000000000001,1.1720000000000002,0.8992174375533428,1.4772190088135206
20,23,female,10,1.0,2.0,3.0,The Fly,disgust,-1.0,-0.5,0.0,noun,reported,disgust,-0.896,0.55,-0.366,-0.10399999999999998,-1.05,0.366,1.0551379056786843,1.1168133237027573
20,23,female,11,4.0,3.0,4.0,Pride and Prejudice,calmness,0.5,0.0,0.5,noun,reported,calmness,0.868,-0.895,-0.199,-0.368,0.895,0.6990000000000001,0.9677029502900154,1.1937545811430421
20,23,female,12,4.0,4.0,4.0,Modern Times,amusement,0.5,0.5,0.5,noun,reported,amusement,0.858,0.674,0.606,-0.358,-0.17400000000000004,-0.10599999999999998,0.39804522356134364,0.4119174674616264
20,23,female,13,5.0,4.0,5.0,Remember the Titans,happiness,1.0,0.5,1.0,noun,reported,happiness,0.92,0.464,0.7,0.07999999999999996,0.035999999999999976,0.30000000000000004,0.08772684879784519,0.31256359352938085
20,23,female,14,3.0,2.0,2.0,Gentleman's Agreement,anger,0.0,-0.5,-0.5,noun,reported,anger,-0.666,0.73,0.314,0.666,-1.23,-0.8140000000000001,1.398733713041907,1.6183485409515466
20,23,female,15,2.0,3.0,3.0,Psycho,fear,-0.5,0.0,0.0,noun,reported,fear,-0.854,0.68,-0.414,0.354,-0.68,0.414,0.7666263757528827,0.8712703369218994
20,23,female,16,4.0,4.0,3.0,The Bourne Identity,excitement,0.5,0.5,0.0,noun,reported,excitement,0.792,0.368,0.462,-0.29200000000000004,0.132,-0.462,0.32044968403791574,0.562256169374779
20,23,female,17,3.0,3.0,5.0,The Shawshank Redemption,sadness,0.0,0.0,1.0,noun,reported,sadness,-0.896,-0.424,-0.672,0.896,0.424,1.6720000000000002,0.9912577868546608,1.9437530707371242
20,23,female,18,2.0,4.0,4.0,The Departed,surprise,-0.5,0.5,0.5,noun,reported,surprise,0.75,0.75,0.124,-1.25,-0.25,0.376,1.2747548783981961,1.3290507890972414
21,26,male,1,4.0,2.0,3.0,Searching for Bobby Fischer,calmness,0.5,-0.5,0.0,noun,reported,calmness,0.868,-0.895,-0.199,-0.368,0.395,0.199,0.5398601670803284,0.5753694465297927
21,26,male,2,2.0,3.0,5.0,D.O.A.,surprise,-0.5,0.0,1.0,noun,reported,surprise,0.75,0.75,0.124,-1.25,-0.75,0.876,1.4577379737113252,1.7006986799548003
21,26,male,3,5.0,4.0,4.0,The Hangover,amusement,1.0,0.5,0.5,noun,reported,amusement,0.858,0.674,0.606,0.14200000000000002,-0.17400000000000004,-0.10599999999999998,0.22458851261807675,0.2483465320877262
21,26,male,4,1.0,5.0,5.0,The Ring,fear,-1.0,1.0,1.0,noun,reported,fear,-0.854,0.68,-0.414,-0.14600000000000002,0.31999999999999995,1.414,0.35173285317126685,1.4570902511512456
21,26,male,5,3.0,4.0,5.0,300,excitement,0.0,0.5,1.0,noun,reported,excitement,0.792,0.368,0.462,-0.792,0.132,0.538,0.802924653999365,0.9665050439599372
21,26,male,6,5.0,5.0,3.0,National Lampoon's Van Wilder,disgust,1.0,1.0,0.0,noun,reported,disgust,-0.896,0.55,-0.366,1.896,0.44999999999999996,0.366,1.9486703158820888,1.9827435537658418
21,26,male,7,4.0,2.0,3.0,Wall-E,happiness,0.5,-0.5,0.0,noun,reported,happiness,0.92,0.464,0.7,-0.42000000000000004,-0.964,-0.7,1.0515208034080923,1.2632086130168683
21,26,male,8,1.0,4.0,5.0,Crash,anger,-1.0,0.5,1.0,noun,reported,anger,-0.666,0.73,0.314,-0.33399999999999996,-0.22999999999999998,0.6859999999999999,0.40553174968182204,0.796901499559387
21,26,male,9,1.0,5.0,5.0,My Girl,sadness,-1.0,1.0,1.0,noun,reported,sadness,-0.896,-0.424,-0.672,-0.10399999999999998,1.424,1.6720000000000002,1.4277927020404608,2.198675965211791
21,26,male,10,1.0,5.0,5.0,The Fly,disgust,-1.0,1.0,1.0,noun,reported,disgust,-0.896,0.55,-0.366,-0.10399999999999998,0.44999999999999996,1.366,0.461861451086795,1.4419680995084463
21,26,male,11,4.0,2.0,3.0,Pride and Prejudice,calmness,0.5,-0.5,0.0,noun,reported,calmness,0.868,-0.895,-0.199,-0.368,0.395,0.199,0.5398601670803284,0.5753694465297927
21,26,male,12,3.0,3.0,3.0,Modern Times,amusement,0.0,0.0,0.0,noun,reported,amusement,0.858,0.674,0.606,-0.858,-0.674,-0.606,1.0910728664942593,1.248068908354022
21,26,male,13,5.0,5.0,5.0,Remember the Titans,happiness,1.0,1.0,1.0,noun,reported,happiness,0.92,0.464,0.7,0.07999999999999996,0.536,0.30000000000000004,0.5419372657420783,0.6194319978819306
21,26,male,14,1.0,2.0,2.0,Gentleman's Agreement,anger,-1.0,-0.5,-0.5,noun,reported,anger,-0.666,0.73,0.314,-0.33399999999999996,-1.23,-0.8140000000000001,1.2745414861823838,1.5123002347417658
21,26,male,15,2.0,4.0,4.0,Psycho,fear,-0.5,0.5,0.5,noun,reported,fear,-0.854,0.68,-0.414,0.354,-0.18000000000000005,0.9139999999999999,0.3971347378409499,0.9965500489187684
21,26,male,16,3.0,3.0,4.0,The Bourne Identity,excitement,0.0,0.0,0.5,noun,reported,excitement,0.792,0.368,0.462,-0.792,-0.368,0.03799999999999998,0.8733201016809358,0.8741464408209874
21,26,male,17,1.0,4.0,4.0,The Shawshank Redemption,sadness,-1.0,0.5,0.5,noun,reported,sadness,-0.896,-0.424,-0.672,-0.10399999999999998,0.9239999999999999,1.1720000000000002,0.9298343938573147,1.4960534749800891
21,26,male,18,3.0,4.0,5.0,The Departed,surprise,0.0,0.5,1.0,noun,reported,surprise,0.75,0.75,0.124,-0.75,-0.25,0.876,0.7905694150420949,1.1799898304646528
22,28,male,1,3.0,2.0,2.0,Searching for Bobby Fischer,calmness,0.0,-0.5,-0.5,noun,reported,calmness,0.868,-0.895,-0.199,-0.868,0.395,-0.301,0.9536503552141109,1.0000249996875077
22,28,male,2,4.0,3.0,3.0,D.O.A.,surprise,0.5,0.0,0.0,noun,reported,surprise,0.75,0.75,0.124,-0.25,-0.75,-0.124,0.7905694150420949,0.8002349654945102
22,28,male,3,4.0,4.0,3.0,The Hangover,amusement,0.5,0.5,0.0,noun,reported,amusement,0.858,0.674,0.606,-0.358,-0.17400000000000004,-0.606,0.39804522356134364,0.725035171560663
22,28,male,4,1.0,4.0,4.0,The Ring,fear,-1.0,0.5,0.5,noun,reported,fear,-0.854,0.68,-0.414,-0.14600000000000002,-0.18000000000000005,0.9139999999999999,0.23176712450216064,0.9429273566929744
22,28,male,5,4.0,4.0,4.0,300,excitement,0.5,0.5,0.5,noun,reported,excitement,0.792,0.368,0.462,-0.29200000000000004,0.132,0.03799999999999998,0.32044968403791574,0.3226949023458537
22,28,male,6,4.0,3.0,3.0,National Lampoon's Van Wilder,disgust,0.5,0.0,0.0,noun,reported,disgust,-0.896,0.55,-0.366,1.396,-0.55,0.366,1.500438602542603,1.5444325818888953
22,28,male,7,5.0,3.0,4.0,Wall-E,happiness,1.0,0.0,0.5,noun,reported,happiness,0.92,0.464,0.7,0.07999999999999996,-0.464,-0.19999999999999996,0.47084604702598915,0.5115623129199414
22,28,male,8,1.0,4.0,5.0,Crash,anger,-1.0,0.5,1.0,noun,reported,anger,-0.666,0.73,0.314,-0.33399999999999996,-0.22999999999999998,0.6859999999999999,0.40553174968182204,0.796901499559387
22,28,male,9,1.0,4.0,4.0,My Girl,sadness,-1.0,0.5,0.5,noun,reported,sadness,-0.896,-0.424,-0.672,-0.10399999999999998,0.9239999999999999,1.1720000000000002,0.9298343938573147,1.4960534749800891
22,28,male,10,3.0,2.0,3.0,The Fly,disgust,0.0,-0.5,0.0,noun,reported,disgust,-0.896,0.55,-0.366,0.896,-1.05,0.366,1.3803318441592225,1.4280308119925145
22,28,male,11,3.0,1.0,1.0,Pride and Prejudice,calmness,0.0,-1.0,-1.0,noun,reported,calmness,0.868,-0.895,-0.199,-0.868,-0.10499999999999998,-0.8009999999999999,0.8743277417536286,1.18576979216035
22,28,male,12,4.0,3.0,3.0,Modern Times,amusement,0.5,0.0,0.0,noun,reported,amusement,0.858,0.674,0.606,-0.358,-0.674,-0.606,0.7631775678045052,0.9745132118139805
22,28,male,13,3.0,1.0,3.0,Remember the Titans,happiness,0.0,-1.0,0.0,noun,reported,happiness,0.92,0.464,0.7,-0.92,-1.464,-0.7,1.72907374047494,1.8653943282855772
22,28,male,14,3.0,1.0,3.0,Gentleman's Agreement,anger,0.0,-1.0,0.0,noun,reported,anger,-0.666,0.73,0.314,0.666,-1.73,-0.314,1.8537680545310948,1.8801733962589728
22,28,male,15,3.0,3.0,3.0,Psycho,fear,0.0,0.0,0.0,noun,reported,fear,-0.854,0.68,-0.414,0.854,-0.68,0.414,1.0916574554318768,1.1675238755588684
22,28,male,16,4.0,3.0,4.0,The Bourne Identity,excitement,0.5,0.0,0.5,noun,reported,excitement,0.792,0.368,0.462,-0.29200000000000004,-0.368,0.03799999999999998,0.4697744139478011,0.4713088159582844
22,28,male,17,2.0,3.0,3.0,The Shawshank Redemption,sadness,-0.5,0.0,0.0,noun,reported,sadness,-0.896,-0.424,-0.672,0.396,0.424,0.672,0.5801654936309122,0.8877927686121351
22,28,male,18,3.0,4.0,4.0,The Departed,surprise,0.0,0.5,0.5,noun,reported,surprise,0.75,0.75,0.124,-0.75,-0.25,0.376,0.7905694150420949,0.8754290376723861
23,25,male,1,4.0,1.0,1.0,Searching for Bobby Fischer,calmness,0.5,-1.0,-1.0,noun,reported,calmness,0.868,-0.895,-0.199,-0.368,-0.10499999999999998,-0.8009999999999999,0.3826865558129786,0.8877218032694701
23,25,male,2,3.0,2.0,2.0,D.O.A.,surprise,0.0,-0.5,-0.5,noun,reported,surprise,0.75,0.75,0.124,-0.75,-1.25,-0.624,1.4577379737113252,1.5856784037124299
23,25,male,3,5.0,3.0,4.0,The Hangover,amusement,1.0,0.0,0.5,noun,reported,amusement,0.858,0.674,0.606,0.14200000000000002,-0.674,-0.10599999999999998,0.6887960510920487,0.6969045845738139
23,25,male,4,1.0,4.0,4.0,The Ring,fear,-1.0,0.5,0.5,noun,reported,fear,-0.854,0.68,-0.414,-0.14600000000000002,-0.18000000000000005,0.9139999999999999,0.23176712450216064,0.9429273566929744
23,25,male,5,4.0,4.0,4.0,300,excitement,0.5,0.5,0.5,noun,reported,excitement,0.792,0.368,0.462,-0.29200000000000004,0.132,0.03799999999999998,0.32044968403791574,0.3226949023458537
23,25,male,6,5.0,4.0,5.0,National Lampoon's Van Wilder,disgust,1.0,0.5,1.0,noun,reported,disgust,-0.896,0.55,-0.366,1.896,-0.050000000000000044,1.366,1.8966591681164013,2.337364327613477
23,25,male,7,4.0,2.0,1.0,Wall-E,happiness,0.5,-0.5,-1.0,noun,reported,happiness,0.92,0.464,0.7,-0.42000000000000004,-0.964,-1.7,1.0515208034080923,1.9989237104001742
23,25,male,8,1.0,5.0,5.0,Crash,anger,-1.0,1.0,1.0,noun,reported,anger,-0.666,0.73,0.314,-0.33399999999999996,0.27,0.6859999999999999,0.4294834106225757,0.8093528278816352
23,25,male,9,2.0,2.0,2.0,My Girl,sadness,-0.5,-0.5,-0.5,noun,reported,sadness,-0.896,-0.424,-0.672,0.396,-0.07600000000000001,0.17200000000000004,0.40322698322408934,0.43837883160572433
23,25,male,10,2.0,5.0,5.0,The Fly,disgust,-0.5,1.0,1.0,noun,reported,disgust,-0.896,0.55,-0.366,0.396,0.44999999999999996,1.366,0.5994297289924816,1.4917345608384893
23,25,male,11,4.0,1.0,1.0,Pride and Prejudice,calmness,0.5,-1.0,-1.0,noun,reported,calmness,0.868,-0.895,-0.199,-0.368,-0.10499999999999998,-0.8009999999999999,0.3826865558129786,0.8877218032694701
23,25,male,12,4.0,2.0,2.0,Modern Times,amusement,0.5,-0.5,-0.5,noun,reported,amusement,0.858,0.674,0.606,-0.358,-1.174,-1.1059999999999999,1.227371174502644,1.6521731144162828
23,25,male,13,4.0,3.0,3.0,Remember the Titans,happiness,0.5,0.0,0.0,noun,reported,happiness,0.92,0.464,0.7,-0.42000000000000004,-0.464,-0.7,0.6258562135187283,0.9389866878715587
23,25,male,14,2.0,2.0,2.0,Gentleman's Agreement,anger,-0.5,-0.5,-0.5,noun,reported,anger,-0.666,0.73,0.314,0.16600000000000004,-1.23,-0.8140000000000001,1.2411510786362794,1.4842681698399383
23,25,male,15,2.0,2.0,2.0,Psycho,fear,-0.5,-0.5,-0.5,noun,reported,fear,-0.854,0.68,-0.414,0.354,-1.1800000000000002,-0.08600000000000002,1.231956168051445,1.2349542501647581
23,25,male,16,3.0,3.0,2.0,The Bourne Identity,excitement,0.0,0.0,-0.5,noun,reported,excitement,0.792,0.368,0.462,-0.792,-0.368,-0.962,0.8733201016809358,1.2992813398182859
23,25,male,17,2.0,2.0,4.0,The Shawshank Redemption,sadness,-0.5,-0.5,0.5,noun,reported,sadness,-0.896,-0.424,-0.672,0.396,-0.07600000000000001,1.1720000000000002,0.40322698322408934,1.239425673447182
23,25,male,18,2.0,4.0,2.0,The Departed,surprise,-0.5,0.5,-0.5,noun,reported,surprise,0.75,0.75,0.124,-1.25,-0.25,-0.624,1.2747548783981961,1.4192871450132984
1,22,male,1,4.0,3.0,2.0,Searching for Bobby Fischer,calmness,0.5,0.0,0.5,noun,reversed,calmness,0.868,-0.895,-0.199,-0.368,0.895,0.6990000000000001,0.9677029502900154,1.1937545811430421
1,22,male,2,3.0,3.0,1.0,D.O.A.,surprise,0.0,0.0,1.0,noun,reversed,surprise,0.75,0.75,0.124,-0.75,-0.75,0.876,1.0606601717798212,1.3756365799149135
1,22,male,3,5.0,4.0,4.0,The Hangover,amusement,1.0,0.5,-0.5,noun,reversed,amusement,0.858,0.674,0.606,0.14200000000000002,-0.17400000000000004,-1.1059999999999999,0.22458851261807675,1.1285725497281953
1,22,male,4,4.0,3.0,2.0,The Ring,fear,0.5,0.0,0.5,noun,reversed,fear,-0.854,0.68,-0.414,1.354,-0.68,0.9139999999999999,1.5151620375392199,1.7694948431685242
1,22,male,5,4.0,4.0,4.0,300,excitement,0.5,0.5,-0.5,noun,reversed,excitement,0.792,0.368,0.462,-0.29200000000000004,0.132,-0.962,0.32044968403791574,1.013968441323496
1,22,male,6,1.0,2.0,5.0,National Lampoon's Van Wilder,disgust,-1.0,-0.5,-1.0,noun,reversed,disgust,-0.896,0.55,-0.366,-0.10399999999999998,-1.05,-0.634,1.0551379056786843,1.2309638499972289
1,22,male,7,5.0,4.0,4.0,Wall-E,happiness,1.0,0.5,-0.5,noun,reversed,happiness,0.92,0.464,0.7,0.07999999999999996,0.035999999999999976,-1.2,0.08772684879784519,1.2032023936146403
1,22,male,8,1.0,2.0,4.0,Crash,anger,-1.0,-0.5,-0.5,noun,reversed,anger,-0.666,0.73,0.314,-0.33399999999999996,-1.23,-0.8140000000000001,1.2745414861823838,1.5123002347417658
1,22,male,9,1.0,2.0,3.0,My Girl,sadness,-1.0,-0.5,-0.0,noun,reversed,sadness,-0.896,-0.424,-0.672,-0.10399999999999998,-0.07600000000000001,0.672,0.12880993750483694,0.6842338781440159
1,22,male,10,5.0,3.0,4.0,The Fly,disgust,1.0,0.0,-0.5,noun,reversed,disgust,-0.896,0.55,-0.366,1.896,-0.55,-0.134,1.9741621007404635,1.9787046267697461
1,22,male,11,4.0,2.0,3.0,Pride and Prejudice,calmness,0.5,-0.5,-0.0,noun,reversed,calmness,0.868,-0.895,-0.199,-0.368,0.395,0.199,0.5398601670803284,0.5753694465297927
1,22,male,12,4.0,3.0,4.0,Modern Times,amusement,0.5,0.0,-0.5,noun,reversed,amusement,0.858,0.674,0.606,-0.358,-0.674,-1.1059999999999999,0.7631775678045052,1.3437544418531235
1,22,male,13,4.0,3.0,2.0,Remember the Titans,happiness,0.5,0.0,0.5,noun,reversed,happiness,0.92,0.464,0.7,-0.42000000000000004,-0.464,-0.19999999999999996,0.6258562135187283,0.6570357676717455
1,22,male,14,3.0,1.0,2.0,Gentleman's Agreement,anger,0.0,-1.0,0.5,noun,reversed,anger,-0.666,0.73,0.314,0.666,-1.73,0.186,1.8537680545310948,1.8630759512161603
1,22,male,15,2.0,5.0,5.0,Psycho,fear,-0.5,1.0,-1.0,noun,reversed,fear,-0.854,0.68,-0.414,0.354,0.31999999999999995,-0.5860000000000001,0.47719597651279494,0.7557195246915354
1,22,male,16,3.0,2.0,2.0,The Bourne Identity,excitement,0.0,-0.5,0.5,noun,reversed,excitement,0.792,0.368,0.462,-0.792,-0.868,0.03799999999999998,1.1750268082048172,1.1756411016972825
1,22,male,17,1.0,2.0,5.0,The Shawshank Redemption,sadness,-1.0,-0.5,-1.0,noun,reversed,sadness,-0.896,-0.424,-0.672,-0.10399999999999998,-0.07600000000000001,-0.32799999999999996,0.12880993750483694,0.3523861518277924
1,22,male,18,3.0,5.0,5.0,The Departed,surprise,0.0,1.0,-1.0,noun,reversed,surprise,0.75,0.75,0.124,-0.75,0.25,-1.124,0.7905694150420949,1.374181938463754
2,30,female,1,3.0,2.0,2.0,Searching for Bobby Fischer,calmness,0.0,-0.5,0.5,noun,reversed,calmness,0.868,-0.895,-0.199,-0.868,0.395,0.6990000000000001,0.9536503552141109,1.1823916440841418
2,30,female,2,2.0,4.0,3.0,D.O.A.,surprise,-0.5,0.5,-0.0,noun,reversed,surprise,0.75,0.75,0.124,-1.25,-0.25,-0.124,1.2747548783981961,1.280771642409372
2,30,female,3,5.0,5.0,4.0,The Hangover,amusement,1.0,1.0,-0.5,noun,reversed,amusement,0.858,0.674,0.606,0.14200000000000002,0.32599999999999996,-1.1059999999999999,0.3555840266378679,1.1617555680951135
2,30,female,4,1.0,5.0,4.0,The Ring,fear,-1.0,1.0,-0.5,noun,reversed,fear,-0.854,0.68,-0.414,-0.14600000000000002,0.31999999999999995,-0.08600000000000002,0.35173285317126685,0.3620939104707506
2,30,female,5,2.0,2.0,2.0,300,excitement,-0.5,-0.5,0.5,noun,reversed,excitement,0.792,0.368,0.462,-1.292,-0.868,0.03799999999999998,1.55649863475687,1.5569624272923221
2,30,female,6,2.0,3.0,3.0,National Lampoon's Van Wilder,disgust,-0.5,0.0,-0.0,noun,reversed,disgust,-0.896,0.55,-0.366,0.396,-0.55,0.366,0.677728559232972,0.7702415205635178
2,30,female,7,4.0,2.0,2.0,Wall-E,happiness,0.5,-0.5,0.5,noun,reversed,happiness,0.92,0.464,0.7,-0.42000000000000004,-0.964,-0.19999999999999996,1.0515208034080923,1.0703718979868633
2,30,female,8,2.0,5.0,4.0,Crash,anger,-0.5,1.0,-0.5,noun,reversed,anger,-0.666,0.73,0.314,0.16600000000000004,0.27,-0.8140000000000001,0.31694794525284437,0.8735284769256237
2,30,female,9,2.0,3.0,3.0,My Girl,sadness,-0.5,0.0,-0.0,noun,reversed,sadness,-0.896,-0.424,-0.672,0.396,0.424,0.672,0.5801654936309122,0.8877927686121351
2,30,female,10,1.0,4.0,4.0,The Fly,disgust,-1.0,0.5,-0.5,noun,reversed,disgust,-0.896,0.55,-0.366,-0.10399999999999998,-0.050000000000000044,-0.134,0.11539497389401325,0.17683890974556477
2,30,female,11,4.0,2.0,2.0,Pride and Prejudice,calmness,0.5,-0.5,0.5,noun,reversed,calmness,0.868,-0.895,-0.199,-0.368,0.395,0.6990000000000001,0.5398601670803284,0.8832043931050163
2,30,female,12,4.0,3.0,2.0,Modern Times,amusement,0.5,0.0,0.5,noun,reversed,amusement,0.858,0.674,0.606,-0.358,-0.674,-0.10599999999999998,0.7631775678045052,0.7705037313342487
2,30,female,13,5.0,4.0,4.0,Remember the Titans,happiness,1.0,0.5,-0.5,noun,reversed,happiness,0.92,0.464,0.7,0.07999999999999996,0.035999999999999976,-1.2,0.08772684879784519,1.2032023936146403
2,30,female,14,2.0,3.0,3.0,Gentleman's Agreement,anger,-0.5,0.0,-0.0,noun,reversed,anger,-0.666,0.73,0.314,0.16600000000000004,-0.73,-0.314,0.7486360931721099,0.8118201771328426
2,30,female,15,1.0,5.0,5.0,Psycho,fear,-1.0,1.0,-1.0,noun,reversed,fear,-0.854,0.68,-0.414,-0.14600000000000002,0.31999999999999995,-0.5860000000000001,0.35173285317126685,0.6834559239629137
2,30,female,16,2.0,5.0,5.0,The Bourne Identity,excitement,-0.5,1.0,-1.0,noun,reversed,excitement,0.792,0.368,0.462,-1.292,0.632,-1.462,1.4382934332047823,2.050885662342004
2,30,female,17,1.0,3.0,5.0,The Shawshank Redemption,sadness,-1.0,0.0,-1.0,noun,reversed,sadness,-0.896,-0.424,-0.672,-0.10399999999999998,0.424,-0.32799999999999996,0.43656843678855206,0.5460549422906087
2,30,female,18,3.0,5.0,4.0,The Departed,surprise,0.0,1.0,-0.5,noun,reversed,surprise,0.75,0.75,0.124,-0.75,0.25,-0.624,0.7905694150420949,1.0071623503685987
3,27,male,1,3.0,4.0,2.0,Searching for Bobby Fischer,calmness,0.0,0.5,0.5,noun,reversed,calmness,0.868,-0.895,-0.199,-0.868,1.395,0.6990000000000001,1.643,1.7855111313010625
3,27,male,2,4.0,5.0,3.0,D.O.A.,surprise,0.5,1.0,-0.0,noun,reversed,surprise,0.75,0.75,0.124,-0.25,0.25,-0.124,0.3535533905932738,0.3746678529044092
3,27,male,3,5.0,5.0,4.0,The Hangover,amusement,1.0,1.0,-0.5,noun,reversed,amusement,0.858,0.674,0.606,0.14200000000000002,0.32599999999999996,-1.1059999999999999,0.3555840266378679,1.1617555680951135
3,27,male,4,2.0,5.0,5.0,The Ring,fear,-0.5,1.0,-1.0,noun,reversed,fear,-0.854,0.68,-0.414,0.354,0.31999999999999995,-0.5860000000000001,0.47719597651279494,0.7557195246915354
3,27,male,5,3.0,4.0,3.0,300,excitement,0.0,0.5,-0.0,noun,reversed,excitement,0.792,0.368,0.462,-0.792,0.132,-0.462,0.802924653999365,0.9263541439428012
3,27,male,6,3.0,3.0,3.0,National Lampoon's Van Wilder,disgust,0.0,0.0,-0.0,noun,reversed,disgust,-0.896,0.55,-0.366,0.896,-0.55,0.366,1.0513400972092715,1.1132259429244362
3,27,male,7,5.0,3.0,3.0,Wall-E,happiness,1.0,0.0,-0.0,noun,reversed,happiness,0.92,0.464,0.7,0.07999999999999996,-0.464,-0.7,0.47084604702598915,0.843620767880924
3,27,male,8,1.0,4.0,4.0,Crash,anger,-1.0,0.5,-0.5,noun,reversed,anger,-0.666,0.73,0.314,-0.33399999999999996,-0.22999999999999998,-0.8140000000000001,0.40553174968182204,0.9094239935255722
3,27,male,9,1.0,2.0,3.0,My Girl,sadness,-1.0,-0.5,-0.0,noun,reversed,sadness,-0.896,-0.424,-0.672,-0.10399999999999998,-0.07600000000000001,0.672,0.12880993750483694,0.6842338781440159
3,27,male,10,3.0,2.0,2.0,The Fly,disgust,0.0,-0.5,0.5,noun,reversed,disgust,-0.896,0.55,-0.366,0.896,-1.05,0.866,1.3803318441592225,1.6295005369744435
3,27,male,11,4.0,1.0,2.0,Pride and Prejudice,calmness,0.5,-1.0,0.5,noun,reversed,calmness,0.868,-0.895,-0.199,-0.368,-0.10499999999999998,0.6990000000000001,0.3826865558129786,0.796900244698168
3,27,male,12,5.0,3.0,3.0,Modern Times,amusement,1.0,0.0,-0.0,noun,reversed,amusement,0.858,0.674,0.606,0.14200000000000002,-0.674,-0.606,0.6887960510920487,0.9174290163276939
3,27,male,13,4.0,4.0,5.0,Remember the Titans,happiness,0.5,0.5,-1.0,noun,reversed,happiness,0.92,0.464,0.7,-0.42000000000000004,0.035999999999999976,-1.7,0.4215400336860071,1.7514839422615327
3,27,male,14,3.0,2.0,2.0,Gentleman's Agreement,anger,0.0,-0.5,0.5,noun,reversed,anger,-0.666,0.73,0.314,0.666,-1.23,0.186,1.398733713041907,1.411046420214445
3,27,male,15,4.0,2.0,3.0,Psycho,fear,0.5,-0.5,-0.0,noun,reversed,fear,-0.854,0.68,-0.414,1.354,-1.1800000000000002,0.414,1.796027839427886,1.8431256061375743
3,27,male,16,4.0,2.0,1.0,The Bourne Identity,excitement,0.5,-0.5,1.0,noun,reversed,excitement,0.792,0.368,0.462,-0.29200000000000004,-0.868,0.538,0.9157991046075553,1.0621355845653604
3,27,male,17,2.0,2.0,4.0,The Shawshank Redemption,sadness,-0.5,-0.5,-0.5,noun,reversed,sadness,-0.896,-0.424,-0.672,0.396,-0.07600000000000001,0.17200000000000004,0.40322698322408934,0.43837883160572433
3,27,male,18,3.0,3.0,2.0,The Departed,surprise,0.0,0.0,0.5,noun,reversed,surprise,0.75,0.75,0.124,-0.75,-0.75,0.376,1.0606601717798212,1.1253337282779718
4,26,female,1,3.0,3.0,1.0,Searching for Bobby Fischer,calmness,0.0,0.0,1.0,noun,reversed,calmness,0.868,-0.895,-0.199,-0.868,0.895,1.199,1.2467754408874117,1.7297543178151051
4,26,female,2,3.0,3.0,2.0,D.O.A.,surprise,0.0,0.0,0.5,noun,reversed,surprise,0.75,0.75,0.124,-0.75,-0.75,0.376,1.0606601717798212,1.1253337282779718
4,26,female,3,5.0,4.0,4.0,The Hangover,amusement,1.0,0.5,-0.5,noun,reversed,amusement,0.858,0.674,0.606,0.14200000000000002,-0.17400000000000004,-1.1059999999999999,0.22458851261807675,1.1285725497281953
4,26,female,4,1.0,5.0,4.0,The Ring,fear,-1.0,1.0,-0.5,noun,reversed,fear,-0.854,0.68,-0.414,-0.14600000000000002,0.31999999999999995,-0.08600000000000002,0.35173285317126685,0.3620939104707506
4,26,female,5,4.0,3.0,2.0,300,excitement,0.5,0.0,0.5,noun,reversed,excitement,0.792,0.368,0.462,-0.29200000000000004,-0.368,0.03799999999999998,0.4697744139478011,0.4713088159582844
4,26,female,6,4.0,4.0,3.0,National Lampoon's Van Wilder,disgust,0.5,0.5,-0.0,noun,reversed,disgust,-0.896,0.55,-0.366,1.396,-0.050000000000000044,0.366,1.3968951284903244,1.4440470906448999
4,26,female,7,5.0,3.0,4.0,Wall-E,happiness,1.0,0.0,-0.5,noun,reversed,happiness,0.92,0.464,0.7,0.07999999999999996,-0.464,-1.2,0.47084604702598915,1.289067880291802
4,26,female,8,1.0,4.0,4.0,Crash,anger,-1.0,0.5,-0.5,noun,reversed,anger,-0.666,0.73,0.314,-0.33399999999999996,-0.22999999999999998,-0.8140000000000001,0.40553174968182204,0.9094239935255722
4,26,female,9,1.0,3.0,3.0,My Girl,sadness,-1.0,0.0,-0.0,noun,reversed,sadness,-0.896,-0.424,-0.672,-0.10399999999999998,0.424,0.672,0.43656843678855206,0.8013588459610339
4,26,female,10,1.0,4.0,3.0,The Fly,disgust,-1.0,0.5,-0.0,noun,reversed,disgust,-0.896,0.55,-0.366,-0.10399999999999998,-0.050000000000000044,0.366,0.11539497389401325,0.3837603418801896
4,26,female,11,3.0,1.0,2.0,Pride and Prejudice,calmness,0.0,-1.0,0.5,noun,reversed,calmness,0.868,-0.895,-0.199,-0.868,-0.10499999999999998,0.6990000000000001,0.8743277417536286,1.1193971591888199
4,26,female,12,3.0,2.0,1.0,Modern Times,amusement,0.0,-0.5,1.0,noun,reversed,amusement,0.858,0.674,0.606,-0.858,-1.174,0.394,1.45411141251281,1.506544390318453
4,26,female,13,3.0,2.0,2.0,Remember the Titans,happiness,0.0,-0.5,0.5,noun,reversed,happiness,0.92,0.464,0.7,-0.92,-0.964,-0.19999999999999996,1.3325524379925917,1.347477643599329
4,26,female,14,2.0,2.0,2.0,Gentleman's Agreement,anger,-0.5,-0.5,0.5,noun,reversed,anger,-0.666,0.73,0.314,0.16600000000000004,-1.23,0.186,1.2411510786362794,1.2550107569260114
4,26,female,15,1.0,2.0,2.0,Psycho,fear,-1.0,-0.5,0.5,noun,reversed,fear,-0.854,0.68,-0.414,-0.14600000000000002,-1.1800000000000002,0.9139999999999999,1.188997897390908,1.4997039707889022
4,26,female,16,3.0,1.0,1.0,The Bourne Identity,excitement,0.0,-1.0,1.0,noun,reversed,excitement,0.792,0.368,0.462,-0.792,-1.3679999999999999,0.538,1.5807238848072105,1.669770044047982
4,26,female,17,1.0,3.0,4.0,The Shawshank Redemption,sadness,-1.0,0.0,-0.5,noun,reversed,sadness,-0.896,-0.424,-0.672,-0.10399999999999998,0.424,0.17200000000000004,0.43656843678855206,0.4692291551044116
4,26,female,18,2.0,3.0,3.0,The Departed,surprise,-0.5,0.0,-0.0,noun,reversed,surprise,0.75,0.75,0.124,-1.25,-0.75,-0.124,1.4577379737113252,1.4630023923425415
5,27,female,1,4.0,2.0,2.0,Searching for Bobby Fischer,calmness,0.5,-0.5,0.5,noun,reversed,calmness,0.868,-0.895,-0.199,-0.368,0.395,0.6990000000000001,0.5398601670803284,0.8832043931050163
5,27,female,2,2.0,4.0,3.0,D.O.A.,surprise,-0.5,0.5,-0.0,noun,reversed,surprise,0.75,0.75,0.124,-1.25,-0.25,-0.124,1.2747548783981961,1.280771642409372
5,27,female,3,5.0,4.0,4.0,The Hangover,amusement,1.0,0.5,-0.5,noun,reversed,amusement,0.858,0.674,0.606,0.14200000000000002,-0.17400000000000004,-1.1059999999999999,0.22458851261807675,1.1285725497281953
5,27,female,4,1.0,4.0,4.0,The Ring,fear,-1.0,0.5,-0.5,noun,reversed,fear,-0.854,0.68,-0.414,-0.14600000000000002,-0.18000000000000005,-0.08600000000000002,0.23176712450216064,0.2472084140962844
5,27,female,5,1.0,3.0,2.0,300,excitement,-1.0,0.0,0.5,noun,reversed,excitement,0.792,0.368,0.462,-1.792,-0.368,0.03799999999999998,1.8293955285831438,1.8297901519026711
5,27,female,6,3.0,3.0,4.0,National Lampoon's Van Wilder,disgust,0.0,0.0,-0.5,noun,reversed,disgust,-0.896,0.55,-0.366,0.896,-0.55,-0.134,1.0513400972092715,1.0598452717260196
5,27,female,7,4.0,3.0,3.0,Wall-E,happiness,0.5,0.0,-0.0,noun,reversed,happiness,0.92,0.464,0.7,-0.42000000000000004,-0.464,-0.7,0.6258562135187283,0.9389866878715587
5,27,female,8,1.0,4.0,4.0,Crash,anger,-1.0,0.5,-0.5,noun,reversed,anger,-0.666,0.73,0.314,-0.33399999999999996,-0.22999999999999998,-0.8140000000000001,0.40553174968182204,0.9094239935255722
5,27,female,9,1.0,2.0,2.0,My Girl,sadness,-1.0,-0.5,0.5,noun,reversed,sadness,-0.896,-0.424,-0.672,-0.10399999999999998,-0.07600000000000001,1.1720000000000002,0.12880993750483694,1.1790572505183963
5,27,female,10,3.0,3.0,3.0,The Fly,disgust,0.0,0.0,-0.0,noun,reversed,disgust,-0.896,0.55,-0.366,0.896,-0.55,0.366,1.0513400972092715,1.1132259429244362
5,27,female,11,4.0,2.0,3.0,Pride and Prejudice,calmness,0.5,-0.5,-0.0,noun,reversed,calmness,0.868,-0.895,-0.199,-0.368,0.395,0.199,0.5398601670803284,0.5753694465297927
5,27,female,12,4.0,1.0,2.0,Modern Times,amusement,0.5,-1.0,0.5,noun,reversed,amusement,0.858,0.674,0.606,-0.358,-1.674,-0.10599999999999998,1.7118527974098707,1.7151314818403864
5,27,female,13,4.0,4.0,4.0,Remember the Titans,happiness,0.5,0.5,-0.5,noun,reversed,happiness,0.92,0.464,0.7,-0.42000000000000004,0.035999999999999976,-1.2,0.4215400336860071,1.271886787414666
5,27,female,14,3.0,2.0,2.0,Gentleman's Agreement,anger,0.0,-0.5,0.5,noun,reversed,anger,-0.666,0.73,0.314,0.666,-1.23,0.186,1.398733713041907,1.411046420214445
5,27,female,15,3.0,3.0,3.0,Psycho,fear,0.0,0.0,-0.0,noun,reversed,fear,-0.854,0.68,-0.414,0.854,-0.68,0.414,1.0916574554318768,1.1675238755588684
5,27,female,16,3.0,4.0,3.0,The Bourne Identity,excitement,0.0,0.5,-0.0,noun,reversed,excitement,0.792,0.368,0.462,-0.792,0.132,-0.462,0.802924653999365,0.9263541439428012
5,27,female,17,1.0,4.0,4.0,The Shawshank Redemption,sadness,-1.0,0.5,-0.5,noun,reversed,sadness,-0.896,-0.424,-0.672,-0.10399999999999998,0.9239999999999999,0.17200000000000004,0.9298343938573147,0.9456087986054275
5,27,female,18,2.0,4.0,4.0,The Departed,surprise,-0.5,0.5,-0.5,noun,reversed,surprise,0.75,0.75,0.124,-1.25,-0.25,-0.624,1.2747548783981961,1.4192871450132984
6,25,male,1,3.0,3.0,3.0,Searching for Bobby Fischer,calmness,0.0,0.0,-0.0,noun,reversed,calmness,0.868,-0.895,-0.199,-0.868,0.895,0.199,1.2467754408874117,1.2625569294095218
6,25,male,2,3.0,4.0,3.0,D.O.A.,surprise,0.0,0.5,-0.0,noun,reversed,surprise,0.75,0.75,0.124,-0.75,-0.25,-0.124,0.7905694150420949,0.8002349654945102
6,25,male,3,4.0,4.0,4.0,The Hangover,amusement,0.5,0.5,-0.5,noun,reversed,amusement,0.858,0.674,0.606,-0.358,-0.17400000000000004,-1.1059999999999999,0.39804522356134364,1.1754471489607687
6,25,male,4,2.0,5.0,5.0,The Ring,fear,-0.5,1.0,-1.0,noun,reversed,fear,-0.854,0.68,-0.414,0.354,0.31999999999999995,-0.5860000000000001,0.47719597651279494,0.7557195246915354
6,25,male,5,4.0,4.0,3.0,300,excitement,0.5,0.5,-0.0,noun,reversed,excitement,0.792,0.368,0.462,-0.29200000000000004,0.132,-0.462,0.32044968403791574,0.562256169374779
6,25,male,6,1.0,5.0,5.0,National Lampoon's Van Wilder,disgust,-1.0,1.0,-1.0,noun,reversed,disgust,-0.896,0.55,-0.366,-0.10399999999999998,0.44999999999999996,-0.634,0.461861451086795,0.7843927587631084
6,25,male,7,4.0,3.0,3.0,Wall-E,happiness,0.5,0.0,-0.0,noun,reversed,happiness,0.92,0.464,0.7,-0.42000000000000004,-0.464,-0.7,0.6258562135187283,0.9389866878715587
6,25,male,8,1.0,5.0,4.0,Crash,anger,-1.0,1.0,-0.5,noun,reversed,anger,-0.666,0.73,0.314,-0.33399999999999996,0.27,-0.8140000000000001,0.4294834106225757,0.920354279611933
6,25,male,9,1.0,4.0,5.0,My Girl,sadness,-1.0,0.5,-1.0,noun,reversed,sadness,-0.896,-0.424,-0.672,-0.10399999999999998,0.9239999999999999,-0.32799999999999996,0.9298343938573147,0.9859898579600096
6,25,male,10,3.0,4.0,4.0,The Fly,disgust,0.0,0.5,-0.5,noun,reversed,disgust,-0.896,0.55,-0.366,0.896,-0.050000000000000044,-0.134,0.897394004883028,0.9073433749138196
6,25,male,11,4.0,2.0,3.0,Pride and Prejudice,calmness,0.5,-0.5,-0.0,noun,reversed,calmness,0.868,-0.895,-0.199,-0.368,0.395,0.199,0.5398601670803284,0.5753694465297927
6,25,male,12,4.0,3.0,3.0,Modern Times,amusement,0.5,0.0,-0.0,noun,reversed,amusement,0.858,0.674,0.606,-0.358,-0.674,-0.606,0.7631775678045052,0.9745132118139805
6,25,male,13,5.0,5.0,5.0,Remember the Titans,happiness,1.0,1.0,-1.0,noun,reversed,happiness,0.92,0.464,0.7,0.07999999999999996,0.536,-1.7,0.5419372657420783,1.784291456012722
6,25,male,14,2.0,3.0,3.0,Gentleman's Agreement,anger,-0.5,0.0,-0.0,noun,reversed,anger,-0.666,0.73,0.314,0.16600000000000004,-0.73,-0.314,0.7486360931721099,0.8118201771328426
6,25,male,15,3.0,3.0,3.0,Psycho,fear,0.0,0.0,-0.0,noun,reversed,fear,-0.854,0.68,-0.414,0.854,-0.68,0.414,1.0916574554318768,1.1675238755588684
6,25,male,16,4.0,4.0,4.0,The Bourne Identity,excitement,0.5,0.5,-0.5,noun,reversed,excitement,0.792,0.368,0.462,-0.29200000000000004,0.132,-0.962,0.32044968403791574,1.013968441323496
6,25,male,17,2.0,4.0,4.0,The Shawshank Redemption,sadness,-0.5,0.5,-0.5,noun,reversed,sadness,-0.896,-0.424,-0.672,0.396,0.9239999999999999,0.17200000000000004,1.0052820499740358,1.0198901901675494
6,25,male,18,4.0,5.0,4.0,The Departed,surprise,0.5,1.0,-0.5,noun,reversed,surprise,0.75,0.75,0.124,-0.25,0.25,-0.624,0.3535533905932738,0.717200111544888
7,23,female,1,3.0,3.0,2.0,Searching for Bobby Fischer,calmness,0.0,0.0,0.5,noun,reversed,calmness,0.868,-0.895,-0.199,-0.868,0.895,0.6990000000000001,1.2467754408874117,1.4293530004865838
7,23,female,2,2.0,3.0,2.0,D.O.A.,surprise,-0.5,0.0,0.5,noun,reversed,surprise,0.75,0.75,0.124,-1.25,-0.75,0.376,1.4577379737113252,1.5054487703007366
7,23,female,3,4.0,3.0,3.0,The Hangover,amusement,0.5,0.0,-0.0,noun,reversed,amusement,0.858,0.674,0.606,-0.358,-0.674,-0.606,0.7631775678045052,0.9745132118139805
7,23,female,4,2.0,4.0,4.0,The Ring,fear,-0.5,0.5,-0.5,noun,reversed,fear,-0.854,0.68,-0.414,0.354,-0.18000000000000005,-0.08600000000000002,0.3971347378409499,0.4063397593147882
7,23,female,5,3.0,4.0,3.0,300,excitement,0.0,0.5,-0.0,noun,reversed,excitement,0.792,0.368,0.462,-0.792,0.132,-0.462,0.802924653999365,0.9263541439428012
7,23,female,6,1.0,5.0,5.0,National Lampoon's Van Wilder,disgust,-1.0,1.0,-1.0,noun,reversed,disgust,-0.896,0.55,-0.366,-0.10399999999999998,0.44999999999999996,-0.634,0.461861451086795,0.7843927587631084
7,23,female,7,5.0,5.0,4.0,Wall-E,happiness,1.0,1.0,-0.5,noun,reversed,happiness,0.92,0.464,0.7,0.07999999999999996,0.536,-1.2,0.5419372657420783,1.3166989025589715
7,23,female,8,1.0,4.0,5.0,Crash,anger,-1.0,0.5,-1.0,noun,reversed,anger,-0.666,0.73,0.314,-0.33399999999999996,-0.22999999999999998,-1.314,0.40553174968182204,1.3751552639611282
7,23,female,9,1.0,5.0,4.0,My Girl,sadness,-1.0,1.0,-0.5,noun,reversed,sadness,-0.896,-0.424,-0.672,-0.10399999999999998,1.424,0.17200000000000004,1.4277927020404608,1.438115433475352
7,23,female,10,2.0,3.0,4.0,The Fly,disgust,-0.5,0.0,-0.5,noun,reversed,disgust,-0.896,0.55,-0.366,0.396,-0.55,-0.134,0.677728559232972,0.690848753346201
7,23,female,11,3.0,2.0,2.0,Pride and Prejudice,calmness,0.0,-0.5,0.5,noun,reversed,calmness,0.868,-0.895,-0.199,-0.868,0.395,0.6990000000000001,0.9536503552141109,1.1823916440841418
7,23,female,12,4.0,2.0,2.0,Modern Times,amusement,0.5,-0.5,0.5,noun,reversed,amusement,0.858,0.674,0.606,-0.358,-1.174,-0.10599999999999998,1.227371174502644,1.2319399336006605
7,23,female,13,4.0,3.0,2.0,Remember the Titans,happiness,0.5,0.0,0.5,noun,reversed,happiness,0.92,0.464,0.7,-0.42000000000000004,-0.464,-0.19999999999999996,0.6258562135187283,0.6570357676717455
7,23,female,14,2.0,3.0,2.0,Gentleman's Agreement,anger,-0.5,0.0,0.5,noun,reversed,anger,-0.666,0.73,0.314,0.16600000000000004,-0.73,0.186,0.7486360931721099,0.7713961368842859
7,23,female,15,2.0,3.0,4.0,Psycho,fear,-0.5,0.0,-0.5,noun,reversed,fear,-0.854,0.68,-0.414,0.354,-0.68,-0.08600000000000002,0.7666263757528827,0.7714350264280201
7,23,female,16,4.0,3.0,2.0,The Bourne Identity,excitement,0.5,0.0,0.5,noun,reversed,excitement,0.792,0.368,0.462,-0.29200000000000004,-0.368,0.03799999999999998,0.4697744139478011,0.4713088159582844
7,23,female,17,1.0,4.0,5.0,The Shawshank Redemption,sadness,-1.0,0.5,-1.0,noun,reversed,sadness,-0.896,-0.424,-0.672,-0.10399999999999998,0.9239999999999999,-0.32799999999999996,0.9298343938573147,0.9859898579600096
7,23,female,18,2.0,3.0,3.0,The Departed,surprise,-0.5,0.0,-0.0,noun,reversed,surprise,0.75,0.75,0.124,-1.25,-0.75,-0.124,1.4577379737113252,1.4630023923425415
8,29,male,1,2.0,2.0,3.0,Searching for Bobby Fischer,calmness,-0.5,-0.5,-0.0,noun,reversed,calmness,0.868,-0.895,-0.199,-1.3679999999999999,0.395,0.199,1.4238851779550203,1.4377238956072198
8,29,male,2,3.0,4.0,3.0,D.O.A.,surprise,0.0,0.5,-0.0,noun,reversed,surprise,0.75,0.75,0.124,-0.75,-0.25,-0.124,0.7905694150420949,0.8002349654945102
8,29,male,3,4.0,3.0,3.0,The Hangover,amusement,0.5,0.0,-0.0,noun,reversed,amusement,0.858,0.674,0.606,-0.358,-0.674,-0.606,0.7631775678045052,0.9745132118139805
8,29,male,4,3.0,4.0,4.0,The Ring,fear,0.0,0.5,-0.5,noun,reversed,fear,-0.854,0.68,-0.414,0.854,-0.18000000000000005,-0.08600000000000002,0.872763427281414,0.8769903078141741
8,29,male,5,3.0,2.0,2.0,300,excitement,0.0,-0.5,0.5,noun,reversed,excitement,0.792,0.368,0.462,-0.792,-0.868,0.03799999999999998,1.1750268082048172,1.1756411016972825
8,29,male,6,5.0,4.0,4.0,National Lampoon's Van Wilder,disgust,1.0,0.5,-0.5,noun,reversed,disgust,-0.896,0.55,-0.366,1.896,-0.050000000000000044,-0.134,1.8966591681164013,1.9013868622665928
8,29,male,7,3.0,1.0,2.0,Wall-E,happiness,0.0,-1.0,0.5,noun,reversed,happiness,0.92,0.464,0.7,-0.92,-1.464,-0.19999999999999996,1.72907374047494,1.740602194644141
8,29,male,8,2.0,3.0,3.0,Crash,anger,-0.5,0.0,-0.0,noun,reversed,anger,-0.666,0.73,0.314,0.16600000000000004,-0.73,-0.314,0.7486360931721099,0.8118201771328426
8,29,male,9,1.0,3.0,4.0,My Girl,sadness,-1.0,0.0,-0.5,noun,reversed,sadness,-0.896,-0.424,-0.672,-0.10399999999999998,0.424,0.17200000000000004,0.43656843678855206,0.4692291551044116
8,29,male,10,4.0,3.0,3.0,The Fly,disgust,0.5,0.0,-0.0,noun,reversed,disgust,-0.896,0.55,-0.366,1.396,-0.55,0.366,1.500438602542603,1.5444325818888953
8,29,male,11,4.0,2.0,3.0,Pride and Prejudice,calmness,0.5,-0.5,-0.0,noun,reversed,calmness,0.868,-0.895,-0.199,-0.368,0.395,0.199,0.5398601670803284,0.5753694465297927
8,29,male,12,3.0,2.0,2.0,Modern Times,amusement,0.0,-0.5,0.5,noun,reversed,amusement,0.858,0.674,0.606,-0.858,-1.174,-0.10599999999999998,1.45411141251281,1.4579698213611967
8,29,male,13,5.0,5.0,5.0,Remember the Titans,happiness,1.0,1.0,-1.0,noun,reversed,happiness,0.92,0.464,0.7,0.07999999999999996,0.536,-1.7,0.5419372657420783,1.784291456012722
8,29,male,14,3.0,1.0,2.0,Gentleman's Agreement,anger,0.0,-1.0,0.5,noun,reversed,anger,-0.666,0.73,0.314,0.666,-1.73,0.186,1.8537680545310948,1.8630759512161603
8,29,male,15,3.0,3.0,3.0,Psycho,fear,0.0,0.0,-0.0,noun,reversed,fear,-0.854,0.68,-0.414,0.854,-0.68,0.414,1.0916574554318768,1.1675238755588684
8,29,male,16,4.0,3.0,3.0,The Bourne Identity,excitement,0.5,0.0,-0.0,noun,reversed,excitement,0.792,0.368,0.462,-0.29200000000000004,-0.368,-0.462,0.4697744139478011,0.6588869402257113
8,29,male,17,2.0,3.0,3.0,The Shawshank Redemption,sadness,-0.5,0.0,-0.0,noun,reversed,sadness,-0.896,-0.424,-0.672,0.396,0.424,0.672,0.5801654936309122,0.8877927686121351
8,29,male,18,3.0,4.0,3.0,The Departed,surprise,0.0,0.5,-0.0,noun,reversed,surprise,0.75,0.75,0.124,-0.75,-0.25,-0.124,0.7905694150420949,0.8002349654945102
9,31,female,1,3.0,2.0,2.0,Searching for Bobby Fischer,calmness,0.0,-0.5,0.5,noun,reversed,calmness,0.868,-0.895,-0.199,-0.868,0.395,0.6990000000000001,0.9536503552141109,1.1823916440841418
9,31,female,2,4.0,4.0,3.0,D.O.A.,surprise,0.5,0.5,-0.0,noun,reversed,surprise,0.75,0.75,0.124,-0.25,-0.25,-0.124,0.3535533905932738,0.3746678529044092
9,31,female,3,5.0,5.0,4.0,The Hangover,amusement,1.0,1.0,-0.5,noun,reversed,amusement,0.858,0.674,0.606,0.14200000000000002,0.32599999999999996,-1.1059999999999999,0.3555840266378679,1.1617555680951135
9,31,female,4,2.0,4.0,4.0,The Ring,fear,-0.5,0.5,-0.5,noun,reversed,fear,-0.854,0.68,-0.414,0.354,-0.18000000000000005,-0.08600000000000002,0.3971347378409499,0.4063397593147882
9,31,female,5,4.0,4.0,4.0,300,excitement,0.5,0.5,-0.5,noun,reversed,excitement,0.792,0.368,0.462,-0.29200000000000004,0.132,-0.962,0.32044968403791574,1.013968441323496
9,31,female,6,1.0,4.0,5.0,National Lampoon's Van Wilder,disgust,-1.0,0.5,-1.0,noun,reversed,disgust,-0.896,0.55,-0.366,-0.10399999999999998,-0.050000000000000044,-0.634,0.11539497389401325,0.6444160146985797
9,31,female,7,5.0,4.0,4.0,Wall-E,happiness,1.0,0.5,-0.5,noun,reversed,happiness,0.92,0.464,0.7,0.07999999999999996,0.035999999999999976,-1.2,0.08772684879784519,1.2032023936146403
9,31,female,8,3.0,3.0,3.0,Crash,anger,0.0,0.0,-0.0,noun,reversed,anger,-0.666,0.73,0.314,0.666,-0.73,-0.314,0.9881578821220828,1.0368471439898939
9,31,female,9,1.0,5.0,5.0,My Girl,sadness,-1.0,1.0,-1.0,noun,reversed,sadness,-0.896,-0.424,-0.672,-0.10399999999999998,1.424,-0.32799999999999996,1.4277927020404608,1.4649832763550579
9,31,female,10,2.0,4.0,4.0,The Fly,disgust,-0.5,0.5,-0.5,noun,reversed,disgust,-0.896,0.55,-0.366,0.396,-0.050000000000000044,-0.134,0.3991440842603082,0.4210368154924222
9,31,female,11,4.0,3.0,3.0,Pride and Prejudice,calmness,0.5,0.0,-0.0,noun,reversed,calmness,0.868,-0.895,-0.199,-0.368,0.895,0.199,0.9677029502900154,0.9879524280045067
9,31,female,12,4.0,3.0,3.0,Modern Times,amusement,0.5,0.0,-0.0,noun,reversed,amusement,0.858,0.674,0.606,-0.358,-0.674,-0.606,0.7631775678045052,0.9745132118139805
9,31,female,13,4.0,4.0,4.0,Remember the Titans,happiness,0.5,0.5,-0.5,noun,reversed,happiness,0.92,0.464,0.7,-0.42000000000000004,0.035999999999999976,-1.2,0.4215400336860071,1.271886787414666
9,31,female,14,3.0,3.0,3.0,Gentleman's Agreement,anger,0.0,0.0,-0.0,noun,reversed,anger,-0.666,0.73,0.314,0.666,-0.73,-0.314,0.9881578821220828,1.0368471439898939
9,31,female,15,3.0,4.0,4.0,Psycho,fear,0.0,0.5,-0.5,noun,reversed,fear,-0.854,0.68,-0.414,0.854,-0.18000000000000005,-0.08600000000000002,0.872763427281414,0.8769903078141741
9,31,female,16,4.0,4.0,4.0,The Bourne Identity,excitement,0.5,0.5,-0.5,noun,reversed,excitement,0.792,0.368,0.462,-0.29200000000000004,0.132,-0.962,0.32044968403791574,1.013968441323496
9,31,female,17,2.0,4.0,4.0,The Shawshank Redemption,sadness,-0.5,0.5,-0.5,noun,reversed,sadness,-0.896,-0.424,-0.672,0.396,0.9239999999999999,0.17200000000000004,1.0052820499740358,1.0198901901675494
9,31,female,18,3.0,4.0,4.0,The Departed,surprise,0.0,0.5,-0.5,noun,reversed,surprise,0.75,0.75,0.124,-0.75,-0.25,-0.624,0.7905694150420949,1.0071623503685987
10,24,male,1,4.0,1.0,2.0,Searching for Bobby Fischer,calmness,0.5,-1.0,0.5,noun,reversed,calmness,0.868,-0.895,-0.199,-0.368,-0.10499999999999998,0.6990000000000001,0.3826865558129786,0.796900244698168
10,24,male,2,3.0,2.0,3.0,D.O.A.,surprise,0.0,-0.5,-0.0,noun,reversed,surprise,0.75,0.75,0.124,-0.75,-1.25,-0.124,1.4577379737113252,1.4630023923425415
10,24,male,3,5.0,3.0,4.0,The Hangover,amusement,1.0,0.0,-0.5,noun,reversed,amusement,0.858,0.674,0.606,0.14200000000000002,-0.674,-1.1059999999999999,0.6887960510920487,1.302948962929861
10,24,male,4,4.0,5.0,5.0,The Ring,fear,0.5,1.0,-1.0,noun,reversed,fear,-0.854,0.68,-0.414,1.354,0.31999999999999995,-0.5860000000000001,1.3913001114065937,1.5096728122344922
10,24,male,5,5.0,5.0,5.0,300,excitement,1.0,1.0,-1.0,noun,reversed,excitement,0.792,0.368,0.462,0.20799999999999996,0.632,-1.462,0.665348029229816,1.6062789297005673
10,24,male,6,4.0,4.0,3.0,National Lampoon's Van Wilder,disgust,0.5,0.5,-0.0,noun,reversed,disgust,-0.896,0.55,-0.366,1.396,-0.050000000000000044,0.366,1.3968951284903244,1.4440470906448999
10,24,male,7,5.0,4.0,4.0,Wall-E,happiness,1.0,0.5,-0.5,noun,reversed,happiness,0.92,0.464,0.7,0.07999999999999996,0.035999999999999976,-1.2,0.08772684879784519,1.2032023936146403
10,24,male,8,1.0,3.0,4.0,Crash,anger,-1.0,0.0,-0.5,noun,reversed,anger,-0.666,0.73,0.314,-0.33399999999999996,-0.73,-0.8140000000000001,0.8027801691621436,1.143263749097294
10,24,male,9,1.0,2.0,3.0,My Girl,sadness,-1.0,-0.5,-0.0,noun,reversed,sadness,-0.896,-0.424,-0.672,-0.10399999999999998,-0.07600000000000001,0.672,0.12880993750483694,0.6842338781440159
10,24,male,10,4.0,2.0,3.0,The Fly,disgust,0.5,-0.5,-0.0,noun,reversed,disgust,-0.896,0.55,-0.366,1.396,-1.05,0.366,1.7468016487283264,1.7847330332573552
10,24,male,11,5.0,1.0,1.0,Pride and Prejudice,calmness,1.0,-1.0,1.0,noun,reversed,calmness,0.868,-0.895,-0.199,0.132,-0.10499999999999998,1.199,0.16866831356244716,1.2108055170009757
10,24,male,12,4.0,2.0,2.0,Modern Times,amusement,0.5,-0.5,0.5,noun,reversed,amusement,0.858,0.674,0.606,-0.358,-1.174,-0.10599999999999998,1.227371174502644,1.2319399336006605
10,24,male,13,5.0,4.0,4.0,Remember the Titans,happiness,1.0,0.5,-0.5,noun,reversed,happiness,0.92,0.464,0.7,0.07999999999999996,0.035999999999999976,-1.2,0.08772684879784519,1.2032023936146403
10,24,male,14,2.0,2.0,3.0,Gentleman's Agreement,anger,-0.5,-0.5,-0.0,noun,reversed,anger,-0.666,0.73,0.314,0.16600000000000004,-1.23,-0.314,1.2411510786362794,1.2802546621668673
10,24,male,15,3.0,2.0,2.0,Psycho,fear,0.0,-0.5,0.5,noun,reversed,fear,-0.854,0.68,-0.414,0.854,-1.1800000000000002,0.9139999999999999,1.456611135478512,1.7196255406337742
10,24,male,16,4.0,5.0,4.0,The Bourne Identity,excitement,0.5,1.0,-0.5,noun,reversed,excitement,0.792,0.368,0.462,-0.29200000000000004,0.632,-0.962,0.6961953748769091,1.1874897894297871
10,24,male,17,1.0,2.0,3.0,The Shawshank Redemption,sadness,-1.0,-0.5,-0.0,noun,reversed,sadness,-0.896,-0.424,-0.672,-0.10399999999999998,-0.07600000000000001,0.672,0.12880993750483694,0.6842338781440159
10,24,male,18,4.0,5.0,4.0,The Departed,surprise,0.5,1.0,-0.5,noun,reversed,surprise,0.75,0.75,0.124,-0.25,0.25,-0.624,0.3535533905932738,0.717200111544888
11,26,male,1,2.0,3.0,1.0,Searching for Bobby Fischer,calmness,-0.5,0.0,1.0,noun,reversed,calmness,0.868,-0.895,-0.199,-1.3679999999999999,0.895,1.199,1.6347626739071333,2.0273258248244166
11,26,male,2,2.0,4.0,4.0,D.O.A.,surprise,-0.5,0.5,-0.5,noun,reversed,surprise,0.75,0.75,0.124,-1.25,-0.25,-0.624,1.2747548783981961,1.4192871450132984
11,26,male,3,5.0,4.0,4.0,The Hangover,amusement,1.0,0.5,-0.5,noun,reversed,amusement,0.858,0.674,0.606,0.14200000000000002,-0.17400000000000004,-1.1059999999999999,0.22458851261807675,1.1285725497281953
11,26,male,4,2.0,5.0,5.0,The Ring,fear,-0.5,1.0,-1.0,noun,reversed,fear,-0.854,0.68,-0.414,0.354,0.31999999999999995,-0.5860000000000001,0.47719597651279494,0.7557195246915354
11,26,male,5,5.0,4.0,5.0,300,excitement,1.0,0.5,-1.0,noun,reversed,excitement,0.792,0.368,0.462,0.20799999999999996,0.132,-1.462,0.24634934544260512,1.48260986102211
11,26,male,6,1.0,3.0,5.0,National Lampoon's Van Wilder,disgust,-1.0,0.0,-1.0,noun,reversed,disgust,-0.896,0.55,-0.366,-0.10399999999999998,-0.55,-0.634,0.559746371136071,0.8457375479426228
11,26,male,7,5.0,2.0,4.0,Wall-E,happiness,1.0,-0.5,-0.5,noun,reversed,happiness,0.92,0.464,0.7,0.07999999999999996,-0.964,-1.2,0.967313806373092,1.5413292964191654
11,26,male,8,1.0,4.0,4.0,Crash,anger,-1.0,0.5,-0.5,noun,reversed,anger,-0.666,0.73,0.314,-0.33399999999999996,-0.22999999999999998,-0.8140000000000001,0.40553174968182204,0.9094239935255722
11,26,male,9,1.0,2.0,2.0,My Girl,sadness,-1.0,-0.5,0.5,noun,reversed,sadness,-0.896,-0.424,-0.672,-0.10399999999999998,-0.07600000000000001,1.1720000000000002,0.12880993750483694,1.1790572505183963
11,26,male,10,1.0,5.0,5.0,The Fly,disgust,-1.0,1.0,-1.0,noun,reversed,disgust,-0.896,0.55,-0.366,-0.10399999999999998,0.44999999999999996,-0.634,0.461861451086795,0.7843927587631084
11,26,male,11,5.0,2.0,3.0,Pride and Prejudice,calmness,1.0,-0.5,-0.0,noun,reversed,calmness,0.868,-0.895,-0.199,0.132,0.395,0.199,0.41647208790025775,0.46157339611377085
11,26,male,12,4.0,2.0,3.0,Modern Times,amusement,0.5,-0.5,-0.0,noun,reversed,amusement,0.858,0.674,0.606,-0.358,-1.174,-0.606,1.227371174502644,1.3688228519425
11,26,male,13,5.0,4.0,4.0,Remember the Titans,happiness,1.0,0.5,-0.5,noun,reversed,happiness,0.92,0.464,0.7,0.07999999999999996,0.035999999999999976,-1.2,0.08772684879784519,1.2032023936146403
11,26,male,14,2.0,2.0,2.0,Gentleman's Agreement,anger,-0.5,-0.5,0.5,noun,reversed,anger,-0.666,0.73,0.314,0.16600000000000004,-1.23,0.186,1.2411510786362794,1.2550107569260114
11,26,male,15,3.0,3.0,3.0,Psycho,fear,0.0,0.0,-0.0,noun,reversed,fear,-0.854,0.68,-0.414,0.854,-0.68,0.414,1.0916574554318768,1.1675238755588684
11,26,male,16,3.0,2.0,4.0,The Bourne Identity,excitement,0.0,-0.5,-0.5,noun,reversed,excitement,0.792,0.368,0.462,-0.792,-0.868,-0.962,1.1750268082048172,1.518595403654311
11,26,male,17,1.0,3.0,5.0,The Shawshank Redemption,sadness,-1.0,0.0,-1.0,noun,reversed,sadness,-0.896,-0.424,-0.672,-0.10399999999999998,0.424,-0.32799999999999996,0.43656843678855206,0.5460549422906087
11,26,male,18,3.0,3.0,2.0,The Departed,surprise,0.0,0.0,0.5,noun,reversed,surprise,0.75,0.75,0.124,-0.75,-0.75,0.376,1.0606601717798212,1.1253337282779718
12,25,male,1,4.0,2.0,3.0,Searching for Bobby Fischer,calmness,0.5,-0.5,-0.0,noun,reversed,calmness,0.868,-0.895,-0.199,-0.368,0.395,0.199,0.5398601670803284,0.5753694465297927
12,25,male,2,3.0,2.0,2.0,D.O.A.,surprise,0.0,-0.5,0.5,noun,reversed,surprise,0.75,0.75,0.124,-0.75,-1.25,0.376,1.4577379737113252,1.5054487703007366
12,25,male,3,5.0,2.0,3.0,The Hangover,amusement,1.0,-0.5,-0.0,noun,reversed,amusement,0.858,0.674,0.606,0.14200000000000002,-1.174,-0.606,1.182556552558904,1.3287874171589675
12,25,male,4,3.0,4.0,4.0,The Ring,fear,0.0,0.5,-0.5,noun,reversed,fear,-0.854,0.68,-0.414,0.854,-0.18000000000000005,-0.08600000000000002,0.872763427281414,0.8769903078141741
12,25,male,5,4.0,3.0,3.0,300,excitement,0.5,0.0,-0.0,noun,reversed,excitement,0.792,0.368,0.462,-0.29200000000000004,-0.368,-0.462,0.4697744139478011,0.6588869402257113
12,25,male,6,4.0,4.0,3.0,National Lampoon's Van Wilder,disgust,0.5,0.5,-0.0,noun,reversed,disgust,-0.896,0.55,-0.366,1.396,-0.050000000000000044,0.366,1.3968951284903244,1.4440470906448999
12,25,male,7,5.0,4.0,4.0,Wall-E,happiness,1.0,0.5,-0.5,noun,reversed,happiness,0.92,0.464,0.7,0.07999999999999996,0.035999999999999976,-1.2,0.08772684879784519,1.2032023936146403
12,25,male,8,2.0,4.0,4.0,Crash,anger,-0.5,0.5,-0.5,noun,reversed,anger,-0.666,0.73,0.314,0.16600000000000004,-0.22999999999999998,-0.8140000000000001,0.2836476687723698,0.8620046403587396
12,25,male,9,1.0,4.0,4.0,My Girl,sadness,-1.0,0.5,-0.5,noun,reversed,sadness,-0.896,-0.424,-0.672,-0.10399999999999998,0.9239999999999999,0.17200000000000004,0.9298343938573147,0.9456087986054275
12,25,male,10,2.0,4.0,3.0,The Fly,disgust,-0.5,0.5,-0.0,noun,reversed,disgust,-0.896,0.55,-0.366,0.396,-0.050000000000000044,0.366,0.3991440842603082,0.5415459352631132
12,25,male,11,5.0,3.0,3.0,Pride and Prejudice,calmness,1.0,0.0,-0.0,noun,reversed,calmness,0.868,-0.895,-0.199,0.132,0.895,0.199,0.904681711984939,0.9263098833543773
12,25,male,12,4.0,3.0,3.0,Modern Times,amusement,0.5,0.0,-0.0,noun,reversed,amusement,0.858,0.674,0.606,-0.358,-0.674,-0.606,0.7631775678045052,0.9745132118139805
12,25,male,13,5.0,4.0,4.0,Remember the Titans,happiness,1.0,0.5,-0.5,noun,reversed,happiness,0.92,0.464,0.7,0.07999999999999996,0.035999999999999976,-1.2,0.08772684879784519,1.2032023936146403
12,25,male,14,3.0,2.0,2.0,Gentleman's Agreement,anger,0.0,-0.5,0.5,noun,reversed,anger,-0.666,0.73,0.314,0.666,-1.23,0.186,1.398733713041907,1.411046420214445
12,25,male,15,2.0,4.0,3.0,Psycho,fear,-0.5,0.5,-0.0,noun,reversed,fear,-0.854,0.68,-0.414,0.354,-0.18000000000000005,0.414,0.3971347378409499,0.573682839206473
12,25,male,16,5.0,3.0,4.0,The Bourne Identity,excitement,1.0,0.0,-0.5,noun,reversed,excitement,0.792,0.368,0.462,0.20799999999999996,-0.368,-0.962,0.42271503403593297,1.050776855474082
12,25,male,17,1.0,3.0,4.0,The Shawshank Redemption,sadness,-1.0,0.0,-0.5,noun,reversed,sadness,-0.896,-0.424,-0.672,-0.10399999999999998,0.424,0.17200000000000004,0.43656843678855206,0.4692291551044116
12,25,male,18,3.0,3.0,3.0,The Departed,surprise,0.0,0.0,-0.0,noun,reversed,surprise,0.75,0.75,0.124,-0.75,-0.75,-0.124,1.0606601717798212,1.0678838888193791
13,28,male,1,4.0,3.0,2.0,Searching for Bobby Fischer,calmness,0.5,0.0,0.5,noun,reversed,calmness,0.868,-0.895,-0.199,-0.368,0.895,0.6990000000000001,0.9677029502900154,1.1937545811430421
13,28,male,2,4.0,3.0,3.0,D.O.A.,surprise,0.5,0.0,-0.0,noun,reversed,surprise,0.75,0.75,0.124,-0.25,-0.75,-0.124,0.7905694150420949,0.8002349654945102
13,28,male,3,5.0,4.0,5.0,The Hangover,amusement,1.0,0.5,-1.0,noun,reversed,amusement,0.858,0.674,0.606,0.14200000000000002,-0.17400000000000004,-1.6059999999999999,0.22458851261807675,1.62162757746654
13,28,male,4,4.0,4.0,5.0,The Ring,fear,0.5,0.5,-1.0,noun,reversed,fear,-0.854,0.68,-0.414,1.354,-0.18000000000000005,-0.5860000000000001,1.3659121494444657,1.486308178003472
13,28,male,5,4.0,4.0,4.0,300,excitement,0.5,0.5,-0.5,noun,reversed,excitement,0.792,0.368,0.462,-0.29200000000000004,0.132,-0.962,0.32044968403791574,1.013968441323496
13,28,male,6,2.0,5.0,4.0,National Lampoon's Van Wilder,disgust,-0.5,1.0,-0.5,noun,reversed,disgust,-0.896,0.55,-0.366,0.396,0.44999999999999996,-0.134,0.5994297289924816,0.6142247145792816
13,28,male,7,4.0,3.0,3.0,Wall-E,happiness,0.5,0.0,-0.0,noun,reversed,happiness,0.92,0.464,0.7,-0.42000000000000004,-0.464,-0.7,0.6258562135187283,0.9389866878715587
13,28,male,8,1.0,4.0,5.0,Crash,anger,-1.0,0.5,-1.0,noun,reversed,anger,-0.666,0.73,0.314,-0.33399999999999996,-0.22999999999999998,-1.314,0.40553174968182204,1.3751552639611282
13,28,male,9,2.0,3.0,3.0,My Girl,sadness,-0.5,0.0,-0.0,noun,reversed,sadness,-0.896,-0.424,-0.672,0.396,0.424,0.672,0.5801654936309122,0.8877927686121351
13,28,male,10,2.0,4.0,4.0,The Fly,disgust,-0.5,0.5,-0.5,noun,reversed,disgust,-0.896,0.55,-0.366,0.396,-0.050000000000000044,-0.134,0.3991440842603082,0.4210368154924222
13,28,male,11,3.0,2.0,2.0,Pride and Prejudice,calmness,0.0,-0.5,0.5,noun,reversed,calmness,0.868,-0.895,-0.199,-0.868,0.395,0.6990000000000001,0.9536503552141109,1.1823916440841418
13,28,male,12,4.0,3.0,2.0,Modern Times,amusement,0.5,0.0,0.5,noun,reversed,amusement,0.858,0.674,0.606,-0.358,-0.674,-0.10599999999999998,0.7631775678045052,0.7705037313342487
13,28,male,13,4.0,4.0,4.0,Remember the Titans,happiness,0.5,0.5,-0.5,noun,reversed,happiness,0.92,0.464,0.7,-0.42000000000000004,0.035999999999999976,-1.2,0.4215400336860071,1.271886787414666
13,28,male,14,3.0,2.0,2.0,Gentleman's Agreement,anger,0.0,-0.5,0.5,noun,reversed,anger,-0.666,0.73,0.314,0.666,-1.23,0.186,1.398733713041907,1.411046420214445
13,28,male,15,3.0,3.0,4.0,Psycho,fear,0.0,0.0,-0.5,noun,reversed,fear,-0.854,0.68,-0.414,0.854,-0.68,-0.08600000000000002,1.0916574554318768,1.0950397253068036
13,28,male,16,4.0,3.0,3.0,The Bourne Identity,excitement,0.5,0.0,-0.0,noun,reversed,excitement,0.792,0.368,0.462,-0.29200000000000004,-0.368,-0.462,0.4697744139478011,0.6588869402257113
13,28,male,17,2.0,3.0,4.0,The Shawshank Redemption,sadness,-0.5,0.0,-0.5,noun,reversed,sadness,-0.896,-0.424,-0.672,0.396,0.424,0.17200000000000004,0.5801654936309122,0.6051247805205138
13,28,male,18,4.0,5.0,5.0,The Departed,surprise,0.5,1.0,-1.0,noun,reversed,surprise,0.75,0.75,0.124,-0.25,0.25,-1.124,0.3535533905932738,1.17829368155821
14,25,male,1,3.0,2.0,2.0,Searching for Bobby Fischer,calmness,0.0,-0.5,0.5,noun,reversed,calmness,0.868,-0.895,-0.199,-0.868,0.395,0.6990000000000001,0.9536503552141109,1.1823916440841418
14,25,male,2,4.0,2.0,2.0,D.O.A.,surprise,0.5,-0.5,0.5,noun,reversed,surprise,0.75,0.75,0.124,-0.25,-1.25,0.376,1.2747548783981961,1.3290507890972414
14,25,male,3,5.0,5.0,4.0,The Hangover,amusement,1.0,1.0,-0.5,noun,reversed,amusement,0.858,0.674,0.606,0.14200000000000002,0.32599999999999996,-1.1059999999999999,0.3555840266378679,1.1617555680951135
14,25,male,4,2.0,3.0,3.0,The Ring,fear,-0.5,0.0,-0.0,noun,reversed,fear,-0.854,0.68,-0.414,0.354,-0.68,0.414,0.7666263757528827,0.8712703369218994
14,25,male,5,4.0,4.0,4.0,300,excitement,0.5,0.5,-0.5,noun,reversed,excitement,0.792,0.368,0.462,-0.29200000000000004,0.132,-0.962,0.32044968403791574,1.013968441323496
14,25,male,6,5.0,5.0,5.0,National Lampoon's Van Wilder,disgust,1.0,1.0,-1.0,noun,reversed,disgust,-0.896,0.55,-0.366,1.896,0.44999999999999996,-0.634,1.9486703158820888,2.0492125316813774
14,25,male,7,4.0,4.0,4.0,Wall-E,happiness,0.5,0.5,-0.5,noun,reversed,happiness,0.92,0.464,0.7,-0.42000000000000004,0.035999999999999976,-1.2,0.4215400336860071,1.271886787414666
14,25,male,8,1.0,4.0,4.0,Crash,anger,-1.0,0.5,-0.5,noun,reversed,anger,-0.666,0.73,0.314,-0.33399999999999996,-0.22999999999999998,-0.8140000000000001,0.40553174968182204,0.9094239935255722
14,25,male,9,1.0,3.0,3.0,My Girl,sadness,-1.0,0.0,-0.0,noun,reversed,sadness,-0.896,-0.424,-0.672,-0.10399999999999998,0.424,0.672,0.43656843678855206,0.8013588459610339
14,25,male,10,3.0,3.0,3.0,The Fly,disgust,0.0,0.0,-0.0,noun,reversed,disgust,-0.896,0.55,-0.366,0.896,-0.55,0.366,1.0513400972092715,1.1132259429244362
14,25,male,11,4.0,2.0,4.0,Pride and Prejudice,calmness,0.5,-0.5,-0.5,noun,reversed,calmness,0.868,-0.895,-0.199,-0.368,0.395,-0.301,0.5398601670803284,0.6181019333410954
14,25,male,12,3.0,1.0,2.0,Modern Times,amusement,0.0,-1.0,0.5,noun,reversed,amusement,0.858,0.674,0.606,-0.858,-1.674,-0.10599999999999998,1.8810741612174677,1.8840583855072008
14,25,male,13,5.0,3.0,3.0,Remember the Titans,happiness,1.0,0.0,-0.0,noun,reversed,happiness,0.92,0.464,0.7,0.07999999999999996,-0.464,-0.7,0.47084604702598915,0.843620767880924
14,25,male,14,1.0,2.0,2.0,Gentleman's Agreement,anger,-1.0,-0.5,0.5,noun,reversed,anger,-0.666,0.73,0.314,-0.33399999999999996,-1.23,0.186,1.2745414861823838,1.2880419247835064
14,25,male,15,3.0,1.0,2.0,Psycho,fear,0.0,-1.0,0.5,noun,reversed,fear,-0.854,0.68,-0.414,0.854,-1.6800000000000002,0.9139999999999999,1.8845996922423607,2.094543386993929
14,25,male,16,4.0,2.0,2.0,The Bourne Identity,excitement,0.5,-0.5,0.5,noun,reversed,excitement,0.792,0.368,0.462,-0.29200000000000004,-0.868,0.03799999999999998,0.9157991046075553,0.9165871480661291
14,25,male,17,2.0,2.0,2.0,The Shawshank Redemption,sadness,-0.5,-0.5,0.5,noun,reversed,sadness,-0.896,-0.424,-0.672,0.396,-0.07600000000000001,1.1720000000000002,0.40322698322408934,1.239425673447182
14,25,male,18,3.0,4.0,3.0,The Departed,surprise,0.0,0.5,-0.0,noun,reversed,surprise,0.75,0.75,0.124,-0.75,-0.25,-0.124,0.7905694150420949,0.8002349654945102
15,29,male,1,3.0,2.0,4.0,Searching for Bobby Fischer,calmness,0.0,-0.5,-0.5,noun,reversed,calmness,0.868,-0.895,-0.199,-0.868,0.395,-0.301,0.9536503552141109,1.0000249996875077
15,29,male,2,2.0,2.0,3.0,D.O.A.,surprise,-0.5,-0.5,-0.0,noun,reversed,surprise,0.75,0.75,0.124,-1.25,-1.25,-0.124,1.7677669529663689,1.7721106060288674
15,29,male,3,5.0,4.0,5.0,The Hangover,amusement,1.0,0.5,-1.0,noun,reversed,amusement,0.858,0.674,0.606,0.14200000000000002,-0.17400000000000004,-1.6059999999999999,0.22458851261807675,1.62162757746654
15,29,male,4,1.0,4.0,4.0,The Ring,fear,-1.0,0.5,-0.5,noun,reversed,fear,-0.854,0.68,-0.414,-0.14600000000000002,-0.18000000000000005,-0.08600000000000002,0.23176712450216064,0.2472084140962844
15,29,male,5,2.0,4.0,4.0,300,excitement,-0.5,0.5,-0.5,noun,reversed,excitement,0.792,0.368,0.462,-1.292,0.132,-0.962,1.2987255291246107,1.6162091448819362
15,29,male,6,3.0,4.0,4.0,National Lampoon's Van Wilder,disgust,0.0,0.5,-0.5,noun,reversed,disgust,-0.896,0.55,-0.366,0.896,-0.050000000000000044,-0.134,0.897394004883028,0.9073433749138196
15,29,male,7,4.0,3.0,5.0,Wall-E,happiness,0.5,0.0,-1.0,noun,reversed,happiness,0.92,0.464,0.7,-0.42000000000000004,-0.464,-1.7,0.6258562135187283,1.811545196786434
15,29,male,8,3.0,4.0,5.0,Crash,anger,0.0,0.5,-1.0,noun,reversed,anger,-0.666,0.73,0.314,0.666,-0.22999999999999998,-1.314,0.7045963383384845,1.4909902749515171
15,29,male,9,1.0,2.0,4.0,My Girl,sadness,-1.0,-0.5,-0.5,noun,reversed,sadness,-0.896,-0.424,-0.672,-0.10399999999999998,-0.07600000000000001,0.17200000000000004,0.12880993750483694,0.2148860162970127
15,29,male,10,1.0,4.0,5.0,The Fly,disgust,-1.0,0.5,-1.0,noun,reversed,disgust,-0.896,0.55,-0.366,-0.10399999999999998,-0.050000000000000044,-0.634,0.11539497389401325,0.6444160146985797
15,29,male,11,3.0,1.0,3.0,Pride and Prejudice,calmness,0.0,-1.0,-0.0,noun,reversed,calmness,0.868,-0.895,-0.199,-0.868,-0.10499999999999998,0.199,0.8743277417536286,0.8966883516584789
15,29,male,12,4.0,3.0,4.0,Modern Times,amusement,0.5,0.0,-0.5,noun,reversed,amusement,0.858,0.674,0.606,-0.358,-0.674,-1.1059999999999999,0.7631775678045052,1.3437544418531235
15,29,male,13,4.0,3.0,3.0,Remember the Titans,happiness,0.5,0.0,-0.0,noun,reversed,happiness,0.92,0.464,0.7,-0.42000000000000004,-0.464,-0.7,0.6258562135187283,0.9389866878715587
15,29,male,14,2.0,3.0,4.0,Gentleman's Agreement,anger,-0.5,0.0,-0.5,noun,reversed,anger,-0.666,0.73,0.314,0.16600000000000004,-0.73,-0.8140000000000001,0.7486360931721099,1.1059168142315225
15,29,male,15,1.0,4.0,4.0,Psycho,fear,-1.0,0.5,-0.5,noun,reversed,fear,-0.854,0.68,-0.414,-0.14600000000000002,-0.18000000000000005,-0.08600000000000002,0.23176712450216064,0.2472084140962844
15,29,male,16,4.0,5.0,4.0,The Bourne Identity,excitement,0.5,1.0,-0.5,noun,reversed,excitement,0.792,0.368,0.462,-0.29200000000000004,0.632,-0.962,0.6961953748769091,1.1874897894297871
15,29,male,17,1.0,2.0,3.0,The Shawshank Redemption,sadness,-1.0,-0.5,-0.0,noun,reversed,sadness,-0.896,-0.424,-0.672,-0.10399999999999998,-0.07600000000000001,0.672,0.12880993750483694,0.6842338781440159
15,29,male,18,2.0,5.0,5.0,The Departed,surprise,-0.5,1.0,-1.0,noun,reversed,surprise,0.75,0.75,0.124,-1.25,0.25,-1.124,1.2747548783981961,1.699522285820342
16,28,female,1,2.0,2.0,2.0,Searching for Bobby Fischer,calmness,-0.5,-0.5,0.5,noun,reversed,calmness,0.868,-0.895,-0.199,-1.3679999999999999,0.395,0.6990000000000001,1.4238851779550203,1.586206165666998
16,28,female,2,2.0,1.0,1.0,D.O.A.,surprise,-0.5,-1.0,1.0,noun,reversed,surprise,0.75,0.75,0.124,-1.25,-1.75,0.876,2.1505813167606567,2.3221490046937125
16,28,female,3,5.0,4.0,5.0,The Hangover,amusement,1.0,0.5,-1.0,noun,reversed,amusement,0.858,0.674,0.606,0.14200000000000002,-0.17400000000000004,-1.6059999999999999,0.22458851261807675,1.62162757746654
16,28,female,4,2.0,5.0,5.0,The Ring,fear,-0.5,1.0,-1.0,noun,reversed,fear,-0.854,0.68,-0.414,0.354,0.31999999999999995,-0.5860000000000001,0.47719597651279494,0.7557195246915354
16,28,female,5,2.0,3.0,3.0,300,excitement,-0.5,0.0,-0.0,noun,reversed,excitement,0.792,0.368,0.462,-1.292,-0.368,-0.462,1.3433867648596216,1.4206097282505143
16,28,female,6,1.0,4.0,5.0,National Lampoon's Van Wilder,disgust,-1.0,0.5,-1.0,noun,reversed,disgust,-0.896,0.55,-0.366,-0.10399999999999998,-0.050000000000000044,-0.634,0.11539497389401325,0.6444160146985797
16,28,female,7,5.0,4.0,5.0,Wall-E,happiness,1.0,0.5,-1.0,noun,reversed,happiness,0.92,0.464,0.7,0.07999999999999996,0.035999999999999976,-1.7,0.08772684879784519,1.7022620244838924
16,28,female,8,1.0,5.0,5.0,Crash,anger,-1.0,1.0,-1.0,noun,reversed,anger,-0.666,0.73,0.314,-0.33399999999999996,0.27,-1.314,0.4294834106225757,1.3824080439580784
16,28,female,9,1.0,2.0,3.0,My Girl,sadness,-1.0,-0.5,-0.0,noun,reversed,sadness,-0.896,-0.424,-0.672,-0.10399999999999998,-0.07600000000000001,0.672,0.12880993750483694,0.6842338781440159
16,28,female,10,2.0,2.0,2.0,The Fly,disgust,-0.5,-0.5,0.5,noun,reversed,disgust,-0.896,0.55,-0.366,0.396,-1.05,0.866,1.122192496856043,1.417487918819769
16,28,female,11,4.0,3.0,3.0,Pride and Prejudice,calmness,0.5,0.0,-0.0,noun,reversed,calmness,0.868,-0.895,-0.199,-0.368,0.895,0.199,0.9677029502900154,0.9879524280045067
16,28,female,12,4.0,2.0,2.0,Modern Times,amusement,0.5,-0.5,0.5,noun,reversed,amusement,0.858,0.674,0.606,-0.358,-1.174,-0.10599999999999998,1.227371174502644,1.2319399336006605
16,28,female,13,5.0,4.0,4.0,Remember the Titans,happiness,1.0,0.5,-0.5,noun,reversed,happiness,0.92,0.464,0.7,0.07999999999999996,0.035999999999999976,-1.2,0.08772684879784519,1.2032023936146403
16,28,female,14,3.0,1.0,1.0,Gentleman's Agreement,anger,0.0,-1.0,1.0,noun,reversed,anger,-0.666,0.73,0.314,0.666,-1.73,0.6859999999999999,1.8537680545310948,1.9766264189269556
16,28,female,15,2.0,2.0,2.0,Psycho,fear,-0.5,-0.5,0.5,noun,reversed,fear,-0.854,0.68,-0.414,0.354,-1.1800000000000002,0.9139999999999999,1.231956168051445,1.533985658342346
16,28,female,16,4.0,4.0,4.0,The Bourne Identity,excitement,0.5,0.5,-0.5,noun,reversed,excitement,0.792,0.368,0.462,-0.29200000000000004,0.132,-0.962,0.32044968403791574,1.013968441323496
16,28,female,17,1.0,3.0,4.0,The Shawshank Redemption,sadness,-1.0,0.0,-0.5,noun,reversed,sadness,-0.896,-0.424,-0.672,-0.10399999999999998,0.424,0.17200000000000004,0.43656843678855206,0.4692291551044116
16,28,female,18,1.0,4.0,3.0,The Departed,surprise,-1.0,0.5,-0.0,noun,reversed,surprise,0.75,0.75,0.124,-1.75,-0.25,-0.124,1.7677669529663689,1.7721106060288674
17,26,female,1,2.0,1.0,2.0,Searching for Bobby Fischer,calmness,-0.5,-1.0,0.5,noun,reversed,calmness,0.868,-0.895,-0.199,-1.3679999999999999,-0.10499999999999998,0.6990000000000001,1.3720236878421597,1.5398214182170606
17,26,female,2,5.0,2.0,3.0,D.O.A.,surprise,1.0,-0.5,-0.0,noun,reversed,surprise,0.75,0.75,0.124,0.25,-1.25,-0.124,1.2747548783981961,1.280771642409372
17,26,female,3,4.0,2.0,2.0,The Hangover,amusement,0.5,-0.5,0.5,noun,reversed,amusement,0.858,0.674,0.606,-0.358,-1.174,-0.10599999999999998,1.227371174502644,1.2319399336006605
17,26,female,4,2.0,5.0,4.0,The Ring,fear,-0.5,1.0,-0.5,noun,reversed,fear,-0.854,0.68,-0.414,0.354,0.31999999999999995,-0.08600000000000002,0.47719597651279494,0.48488349116050544
17,26,female,5,1.0,4.0,3.0,300,excitement,-1.0,0.5,-0.0,noun,reversed,excitement,0.792,0.368,0.462,-1.792,0.132,-0.462,1.7968550303238155,1.8552983587552705
17,26,female,6,2.0,4.0,5.0,National Lampoon's Van Wilder,disgust,-0.5,0.5,-1.0,noun,reversed,disgust,-0.896,0.55,-0.366,0.396,-0.050000000000000044,-0.634,0.3991440842603082,0.7491808860348748
17,26,female,7,5.0,3.0,3.0,Wall-E,happiness,1.0,0.0,-0.0,noun,reversed,happiness,0.92,0.464,0.7,0.07999999999999996,-0.464,-0.7,0.47084604702598915,0.843620767880924
17,26,female,8,1.0,4.0,5.0,Crash,anger,-1.0,0.5,-1.0,noun,reversed,anger,-0.666,0.73,0.314,-0.33399999999999996,-0.22999999999999998,-1.314,0.40553174968182204,1.3751552639611282
17,26,female,9,2.0,2.0,5.0,My Girl,sadness,-0.5,-0.5,-1.0,noun,reversed,sadness,-0.896,-0.424,-0.672,0.396,-0.07600000000000001,-0.32799999999999996,0.40322698322408934,0.5197845707598485
17,26,female,10,1.0,3.0,4.0,The Fly,disgust,-1.0,0.0,-0.5,noun,reversed,disgust,-0.896,0.55,-0.366,-0.10399999999999998,-0.55,-0.134,0.559746371136071,0.5755623337224215
17,26,female,11,5.0,1.0,3.0,Pride and Prejudice,calmness,1.0,-1.0,-0.0,noun,reversed,calmness,0.868,-0.895,-0.199,0.132,-0.10499999999999998,0.199,0.16866831356244716,0.26086394921491163
17,26,female,12,5.0,2.0,3.0,Modern Times,amusement,1.0,-0.5,-0.0,noun,reversed,amusement,0.858,0.674,0.606,0.14200000000000002,-1.174,-0.606,1.182556552558904,1.3287874171589675
17,26,female,13,4.0,3.0,3.0,Remember the Titans,happiness,0.5,0.0,-0.0,noun,reversed,happiness,0.92,0.464,0.7,-0.42000000000000004,-0.464,-0.7,0.6258562135187283,0.9389866878715587
17,26,female,14,2.0,2.0,2.0,Gentleman's Agreement,anger,-0.5,-0.5,0.5,noun,reversed,anger,-0.666,0.73,0.314,0.16600000000000004,-1.23,0.186,1.2411510786362794,1.2550107569260114
17,26,female,15,3.0,3.0,3.0,Psycho,fear,0.0,0.0,-0.0,noun,reversed,fear,-0.854,0.68,-0.414,0.854,-0.68,0.414,1.0916574554318768,1.1675238755588684
17,26,female,16,3.0,4.0,4.0,The Bourne Identity,excitement,0.0,0.5,-0.5,noun,reversed,excitement,0.792,0.368,0.462,-0.792,0.132,-0.962,0.802924653999365,1.2530490812414332
17,26,female,17,1.0,3.0,4.0,The Shawshank Redemption,sadness,-1.0,0.0,-0.5,noun,reversed,sadness,-0.896,-0.424,-0.672,-0.10399999999999998,0.424,0.17200000000000004,0.43656843678855206,0.4692291551044116
17,26,female,18,2.0,2.0,2.0,The Departed,surprise,-0.5,-0.5,0.5,noun,reversed,surprise,0.75,0.75,0.124,-1.25,-1.25,0.376,1.7677669529663689,1.8073118159299464
18,25,female,1,3.0,2.0,2.0,Searching for Bobby Fischer,calmness,0.0,-0.5,0.5,noun,reversed,calmness,0.868,-0.895,-0.199,-0.868,0.395,0.6990000000000001,0.9536503552141109,1.1823916440841418
18,25,female,2,3.0,3.0,3.0,D.O.A.,surprise,0.0,0.0,-0.0,noun,reversed,surprise,0.75,0.75,0.124,-0.75,-0.75,-0.124,1.0606601717798212,1.0678838888193791
18,25,female,3,4.0,4.0,4.0,The Hangover,amusement,0.5,0.5,-0.5,noun,reversed,amusement,0.858,0.674,0.606,-0.358,-0.17400000000000004,-1.1059999999999999,0.39804522356134364,1.1754471489607687
18,25,female,4,1.0,4.0,5.0,The Ring,fear,-1.0,0.5,-1.0,noun,reversed,fear,-0.854,0.68,-0.414,-0.14600000000000002,-0.18000000000000005,-0.5860000000000001,0.23176712450216064,0.6301682315064765
18,25,female,5,2.0,4.0,4.0,300,excitement,-0.5,0.5,-0.5,noun,reversed,excitement,0.792,0.368,0.462,-1.292,0.132,-0.962,1.2987255291246107,1.6162091448819362
18,25,female,6,1.0,4.0,5.0,National Lampoon's Van Wilder,disgust,-1.0,0.5,-1.0,noun,reversed,disgust,-0.896,0.55,-0.366,-0.10399999999999998,-0.050000000000000044,-0.634,0.11539497389401325,0.6444160146985797
18,25,female,7,4.0,3.0,4.0,Wall-E,happiness,0.5,0.0,-0.5,noun,reversed,happiness,0.92,0.464,0.7,-0.42000000000000004,-0.464,-1.2,0.6258562135187283,1.353401640312291
18,25,female,8,1.0,4.0,5.0,Crash,anger,-1.0,0.5,-1.0,noun,reversed,anger,-0.666,0.73,0.314,-0.33399999999999996,-0.22999999999999998,-1.314,0.40553174968182204,1.3751552639611282
18,25,female,9,2.0,4.0,3.0,My Girl,sadness,-0.5,0.5,-0.0,noun,reversed,sadness,-0.896,-0.424,-0.672,0.396,0.9239999999999999,0.672,1.0052820499740358,1.2092046973114188
18,25,female,10,1.0,2.0,4.0,The Fly,disgust,-1.0,-0.5,-0.5,noun,reversed,disgust,-0.896,0.55,-0.366,-0.10399999999999998,-1.05,-0.134,1.0551379056786843,1.0636127114697342
18,25,female,11,4.0,2.0,2.0,Pride and Prejudice,calmness,0.5,-0.5,0.5,noun,reversed,calmness,0.868,-0.895,-0.199,-0.368,0.395,0.6990000000000001,0.5398601670803284,0.8832043931050163
18,25,female,12,4.0,3.0,3.0,Modern Times,amusement,0.5,0.0,-0.0,noun,reversed,amusement,0.858,0.674,0.606,-0.358,-0.674,-0.606,0.7631775678045052,0.9745132118139805
18,25,female,13,5.0,5.0,4.0,Remember the Titans,happiness,1.0,1.0,-0.5,noun,reversed,happiness,0.92,0.464,0.7,0.07999999999999996,0.536,-1.2,0.5419372657420783,1.3166989025589715
18,25,female,14,2.0,4.0,4.0,Gentleman's Agreement,anger,-0.5,0.5,-0.5,noun,reversed,anger,-0.666,0.73,0.314,0.16600000000000004,-0.22999999999999998,-0.8140000000000001,0.2836476687723698,0.8620046403587396
18,25,female,15,2.0,3.0,3.0,Psycho,fear,-0.5,0.0,-0.0,noun,reversed,fear,-0.854,0.68,-0.414,0.354,-0.68,0.414,0.7666263757528827,0.8712703369218994
18,25,female,16,4.0,4.0,3.0,The Bourne Identity,excitement,0.5,0.5,-0.0,noun,reversed,excitement,0.792,0.368,0.462,-0.29200000000000004,0.132,-0.462,0.32044968403791574,0.562256169374779
18,25,female,17,2.0,3.0,4.0,The Shawshank Redemption,sadness,-0.5,0.0,-0.5,noun,reversed,sadness,-0.896,-0.424,-0.672,0.396,0.424,0.17200000000000004,0.5801654936309122,0.6051247805205138
18,25,female,18,2.0,3.0,3.0,The Departed,surprise,-0.5,0.0,-0.0,noun,reversed,surprise,0.75,0.75,0.124,-1.25,-0.75,-0.124,1.4577379737113252,1.4630023923425415
19,33,male,1,3.0,2.0,1.0,Searching for Bobby Fischer,calmness,0.0,-0.5,1.0,noun,reversed,calmness,0.868,-0.895,-0.199,-0.868,0.395,1.199,0.9536503552141109,1.5320084856161862
19,33,male,2,4.0,4.0,3.0,D.O.A.,surprise,0.5,0.5,-0.0,noun,reversed,surprise,0.75,0.75,0.124,-0.25,-0.25,-0.124,0.3535533905932738,0.3746678529044092
19,33,male,3,4.0,4.0,4.0,The Hangover,amusement,0.5,0.5,-0.5,noun,reversed,amusement,0.858,0.674,0.606,-0.358,-0.17400000000000004,-1.1059999999999999,0.39804522356134364,1.1754471489607687
19,33,male,4,3.0,4.0,4.0,The Ring,fear,0.0,0.5,-0.5,noun,reversed,fear,-0.854,0.68,-0.414,0.854,-0.18000000000000005,-0.08600000000000002,0.872763427281414,0.8769903078141741
19,33,male,5,4.0,4.0,4.0,300,excitement,0.5,0.5,-0.5,noun,reversed,excitement,0.792,0.368,0.462,-0.29200000000000004,0.132,-0.962,0.32044968403791574,1.013968441323496
19,33,male,6,3.0,3.0,2.0,National Lampoon's Van Wilder,disgust,0.0,0.0,0.5,noun,reversed,disgust,-0.896,0.55,-0.366,0.896,-0.55,0.866,1.0513400972092715,1.3620836978688204
19,33,male,7,5.0,5.0,4.0,Wall-E,happiness,1.0,1.0,-0.5,noun,reversed,happiness,0.92,0.464,0.7,0.07999999999999996,0.536,-1.2,0.5419372657420783,1.3166989025589715
19,33,male,8,1.0,5.0,5.0,Crash,anger,-1.0,1.0,-1.0,noun,reversed,anger,-0.666,0.73,0.314,-0.33399999999999996,0.27,-1.314,0.4294834106225757,1.3824080439580784
19,33,male,9,3.0,3.0,3.0,My Girl,sadness,0.0,0.0,-0.0,noun,reversed,sadness,-0.896,-0.424,-0.672,0.896,0.424,0.672,0.9912577868546608,1.1975708747293414
19,33,male,10,2.0,3.0,3.0,The Fly,disgust,-0.5,0.0,-0.0,noun,reversed,disgust,-0.896,0.55,-0.366,0.396,-0.55,0.366,0.677728559232972,0.7702415205635178
19,33,male,11,4.0,4.0,4.0,Pride and Prejudice,calmness,0.5,0.5,-0.5,noun,reversed,calmness,0.868,-0.895,-0.199,-0.368,1.395,-0.301,1.4427227730925993,1.4737876373480678
19,33,male,12,5.0,5.0,4.0,Modern Times,amusement,1.0,1.0,-0.5,noun,reversed,amusement,0.858,0.674,0.606,0.14200000000000002,0.32599999999999996,-1.1059999999999999,0.3555840266378679,1.1617555680951135
19,33,male,13,4.0,4.0,4.0,Remember the Titans,happiness,0.5,0.5,-0.5,noun,reversed,happiness,0.92,0.464,0.7,-0.42000000000000004,0.035999999999999976,-1.2,0.4215400336860071,1.271886787414666
19,33,male,14,2.0,4.0,3.0,Gentleman's Agreement,anger,-0.5,0.5,-0.0,noun,reversed,anger,-0.666,0.73,0.314,0.16600000000000004,-0.22999999999999998,-0.314,0.2836476687723698,0.42314536509336836
19,33,male,15,4.0,4.0,4.0,Psycho,fear,0.5,0.5,-0.5,noun,reversed,fear,-0.854,0.68,-0.414,1.354,-0.18000000000000005,-0.08600000000000002,1.3659121494444657,1.3686168200047815
19,33,male,16,4.0,4.0,5.0,The Bourne Identity,excitement,0.5,0.5,-1.0,noun,reversed,excitement,0.792,0.368,0.462,-0.29200000000000004,0.132,-1.462,0.32044968403791574,1.4967070521648516
19,33,male,17,2.0,4.0,4.0,The Shawshank Redemption,sadness,-0.5,0.5,-0.5,noun,reversed,sadness,-0.896,-0.424,-0.672,0.396,0.9239999999999999,0.17200000000000004,1.0052820499740358,1.0198901901675494
19,33,male,18,2.0,4.0,5.0,The Departed,surprise,-0.5,0.5,-1.0,noun,reversed,surprise,0.75,0.75,0.124,-1.25,-0.25,-1.124,1.2747548783981961,1.699522285820342
20,23,female,1,4.0,3.0,2.0,Searching for Bobby Fischer,calmness,0.5,0.0,0.5,noun,reversed,calmness,0.868,-0.895,-0.199,-0.368,0.895,0.6990000000000001,0.9677029502900154,1.1937545811430421
20,23,female,2,3.0,2.0,2.0,D.O.A.,surprise,0.0,-0.5,0.5,noun,reversed,surprise,0.75,0.75,0.124,-0.75,-1.25,0.376,1.4577379737113252,1.5054487703007366
20,23,female,3,2.0,4.0,3.0,The Hangover,amusement,-0.5,0.5,-0.0,noun,reversed,amusement,0.858,0.674,0.606,-1.358,-0.17400000000000004,-0.606,1.3691018954044292,1.4972227623169507
20,23,female,4,2.0,3.0,2.0,The Ring,fear,-0.5,0.0,0.5,noun,reversed,fear,-0.854,0.68,-0.414,0.354,-0.68,0.9139999999999999,0.7666263757528827,1.1929425803449216
20,23,female,5,2.0,4.0,4.0,300,excitement,-0.5,0.5,-0.5,noun,reversed,excitement,0.792,0.368,0.462,-1.292,0.132,-0.962,1.2987255291246107,1.6162091448819362
20,23,female,6,1.0,3.0,4.0,National Lampoon's Van Wilder,disgust,-1.0,0.0,-0.5,noun,reversed,disgust,-0.896,0.55,-0.366,-0.10399999999999998,-0.55,-0.134,0.559746371136071,0.5755623337224215
20,23,female,7,5.0,3.0,5.0,Wall-E,happiness,1.0,0.0,-1.0,noun,reversed,happiness,0.92,0.464,0.7,0.07999999999999996,-0.464,-1.7,0.47084604702598915,1.764
20,23,female,8,2.0,3.0,4.0,Crash,anger,-0.5,0.0,-0.5,noun,reversed,anger,-0.666,0.73,0.314,0.16600000000000004,-0.73,-0.8140000000000001,0.7486360931721099,1.1059168142315225
20,23,female,9,3.0,2.0,4.0,My Girl,sadness,0.0,-0.5,-0.5,noun,reversed,sadness,-0.896,-0.424,-0.672,0.896,-0.07600000000000001,0.17200000000000004,0.8992174375533428,0.9155195246416103
20,23,female,10,1.0,2.0,3.0,The Fly,disgust,-1.0,-0.5,-0.0,noun,reversed,disgust,-0.896,0.55,-0.366,-0.10399999999999998,-1.05,0.366,1.0551379056786843,1.1168133237027573
20,23,female,11,4.0,3.0,4.0,Pride and Prejudice,calmness,0.5,0.0,-0.5,noun,reversed,calmness,0.868,-0.895,-0.199,-0.368,0.895,-0.301,0.9677029502900154,1.0134347536965564
20,23,female,12,4.0,4.0,4.0,Modern Times,amusement,0.5,0.5,-0.5,noun,reversed,amusement,0.858,0.674,0.606,-0.358,-0.17400000000000004,-1.1059999999999999,0.39804522356134364,1.1754471489607687
20,23,female,13,5.0,4.0,5.0,Remember the Titans,happiness,1.0,0.5,-1.0,noun,reversed,happiness,0.92,0.464,0.7,0.07999999999999996,0.035999999999999976,-1.7,0.08772684879784519,1.7022620244838924
20,23,female,14,3.0,2.0,2.0,Gentleman's Agreement,anger,0.0,-0.5,0.5,noun,reversed,anger,-0.666,0.73,0.314,0.666,-1.23,0.186,1.398733713041907,1.411046420214445
20,23,female,15,2.0,3.0,3.0,Psycho,fear,-0.5,0.0,-0.0,noun,reversed,fear,-0.854,0.68,-0.414,0.354,-0.68,0.414,0.7666263757528827,0.8712703369218994
20,23,female,16,4.0,4.0,3.0,The Bourne Identity,excitement,0.5,0.5,-0.0,noun,reversed,excitement,0.792,0.368,0.462,-0.29200000000000004,0.132,-0.462,0.32044968403791574,0.562256169374779
20,23,female,17,3.0,3.0,5.0,The Shawshank Redemption,sadness,0.0,0.0,-1.0,noun,reversed,sadness,-0.896,-0.424,-0.672,0.896,0.424,-0.32799999999999996,0.9912577868546608,1.044114936201949
20,23,female,18,2.0,4.0,4.0,The Departed,surprise,-0.5,0.5,-0.5,noun,reversed,surprise,0.75,0.75,0.124,-1.25,-0.25,-0.624,1.2747548783981961,1.4192871450132984
21,26,male,1,4.0,2.0,3.0,Searching for Bobby Fischer,calmness,0.5,-0.5,-0.0,noun,reversed,calmness,0.868,-0.895,-0.199,-0.368,0.395,0.199,0.5398601670803284,0.5753694465297927
21,26,male,2,2.0,3.0,5.0,D.O.A.,surprise,-0.5,0.0,-1.0,noun,reversed,surprise,0.75,0.75,0.124,-1.25,-0.75,-1.124,1.4577379737113252,1.8407541932588392
21,26,male,3,5.0,4.0,4.0,The Hangover,amusement,1.0,0.5,-0.5,noun,reversed,amusement,0.858,0.674,0.606,0.14200000000000002,-0.17400000000000004,-1.1059999999999999,0.22458851261807675,1.1285725497281953
21,26,male,4,1.0,5.0,5.0,The Ring,fear,-1.0,1.0,-1.0,noun,reversed,fear,-0.854,0.68,-0.414,-0.14600000000000002,0.31999999999999995,-0.5860000000000001,0.35173285317126685,0.6834559239629137
21,26,male,5,3.0,4.0,5.0,300,excitement,0.0,0.5,-1.0,noun,reversed,excitement,0.792,0.368,0.462,-0.792,0.132,-1.462,0.802924653999365,1.667972421834366
21,26,male,6,5.0,5.0,3.0,National Lampoon's Van Wilder,disgust,1.0,1.0,-0.0,noun,reversed,disgust,-0.896,0.55,-0.366,1.896,0.44999999999999996,0.366,1.9486703158820888,1.9827435537658418
21,26,male,7,4.0,2.0,3.0,Wall-E,happiness,0.5,-0.5,-0.0,noun,reversed,happiness,0.92,0.464,0.7,-0.42000000000000004,-0.964,-0.7,1.0515208034080923,1.2632086130168683
21,26,male,8,1.0,4.0,5.0,Crash,anger,-1.0,0.5,-1.0,noun,reversed,anger,-0.666,0.73,0.314,-0.33399999999999996,-0.22999999999999998,-1.314,0.40553174968182204,1.3751552639611282
21,26,male,9,1.0,5.0,5.0,My Girl,sadness,-1.0,1.0,-1.0,noun,reversed,sadness,-0.896,-0.424,-0.672,-0.10399999999999998,1.424,-0.32799999999999996,1.4277927020404608,1.4649832763550579
21,26,male,10,1.0,5.0,5.0,The Fly,disgust,-1.0,1.0,-1.0,noun,reversed,disgust,-0.896,0.55,-0.366,-0.10399999999999998,0.44999999999999996,-0.634,0.461861451086795,0.7843927587631084
21,26,male,11,4.0,2.0,3.0,Pride and Prejudice,calmness,0.5,-0.5,-0.0,noun,reversed,calmness,0.868,-0.895,-0.199,-0.368,0.395,0.199,0.5398601670803284,0.5753694465297927
21,26,male,12,3.0,3.0,3.0,Modern Times,amusement,0.0,0.0,-0.0,noun,reversed,amusement,0.858,0.674,0.606,-0.858,-0.674,-0.606,1.0910728664942593,1.248068908354022
21,26,male,13,5.0,5.0,5.0,Remember the Titans,happiness,1.0,1.0,-1.0,noun,reversed,happiness,0.92,0.464,0.7,0.07999999999999996,0.536,-1.7,0.5419372657420783,1.784291456012722
21,26,male,14,1.0,2.0,2.0,Gentleman's Agreement,anger,-1.0,-0.5,0.5,noun,reversed,anger,-0.666,0.73,0.314,-0.33399999999999996,-1.23,0.186,1.2745414861823838,1.2880419247835064
21,26,male,15,2.0,4.0,4.0,Psycho,fear,-0.5,0.5,-0.5,noun,reversed,fear,-0.854,0.68,-0.414,0.354,-0.18000000000000005,-0.08600000000000002,0.3971347378409499,0.4063397593147882
21,26,male,16,3.0,3.0,4.0,The Bourne Identity,excitement,0.0,0.0,-0.5,noun,reversed,excitement,0.792,0.368,0.462,-0.792,-0.368,-0.962,0.8733201016809358,1.2992813398182859
21,26,male,17,1.0,4.0,4.0,The Shawshank Redemption,sadness,-1.0,0.5,-0.5,noun,reversed,sadness,-0.896,-0.424,-0.672,-0.10399999999999998,0.9239999999999999,0.17200000000000004,0.9298343938573147,0.9456087986054275
21,26,male,18,3.0,4.0,5.0,The Departed,surprise,0.0,0.5,-1.0,noun,reversed,surprise,0.75,0.75,0.124,-0.75,-0.25,-1.124,0.7905694150420949,1.374181938463754
22,28,male,1,3.0,2.0,2.0,Searching for Bobby Fischer,calmness,0.0,-0.5,0.5,noun,reversed,calmness,0.868,-0.895,-0.199,-0.868,0.395,0.6990000000000001,0.9536503552141109,1.1823916440841418
22,28,male,2,4.0,3.0,3.0,D.O.A.,surprise,0.5,0.0,-0.0,noun,reversed,surprise,0.75,0.75,0.124,-0.25,-0.75,-0.124,0.7905694150420949,0.8002349654945102
22,28,male,3,4.0,4.0,3.0,The Hangover,amusement,0.5,0.5,-0.0,noun,reversed,amusement,0.858,0.674,0.606,-0.358,-0.17400000000000004,-0.606,0.39804522356134364,0.725035171560663
22,28,male,4,1.0,4.0,4.0,The Ring,fear,-1.0,0.5,-0.5,noun,reversed,fear,-0.854,0.68,-0.414,-0.14600000000000002,-0.18000000000000005,-0.08600000000000002,0.23176712450216064,0.2472084140962844
22,28,male,5,4.0,4.0,4.0,300,excitement,0.5,0.5,-0.5,noun,reversed,excitement,0.792,0.368,0.462,-0.29200000000000004,0.132,-0.962,0.32044968403791574,1.013968441323496
22,28,male,6,4.0,3.0,3.0,National Lampoon's Van Wilder,disgust,0.5,0.0,-0.0,noun,reversed,disgust,-0.896,0.55,-0.366,1.396,-0.55,0.366,1.500438602542603,1.5444325818888953
22,28,male,7,5.0,3.0,4.0,Wall-E,happiness,1.0,0.0,-0.5,noun,reversed,happiness,0.92,0.464,0.7,0.07999999999999996,-0.464,-1.2,0.47084604702598915,1.289067880291802
22,28,male,8,1.0,4.0,5.0,Crash,anger,-1.0,0.5,-1.0,noun,reversed,anger,-0.666,0.73,0.314,-0.33399999999999996,-0.22999999999999998,-1.314,0.40553174968182204,1.3751552639611282
22,28,male,9,1.0,4.0,4.0,My Girl,sadness,-1.0,0.5,-0.5,noun,reversed,sadness,-0.896,-0.424,-0.672,-0.10399999999999998,0.9239999999999999,0.17200000000000004,0.9298343938573147,0.9456087986054275
22,28,male,10,3.0,2.0,3.0,The Fly,disgust,0.0,-0.5,-0.0,noun,reversed,disgust,-0.896,0.55,-0.366,0.896,-1.05,0.366,1.3803318441592225,1.4280308119925145
22,28,male,11,3.0,1.0,1.0,Pride and Prejudice,calmness,0.0,-1.0,1.0,noun,reversed,calmness,0.868,-0.895,-0.199,-0.868,-0.10499999999999998,1.199,0.8743277417536286,1.4839305913687473
22,28,male,12,4.0,3.0,3.0,Modern Times,amusement,0.5,0.0,-0.0,noun,reversed,amusement,0.858,0.674,0.606,-0.358,-0.674,-0.606,0.7631775678045052,0.9745132118139805
22,28,male,13,3.0,1.0,3.0,Remember the Titans,happiness,0.0,-1.0,-0.0,noun,reversed,happiness,0.92,0.464,0.7,-0.92,-1.464,-0.7,1.72907374047494,1.8653943282855772
22,28,male,14,3.0,1.0,3.0,Gentleman's Agreement,anger,0.0,-1.0,-0.0,noun,reversed,anger,-0.666,0.73,0.314,0.666,-1.73,-0.314,1.8537680545310948,1.8801733962589728
22,28,male,15,3.0,3.0,3.0,Psycho,fear,0.0,0.0,-0.0,noun,reversed,fear,-0.854,0.68,-0.414,0.854,-0.68,0.414,1.0916574554318768,1.1675238755588684
22,28,male,16,4.0,3.0,4.0,The Bourne Identity,excitement,0.5,0.0,-0.5,noun,reversed,excitement,0.792,0.368,0.462,-0.29200000000000004,-0.368,-0.962,0.4697744139478011,1.0705755461432882
22,28,male,17,2.0,3.0,3.0,The Shawshank Redemption,sadness,-0.5,0.0,-0.0,noun,reversed,sadness,-0.896,-0.424,-0.672,0.396,0.424,0.672,0.5801654936309122,0.8877927686121351
22,28,male,18,3.0,4.0,4.0,The Departed,surprise,0.0,0.5,-0.5,noun,reversed,surprise,0.75,0.75,0.124,-0.75,-0.25,-0.624,0.7905694150420949,1.0071623503685987
23,25,male,1,4.0,1.0,1.0,Searching for Bobby Fischer,calmness,0.5,-1.0,1.0,noun,reversed,calmness,0.868,-0.895,-0.199,-0.368,-0.10499999999999998,1.199,0.3826865558129786,1.2585904814513735
23,25,male,2,3.0,2.0,2.0,D.O.A.,surprise,0.0,-0.5,0.5,noun,reversed,surprise,0.75,0.75,0.124,-0.75,-1.25,0.376,1.4577379737113252,1.5054487703007366
23,25,male,3,5.0,3.0,4.0,The Hangover,amusement,1.0,0.0,-0.5,noun,reversed,amusement,0.858,0.674,0.606,0.14200000000000002,-0.674,-1.1059999999999999,0.6887960510920487,1.302948962929861
23,25,male,4,1.0,4.0,4.0,The Ring,fear,-1.0,0.5,-0.5,noun,reversed,fear,-0.854,0.68,-0.414,-0.14600000000000002,-0.18000000000000005,-0.08600000000000002,0.23176712450216064,0.2472084140962844
23,25,male,5,4.0,4.0,4.0,300,excitement,0.5,0.5,-0.5,noun,reversed,excitement,0.792,0.368,0.462,-0.29200000000000004,0.132,-0.962,0.32044968403791574,1.013968441323496
23,25,male,6,5.0,4.0,5.0,National Lampoon's Van Wilder,disgust,1.0,0.5,-1.0,noun,reversed,disgust,-0.896,0.55,-0.366,1.896,-0.050000000000000044,-0.634,1.8966591681164013,1.9998179917182464
23,25,male,7,4.0,2.0,1.0,Wall-E,happiness,0.5,-0.5,1.0,noun,reversed,happiness,0.92,0.464,0.7,-0.42000000000000004,-0.964,0.30000000000000004,1.0515208034080923,1.0934788521046028
23,25,male,8,1.0,5.0,5.0,Crash,anger,-1.0,1.0,-1.0,noun,reversed,anger,-0.666,0.73,0.314,-0.33399999999999996,0.27,-1.314,0.4294834106225757,1.3824080439580784
23,25,male,9,2.0,2.0,2.0,My Girl,sadness,-0.5,-0.5,0.5,noun,reversed,sadness,-0.896,-0.424,-0.672,0.396,-0.07600000000000001,1.1720000000000002,0.40322698322408934,1.239425673447182
23,25,male,10,2.0,5.0,5.0,The Fly,disgust,-0.5,1.0,-1.0,noun,reversed,disgust,-0.896,0.55,-0.366,0.396,0.44999999999999996,-0.634,0.5994297289924816,0.8725090257412813
23,25,male,11,4.0,1.0,1.0,Pride and Prejudice,calmness,0.5,-1.0,1.0,noun,reversed,calmness,0.868,-0.895,-0.199,-0.368,-0.10499999999999998,1.199,0.3826865558129786,1.2585904814513735
23,25,male,12,4.0,2.0,2.0,Modern Times,amusement,0.5,-0.5,0.5,noun,reversed,amusement,0.858,0.674,0.606,-0.358,-1.174,-0.10599999999999998,1.227371174502644,1.2319399336006605
23,25,male,13,4.0,3.0,3.0,Remember the Titans,happiness,0.5,0.0,-0.0,noun,reversed,happiness,0.92,0.464,0.7,-0.42000000000000004,-0.464,-0.7,0.6258562135187283,0.9389866878715587
23,25,male,14,2.0,2.0,2.0,Gentleman's Agreement,anger,-0.5,-0.5,0.5,noun,reversed,anger,-0.666,0.73,0.314,0.16600000000000004,-1.23,0.186,1.2411510786362794,1.2550107569260114
23,25,male,15,2.0,2.0,2.0,Psycho,fear,-0.5,-0.5,0.5,noun,reversed,fear,-0.854,0.68,-0.414,0.354,-1.1800000000000002,0.9139999999999999,1.231956168051445,1.533985658342346
23,25,male,16,3.0,3.0,2.0,The Bourne Identity,excitement,0.0,0.0,0.5,noun,reversed,excitement,0.792,0.368,0.462,-0.792,-0.368,0.03799999999999998,0.8733201016809358,0.8741464408209874
23,25,male,17,2.0,2.0,4.0,The Shawshank Redemption,sadness,-0.5,-0.5,-0.5,noun,reversed,sadness,-0.896,-0.424,-0.672,0.396,-0.07600000000000001,0.17200000000000004,0.40322698322408934,0.43837883160572433
23,25,male,18,2.0,4.0,2.0,The Departed,surprise,-0.5,0.5,0.5,noun,reversed,surprise,0.75,0.75,0.124,-1.25,-0.25,0.376,1.2747548783981961,1.3290507890972414
1,22,male,1,4.0,3.0,2.0,Searching for Bobby Fischer,calmness,0.5,0.0,-0.5,adjective,reported,calm,0.75,-0.9,-0.373,-0.25,0.9,-0.127,0.9340770846134703,0.9426712046095393
1,22,male,2,3.0,3.0,1.0,D.O.A.,surprise,0.0,0.0,-1.0,adjective,reported,surprised,0.568,0.71,0.078,-0.568,-0.71,-1.078,0.9092436417154646,1.4102510414816223
1,22,male,3,5.0,4.0,4.0,The Hangover,amusement,1.0,0.5,0.5,adjective,reported,amused,0.884,0.694,0.192,0.11599999999999999,-0.19399999999999995,0.308,0.2260353954583219,0.3820418825207519
1,22,male,4,4.0,3.0,2.0,The Ring,fear,0.5,0.0,-0.5,adjective,reported,afraid,-0.977,0.352,-0.529,1.4769999999999999,-0.352,0.029000000000000026,1.51836523932814,1.5186421566649595
1,22,male,5,4.0,4.0,4.0,300,excitement,0.5,0.5,0.5,adjective,reported,excited,0.816,0.862,0.418,-0.31599999999999995,-0.362,0.08200000000000002,0.4805205510693585,0.48746692195471064
1,22,male,6,1.0,2.0,5.0,National Lampoon's Van Wilder,disgust,-1.0,-0.5,1.0,adjective,reported,disgusted,-0.898,0.546,-0.452,-0.10199999999999998,-1.046,1.452,1.05096146456471,1.7924352150077838
1,22,male,7,5.0,4.0,4.0,Wall-E,happiness,1.0,0.5,0.5,adjective,reported,happy,0.985,0.47,0.39,0.015000000000000013,0.030000000000000027,0.10999999999999999,0.033541019662496875,0.115
1,22,male,8,1.0,2.0,4.0,Crash,anger,-1.0,-0.5,0.5,adjective,reported,angry,-0.756,0.66,0.208,-0.244,-1.1600000000000001,0.29200000000000004,1.185384325862292,1.2208193969625485
1,22,male,9,1.0,2.0,3.0,My Girl,sadness,-1.0,-0.5,0.0,adjective,reported,sad,-0.55,-0.334,-0.702,-0.44999999999999996,-0.16599999999999998,0.702,0.4796415328138296,0.8502117383334578
1,22,male,10,5.0,3.0,4.0,The Fly,disgust,1.0,0.0,0.5,adjective,reported,disgusted,-0.898,0.546,-0.452,1.8980000000000001,-0.546,0.952,1.9749734175426261,2.1924470347080223
1,22,male,11,4.0,2.0,3.0,Pride and Prejudice,calmness,0.5,-0.5,0.0,adjective,reported,calm,0.75,-0.9,-0.373,-0.25,0.4,0.373,0.47169905660283024,0.6013559677927874
1,22,male,12,4.0,3.0,4.0,Modern Times,amusement,0.5,0.0,0.5,adjective,reported,amused,0.884,0.694,0.192,-0.384,-0.694,0.308,0.7931532008382743,0.8508560395272516
1,22,male,13,4.0,3.0,2.0,Remember the Titans,happiness,0.5,0.0,-0.5,adjective,reported,happy,0.985,0.47,0.39,-0.485,-0.47,-0.89,0.6753702688155587,1.1172399026171596
1,22,male,14,3.0,1.0,2.0,Gentleman's Agreement,anger,0.0,-1.0,-0.5,adjective,reported,angry,-0.756,0.66,0.208,0.756,-1.6600000000000001,-0.708,1.824043859121814,1.9566297554724041
1,22,male,15,2.0,5.0,5.0,Psycho,fear,-0.5,1.0,1.0,adjective,reported,afraid,-0.977,0.352,-0.529,0.477,0.648,1.529,0.8046322141202152,1.7277945479714882
1,22,male,16,3.0,2.0,2.0,The Bourne Identity,excitement,0.0,-0.5,-0.5,adjective,reported,excited,0.816,0.862,0.418,-0.816,-1.362,-0.9179999999999999,1.587734234687909,1.8340185386194983
1,22,male,17,1.0,2.0,5.0,The Shawshank Redemption,sadness,-1.0,-0.5,1.0,adjective,reported,sad,-0.55,-0.334,-0.702,-0.44999999999999996,-0.16599999999999998,1.702,0.4796415328138296,1.7682929621530477
1,22,male,18,3.0,5.0,5.0,The Departed,surprise,0.0,1.0,1.0,adjective,reported,surprised,0.568,0.71,0.078,-0.568,0.29000000000000004,0.922,0.6377491669927919,1.1210744845905645
2,30,female,1,3.0,2.0,2.0,Searching for Bobby Fischer,calmness,0.0,-0.5,-0.5,adjective,reported,calm,0.75,-0.9,-0.373,-0.75,0.4,-0.127,0.85,0.8594352797040624
2,30,female,2,2.0,4.0,3.0,D.O.A.,surprise,-0.5,0.5,0.0,adjective,reported,surprised,0.568,0.71,0.078,-1.068,-0.20999999999999996,-0.078,1.0884502744728397,1.0912414948122162
2,30,female,3,5.0,5.0,4.0,The Hangover,amusement,1.0,1.0,0.5,adjective,reported,amused,0.884,0.694,0.192,0.11599999999999999,0.30600000000000005,0.308,0.3272491405641885,0.44939514906149136
2,30,female,4,1.0,5.0,4.0,The Ring,fear,-1.0,1.0,0.5,adjective,reported,afraid,-0.977,0.352,-0.529,-0.02300000000000002,0.648,1.029,0.6484080505360803,1.2162540852963248
2,30,female,5,2.0,2.0,2.0,300,excitement,-0.5,-0.5,-0.5,adjective,reported,excited,0.816,0.862,0.418,-1.3159999999999998,-1.362,-0.9179999999999999,1.893911296761282,2.1046671945939575
2,30,female,6,2.0,3.0,3.0,National Lampoon's Van Wilder,disgust,-0.5,0.0,0.0,adjective,reported,disgusted,-0.898,0.546,-0.452,0.398,-0.546,0.452,0.6756626377120464,0.8129108192169668
2,30,female,7,4.0,2.0,2.0,Wall-E,happiness,0.5,-0.5,-0.5,adjective,reported,happy,0.985,0.47,0.39,-0.485,-0.97,-0.89,1.084492969087398,1.4029344246970348
2,30,female,8,2.0,5.0,4.0,Crash,anger,-0.5,1.0,0.5,adjective,reported,angry,-0.756,0.66,0.208,0.256,0.33999999999999997,0.29200000000000004,0.42560075187903507,0.5161395160225576
2,30,female,9,2.0,3.0,3.0,My Girl,sadness,-0.5,0.0,0.0,adjective,reported,sad,-0.55,-0.334,-0.702,0.050000000000000044,0.334,0.702,0.3377217789838257,0.7790121950264963
2,30,female,10,1.0,4.0,4.0,The Fly,disgust,-1.0,0.5,0.5,adjective,reported,disgusted,-0.898,0.546,-0.452,-0.10199999999999998,-0.04600000000000004,0.952,0.11189280584559491,0.9585530762560829
2,30,female,11,4.0,2.0,2.0,Pride and Prejudice,calmness,0.5,-0.5,-0.5,adjective,reported,calm,0.75,-0.9,-0.373,-0.25,0.4,-0.127,0.47169905660283024,0.48849667347895015
2,30,female,12,4.0,3.0,2.0,Modern Times,amusement,0.5,0.0,-0.5,adjective,reported,amused,0.884,0.694,0.192,-0.384,-0.694,-0.692,0.7931532008382743,1.052594888834256
2,30,female,13,5.0,4.0,4.0,Remember the Titans,happiness,1.0,0.5,0.5,adjective,reported,happy,0.985,0.47,0.39,0.015000000000000013,0.030000000000000027,0.10999999999999999,0.033541019662496875,0.115
2,30,female,14,2.0,3.0,3.0,Gentleman's Agreement,anger,-0.5,0.0,0.0,adjective,reported,angry,-0.756,0.66,0.208,0.256,-0.66,-0.208,0.7079095987483148,0.7378346698278687
2,30,female,15,1.0,5.0,5.0,Psycho,fear,-1.0,1.0,1.0,adjective,reported,afraid,-0.977,0.352,-0.529,-0.02300000000000002,0.648,1.529,0.6484080505360803,1.6608052263886937
2,30,female,16,2.0,5.0,5.0,The Bourne Identity,excitement,-0.5,1.0,1.0,adjective,reported,excited,0.816,0.862,0.418,-1.3159999999999998,0.138,0.5820000000000001,1.3232157798333573,1.4455531813115696
2,30,female,17,1.0,3.0,5.0,The Shawshank Redemption,sadness,-1.0,0.0,1.0,adjective,reported,sad,-0.55,-0.334,-0.702,-0.44999999999999996,0.334,1.702,0.5604069949599131,1.7918872732401443
2,30,female,18,3.0,5.0,4.0,The Departed,surprise,0.0,1.0,0.5,adjective,reported,surprised,0.568,0.71,0.078,-0.568,0.29000000000000004,0.422,0.6377491669927919,0.7647274024121276
3,27,male,1,3.0,4.0,2.0,Searching for Bobby Fischer,calmness,0.0,0.5,-0.5,adjective,reported,calm,0.75,-0.9,-0.373,-0.75,1.4,-0.127,1.588238017426859,1.593307566039903
3,27,male,2,4.0,5.0,3.0,D.O.A.,surprise,0.5,1.0,0.0,adjective,reported,surprised,0.568,0.71,0.078,-0.06799999999999995,0.29000000000000004,-0.078,0.29786574156824414,0.3079090774887938
3,27,male,3,5.0,5.0,4.0,The Hangover,amusement,1.0,1.0,0.5,adjective,reported,amused,0.884,0.694,0.192,0.11599999999999999,0.30600000000000005,0.308,0.3272491405641885,0.44939514906149136
3,27,male,4,2.0,5.0,5.0,The Ring,fear,-0.5,1.0,1.0,adjective,reported,afraid,-0.977,0.352,-0.529,0.477,0.648,1.529,0.8046322141202152,1.7277945479714882
3,27,male,5,3.0,4.0,3.0,300,excitement,0.0,0.5,0.0,adjective,reported,excited,0.816,0.862,0.418,-0.816,-0.362,-0.418,0.8926925562588723,0.9857098964705588
3,27,male,6,3.0,3.0,3.0,National Lampoon's Van Wilder,disgust,0.0,0.0,0.0,adjective,reported,disgusted,-0.898,0.546,-0.452,0.898,-0.546,0.452,1.0509614645647098,1.1440384608919405
3,27,male,7,5.0,3.0,3.0,Wall-E,happiness,1.0,0.0,0.0,adjective,reported,happy,0.985,0.47,0.39,0.015000000000000013,-0.47,-0.39,0.4702393007820592,0.6109214352107806
3,27,male,8,1.0,4.0,4.0,Crash,anger,-1.0,0.5,0.5,adjective,reported,angry,-0.756,0.66,0.208,-0.244,-0.16000000000000003,0.29200000000000004,0.2917807395973902,0.41279534881100594
3,27,male,9,1.0,2.0,3.0,My Girl,sadness,-1.0,-0.5,0.0,adjective,reported,sad,-0.55,-0.334,-0.702,-0.44999999999999996,-0.16599999999999998,0.702,0.4796415328138296,0.8502117383334578
3,27,male,10,3.0,2.0,2.0,The Fly,disgust,0.0,-0.5,-0.5,adjective,reported,disgusted,-0.898,0.546,-0.452,0.898,-1.046,-0.04799999999999999,1.378593486129976,1.379428867321545
3,27,male,11,4.0,1.0,2.0,Pride and Prejudice,calmness,0.5,-1.0,-0.5,adjective,reported,calm,0.75,-0.9,-0.373,-0.25,-0.09999999999999998,-0.127,0.2692582403567252,0.2977062310399297
3,27,male,12,5.0,3.0,3.0,Modern Times,amusement,1.0,0.0,0.0,adjective,reported,amused,0.884,0.694,0.192,0.11599999999999999,-0.694,-0.192,0.7036277424888817,0.729353138061392
3,27,male,13,4.0,4.0,5.0,Remember the Titans,happiness,0.5,0.5,1.0,adjective,reported,happy,0.985,0.47,0.39,-0.485,0.030000000000000027,0.61,0.4859269492423733,0.7798878124448413
3,27,male,14,3.0,2.0,2.0,Gentleman's Agreement,anger,0.0,-0.5,-0.5,adjective,reported,angry,-0.756,0.66,0.208,0.756,-1.1600000000000001,-0.708,1.3846068033922123,1.5551205741035001
3,27,male,15,4.0,2.0,3.0,Psycho,fear,0.5,-0.5,0.0,adjective,reported,afraid,-0.977,0.352,-0.529,1.4769999999999999,-0.852,0.529,1.7051196438959935,1.785293813353981
3,27,male,16,4.0,2.0,1.0,The Bourne Identity,excitement,0.5,-0.5,-1.0,adjective,reported,excited,0.816,0.862,0.418,-0.31599999999999995,-1.362,-1.418,1.398177385026664,1.9913874560215548
3,27,male,17,2.0,2.0,4.0,The Shawshank Redemption,sadness,-0.5,-0.5,0.5,adjective,reported,sad,-0.55,-0.334,-0.702,0.050000000000000044,-0.16599999999999998,1.202,0.17336666346215468,1.214438141693516
3,27,male,18,3.0,3.0,2.0,The Departed,surprise,0.0,0.0,-0.5,adjective,reported,surprised,0.568,0.71,0.078,-0.568,-0.71,-0.578,0.9092436417154646,1.0774080007128217
4,26,female,1,3.0,3.0,1.0,Searching for Bobby Fischer,calmness,0.0,0.0,-1.0,adjective,reported,calm,0.75,-0.9,-0.373,-0.75,0.9,-0.627,1.1715374513859982,1.328769731744368
4,26,female,2,3.0,3.0,2.0,D.O.A.,surprise,0.0,0.0,-0.5,adjective,reported,surprised,0.568,0.71,0.078,-0.568,-0.71,-0.578,0.9092436417154646,1.0774080007128217
4,26,female,3,5.0,4.0,4.0,The Hangover,amusement,1.0,0.5,0.5,adjective,reported,amused,0.884,0.694,0.192,0.11599999999999999,-0.19399999999999995,0.308,0.2260353954583219,0.3820418825207519
4,26,female,4,1.0,5.0,4.0,The Ring,fear,-1.0,1.0,0.5,adjective,reported,afraid,-0.977,0.352,-0.529,-0.02300000000000002,0.648,1.029,0.6484080505360803,1.2162540852963248
4,26,female,5,4.0,3.0,2.0,300,excitement,0.5,0.0,-0.5,adjective,reported,excited,0.816,0.862,0.418,-0.31599999999999995,-0.862,-0.9179999999999999,0.9180958555619342,1.29831583214563
4,26,female,6,4.0,4.0,3.0,National Lampoon's Van Wilder,disgust,0.5,0.5,0.0,adjective,reported,disgusted,-0.898,0.546,-0.452,1.3980000000000001,-0.04600000000000004,0.452,1.3987565906904604,1.4699741494325675
4,26,female,7,5.0,3.0,4.0,Wall-E,happiness,1.0,0.0,0.5,adjective,reported,happy,0.985,0.47,0.39,0.015000000000000013,-0.47,0.10999999999999999,0.4702393007820592,0.4829337428674869
4,26,female,8,1.0,4.0,4.0,Crash,anger,-1.0,0.5,0.5,adjective,reported,angry,-0.756,0.66,0.208,-0.244,-0.16000000000000003,0.29200000000000004,0.2917807395973902,0.41279534881100594
4,26,female,9,1.0,3.0,3.0,My Girl,sadness,-1.0,0.0,0.0,adjective,reported,sad,-0.55,-0.334,-0.702,-0.44999999999999996,0.334,0.702,0.5604069949599131,0.8982538616671792
4,26,female,10,1.0,4.0,3.0,The Fly,disgust,-1.0,0.5,0.0,adjective,reported,disgusted,-0.898,0.546,-0.452,-0.10199999999999998,-0.04600000000000004,0.452,0.11189280584559491,0.4656436405664744
4,26,female,11,3.0,1.0,2.0,Pride and Prejudice,calmness,0.0,-1.0,-0.5,adjective,reported,calm,0.75,-0.9,-0.373,-0.75,-0.09999999999999998,-0.127,0.7566372975210778,0.7672216107488109
4,26,female,12,3.0,2.0,1.0,Modern Times,amusement,0.0,-0.5,-1.0,adjective,reported,amused,0.884,0.694,0.192,-0.884,-1.194,-1.192,1.4856284865335612,1.904719401906748
4,26,female,13,3.0,2.0,2.0,Remember the Titans,happiness,0.0,-0.5,-0.5,adjective,reported,happy,0.985,0.47,0.39,-0.985,-0.97,-0.89,1.3824344469087857,1.6441487159013322
4,26,female,14,2.0,2.0,2.0,Gentleman's Agreement,anger,-0.5,-0.5,-0.5,adjective,reported,angry,-0.756,0.66,0.208,0.256,-1.1600000000000001,-0.708,1.1879124546867923,1.3828955130450025
4,26,female,15,1.0,2.0,2.0,Psycho,fear,-1.0,-0.5,-0.5,adjective,reported,afraid,-0.977,0.352,-0.529,-0.02300000000000002,-0.852,0.029000000000000026,0.8523103894708781,0.8528036116246225
4,26,female,16,3.0,1.0,1.0,The Bourne Identity,excitement,0.0,-1.0,-1.0,adjective,reported,excited,0.816,0.862,0.418,-0.816,-1.862,-1.418,2.032953516438583,2.4786334944884447
4,26,female,17,1.0,3.0,4.0,The Shawshank Redemption,sadness,-1.0,0.0,0.5,adjective,reported,sad,-0.55,-0.334,-0.702,-0.44999999999999996,0.334,1.202,0.5604069949599131,1.3262201928789954
4,26,female,18,2.0,3.0,3.0,The Departed,surprise,-0.5,0.0,0.0,adjective,reported,surprised,0.568,0.71,0.078,-1.068,-0.71,-0.078,1.2824679333223112,1.284837732945293
5,27,female,1,4.0,2.0,2.0,Searching for Bobby Fischer,calmness,0.5,-0.5,-0.5,adjective,reported,calm,0.75,-0.9,-0.373,-0.25,0.4,-0.127,0.47169905660283024,0.48849667347895015
5,27,female,2,2.0,4.0,3.0,D.O.A.,surprise,-0.5,0.5,0.0,adjective,reported,surprised,0.568,0.71,0.078,-1.068,-0.20999999999999996,-0.078,1.0884502744728397,1.0912414948122162
5,27,female,3,5.0,4.0,4.0,The Hangover,amusement,1.0,0.5,0.5,adjective,reported,amused,0.884,0.694,0.192,0.11599999999999999,-0.19399999999999995,0.308,0.2260353954583219,0.3820418825207519
5,27,female,4,1.0,4.0,4.0,The Ring,fear,-1.0,0.5,0.5,adjective,reported,afraid,-0.977,0.352,-0.529,-0.02300000000000002,0.14800000000000002,1.029,0.14977650015940422,1.039843257419117
5,27,female,5,1.0,3.0,2.0,300,excitement,-1.0,0.0,-0.5,adjective,reported,excited,0.816,0.862,0.418,-1.8159999999999998,-0.862,-0.9179999999999999,2.010198995124612,2.209892305068281
5,27,female,6,3.0,3.0,4.0,National Lampoon's Van Wilder,disgust,0.0,0.0,0.5,adjective,reported,disgusted,-0.898,0.546,-0.452,0.898,-0.546,0.952,1.0509614645647098,1.4180352604924886
5,27,female,7,4.0,3.0,3.0,Wall-E,happiness,0.5,0.0,0.0,adjective,reported,happy,0.985,0.47,0.39,-0.485,-0.47,-0.39,0.6753702688155587,0.7798878124448413
5,27,female,8,1.0,4.0,4.0,Crash,anger,-1.0,0.5,0.5,adjective,reported,angry,-0.756,0.66,0.208,-0.244,-0.16000000000000003,0.29200000000000004,0.2917807395973902,0.41279534881100594
5,27,female,9,1.0,2.0,2.0,My Girl,sadness,-1.0,-0.5,-0.5,adjective,reported,sad,-0.55,-0.334,-0.702,-0.44999999999999996,-0.16599999999999998,0.20199999999999996,0.4796415328138296,0.5204421197405144
5,27,female,10,3.0,3.0,3.0,The Fly,disgust,0.0,0.0,0.0,adjective,reported,disgusted,-0.898,0.546,-0.452,0.898,-0.546,0.452,1.0509614645647098,1.1440384608919405
5,27,female,11,4.0,2.0,3.0,Pride and Prejudice,calmness,0.5,-0.5,0.0,adjective,reported,calm,0.75,-0.9,-0.373,-0.25,0.4,0.373,0.47169905660283024,0.6013559677927874
5,27,female,12,4.0,1.0,2.0,Modern Times,amusement,0.5,-1.0,-0.5,adjective,reported,amused,0.884,0.694,0.192,-0.384,-1.694,-0.692,1.7369778352068859,1.869747576546096
5,27,female,13,4.0,4.0,4.0,Remember the Titans,happiness,0.5,0.5,0.5,adjective,reported,happy,0.985,0.47,0.39,-0.485,0.030000000000000027,0.10999999999999999,0.4859269492423733,0.49822183814040105
5,27,female,14,3.0,2.0,2.0,Gentleman's Agreement,anger,0.0,-0.5,-0.5,adjective,reported,angry,-0.756,0.66,0.208,0.756,-1.1600000000000001,-0.708,1.3846068033922123,1.5551205741035001
5,27,female,15,3.0,3.0,3.0,Psycho,fear,0.0,0.0,0.0,adjective,reported,afraid,-0.977,0.352,-0.529,0.977,-0.352,0.529,1.038476287644547,1.1654501276330962
5,27,female,16,3.0,4.0,3.0,The Bourne Identity,excitement,0.0,0.5,0.0,adjective,reported,excited,0.816,0.862,0.418,-0.816,-0.362,-0.418,0.8926925562588723,0.9857098964705588
5,27,female,17,1.0,4.0,4.0,The Shawshank Redemption,sadness,-1.0,0.5,0.5,adjective,reported,sad,-0.55,-0.334,-0.702,-0.44999999999999996,0.8340000000000001,1.202,0.9476581662181781,1.5306403888568993
5,27,female,18,2.0,4.0,4.0,The Departed,surprise,-0.5,0.5,0.5,adjective,reported,surprised,0.568,0.71,0.078,-1.068,-0.20999999999999996,0.422,1.0884502744728397,1.167393678242263
6,25,male,1,3.0,3.0,3.0,Searching for Bobby Fischer,calmness,0.0,0.0,0.0,adjective,reported,calm,0.75,-0.9,-0.373,-0.75,0.9,0.373,1.1715374513859982,1.229483224773726
6,25,male,2,3.0,4.0,3.0,D.O.A.,surprise,0.0,0.5,0.0,adjective,reported,surprised,0.568,0.71,0.078,-0.568,-0.20999999999999996,-0.078,0.6055774104109234,0.610580052081625
6,25,male,3,4.0,4.0,4.0,The Hangover,amusement,0.5,0.5,0.5,adjective,reported,amused,0.884,0.694,0.192,-0.384,-0.19399999999999995,0.308,0.43022319788686425,0.5291086844874122
6,25,male,4,2.0,5.0,5.0,The Ring,fear,-0.5,1.0,1.0,adjective,reported,afraid,-0.977,0.352,-0.529,0.477,0.648,1.529,0.8046322141202152,1.7277945479714882
6,25,male,5,4.0,4.0,3.0,300,excitement,0.5,0.5,0.0,adjective,reported,excited,0.816,0.862,0.418,-0.31599999999999995,-0.362,-0.418,0.4805205510693585,0.6368861750736939
6,25,male,6,1.0,5.0,5.0,National Lampoon's Van Wilder,disgust,-1.0,1.0,1.0,adjective,reported,disgusted,-0.898,0.546,-0.452,-0.10199999999999998,0.45399999999999996,1.452,0.4653170961828073,1.5247373544319034
6,25,male,7,4.0,3.0,3.0,Wall-E,happiness,0.5,0.0,0.0,adjective,reported,happy,0.985,0.47,0.39,-0.485,-0.47,-0.39,0.6753702688155587,0.7798878124448413
6,25,male,8,1.0,5.0,4.0,Crash,anger,-1.0,1.0,0.5,adjective,reported,angry,-0.756,0.66,0.208,-0.244,0.33999999999999997,0.29200000000000004,0.4184925327888181,0.510294032886923
6,25,male,9,1.0,4.0,5.0,My Girl,sadness,-1.0,0.5,1.0,adjective,reported,sad,-0.55,-0.334,-0.702,-0.44999999999999996,0.8340000000000001,1.702,0.9476581662181781,1.9480400406562488
6,25,male,10,3.0,4.0,4.0,The Fly,disgust,0.0,0.5,0.5,adjective,reported,disgusted,-0.898,0.546,-0.452,0.898,-0.04600000000000004,0.952,0.8991774018512698,1.3095128865345311
6,25,male,11,4.0,2.0,3.0,Pride and Prejudice,calmness,0.5,-0.5,0.0,adjective,reported,calm,0.75,-0.9,-0.373,-0.25,0.4,0.373,0.47169905660283024,0.6013559677927874
6,25,male,12,4.0,3.0,3.0,Modern Times,amusement,0.5,0.0,0.0,adjective,reported,amused,0.884,0.694,0.192,-0.384,-0.694,-0.192,0.7931532008382743,0.8160612722093851
6,25,male,13,5.0,5.0,5.0,Remember the Titans,happiness,1.0,1.0,1.0,adjective,reported,happy,0.985,0.47,0.39,0.015000000000000013,0.53,0.61,0.5302122216622321,0.8082233602167163
6,25,male,14,2.0,3.0,3.0,Gentleman's Agreement,anger,-0.5,0.0,0.0,adjective,reported,angry,-0.756,0.66,0.208,0.256,-0.66,-0.208,0.7079095987483148,0.7378346698278687
6,25,male,15,3.0,3.0,3.0,Psycho,fear,0.0,0.0,0.0,adjective,reported,afraid,-0.977,0.352,-0.529,0.977,-0.352,0.529,1.038476287644547,1.1654501276330962
6,25,male,16,4.0,4.0,4.0,The Bourne Identity,excitement,0.5,0.5,0.5,adjective,reported,excited,0.816,0.862,0.418,-0.31599999999999995,-0.362,0.08200000000000002,0.4805205510693585,0.48746692195471064
6,25,male,17,2.0,4.0,4.0,The Shawshank Redemption,sadness,-0.5,0.5,0.5,adjective,reported,sad,-0.55,-0.334,-0.702,0.050000000000000044,0.8340000000000001,1.202,0.8354974566089356,1.4638510853225475
6,25,male,18,4.0,5.0,4.0,The Departed,surprise,0.5,1.0,0.5,adjective,reported,surprised,0.568,0.71,0.078,-0.06799999999999995,0.29000000000000004,0.422,0.29786574156824414,0.5165346067786746
7,23,female,1,3.0,3.0,2.0,Searching for Bobby Fischer,calmness,0.0,0.0,-0.5,adjective,reported,calm,0.75,-0.9,-0.373,-0.75,0.9,-0.127,1.1715374513859982,1.1784010353016499
7,23,female,2,2.0,3.0,2.0,D.O.A.,surprise,-0.5,0.0,-0.5,adjective,reported,surprised,0.568,0.71,0.078,-1.068,-0.71,-0.578,1.2824679333223112,1.4067011054236078
7,23,female,3,4.0,3.0,3.0,The Hangover,amusement,0.5,0.0,0.0,adjective,reported,amused,0.884,0.694,0.192,-0.384,-0.694,-0.192,0.7931532008382743,0.8160612722093851
7,23,female,4,2.0,4.0,4.0,The Ring,fear,-0.5,0.5,0.5,adjective,reported,afraid,-0.977,0.352,-0.529,0.477,0.14800000000000002,1.029,0.49943267814591386,1.1437980590995946
7,23,female,5,3.0,4.0,3.0,300,excitement,0.0,0.5,0.0,adjective,reported,excited,0.816,0.862,0.418,-0.816,-0.362,-0.418,0.8926925562588723,0.9857098964705588
7,23,female,6,1.0,5.0,5.0,National Lampoon's Van Wilder,disgust,-1.0,1.0,1.0,adjective,reported,disgusted,-0.898,0.546,-0.452,-0.10199999999999998,0.45399999999999996,1.452,0.4653170961828073,1.5247373544319034
7,23,female,7,5.0,5.0,4.0,Wall-E,happiness,1.0,1.0,0.5,adjective,reported,happy,0.985,0.47,0.39,0.015000000000000013,0.53,0.10999999999999999,0.5302122216622321,0.5415025392368904
7,23,female,8,1.0,4.0,5.0,Crash,anger,-1.0,0.5,1.0,adjective,reported,angry,-0.756,0.66,0.208,-0.244,-0.16000000000000003,0.792,0.2917807395973902,0.8440379138403677
7,23,female,9,1.0,5.0,4.0,My Girl,sadness,-1.0,1.0,0.5,adjective,reported,sad,-0.55,-0.334,-0.702,-0.44999999999999996,1.334,1.202,1.4078551061810303,1.8511780033265304
7,23,female,10,2.0,3.0,4.0,The Fly,disgust,-0.5,0.0,0.5,adjective,reported,disgusted,-0.898,0.546,-0.452,0.398,-0.546,0.952,0.6756626377120464,1.1674005310946196
7,23,female,11,3.0,2.0,2.0,Pride and Prejudice,calmness,0.0,-0.5,-0.5,adjective,reported,calm,0.75,-0.9,-0.373,-0.75,0.4,-0.127,0.85,0.8594352797040624
7,23,female,12,4.0,2.0,2.0,Modern Times,amusement,0.5,-0.5,-0.5,adjective,reported,amused,0.884,0.694,0.192,-0.384,-1.194,-0.692,1.2542296440445027,1.4324650082986319
7,23,female,13,4.0,3.0,2.0,Remember the Titans,happiness,0.5,0.0,-0.5,adjective,reported,happy,0.985,0.47,0.39,-0.485,-0.47,-0.89,0.6753702688155587,1.1172399026171596
7,23,female,14,2.0,3.0,2.0,Gentleman's Agreement,anger,-0.5,0.0,-0.5,adjective,reported,angry,-0.756,0.66,0.208,0.256,-0.66,-0.708,0.7079095987483148,1.0011992808627062
7,23,female,15,2.0,3.0,4.0,Psycho,fear,-0.5,0.0,0.5,adjective,reported,afraid,-0.977,0.352,-0.529,0.477,-0.352,1.029,0.5928178472347134,1.1875495779124339
7,23,female,16,4.0,3.0,2.0,The Bourne Identity,excitement,0.5,0.0,-0.5,adjective,reported,excited,0.816,0.862,0.418,-0.31599999999999995,-0.862,-0.9179999999999999,0.9180958555619342,1.29831583214563
7,23,female,17,1.0,4.0,5.0,The Shawshank Redemption,sadness,-1.0,0.5,1.0,adjective,reported,sad,-0.55,-0.334,-0.702,-0.44999999999999996,0.8340000000000001,1.702,0.9476581662181781,1.9480400406562488
7,23,female,18,2.0,3.0,3.0,The Departed,surprise,-0.5,0.0,0.0,adjective,reported,surprised,0.568,0.71,0.078,-1.068,-0.71,-0.078,1.2824679333223112,1.284837732945293
8,29,male,1,2.0,2.0,3.0,Searching for Bobby Fischer,calmness,-0.5,-0.5,0.0,adjective,reported,calm,0.75,-0.9,-0.373,-1.25,0.4,0.373,1.3124404748406688,1.3644152593693755
8,29,male,2,3.0,4.0,3.0,D.O.A.,surprise,0.0,0.5,0.0,adjective,reported,surprised,0.568,0.71,0.078,-0.568,-0.20999999999999996,-0.078,0.6055774104109234,0.610580052081625
8,29,male,3,4.0,3.0,3.0,The Hangover,amusement,0.5,0.0,0.0,adjective,reported,amused,0.884,0.694,0.192,-0.384,-0.694,-0.192,0.7931532008382743,0.8160612722093851
8,29,male,4,3.0,4.0,4.0,The Ring,fear,0.0,0.5,0.5,adjective,reported,afraid,-0.977,0.352,-0.529,0.977,0.14800000000000002,1.029,0.9881462442371575,1.4266302954865355
8,29,male,5,3.0,2.0,2.0,300,excitement,0.0,-0.5,-0.5,adjective,reported,excited,0.816,0.862,0.418,-0.816,-1.362,-0.9179999999999999,1.587734234687909,1.8340185386194983
8,29,male,6,5.0,4.0,4.0,National Lampoon's Van Wilder,disgust,1.0,0.5,0.5,adjective,reported,disgusted,-0.898,0.546,-0.452,1.8980000000000001,-0.04600000000000004,0.952,1.8985573470401151,2.1238700525220464
8,29,male,7,3.0,1.0,2.0,Wall-E,happiness,0.0,-1.0,-0.5,adjective,reported,happy,0.985,0.47,0.39,-0.985,-1.47,-0.89,1.7694985165294714,1.980713255370398
8,29,male,8,2.0,3.0,3.0,Crash,anger,-0.5,0.0,0.0,adjective,reported,angry,-0.756,0.66,0.208,0.256,-0.66,-0.208,0.7079095987483148,0.7378346698278687
8,29,male,9,1.0,3.0,4.0,My Girl,sadness,-1.0,0.0,0.5,adjective,reported,sad,-0.55,-0.334,-0.702,-0.44999999999999996,0.334,1.202,0.5604069949599131,1.3262201928789954
8,29,male,10,4.0,3.0,3.0,The Fly,disgust,0.5,0.0,0.0,adjective,reported,disgusted,-0.898,0.546,-0.452,1.3980000000000001,-0.546,0.452,1.50083976493162,1.5674259153146604
8,29,male,11,4.0,2.0,3.0,Pride and Prejudice,calmness,0.5,-0.5,0.0,adjective,reported,calm,0.75,-0.9,-0.373,-0.25,0.4,0.373,0.47169905660283024,0.6013559677927874
8,29,male,12,3.0,2.0,2.0,Modern Times,amusement,0.0,-0.5,-0.5,adjective,reported,amused,0.884,0.694,0.192,-0.884,-1.194,-0.692,1.4856284865335612,1.6388886478342573
8,29,male,13,5.0,5.0,5.0,Remember the Titans,happiness,1.0,1.0,1.0,adjective,reported,happy,0.985,0.47,0.39,0.015000000000000013,0.53,0.61,0.5302122216622321,0.8082233602167163
8,29,male,14,3.0,1.0,2.0,Gentleman's Agreement,anger,0.0,-1.0,-0.5,adjective,reported,angry,-0.756,0.66,0.208,0.756,-1.6600000000000001,-0.708,1.824043859121814,1.9566297554724041
8,29,male,15,3.0,3.0,3.0,Psycho,fear,0.0,0.0,0.0,adjective,reported,afraid,-0.977,0.352,-0.529,0.977,-0.352,0.529,1.038476287644547,1.1654501276330962
8,29,male,16,4.0,3.0,3.0,The Bourne Identity,excitement,0.5,0.0,0.0,adjective,reported,excited,0.816,0.862,0.418,-0.31599999999999995,-0.862,-0.418,0.9180958555619342,1.0087735127371258
8,29,male,17,2.0,3.0,3.0,The Shawshank Redemption,sadness,-0.5,0.0,0.0,adjective,reported,sad,-0.55,-0.334,-0.702,0.050000000000000044,0.334,0.702,0.3377217789838257,0.7790121950264963
8,29,male,18,3.0,4.0,3.0,The Departed,surprise,0.0,0.5,0.0,adjective,reported,surprised,0.568,0.71,0.078,-0.568,-0.20999999999999996,-0.078,0.6055774104109234,0.610580052081625
9,31,female,1,3.0,2.0,2.0,Searching for Bobby Fischer,calmness,0.0,-0.5,-0.5,adjective,reported,calm,0.75,-0.9,-0.373,-0.75,0.4,-0.127,0.85,0.8594352797040624
9,31,female,2,4.0,4.0,3.0,D.O.A.,surprise,0.5,0.5,0.0,adjective,reported,surprised,0.568,0.71,0.078,-0.06799999999999995,-0.20999999999999996,-0.078,0.22073513539987233,0.23411108474397357
9,31,female,3,5.0,5.0,4.0,The Hangover,amusement,1.0,1.0,0.5,adjective,reported,amused,0.884,0.694,0.192,0.11599999999999999,0.30600000000000005,0.308,0.3272491405641885,0.44939514906149136
9,31,female,4,2.0,4.0,4.0,The Ring,fear,-0.5,0.5,0.5,adjective,reported,afraid,-0.977,0.352,-0.529,0.477,0.14800000000000002,1.029,0.49943267814591386,1.1437980590995946
9,31,female,5,4.0,4.0,4.0,300,excitement,0.5,0.5,0.5,adjective,reported,excited,0.816,0.862,0.418,-0.31599999999999995,-0.362,0.08200000000000002,0.4805205510693585,0.48746692195471064
9,31,female,6,1.0,4.0,5.0,National Lampoon's Van Wilder,disgust,-1.0,0.5,1.0,adjective,reported,disgusted,-0.898,0.546,-0.452,-0.10199999999999998,-0.04600000000000004,1.452,0.11189280584559491,1.456304913127742
9,31,female,7,5.0,4.0,4.0,Wall-E,happiness,1.0,0.5,0.5,adjective,reported,happy,0.985,0.47,0.39,0.015000000000000013,0.030000000000000027,0.10999999999999999,0.033541019662496875,0.115
9,31,female,8,3.0,3.0,3.0,Crash,anger,0.0,0.0,0.0,adjective,reported,angry,-0.756,0.66,0.208,0.756,-0.66,-0.208,1.0035616572986434,1.0248902380255165
9,31,female,9,1.0,5.0,5.0,My Girl,sadness,-1.0,1.0,1.0,adjective,reported,sad,-0.55,-0.334,-0.702,-0.44999999999999996,1.334,1.702,1.4078551061810303,2.208814161490278
9,31,female,10,2.0,4.0,4.0,The Fly,disgust,-0.5,0.5,0.5,adjective,reported,disgusted,-0.898,0.546,-0.452,0.398,-0.04600000000000004,0.952,0.4006494727314639,1.0328717248526071
9,31,female,11,4.0,3.0,3.0,Pride and Prejudice,calmness,0.5,0.0,0.0,adjective,reported,calm,0.75,-0.9,-0.373,-0.25,0.9,0.373,0.9340770846134703,1.0057976933757604
9,31,female,12,4.0,3.0,3.0,Modern Times,amusement,0.5,0.0,0.0,adjective,reported,amused,0.884,0.694,0.192,-0.384,-0.694,-0.192,0.7931532008382743,0.8160612722093851
9,31,female,13,4.0,4.0,4.0,Remember the Titans,happiness,0.5,0.5,0.5,adjective,reported,happy,0.985,0.47,0.39,-0.485,0.030000000000000027,0.10999999999999999,0.4859269492423733,0.49822183814040105
9,31,female,14,3.0,3.0,3.0,Gentleman's Agreement,anger,0.0,0.0,0.0,adjective,reported,angry,-0.756,0.66,0.208,0.756,-0.66,-0.208,1.0035616572986434,1.0248902380255165
9,31,female,15,3.0,4.0,4.0,Psycho,fear,0.0,0.5,0.5,adjective,reported,afraid,-0.977,0.352,-0.529,0.977,0.14800000000000002,1.029,0.9881462442371575,1.4266302954865355
9,31,female,16,4.0,4.0,4.0,The Bourne Identity,excitement,0.5,0.5,0.5,adjective,reported,excited,0.816,0.862,0.418,-0.31599999999999995,-0.362,0.08200000000000002,0.4805205510693585,0.48746692195471064
9,31,female,17,2.0,4.0,4.0,The Shawshank Redemption,sadness,-0.5,0.5,0.5,adjective,reported,sad,-0.55,-0.334,-0.702,0.050000000000000044,0.8340000000000001,1.202,0.8354974566089356,1.4638510853225475
9,31,female,18,3.0,4.0,4.0,The Departed,surprise,0.0,0.5,0.5,adjective,reported,surprised,0.568,0.71,0.078,-0.568,-0.20999999999999996,0.422,0.6055774104109234,0.738111102748089
10,24,male,1,4.0,1.0,2.0,Searching for Bobby Fischer,calmness,0.5,-1.0,-0.5,adjective,reported,calm,0.75,-0.9,-0.373,-0.25,-0.09999999999999998,-0.127,0.2692582403567252,0.2977062310399297
10,24,male,2,3.0,2.0,3.0,D.O.A.,surprise,0.0,-0.5,0.0,adjective,reported,surprised,0.568,0.71,0.078,-0.568,-1.21,-0.078,1.3366839566629054,1.3389578036667176
10,24,male,3,5.0,3.0,4.0,The Hangover,amusement,1.0,0.0,0.5,adjective,reported,amused,0.884,0.694,0.192,0.11599999999999999,-0.694,0.308,0.7036277424888817,0.7680859326924299
10,24,male,4,4.0,5.0,5.0,The Ring,fear,0.5,1.0,1.0,adjective,reported,afraid,-0.977,0.352,-0.529,1.4769999999999999,0.648,1.529,1.6128958428863285,2.2224477496670194
10,24,male,5,5.0,5.0,5.0,300,excitement,1.0,1.0,1.0,adjective,reported,excited,0.816,0.862,0.418,0.18400000000000005,0.138,0.5820000000000001,0.23000000000000004,0.6257986896758414
10,24,male,6,4.0,4.0,3.0,National Lampoon's Van Wilder,disgust,0.5,0.5,0.0,adjective,reported,disgusted,-0.898,0.546,-0.452,1.3980000000000001,-0.04600000000000004,0.452,1.3987565906904604,1.4699741494325675
10,24,male,7,5.0,4.0,4.0,Wall-E,happiness,1.0,0.5,0.5,adjective,reported,happy,0.985,0.47,0.39,0.015000000000000013,0.030000000000000027,0.10999999999999999,0.033541019662496875,0.115
10,24,male,8,1.0,3.0,4.0,Crash,anger,-1.0,0.0,0.5,adjective,reported,angry,-0.756,0.66,0.208,-0.244,-0.66,0.29200000000000004,0.7036590083271869,0.7618398781896364
10,24,male,9,1.0,2.0,3.0,My Girl,sadness,-1.0,-0.5,0.0,adjective,reported,sad,-0.55,-0.334,-0.702,-0.44999999999999996,-0.16599999999999998,0.702,0.4796415328138296,0.8502117383334578
10,24,male,10,4.0,2.0,3.0,The Fly,disgust,0.5,-0.5,0.0,adjective,reported,disgusted,-0.898,0.546,-0.452,1.3980000000000001,-1.046,0.452,1.7460011454749969,1.8035587043398396
10,24,male,11,5.0,1.0,1.0,Pride and Prejudice,calmness,1.0,-1.0,-1.0,adjective,reported,calm,0.75,-0.9,-0.373,0.25,-0.09999999999999998,-0.627,0.2692582403567252,0.6823701341647361
10,24,male,12,4.0,2.0,2.0,Modern Times,amusement,0.5,-0.5,-0.5,adjective,reported,amused,0.884,0.694,0.192,-0.384,-1.194,-0.692,1.2542296440445027,1.4324650082986319
10,24,male,13,5.0,4.0,4.0,Remember the Titans,happiness,1.0,0.5,0.5,adjective,reported,happy,0.985,0.47,0.39,0.015000000000000013,0.030000000000000027,0.10999999999999999,0.033541019662496875,0.115
10,24,male,14,2.0,2.0,3.0,Gentleman's Agreement,anger,-0.5,-0.5,0.0,adjective,reported,angry,-0.756,0.66,0.208,0.256,-1.1600000000000001,-0.208,1.1879124546867923,1.2059850745345069
10,24,male,15,3.0,2.0,2.0,Psycho,fear,0.0,-0.5,-0.5,adjective,reported,afraid,-0.977,0.352,-0.529,0.977,-0.852,0.029000000000000026,1.2963151622965767,1.2966395027146134
10,24,male,16,4.0,5.0,4.0,The Bourne Identity,excitement,0.5,1.0,0.5,adjective,reported,excited,0.816,0.862,0.418,-0.31599999999999995,0.138,0.08200000000000002,0.34481879299133333,0.35443476127490653
10,24,male,17,1.0,2.0,3.0,The Shawshank Redemption,sadness,-1.0,-0.5,0.0,adjective,reported,sad,-0.55,-0.334,-0.702,-0.44999999999999996,-0.16599999999999998,0.702,0.4796415328138296,0.8502117383334578
10,24,male,18,4.0,5.0,4.0,The Departed,surprise,0.5,1.0,0.5,adjective,reported,surprised,0.568,0.71,0.078,-0.06799999999999995,0.29000000000000004,0.422,0.29786574156824414,0.5165346067786746
11,26,male,1,2.0,3.0,1.0,Searching for Bobby Fischer,calmness,-0.5,0.0,-1.0,adjective,reported,calm,0.75,-0.9,-0.373,-1.25,0.9,-0.627,1.5402921800749363,1.663018039589469
11,26,male,2,2.0,4.0,4.0,D.O.A.,surprise,-0.5,0.5,0.5,adjective,reported,surprised,0.568,0.71,0.078,-1.068,-0.20999999999999996,0.422,1.0884502744728397,1.167393678242263
11,26,male,3,5.0,4.0,4.0,The Hangover,amusement,1.0,0.5,0.5,adjective,reported,amused,0.884,0.694,0.192,0.11599999999999999,-0.19399999999999995,0.308,0.2260353954583219,0.3820418825207519
11,26,male,4,2.0,5.0,5.0,The Ring,fear,-0.5,1.0,1.0,adjective,reported,afraid,-0.977,0.352,-0.529,0.477,0.648,1.529,0.8046322141202152,1.7277945479714882
11,26,male,5,5.0,4.0,5.0,300,excitement,1.0,0.5,1.0,adjective,reported,excited,0.816,0.862,0.418,0.18400000000000005,-0.362,0.5820000000000001,0.40607881008493907,0.7096647095636079
11,26,male,6,1.0,3.0,5.0,National Lampoon's Van Wilder,disgust,-1.0,0.0,1.0,adjective,reported,disgusted,-0.898,0.546,-0.452,-0.10199999999999998,-0.546,1.452,0.5554457669295897,1.5546137784028546
11,26,male,7,5.0,2.0,4.0,Wall-E,happiness,1.0,-0.5,0.5,adjective,reported,happy,0.985,0.47,0.39,0.015000000000000013,-0.97,0.10999999999999999,0.9701159724486552,0.9763324228970377
11,26,male,8,1.0,4.0,4.0,Crash,anger,-1.0,0.5,0.5,adjective,reported,angry,-0.756,0.66,0.208,-0.244,-0.16000000000000003,0.29200000000000004,0.2917807395973902,0.41279534881100594
11,26,male,9,1.0,2.0,2.0,My Girl,sadness,-1.0,-0.5,-0.5,adjective,reported,sad,-0.55,-0.334,-0.702,-0.44999999999999996,-0.16599999999999998,0.20199999999999996,0.4796415328138296,0.5204421197405144
11,26,male,10,1.0,5.0,5.0,The Fly,disgust,-1.0,1.0,1.0,adjective,reported,disgusted,-0.898,0.546,-0.452,-0.10199999999999998,0.45399999999999996,1.452,0.4653170961828073,1.5247373544319034
11,26,male,11,5.0,2.0,3.0,Pride and Prejudice,calmness,1.0,-0.5,0.0,adjective,reported,calm,0.75,-0.9,-0.373,0.25,0.4,0.373,0.47169905660283024,0.6013559677927874
11,26,male,12,4.0,2.0,3.0,Modern Times,amusement,0.5,-0.5,0.0,adjective,reported,amused,0.884,0.694,0.192,-0.384,-1.194,-0.192,1.2542296440445027,1.2688404154975519
11,26,male,13,5.0,4.0,4.0,Remember the Titans,happiness,1.0,0.5,0.5,adjective,reported,happy,0.985,0.47,0.39,0.015000000000000013,0.030000000000000027,0.10999999999999999,0.033541019662496875,0.115
11,26,male,14,2.0,2.0,2.0,Gentleman's Agreement,anger,-0.5,-0.5,-0.5,adjective,reported,angry,-0.756,0.66,0.208,0.256,-1.1600000000000001,-0.708,1.1879124546867923,1.3828955130450025
11,26,male,15,3.0,3.0,3.0,Psycho,fear,0.0,0.0,0.0,adjective,reported,afraid,-0.977,0.352,-0.529,0.977,-0.352,0.529,1.038476287644547,1.1654501276330962
11,26,male,16,3.0,2.0,4.0,The Bourne Identity,excitement,0.0,-0.5,0.5,adjective,reported,excited,0.816,0.862,0.418,-0.816,-1.362,0.08200000000000002,1.587734234687909,1.5898503074189092
11,26,male,17,1.0,3.0,5.0,The Shawshank Redemption,sadness,-1.0,0.0,1.0,adjective,reported,sad,-0.55,-0.334,-0.702,-0.44999999999999996,0.334,1.702,0.5604069949599131,1.7918872732401443
11,26,male,18,3.0,3.0,2.0,The Departed,surprise,0.0,0.0,-0.5,adjective,reported,surprised,0.568,0.71,0.078,-0.568,-0.71,-0.578,0.9092436417154646,1.0774080007128217
12,25,male,1,4.0,2.0,3.0,Searching for Bobby Fischer,calmness,0.5,-0.5,0.0,adjective,reported,calm,0.75,-0.9,-0.373,-0.25,0.4,0.373,0.47169905660283024,0.6013559677927874
12,25,male,2,3.0,2.0,2.0,D.O.A.,surprise,0.0,-0.5,-0.5,adjective,reported,surprised,0.568,0.71,0.078,-0.568,-1.21,-0.578,1.3366839566629054,1.4562994197622958
12,25,male,3,5.0,2.0,3.0,The Hangover,amusement,1.0,-0.5,0.0,adjective,reported,amused,0.884,0.694,0.192,0.11599999999999999,-1.194,-0.192,1.1996216070078096,1.2148892953681005
12,25,male,4,3.0,4.0,4.0,The Ring,fear,0.0,0.5,0.5,adjective,reported,afraid,-0.977,0.352,-0.529,0.977,0.14800000000000002,1.029,0.9881462442371575,1.4266302954865355
12,25,male,5,4.0,3.0,3.0,300,excitement,0.5,0.0,0.0,adjective,reported,excited,0.816,0.862,0.418,-0.31599999999999995,-0.862,-0.418,0.9180958555619342,1.0087735127371258
12,25,male,6,4.0,4.0,3.0,National Lampoon's Van Wilder,disgust,0.5,0.5,0.0,adjective,reported,disgusted,-0.898,0.546,-0.452,1.3980000000000001,-0.04600000000000004,0.452,1.3987565906904604,1.4699741494325675
12,25,male,7,5.0,4.0,4.0,Wall-E,happiness,1.0,0.5,0.5,adjective,reported,happy,0.985,0.47,0.39,0.015000000000000013,0.030000000000000027,0.10999999999999999,0.033541019662496875,0.115
12,25,male,8,2.0,4.0,4.0,Crash,anger,-0.5,0.5,0.5,adjective,reported,angry,-0.756,0.66,0.208,0.256,-0.16000000000000003,0.29200000000000004,0.30188739622581134,0.42000000000000004
12,25,male,9,1.0,4.0,4.0,My Girl,sadness,-1.0,0.5,0.5,adjective,reported,sad,-0.55,-0.334,-0.702,-0.44999999999999996,0.8340000000000001,1.202,0.9476581662181781,1.5306403888568993
12,25,male,10,2.0,4.0,3.0,The Fly,disgust,-0.5,0.5,0.0,adjective,reported,disgusted,-0.898,0.546,-0.452,0.398,-0.04600000000000004,0.452,0.4006494727314639,0.6040066224802506
12,25,male,11,5.0,3.0,3.0,Pride and Prejudice,calmness,1.0,0.0,0.0,adjective,reported,calm,0.75,-0.9,-0.373,0.25,0.9,0.373,0.9340770846134703,1.0057976933757604
12,25,male,12,4.0,3.0,3.0,Modern Times,amusement,0.5,0.0,0.0,adjective,reported,amused,0.884,0.694,0.192,-0.384,-0.694,-0.192,0.7931532008382743,0.8160612722093851
12,25,male,13,5.0,4.0,4.0,Remember the Titans,happiness,1.0,0.5,0.5,adjective,reported,happy,0.985,0.47,0.39,0.015000000000000013,0.030000000000000027,0.10999999999999999,0.033541019662496875,0.115
12,25,male,14,3.0,2.0,2.0,Gentleman's Agreement,anger,0.0,-0.5,-0.5,adjective,reported,angry,-0.756,0.66,0.208,0.756,-1.1600000000000001,-0.708,1.3846068033922123,1.5551205741035001
12,25,male,15,2.0,4.0,3.0,Psycho,fear,-0.5,0.5,0.0,adjective,reported,afraid,-0.977,0.352,-0.529,0.477,0.14800000000000002,0.529,0.49943267814591386,0.7275121992104325
12,25,male,16,5.0,3.0,4.0,The Bourne Identity,excitement,1.0,0.0,0.5,adjective,reported,excited,0.816,0.862,0.418,0.18400000000000005,-0.862,0.08200000000000002,0.8814193099768123,0.8852253950265999
12,25,male,17,1.0,3.0,4.0,The Shawshank Redemption,sadness,-1.0,0.0,0.5,adjective,reported,sad,-0.55,-0.334,-0.702,-0.44999999999999996,0.334,1.202,0.5604069949599131,1.3262201928789954
12,25,male,18,3.0,3.0,3.0,The Departed,surprise,0.0,0.0,0.0,adjective,reported,surprised,0.568,0.71,0.078,-0.568,-0.71,-0.078,0.9092436417154646,0.9125831468967636
13,28,male,1,4.0,3.0,2.0,Searching for Bobby Fischer,calmness,0.5,0.0,-0.5,adjective,reported,calm,0.75,-0.9,-0.373,-0.25,0.9,-0.127,0.9340770846134703,0.9426712046095393
13,28,male,2,4.0,3.0,3.0,D.O.A.,surprise,0.5,0.0,0.0,adjective,reported,surprised,0.568,0.71,0.078,-0.06799999999999995,-0.71,-0.078,0.7132489046609185,0.7175012195111586
13,28,male,3,5.0,4.0,5.0,The Hangover,amusement,1.0,0.5,1.0,adjective,reported,amused,0.884,0.694,0.192,0.11599999999999999,-0.19399999999999995,0.808,0.2260353954583219,0.8390208579052133
13,28,male,4,4.0,4.0,5.0,The Ring,fear,0.5,0.5,1.0,adjective,reported,afraid,-0.977,0.352,-0.529,1.4769999999999999,0.14800000000000002,1.529,1.4843965103704602,2.1310265132090684
13,28,male,5,4.0,4.0,4.0,300,excitement,0.5,0.5,0.5,adjective,reported,excited,0.816,0.862,0.418,-0.31599999999999995,-0.362,0.08200000000000002,0.4805205510693585,0.48746692195471064
13,28,male,6,2.0,5.0,4.0,National Lampoon's Van Wilder,disgust,-0.5,1.0,0.5,adjective,reported,disgusted,-0.898,0.546,-0.452,0.398,0.45399999999999996,0.952,0.6037549171642413,1.1273082985590055
13,28,male,7,4.0,3.0,3.0,Wall-E,happiness,0.5,0.0,0.0,adjective,reported,happy,0.985,0.47,0.39,-0.485,-0.47,-0.39,0.6753702688155587,0.7798878124448413
13,28,male,8,1.0,4.0,5.0,Crash,anger,-1.0,0.5,1.0,adjective,reported,angry,-0.756,0.66,0.208,-0.244,-0.16000000000000003,0.792,0.2917807395973902,0.8440379138403677
13,28,male,9,2.0,3.0,3.0,My Girl,sadness,-0.5,0.0,0.0,adjective,reported,sad,-0.55,-0.334,-0.702,0.050000000000000044,0.334,0.702,0.3377217789838257,0.7790121950264963
13,28,male,10,2.0,4.0,4.0,The Fly,disgust,-0.5,0.5,0.5,adjective,reported,disgusted,-0.898,0.546,-0.452,0.398,-0.04600000000000004,0.952,0.4006494727314639,1.0328717248526071
13,28,male,11,3.0,2.0,2.0,Pride and Prejudice,calmness,0.0,-0.5,-0.5,adjective,reported,calm,0.75,-0.9,-0.373,-0.75,0.4,-0.127,0.85,0.8594352797040624
13,28,male,12,4.0,3.0,2.0,Modern Times,amusement,0.5,0.0,-0.5,adjective,reported,amused,0.884,0.694,0.192,-0.384,-0.694,-0.692,0.7931532008382743,1.052594888834256
13,28,male,13,4.0,4.0,4.0,Remember the Titans,happiness,0.5,0.5,0.5,adjective,reported,happy,0.985,0.47,0.39,-0.485,0.030000000000000027,0.10999999999999999,0.4859269492423733,0.49822183814040105
13,28,male,14,3.0,2.0,2.0,Gentleman's Agreement,anger,0.0,-0.5,-0.5,adjective,reported,angry,-0.756,0.66,0.208,0.756,-1.1600000000000001,-0.708,1.3846068033922123,1.5551205741035001
13,28,male,15,3.0,3.0,4.0,Psycho,fear,0.0,0.0,0.5,adjective,reported,afraid,-0.977,0.352,-0.529,0.977,-0.352,1.029,1.038476287644547,1.4619418593090492
13,28,male,16,4.0,3.0,3.0,The Bourne Identity,excitement,0.5,0.0,0.0,adjective,reported,excited,0.816,0.862,0.418,-0.31599999999999995,-0.862,-0.418,0.9180958555619342,1.0087735127371258
13,28,male,17,2.0,3.0,4.0,The Shawshank Redemption,sadness,-0.5,0.0,0.5,adjective,reported,sad,-0.55,-0.334,-0.702,0.050000000000000044,0.334,1.202,0.3377217789838257,1.2485431510364389
13,28,male,18,4.0,5.0,5.0,The Departed,surprise,0.5,1.0,1.0,adjective,reported,surprised,0.568,0.71,0.078,-0.06799999999999995,0.29000000000000004,0.922,0.29786574156824414,0.9689210494152762
14,25,male,1,3.0,2.0,2.0,Searching for Bobby Fischer,calmness,0.0,-0.5,-0.5,adjective,reported,calm,0.75,-0.9,-0.373,-0.75,0.4,-0.127,0.85,0.8594352797040624
14,25,male,2,4.0,2.0,2.0,D.O.A.,surprise,0.5,-0.5,-0.5,adjective,reported,surprised,0.568,0.71,0.078,-0.06799999999999995,-1.21,-0.578,1.211909237525649,1.3426868585042455
14,25,male,3,5.0,5.0,4.0,The Hangover,amusement,1.0,1.0,0.5,adjective,reported,amused,0.884,0.694,0.192,0.11599999999999999,0.30600000000000005,0.308,0.3272491405641885,0.44939514906149136
14,25,male,4,2.0,3.0,3.0,The Ring,fear,-0.5,0.0,0.0,adjective,reported,afraid,-0.977,0.352,-0.529,0.477,-0.352,0.529,0.5928178472347134,0.7945275325625916
14,25,male,5,4.0,4.0,4.0,300,excitement,0.5,0.5,0.5,adjective,reported,excited,0.816,0.862,0.418,-0.31599999999999995,-0.362,0.08200000000000002,0.4805205510693585,0.48746692195471064
14,25,male,6,5.0,5.0,5.0,National Lampoon's Van Wilder,disgust,1.0,1.0,1.0,adjective,reported,disgusted,-0.898,0.546,-0.452,1.8980000000000001,0.45399999999999996,1.452,1.9515429792858778,2.4324522605798453
14,25,male,7,4.0,4.0,4.0,Wall-E,happiness,0.5,0.5,0.5,adjective,reported,happy,0.985,0.47,0.39,-0.485,0.030000000000000027,0.10999999999999999,0.4859269492423733,0.49822183814040105
14,25,male,8,1.0,4.0,4.0,Crash,anger,-1.0,0.5,0.5,adjective,reported,angry,-0.756,0.66,0.208,-0.244,-0.16000000000000003,0.29200000000000004,0.2917807395973902,0.41279534881100594
14,25,male,9,1.0,3.0,3.0,My Girl,sadness,-1.0,0.0,0.0,adjective,reported,sad,-0.55,-0.334,-0.702,-0.44999999999999996,0.334,0.702,0.5604069949599131,0.8982538616671792
14,25,male,10,3.0,3.0,3.0,The Fly,disgust,0.0,0.0,0.0,adjective,reported,disgusted,-0.898,0.546,-0.452,0.898,-0.546,0.452,1.0509614645647098,1.1440384608919405
14,25,male,11,4.0,2.0,4.0,Pride and Prejudice,calmness,0.5,-0.5,0.5,adjective,reported,calm,0.75,-0.9,-0.373,-0.25,0.4,0.873,0.47169905660283024,0.9922847373612073
14,25,male,12,3.0,1.0,2.0,Modern Times,amusement,0.0,-1.0,-0.5,adjective,reported,amused,0.884,0.694,0.192,-0.884,-1.694,-0.692,1.9107830855437253,2.0322293177690356
14,25,male,13,5.0,3.0,3.0,Remember the Titans,happiness,1.0,0.0,0.0,adjective,reported,happy,0.985,0.47,0.39,0.015000000000000013,-0.47,-0.39,0.4702393007820592,0.6109214352107806
14,25,male,14,1.0,2.0,2.0,Gentleman's Agreement,anger,-1.0,-0.5,-0.5,adjective,reported,angry,-0.756,0.66,0.208,-0.244,-1.1600000000000001,-0.708,1.185384325862292,1.3807244475274567
14,25,male,15,3.0,1.0,2.0,Psycho,fear,0.0,-1.0,-0.5,adjective,reported,afraid,-0.977,0.352,-0.529,0.977,-1.3519999999999999,0.029000000000000026,1.668062648703579,1.6683147185108689
14,25,male,16,4.0,2.0,2.0,The Bourne Identity,excitement,0.5,-0.5,-0.5,adjective,reported,excited,0.816,0.862,0.418,-0.31599999999999995,-1.362,-0.9179999999999999,1.398177385026664,1.6726099365960971
14,25,male,17,2.0,2.0,2.0,The Shawshank Redemption,sadness,-0.5,-0.5,-0.5,adjective,reported,sad,-0.55,-0.334,-0.702,0.050000000000000044,-0.16599999999999998,0.20199999999999996,0.17336666346215468,0.2661954169402621
14,25,male,18,3.0,4.0,3.0,The Departed,surprise,0.0,0.5,0.0,adjective,reported,surprised,0.568,0.71,0.078,-0.568,-0.20999999999999996,-0.078,0.6055774104109234,0.610580052081625
15,29,male,1,3.0,2.0,4.0,Searching for Bobby Fischer,calmness,0.0,-0.5,0.5,adjective,reported,calm,0.75,-0.9,-0.373,-0.75,0.4,0.873,0.85,1.218453528042822
15,29,male,2,2.0,2.0,3.0,D.O.A.,surprise,-0.5,-0.5,0.0,adjective,reported,surprised,0.568,0.71,0.078,-1.068,-1.21,-0.078,1.613915735098955,1.6157994925113697
15,29,male,3,5.0,4.0,5.0,The Hangover,amusement,1.0,0.5,1.0,adjective,reported,amused,0.884,0.694,0.192,0.11599999999999999,-0.19399999999999995,0.808,0.2260353954583219,0.8390208579052133
15,29,male,4,1.0,4.0,4.0,The Ring,fear,-1.0,0.5,0.5,adjective,reported,afraid,-0.977,0.352,-0.529,-0.02300000000000002,0.14800000000000002,1.029,0.14977650015940422,1.039843257419117
15,29,male,5,2.0,4.0,4.0,300,excitement,-0.5,0.5,0.5,adjective,reported,excited,0.816,0.862,0.418,-1.3159999999999998,-0.362,0.08200000000000002,1.3648809471891676,1.3673419469905834
15,29,male,6,3.0,4.0,4.0,National Lampoon's Van Wilder,disgust,0.0,0.5,0.5,adjective,reported,disgusted,-0.898,0.546,-0.452,0.898,-0.04600000000000004,0.952,0.8991774018512698,1.3095128865345311
15,29,male,7,4.0,3.0,5.0,Wall-E,happiness,0.5,0.0,1.0,adjective,reported,happy,0.985,0.47,0.39,-0.485,-0.47,0.61,0.6753702688155587,0.9100686787270508
15,29,male,8,3.0,4.0,5.0,Crash,anger,0.0,0.5,1.0,adjective,reported,angry,-0.756,0.66,0.208,0.756,-0.16000000000000003,0.792,0.7727457537896926,1.1065260954898444
15,29,male,9,1.0,2.0,4.0,My Girl,sadness,-1.0,-0.5,0.5,adjective,reported,sad,-0.55,-0.334,-0.702,-0.44999999999999996,-0.16599999999999998,1.202,0.4796415328138296,1.294163822705611
15,29,male,10,1.0,4.0,5.0,The Fly,disgust,-1.0,0.5,1.0,adjective,reported,disgusted,-0.898,0.546,-0.452,-0.10199999999999998,-0.04600000000000004,1.452,0.11189280584559491,1.456304913127742
15,29,male,11,3.0,1.0,3.0,Pride and Prejudice,calmness,0.0,-1.0,0.0,adjective,reported,calm,0.75,-0.9,-0.373,-0.75,-0.09999999999999998,0.373,0.7566372975210778,0.8435810571604841
15,29,male,12,4.0,3.0,4.0,Modern Times,amusement,0.5,0.0,0.5,adjective,reported,amused,0.884,0.694,0.192,-0.384,-0.694,0.308,0.7931532008382743,0.8508560395272516
15,29,male,13,4.0,3.0,3.0,Remember the Titans,happiness,0.5,0.0,0.0,adjective,reported,happy,0.985,0.47,0.39,-0.485,-0.47,-0.39,0.6753702688155587,0.7798878124448413
15,29,male,14,2.0,3.0,4.0,Gentleman's Agreement,anger,-0.5,0.0,0.5,adjective,reported,angry,-0.756,0.66,0.208,0.256,-0.66,0.29200000000000004,0.7079095987483148,0.7657675887630659
15,29,male,15,1.0,4.0,4.0,Psycho,fear,-1.0,0.5,0.5,adjective,reported,afraid,-0.977,0.352,-0.529,-0.02300000000000002,0.14800000000000002,1.029,0.14977650015940422,1.039843257419117
15,29,male,16,4.0,5.0,4.0,The Bourne Identity,excitement,0.5,1.0,0.5,adjective,reported,excited,0.816,0.862,0.418,-0.31599999999999995,0.138,0.08200000000000002,0.34481879299133333,0.35443476127490653
15,29,male,17,1.0,2.0,3.0,The Shawshank Redemption,sadness,-1.0,-0.5,0.0,adjective,reported,sad,-0.55,-0.334,-0.702,-0.44999999999999996,-0.16599999999999998,0.702,0.4796415328138296,0.8502117383334578
15,29,male,18,2.0,5.0,5.0,The Departed,surprise,-0.5,1.0,1.0,adjective,reported,surprised,0.568,0.71,0.078,-1.068,0.29000000000000004,0.922,1.1066724899445184,1.4404193833741616
16,28,female,1,2.0,2.0,2.0,Searching for Bobby Fischer,calmness,-0.5,-0.5,-0.5,adjective,reported,calm,0.75,-0.9,-0.373,-1.25,0.4,-0.127,1.3124404748406688,1.3185708172108164
16,28,female,2,2.0,1.0,1.0,D.O.A.,surprise,-0.5,-1.0,-1.0,adjective,reported,surprised,0.568,0.71,0.078,-1.068,-1.71,-1.078,2.016116068087351,2.286221336616383
16,28,female,3,5.0,4.0,5.0,The Hangover,amusement,1.0,0.5,1.0,adjective,reported,amused,0.884,0.694,0.192,0.11599999999999999,-0.19399999999999995,0.808,0.2260353954583219,0.8390208579052133
16,28,female,4,2.0,5.0,5.0,The Ring,fear,-0.5,1.0,1.0,adjective,reported,afraid,-0.977,0.352,-0.529,0.477,0.648,1.529,0.8046322141202152,1.7277945479714882
16,28,female,5,2.0,3.0,3.0,300,excitement,-0.5,0.0,0.0,adjective,reported,excited,0.816,0.862,0.418,-1.3159999999999998,-0.862,-0.418,1.5731814898478813,1.627766568031178
16,28,female,6,1.0,4.0,5.0,National Lampoon's Van Wilder,disgust,-1.0,0.5,1.0,adjective,reported,disgusted,-0.898,0.546,-0.452,-0.10199999999999998,-0.04600000000000004,1.452,0.11189280584559491,1.456304913127742
16,28,female,7,5.0,4.0,5.0,Wall-E,happiness,1.0,0.5,1.0,adjective,reported,happy,0.985,0.47,0.39,0.015000000000000013,0.030000000000000027,0.61,0.033541019662496875,0.6109214352107806
16,28,female,8,1.0,5.0,5.0,Crash,anger,-1.0,1.0,1.0,adjective,reported,angry,-0.756,0.66,0.208,-0.244,0.33999999999999997,0.792,0.4184925327888181,0.8957678270623477
16,28,female,9,1.0,2.0,3.0,My Girl,sadness,-1.0,-0.5,0.0,adjective,reported,sad,-0.55,-0.334,-0.702,-0.44999999999999996,-0.16599999999999998,0.702,0.4796415328138296,0.8502117383334578
16,28,female,10,2.0,2.0,2.0,The Fly,disgust,-0.5,-0.5,-0.5,adjective,reported,disgusted,-0.898,0.546,-0.452,0.398,-1.046,-0.04799999999999999,1.119160399585332,1.1201892697218627
16,28,female,11,4.0,3.0,3.0,Pride and Prejudice,calmness,0.5,0.0,0.0,adjective,reported,calm,0.75,-0.9,-0.373,-0.25,0.9,0.373,0.9340770846134703,1.0057976933757604
16,28,female,12,4.0,2.0,2.0,Modern Times,amusement,0.5,-0.5,-0.5,adjective,reported,amused,0.884,0.694,0.192,-0.384,-1.194,-0.692,1.2542296440445027,1.4324650082986319
16,28,female,13,5.0,4.0,4.0,Remember the Titans,happiness,1.0,0.5,0.5,adjective,reported,happy,0.985,0.47,0.39,0.015000000000000013,0.030000000000000027,0.10999999999999999,0.033541019662496875,0.115
16,28,female,14,3.0,1.0,1.0,Gentleman's Agreement,anger,0.0,-1.0,-1.0,adjective,reported,angry,-0.756,0.66,0.208,0.756,-1.6600000000000001,-1.208,1.824043859121814,2.1877842672439165
16,28,female,15,2.0,2.0,2.0,Psycho,fear,-0.5,-0.5,-0.5,adjective,reported,afraid,-0.977,0.352,-0.529,0.477,-0.852,0.029000000000000026,0.9764389381830284,0.9768694897477349
16,28,female,16,4.0,4.0,4.0,The Bourne Identity,excitement,0.5,0.5,0.5,adjective,reported,excited,0.816,0.862,0.418,-0.31599999999999995,-0.362,0.08200000000000002,0.4805205510693585,0.48746692195471064
16,28,female,17,1.0,3.0,4.0,The Shawshank Redemption,sadness,-1.0,0.0,0.5,adjective,reported,sad,-0.55,-0.334,-0.702,-0.44999999999999996,0.334,1.202,0.5604069949599131,1.3262201928789954
16,28,female,18,1.0,4.0,3.0,The Departed,surprise,-1.0,0.5,0.0,adjective,reported,surprised,0.568,0.71,0.078,-1.568,-0.20999999999999996,-0.078,1.582,1.5839217152372147
17,26,female,1,2.0,1.0,2.0,Searching for Bobby Fischer,calmness,-0.5,-1.0,-0.5,adjective,reported,calm,0.75,-0.9,-0.373,-1.25,-0.09999999999999998,-0.127,1.2539936203984452,1.2604082671896437
17,26,female,2,5.0,2.0,3.0,D.O.A.,surprise,1.0,-0.5,0.0,adjective,reported,surprised,0.568,0.71,0.078,0.43200000000000005,-1.21,-0.078,1.284805043576651,1.2871705403713993
17,26,female,3,4.0,2.0,2.0,The Hangover,amusement,0.5,-0.5,-0.5,adjective,reported,amused,0.884,0.694,0.192,-0.384,-1.194,-0.692,1.2542296440445027,1.4324650082986319
17,26,female,4,2.0,5.0,4.0,The Ring,fear,-0.5,1.0,0.5,adjective,reported,afraid,-0.977,0.352,-0.529,0.477,0.648,1.029,0.8046322141202152,1.3062442344370366
17,26,female,5,1.0,4.0,3.0,300,excitement,-1.0,0.5,0.0,adjective,reported,excited,0.816,0.862,0.418,-1.8159999999999998,-0.362,-0.418,1.8517289218457436,1.898321363731652
17,26,female,6,2.0,4.0,5.0,National Lampoon's Van Wilder,disgust,-0.5,0.5,1.0,adjective,reported,disgusted,-0.898,0.546,-0.452,0.398,-0.04600000000000004,1.452,0.4006494727314639,1.5062615974657256
17,26,female,7,5.0,3.0,3.0,Wall-E,happiness,1.0,0.0,0.0,adjective,reported,happy,0.985,0.47,0.39,0.015000000000000013,-0.47,-0.39,0.4702393007820592,0.6109214352107806
17,26,female,8,1.0,4.0,5.0,Crash,anger,-1.0,0.5,1.0,adjective,reported,angry,-0.756,0.66,0.208,-0.244,-0.16000000000000003,0.792,0.2917807395973902,0.8440379138403677
17,26,female,9,2.0,2.0,5.0,My Girl,sadness,-0.5,-0.5,1.0,adjective,reported,sad,-0.55,-0.334,-0.702,0.050000000000000044,-0.16599999999999998,1.702,0.17336666346215468,1.7108068272017154
17,26,female,10,1.0,3.0,4.0,The Fly,disgust,-1.0,0.0,0.5,adjective,reported,disgusted,-0.898,0.546,-0.452,-0.10199999999999998,-0.546,0.952,0.5554457669295897,1.1021905461398225
17,26,female,11,5.0,1.0,3.0,Pride and Prejudice,calmness,1.0,-1.0,0.0,adjective,reported,calm,0.75,-0.9,-0.373,0.25,-0.09999999999999998,0.373,0.2692582403567252,0.4600315206591827
17,26,female,12,5.0,2.0,3.0,Modern Times,amusement,1.0,-0.5,0.0,adjective,reported,amused,0.884,0.694,0.192,0.11599999999999999,-1.194,-0.192,1.1996216070078096,1.2148892953681005
17,26,female,13,4.0,3.0,3.0,Remember the Titans,happiness,0.5,0.0,0.0,adjective,reported,happy,0.985,0.47,0.39,-0.485,-0.47,-0.39,0.6753702688155587,0.7798878124448413
17,26,female,14,2.0,2.0,2.0,Gentleman's Agreement,anger,-0.5,-0.5,-0.5,adjective,reported,angry,-0.756,0.66,0.208,0.256,-1.1600000000000001,-0.708,1.1879124546867923,1.3828955130450025
17,26,female,15,3.0,3.0,3.0,Psycho,fear,0.0,0.0,0.0,adjective,reported,afraid,-0.977,0.352,-0.529,0.977,-0.352,0.529,1.038476287644547,1.1654501276330962
17,26,female,16,3.0,4.0,4.0,The Bourne Identity,excitement,0.0,0.5,0.5,adjective,reported,excited,0.816,0.862,0.418,-0.816,-0.362,0.08200000000000002,0.8926925562588723,0.8964507794631001
17,26,female,17,1.0,3.0,4.0,The Shawshank Redemption,sadness,-1.0,0.0,0.5,adjective,reported,sad,-0.55,-0.334,-0.702,-0.44999999999999996,0.334,1.202,0.5604069949599131,1.3262201928789954
17,26,female,18,2.0,2.0,2.0,The Departed,surprise,-0.5,-0.5,-0.5,adjective,reported,surprised,0.568,0.71,0.078,-1.068,-1.21,-0.578,1.613915735098955,1.7142951904499995
18,25,female,1,3.0,2.0,2.0,Searching for Bobby Fischer,calmness,0.0,-0.5,-0.5,adjective,reported,calm,0.75,-0.9,-0.373,-0.75,0.4,-0.127,0.85,0.8594352797040624
18,25,female,2,3.0,3.0,3.0,D.O.A.,surprise,0.0,0.0,0.0,adjective,reported,surprised,0.568,0.71,0.078,-0.568,-0.71,-0.078,0.9092436417154646,0.9125831468967636
18,25,female,3,4.0,4.0,4.0,The Hangover,amusement,0.5,0.5,0.5,adjective,reported,amused,0.884,0.694,0.192,-0.384,-0.19399999999999995,0.308,0.43022319788686425,0.5291086844874122
18,25,female,4,1.0,4.0,5.0,The Ring,fear,-1.0,0.5,1.0,adjective,reported,afraid,-0.977,0.352,-0.529,-0.02300000000000002,0.14800000000000002,1.529,0.14977650015940422,1.5363183263894236
18,25,female,5,2.0,4.0,4.0,300,excitement,-0.5,0.5,0.5,adjective,reported,excited,0.816,0.862,0.418,-1.3159999999999998,-0.362,0.08200000000000002,1.3648809471891676,1.3673419469905834
18,25,female,6,1.0,4.0,5.0,National Lampoon's Van Wilder,disgust,-1.0,0.5,1.0,adjective,reported,disgusted,-0.898,0.546,-0.452,-0.10199999999999998,-0.04600000000000004,1.452,0.11189280584559491,1.456304913127742
18,25,female,7,4.0,3.0,4.0,Wall-E,happiness,0.5,0.0,0.5,adjective,reported,happy,0.985,0.47,0.39,-0.485,-0.47,0.10999999999999999,0.6753702688155587,0.6842696836774226
18,25,female,8,1.0,4.0,5.0,Crash,anger,-1.0,0.5,1.0,adjective,reported,angry,-0.756,0.66,0.208,-0.244,-0.16000000000000003,0.792,0.2917807395973902,0.8440379138403677
18,25,female,9,2.0,4.0,3.0,My Girl,sadness,-0.5,0.5,0.0,adjective,reported,sad,-0.55,-0.334,-0.702,0.050000000000000044,0.8340000000000001,0.702,0.8354974566089356,1.0912653206255571
18,25,female,10,1.0,2.0,4.0,The Fly,disgust,-1.0,-0.5,0.5,adjective,reported,disgusted,-0.898,0.546,-0.452,-0.10199999999999998,-1.046,0.952,1.05096146456471,1.4180352604924886
18,25,female,11,4.0,2.0,2.0,Pride and Prejudice,calmness,0.5,-0.5,-0.5,adjective,reported,calm,0.75,-0.9,-0.373,-0.25,0.4,-0.127,0.47169905660283024,0.48849667347895015
18,25,female,12,4.0,3.0,3.0,Modern Times,amusement,0.5,0.0,0.0,adjective,reported,amused,0.884,0.694,0.192,-0.384,-0.694,-0.192,0.7931532008382743,0.8160612722093851
18,25,female,13,5.0,5.0,4.0,Remember the Titans,happiness,1.0,1.0,0.5,adjective,reported,happy,0.985,0.47,0.39,0.015000000000000013,0.53,0.10999999999999999,0.5302122216622321,0.5415025392368904
18,25,female,14,2.0,4.0,4.0,Gentleman's Agreement,anger,-0.5,0.5,0.5,adjective,reported,angry,-0.756,0.66,0.208,0.256,-0.16000000000000003,0.29200000000000004,0.30188739622581134,0.42000000000000004
18,25,female,15,2.0,3.0,3.0,Psycho,fear,-0.5,0.0,0.0,adjective,reported,afraid,-0.977,0.352,-0.529,0.477,-0.352,0.529,0.5928178472347134,0.7945275325625916
18,25,female,16,4.0,4.0,3.0,The Bourne Identity,excitement,0.5,0.5,0.0,adjective,reported,excited,0.816,0.862,0.418,-0.31599999999999995,-0.362,-0.418,0.4805205510693585,0.6368861750736939
18,25,female,17,2.0,3.0,4.0,The Shawshank Redemption,sadness,-0.5,0.0,0.5,adjective,reported,sad,-0.55,-0.334,-0.702,0.050000000000000044,0.334,1.202,0.3377217789838257,1.2485431510364389
18,25,female,18,2.0,3.0,3.0,The Departed,surprise,-0.5,0.0,0.0,adjective,reported,surprised,0.568,0.71,0.078,-1.068,-0.71,-0.078,1.2824679333223112,1.284837732945293
19,33,male,1,3.0,2.0,1.0,Searching for Bobby Fischer,calmness,0.0,-0.5,-1.0,adjective,reported,calm,0.75,-0.9,-0.373,-0.75,0.4,-0.627,0.85,1.0562334022364563
19,33,male,2,4.0,4.0,3.0,D.O.A.,surprise,0.5,0.5,0.0,adjective,reported,surprised,0.568,0.71,0.078,-0.06799999999999995,-0.20999999999999996,-0.078,0.22073513539987233,0.23411108474397357
19,33,male,3,4.0,4.0,4.0,The Hangover,amusement,0.5,0.5,0.5,adjective,reported,amused,0.884,0.694,0.192,-0.384,-0.19399999999999995,0.308,0.43022319788686425,0.5291086844874122
19,33,male,4,3.0,4.0,4.0,The Ring,fear,0.0,0.5,0.5,adjective,reported,afraid,-0.977,0.352,-0.529,0.977,0.14800000000000002,1.029,0.9881462442371575,1.4266302954865355
19,33,male,5,4.0,4.0,4.0,300,excitement,0.5,0.5,0.5,adjective,reported,excited,0.816,0.862,0.418,-0.31599999999999995,-0.362,0.08200000000000002,0.4805205510693585,0.48746692195471064
19,33,male,6,3.0,3.0,2.0,National Lampoon's Van Wilder,disgust,0.0,0.0,-0.5,adjective,reported,disgusted,-0.898,0.546,-0.452,0.898,-0.546,-0.04799999999999999,1.0509614645647098,1.05205703267456
19,33,male,7,5.0,5.0,4.0,Wall-E,happiness,1.0,1.0,0.5,adjective,reported,happy,0.985,0.47,0.39,0.015000000000000013,0.53,0.10999999999999999,0.5302122216622321,0.5415025392368904
19,33,male,8,1.0,5.0,5.0,Crash,anger,-1.0,1.0,1.0,adjective,reported,angry,-0.756,0.66,0.208,-0.244,0.33999999999999997,0.792,0.4184925327888181,0.8957678270623477
19,33,male,9,3.0,3.0,3.0,My Girl,sadness,0.0,0.0,0.0,adjective,reported,sad,-0.55,-0.334,-0.702,0.55,0.334,0.702,0.6434718331053816,0.9522919720337876
19,33,male,10,2.0,3.0,3.0,The Fly,disgust,-0.5,0.0,0.0,adjective,reported,disgusted,-0.898,0.546,-0.452,0.398,-0.546,0.452,0.6756626377120464,0.8129108192169668
19,33,male,11,4.0,4.0,4.0,Pride and Prejudice,calmness,0.5,0.5,0.5,adjective,reported,calm,0.75,-0.9,-0.373,-0.25,1.4,0.873,1.4221462653327892,1.668720767534221
19,33,male,12,5.0,5.0,4.0,Modern Times,amusement,1.0,1.0,0.5,adjective,reported,amused,0.884,0.694,0.192,0.11599999999999999,0.30600000000000005,0.308,0.3272491405641885,0.44939514906149136
19,33,male,13,4.0,4.0,4.0,Remember the Titans,happiness,0.5,0.5,0.5,adjective,reported,happy,0.985,0.47,0.39,-0.485,0.030000000000000027,0.10999999999999999,0.4859269492423733,0.49822183814040105
19,33,male,14,2.0,4.0,3.0,Gentleman's Agreement,anger,-0.5,0.5,0.0,adjective,reported,angry,-0.756,0.66,0.208,0.256,-0.16000000000000003,-0.208,0.30188739622581134,0.36660605559646725
19,33,male,15,4.0,4.0,4.0,Psycho,fear,0.5,0.5,0.5,adjective,reported,afraid,-0.977,0.352,-0.529,1.4769999999999999,0.14800000000000002,1.029,1.4843965103704602,1.8061766248072195
19,33,male,16,4.0,4.0,5.0,The Bourne Identity,excitement,0.5,0.5,1.0,adjective,reported,excited,0.816,0.862,0.418,-0.31599999999999995,-0.362,0.5820000000000001,0.4805205510693585,0.7547343903652464
19,33,male,17,2.0,4.0,4.0,The Shawshank Redemption,sadness,-0.5,0.5,0.5,adjective,reported,sad,-0.55,-0.334,-0.702,0.050000000000000044,0.8340000000000001,1.202,0.8354974566089356,1.4638510853225475
19,33,male,18,2.0,4.0,5.0,The Departed,surprise,-0.5,0.5,1.0,adjective,reported,surprised,0.568,0.71,0.078,-1.068,-0.20999999999999996,0.922,1.0884502744728397,1.4264669642161363
20,23,female,1,4.0,3.0,2.0,Searching for Bobby Fischer,calmness,0.5,0.0,-0.5,adjective,reported,calm,0.75,-0.9,-0.373,-0.25,0.9,-0.127,0.9340770846134703,0.9426712046095393
20,23,female,2,3.0,2.0,2.0,D.O.A.,surprise,0.0,-0.5,-0.5,adjective,reported,surprised,0.568,0.71,0.078,-0.568,-1.21,-0.578,1.3366839566629054,1.4562994197622958
20,23,female,3,2.0,4.0,3.0,The Hangover,amusement,-0.5,0.5,0.0,adjective,reported,amused,0.884,0.694,0.192,-1.384,-0.19399999999999995,-0.192,1.3975306794485765,1.4106580024938715
20,23,female,4,2.0,3.0,2.0,The Ring,fear,-0.5,0.0,-0.5,adjective,reported,afraid,-0.977,0.352,-0.529,0.477,-0.352,0.029000000000000026,0.5928178472347134,0.5935267475017448
20,23,female,5,2.0,4.0,4.0,300,excitement,-0.5,0.5,0.5,adjective,reported,excited,0.816,0.862,0.418,-1.3159999999999998,-0.362,0.08200000000000002,1.3648809471891676,1.3673419469905834
20,23,female,6,1.0,3.0,4.0,National Lampoon's Van Wilder,disgust,-1.0,0.0,0.5,adjective,reported,disgusted,-0.898,0.546,-0.452,-0.10199999999999998,-0.546,0.952,0.5554457669295897,1.1021905461398225
20,23,female,7,5.0,3.0,5.0,Wall-E,happiness,1.0,0.0,1.0,adjective,reported,happy,0.985,0.47,0.39,0.015000000000000013,-0.47,0.61,0.4702393007820592,0.7702110100485451
20,23,female,8,2.0,3.0,4.0,Crash,anger,-0.5,0.0,0.5,adjective,reported,angry,-0.756,0.66,0.208,0.256,-0.66,0.29200000000000004,0.7079095987483148,0.7657675887630659
20,23,female,9,3.0,2.0,4.0,My Girl,sadness,0.0,-0.5,0.5,adjective,reported,sad,-0.55,-0.334,-0.702,0.55,-0.16599999999999998,1.202,0.5745050043298143,1.332238717347608
20,23,female,10,1.0,2.0,3.0,The Fly,disgust,-1.0,-0.5,0.0,adjective,reported,disgusted,-0.898,0.546,-0.452,-0.10199999999999998,-1.046,0.452,1.05096146456471,1.1440384608919405
20,23,female,11,4.0,3.0,4.0,Pride and Prejudice,calmness,0.5,0.0,0.5,adjective,reported,calm,0.75,-0.9,-0.373,-0.25,0.9,0.873,0.9340770846134703,1.2785261045438219
20,23,female,12,4.0,4.0,4.0,Modern Times,amusement,0.5,0.5,0.5,adjective,reported,amused,0.884,0.694,0.192,-0.384,-0.19399999999999995,0.308,0.43022319788686425,0.5291086844874122
20,23,female,13,5.0,4.0,5.0,Remember the Titans,happiness,1.0,0.5,1.0,adjective,reported,happy,0.985,0.47,0.39,0.015000000000000013,0.030000000000000027,0.61,0.033541019662496875,0.6109214352107806
20,23,female,14,3.0,2.0,2.0,Gentleman's Agreement,anger,0.0,-0.5,-0.5,adjective,reported,angry,-0.756,0.66,0.208,0.756,-1.1600000000000001,-0.708,1.3846068033922123,1.5551205741035001
20,23,female,15,2.0,3.0,3.0,Psycho,fear,-0.5,0.0,0.0,adjective,reported,afraid,-0.977,0.352,-0.529,0.477,-0.352,0.529,0.5928178472347134,0.7945275325625916
20,23,female,16,4.0,4.0,3.0,The Bourne Identity,excitement,0.5,0.5,0.0,adjective,reported,excited,0.816,0.862,0.418,-0.31599999999999995,-0.362,-0.418,0.4805205510693585,0.6368861750736939
20,23,female,17,3.0,3.0,5.0,The Shawshank Redemption,sadness,0.0,0.0,1.0,adjective,reported,sad,-0.55,-0.334,-0.702,0.55,0.334,1.702,0.6434718331053816,1.81957687389129
20,23,female,18,2.0,4.0,4.0,The Departed,surprise,-0.5,0.5,0.5,adjective,reported,surprised,0.568,0.71,0.078,-1.068,-0.20999999999999996,0.422,1.0884502744728397,1.167393678242263
21,26,male,1,4.0,2.0,3.0,Searching for Bobby Fischer,calmness,0.5,-0.5,0.0,adjective,reported,calm,0.75,-0.9,-0.373,-0.25,0.4,0.373,0.47169905660283024,0.6013559677927874
21,26,male,2,2.0,3.0,5.0,D.O.A.,surprise,-0.5,0.0,1.0,adjective,reported,surprised,0.568,0.71,0.078,-1.068,-0.71,0.922,1.2824679333223112,1.5794961221858064
21,26,male,3,5.0,4.0,4.0,The Hangover,amusement,1.0,0.5,0.5,adjective,reported,amused,0.884,0.694,0.192,0.11599999999999999,-0.19399999999999995,0.308,0.2260353954583219,0.3820418825207519
21,26,male,4,1.0,5.0,5.0,The Ring,fear,-1.0,1.0,1.0,adjective,reported,afraid,-0.977,0.352,-0.529,-0.02300000000000002,0.648,1.529,0.6484080505360803,1.6608052263886937
21,26,male,5,3.0,4.0,5.0,300,excitement,0.0,0.5,1.0,adjective,reported,excited,0.816,0.862,0.418,-0.816,-0.362,0.5820000000000001,0.8926925562588723,1.0656566051031635
21,26,male,6,5.0,5.0,3.0,National Lampoon's Van Wilder,disgust,1.0,1.0,0.0,adjective,reported,disgusted,-0.898,0.546,-0.452,1.8980000000000001,0.45399999999999996,0.452,1.9515429792858778,2.0032034345018483
21,26,male,7,4.0,2.0,3.0,Wall-E,happiness,0.5,-0.5,0.0,adjective,reported,happy,0.985,0.47,0.39,-0.485,-0.97,-0.39,1.084492969087398,1.152486442436526
21,26,male,8,1.0,4.0,5.0,Crash,anger,-1.0,0.5,1.0,adjective,reported,angry,-0.756,0.66,0.208,-0.244,-0.16000000000000003,0.792,0.2917807395973902,0.8440379138403677
21,26,male,9,1.0,5.0,5.0,My Girl,sadness,-1.0,1.0,1.0,adjective,reported,sad,-0.55,-0.334,-0.702,-0.44999999999999996,1.334,1.702,1.4078551061810303,2.208814161490278
21,26,male,10,1.0,5.0,5.0,The Fly,disgust,-1.0,1.0,1.0,adjective,reported,disgusted,-0.898,0.546,-0.452,-0.10199999999999998,0.45399999999999996,1.452,0.4653170961828073,1.5247373544319034
21,26,male,11,4.0,2.0,3.0,Pride and Prejudice,calmness,0.5,-0.5,0.0,adjective,reported,calm,0.75,-0.9,-0.373,-0.25,0.4,0.373,0.47169905660283024,0.6013559677927874
21,26,male,12,3.0,3.0,3.0,Modern Times,amusement,0.0,0.0,0.0,adjective,reported,amused,0.884,0.694,0.192,-0.884,-0.694,-0.192,1.123873658379802,1.1401561296594427
21,26,male,13,5.0,5.0,5.0,Remember the Titans,happiness,1.0,1.0,1.0,adjective,reported,happy,0.985,0.47,0.39,0.015000000000000013,0.53,0.61,0.5302122216622321,0.8082233602167163
21,26,male,14,1.0,2.0,2.0,Gentleman's Agreement,anger,-1.0,-0.5,-0.5,adjective,reported,angry,-0.756,0.66,0.208,-0.244,-1.1600000000000001,-0.708,1.185384325862292,1.3807244475274567
21,26,male,15,2.0,4.0,4.0,Psycho,fear,-0.5,0.5,0.5,adjective,reported,afraid,-0.977,0.352,-0.529,0.477,0.14800000000000002,1.029,0.49943267814591386,1.1437980590995946
21,26,male,16,3.0,3.0,4.0,The Bourne Identity,excitement,0.0,0.0,0.5,adjective,reported,excited,0.816,0.862,0.418,-0.816,-0.862,0.08200000000000002,1.1869709347747315,1.189799983190452
21,26,male,17,1.0,4.0,4.0,The Shawshank Redemption,sadness,-1.0,0.5,0.5,adjective,reported,sad,-0.55,-0.334,-0.702,-0.44999999999999996,0.8340000000000001,1.202,0.9476581662181781,1.5306403888568993
21,26,male,18,3.0,4.0,5.0,The Departed,surprise,0.0,0.5,1.0,adjective,reported,surprised,0.568,0.71,0.078,-0.568,-0.20999999999999996,0.922,0.6055774104109234,1.1030902048336755
22,28,male,1,3.0,2.0,2.0,Searching for Bobby Fischer,calmness,0.0,-0.5,-0.5,adjective,reported,calm,0.75,-0.9,-0.373,-0.75,0.4,-0.127,0.85,0.8594352797040624
22,28,male,2,4.0,3.0,3.0,D.O.A.,surprise,0.5,0.0,0.0,adjective,reported,surprised,0.568,0.71,0.078,-0.06799999999999995,-0.71,-0.078,0.7132489046609185,0.7175012195111586
22,28,male,3,4.0,4.0,3.0,The Hangover,amusement,0.5,0.5,0.0,adjective,reported,amused,0.884,0.694,0.192,-0.384,-0.19399999999999995,-0.192,0.43022319788686425,0.4711220648621756
22,28,male,4,1.0,4.0,4.0,The Ring,fear,-1.0,0.5,0.5,adjective,reported,afraid,-0.977,0.352,-0.529,-0.02300000000000002,0.14800000000000002,1.029,0.14977650015940422,1.039843257419117
22,28,male,5,4.0,4.0,4.0,300,excitement,0.5,0.5,0.5,adjective,reported,excited,0.816,0.862,0.418,-0.31599999999999995,-0.362,0.08200000000000002,0.4805205510693585,0.48746692195471064
22,28,male,6,4.0,3.0,3.0,National Lampoon's Van Wilder,disgust,0.5,0.0,0.0,adjective,reported,disgusted,-0.898,0.546,-0.452,1.3980000000000001,-0.546,0.452,1.50083976493162,1.5674259153146604
22,28,male,7,5.0,3.0,4.0,Wall-E,happiness,1.0,0.0,0.5,adjective,reported,happy,0.985,0.47,0.39,0.015000000000000013,-0.47,0.10999999999999999,0.4702393007820592,0.4829337428674869
22,28,male,8,1.0,4.0,5.0,Crash,anger,-1.0,0.5,1.0,adjective,reported,angry,-0.756,0.66,0.208,-0.244,-0.16000000000000003,0.792,0.2917807395973902,0.8440379138403677
22,28,male,9,1.0,4.0,4.0,My Girl,sadness,-1.0,0.5,0.5,adjective,reported,sad,-0.55,-0.334,-0.702,-0.44999999999999996,0.8340000000000001,1.202,0.9476581662181781,1.5306403888568993
22,28,male,10,3.0,2.0,3.0,The Fly,disgust,0.0,-0.5,0.0,adjective,reported,disgusted,-0.898,0.546,-0.452,0.898,-1.046,0.452,1.378593486129976,1.4508011579813411
22,28,male,11,3.0,1.0,1.0,Pride and Prejudice,calmness,0.0,-1.0,-1.0,adjective,reported,calm,0.75,-0.9,-0.373,-0.75,-0.09999999999999998,-0.627,0.7566372975210778,0.9826642356369749
22,28,male,12,4.0,3.0,3.0,Modern Times,amusement,0.5,0.0,0.0,adjective,reported,amused,0.884,0.694,0.192,-0.384,-0.694,-0.192,0.7931532008382743,0.8160612722093851
22,28,male,13,3.0,1.0,3.0,Remember the Titans,happiness,0.0,-1.0,0.0,adjective,reported,happy,0.985,0.47,0.39,-0.985,-1.47,-0.39,1.7694985165294714,1.811967163057874
22,28,male,14,3.0,1.0,3.0,Gentleman's Agreement,anger,0.0,-1.0,0.0,adjective,reported,angry,-0.756,0.66,0.208,0.756,-1.6600000000000001,-0.208,1.824043859121814,1.8358649187780676
22,28,male,15,3.0,3.0,3.0,Psycho,fear,0.0,0.0,0.0,adjective,reported,afraid,-0.977,0.352,-0.529,0.977,-0.352,0.529,1.038476287644547,1.1654501276330962
22,28,male,16,4.0,3.0,4.0,The Bourne Identity,excitement,0.5,0.0,0.5,adjective,reported,excited,0.816,0.862,0.418,-0.31599999999999995,-0.862,0.08200000000000002,0.9180958555619342,0.9217505085433909
22,28,male,17,2.0,3.0,3.0,The Shawshank Redemption,sadness,-0.5,0.0,0.0,adjective,reported,sad,-0.55,-0.334,-0.702,0.050000000000000044,0.334,0.702,0.3377217789838257,0.7790121950264963
22,28,male,18,3.0,4.0,4.0,The Departed,surprise,0.0,0.5,0.5,adjective,reported,surprised,0.568,0.71,0.078,-0.568,-0.20999999999999996,0.422,0.6055774104109234,0.738111102748089
23,25,male,1,4.0,1.0,1.0,Searching for Bobby Fischer,calmness,0.5,-1.0,-1.0,adjective,reported,calm,0.75,-0.9,-0.373,-0.25,-0.09999999999999998,-0.627,0.2692582403567252,0.6823701341647361
23,25,male,2,3.0,2.0,2.0,D.O.A.,surprise,0.0,-0.5,-0.5,adjective,reported,surprised,0.568,0.71,0.078,-0.568,-1.21,-0.578,1.3366839566629054,1.4562994197622958
23,25,male,3,5.0,3.0,4.0,The Hangover,amusement,1.0,0.0,0.5,adjective,reported,amused,0.884,0.694,0.192,0.11599999999999999,-0.694,0.308,0.7036277424888817,0.7680859326924299
23,25,male,4,1.0,4.0,4.0,The Ring,fear,-1.0,0.5,0.5,adjective,reported,afraid,-0.977,0.352,-0.529,-0.02300000000000002,0.14800000000000002,1.029,0.14977650015940422,1.039843257419117
23,25,male,5,4.0,4.0,4.0,300,excitement,0.5,0.5,0.5,adjective,reported,excited,0.816,0.862,0.418,-0.31599999999999995,-0.362,0.08200000000000002,0.4805205510693585,0.48746692195471064
23,25,male,6,5.0,4.0,5.0,National Lampoon's Van Wilder,disgust,1.0,0.5,1.0,adjective,reported,disgusted,-0.898,0.546,-0.452,1.8980000000000001,-0.04600000000000004,1.452,1.8985573470401151,2.390151459635979
23,25,male,7,4.0,2.0,1.0,Wall-E,happiness,0.5,-0.5,-1.0,adjective,reported,happy,0.985,0.47,0.39,-0.485,-0.97,-1.3900000000000001,1.084492969087398,1.7630158819477493
23,25,male,8,1.0,5.0,5.0,Crash,anger,-1.0,1.0,1.0,adjective,reported,angry,-0.756,0.66,0.208,-0.244,0.33999999999999997,0.792,0.4184925327888181,0.8957678270623477
23,25,male,9,2.0,2.0,2.0,My Girl,sadness,-0.5,-0.5,-0.5,adjective,reported,sad,-0.55,-0.334,-0.702,0.050000000000000044,-0.16599999999999998,0.20199999999999996,0.17336666346215468,0.2661954169402621
23,25,male,10,2.0,5.0,5.0,The Fly,disgust,-0.5,1.0,1.0,adjective,reported,disgusted,-0.898,0.546,-0.452,0.398,0.45399999999999996,1.452,0.6037549171642413,1.5725215419828118
23,25,male,11,4.0,1.0,1.0,Pride and Prejudice,calmness,0.5,-1.0,-1.0,adjective,reported,calm,0.75,-0.9,-0.373,-0.25,-0.09999999999999998,-0.627,0.2692582403567252,0.6823701341647361
23,25,male,12,4.0,2.0,2.0,Modern Times,amusement,0.5,-0.5,-0.5,adjective,reported,amused,0.884,0.694,0.192,-0.384,-1.194,-0.692,1.2542296440445027,1.4324650082986319
23,25,male,13,4.0,3.0,3.0,Remember the Titans,happiness,0.5,0.0,0.0,adjective,reported,happy,0.985,0.47,0.39,-0.485,-0.47,-0.39,0.6753702688155587,0.7798878124448413
23,25,male,14,2.0,2.0,2.0,Gentleman's Agreement,anger,-0.5,-0.5,-0.5,adjective,reported,angry,-0.756,0.66,0.208,0.256,-1.1600000000000001,-0.708,1.1879124546867923,1.3828955130450025
23,25,male,15,2.0,2.0,2.0,Psycho,fear,-0.5,-0.5,-0.5,adjective,reported,afraid,-0.977,0.352,-0.529,0.477,-0.852,0.029000000000000026,0.9764389381830284,0.9768694897477349
23,25,male,16,3.0,3.0,2.0,The Bourne Identity,excitement,0.0,0.0,-0.5,adjective,reported,excited,0.816,0.862,0.418,-0.816,-0.862,-0.9179999999999999,1.1869709347747315,1.5005412356879766
23,25,male,17,2.0,2.0,4.0,The Shawshank Redemption,sadness,-0.5,-0.5,0.5,adjective,reported,sad,-0.55,-0.334,-0.702,0.050000000000000044,-0.16599999999999998,1.202,0.17336666346215468,1.214438141693516
23,25,male,18,2.0,4.0,2.0,The Departed,surprise,-0.5,0.5,-0.5,adjective,reported,surprised,0.568,0.71,0.078,-1.068,-0.20999999999999996,-0.578,1.0884502744728397,1.2323992859459145
1,22,male,1,4.0,3.0,2.0,Searching for Bobby Fischer,calmness,0.5,0.0,0.5,adjective,reversed,calm,0.75,-0.9,-0.373,-0.25,0.9,0.873,0.9340770846134703,1.2785261045438219
1,22,male,2,3.0,3.0,1.0,D.O.A.,surprise,0.0,0.0,1.0,adjective,reversed,surprised,0.568,0.71,0.078,-0.568,-0.71,0.922,0.9092436417154646,1.2949162135057233
1,22,male,3,5.0,4.0,4.0,The Hangover,amusement,1.0,0.5,-0.5,adjective,reversed,amused,0.884,0.694,0.192,0.11599999999999999,-0.19399999999999995,-0.692,0.2260353954583219,0.7279807689767636
1,22,male,4,4.0,3.0,2.0,The Ring,fear,0.5,0.0,0.5,adjective,reversed,afraid,-0.977,0.352,-0.529,1.4769999999999999,-0.352,1.029,1.51836523932814,1.8341957365559434
1,22,male,5,4.0,4.0,4.0,300,excitement,0.5,0.5,-0.5,adjective,reversed,excited,0.816,0.862,0.418,-0.31599999999999995,-0.362,-0.9179999999999999,0.4805205510693585,1.036158289065913
1,22,male,6,1.0,2.0,5.0,National Lampoon's Van Wilder,disgust,-1.0,-0.5,-1.0,adjective,reversed,disgusted,-0.898,0.546,-0.452,-0.10199999999999998,-1.046,-0.548,1.05096146456471,1.1852527156686883
1,22,male,7,5.0,4.0,4.0,Wall-E,happiness,1.0,0.5,-0.5,adjective,reversed,happy,0.985,0.47,0.39,0.015000000000000013,0.030000000000000027,-0.89,0.033541019662496875,0.8906317982196683
1,22,male,8,1.0,2.0,4.0,Crash,anger,-1.0,-0.5,-0.5,adjective,reversed,angry,-0.756,0.66,0.208,-0.244,-1.1600000000000001,-0.708,1.185384325862292,1.3807244475274567
1,22,male,9,1.0,2.0,3.0,My Girl,sadness,-1.0,-0.5,-0.0,adjective,reversed,sad,-0.55,-0.334,-0.702,-0.44999999999999996,-0.16599999999999998,0.702,0.4796415328138296,0.8502117383334578
1,22,male,10,5.0,3.0,4.0,The Fly,disgust,1.0,0.0,-0.5,adjective,reversed,disgusted,-0.898,0.546,-0.452,1.8980000000000001,-0.546,-0.04799999999999999,1.9749734175426261,1.9755566304209051
1,22,male,11,4.0,2.0,3.0,Pride and Prejudice,calmness,0.5,-0.5,-0.0,adjective,reversed,calm,0.75,-0.9,-0.373,-0.25,0.4,0.373,0.47169905660283024,0.6013559677927874
1,22,male,12,4.0,3.0,4.0,Modern Times,amusement,0.5,0.0,-0.5,adjective,reversed,amused,0.884,0.694,0.192,-0.384,-0.694,-0.692,0.7931532008382743,1.052594888834256
1,22,male,13,4.0,3.0,2.0,Remember the Titans,happiness,0.5,0.0,0.5,adjective,reversed,happy,0.985,0.47,0.39,-0.485,-0.47,0.10999999999999999,0.6753702688155587,0.6842696836774226
1,22,male,14,3.0,1.0,2.0,Gentleman's Agreement,anger,0.0,-1.0,0.5,adjective,reversed,angry,-0.756,0.66,0.208,0.756,-1.6600000000000001,0.29200000000000004,1.824043859121814,1.8472682533947256
1,22,male,15,2.0,5.0,5.0,Psycho,fear,-0.5,1.0,-1.0,adjective,reversed,afraid,-0.977,0.352,-0.529,0.477,0.648,-0.471,0.8046322141202152,0.9323486472344988
1,22,male,16,3.0,2.0,2.0,The Bourne Identity,excitement,0.0,-0.5,0.5,adjective,reversed,excited,0.816,0.862,0.418,-0.816,-1.362,0.08200000000000002,1.587734234687909,1.5898503074189092
1,22,male,17,1.0,2.0,5.0,The Shawshank Redemption,sadness,-1.0,-0.5,-1.0,adjective,reversed,sad,-0.55,-0.334,-0.702,-0.44999999999999996,-0.16599999999999998,-0.29800000000000004,0.4796415328138296,0.5646768987660111
1,22,male,18,3.0,5.0,5.0,The Departed,surprise,0.0,1.0,-1.0,adjective,reversed,surprised,0.568,0.71,0.078,-0.568,0.29000000000000004,-1.078,0.6377491669927919,1.252520658512266
2,30,female,1,3.0,2.0,2.0,Searching for Bobby Fischer,calmness,0.0,-0.5,0.5,adjective,reversed,calm,0.75,-0.9,-0.373,-0.75,0.4,0.873,0.85,1.218453528042822
2,30,female,2,2.0,4.0,3.0,D.O.A.,surprise,-0.5,0.5,-0.0,adjective,reversed,surprised,0.568,0.71,0.078,-1.068,-0.20999999999999996,-0.078,1.0884502744728397,1.0912414948122162
2,30,female,3,5.0,5.0,4.0,The Hangover,amusement,1.0,1.0,-0.5,adjective,reversed,amused,0.884,0.694,0.192,0.11599999999999999,0.30600000000000005,-0.692,0.3272491405641885,0.7654776286737581
2,30,female,4,1.0,5.0,4.0,The Ring,fear,-1.0,1.0,-0.5,adjective,reversed,afraid,-0.977,0.352,-0.529,-0.02300000000000002,0.648,0.029000000000000026,0.6484080505360803,0.649056237933201
2,30,female,5,2.0,2.0,2.0,300,excitement,-0.5,-0.5,0.5,adjective,reversed,excited,0.816,0.862,0.418,-1.3159999999999998,-1.362,0.08200000000000002,1.893911296761282,1.8956856279457308
2,30,female,6,2.0,3.0,3.0,National Lampoon's Van Wilder,disgust,-0.5,0.0,-0.0,adjective,reversed,disgusted,-0.898,0.546,-0.452,0.398,-0.546,0.452,0.6756626377120464,0.8129108192169668
2,30,female,7,4.0,2.0,2.0,Wall-E,happiness,0.5,-0.5,0.5,adjective,reversed,happy,0.985,0.47,0.39,-0.485,-0.97,0.10999999999999999,1.084492969087398,1.0900573379414498
2,30,female,8,2.0,5.0,4.0,Crash,anger,-0.5,1.0,-0.5,adjective,reversed,angry,-0.756,0.66,0.208,0.256,0.33999999999999997,-0.708,0.42560075187903507,0.8260750571225353
2,30,female,9,2.0,3.0,3.0,My Girl,sadness,-0.5,0.0,-0.0,adjective,reversed,sad,-0.55,-0.334,-0.702,0.050000000000000044,0.334,0.702,0.3377217789838257,0.7790121950264963
2,30,female,10,1.0,4.0,4.0,The Fly,disgust,-1.0,0.5,-0.5,adjective,reversed,disgusted,-0.898,0.546,-0.452,-0.10199999999999998,-0.04600000000000004,-0.04799999999999999,0.11189280584559491,0.12175385004179538
2,30,female,11,4.0,2.0,2.0,Pride and Prejudice,calmness,0.5,-0.5,0.5,adjective,reversed,calm,0.75,-0.9,-0.373,-0.25,0.4,0.873,0.47169905660283024,0.9922847373612073
2,30,female,12,4.0,3.0,2.0,Modern Times,amusement,0.5,0.0,0.5,adjective,reversed,amused,0.884,0.694,0.192,-0.384,-0.694,0.308,0.7931532008382743,0.8508560395272516
2,30,female,13,5.0,4.0,4.0,Remember the Titans,happiness,1.0,0.5,-0.5,adjective,reversed,happy,0.985,0.47,0.39,0.015000000000000013,0.030000000000000027,-0.89,0.033541019662496875,0.8906317982196683
2,30,female,14,2.0,3.0,3.0,Gentleman's Agreement,anger,-0.5,0.0,-0.0,adjective,reversed,angry,-0.756,0.66,0.208,0.256,-0.66,-0.208,0.7079095987483148,0.7378346698278687
2,30,female,15,1.0,5.0,5.0,Psycho,fear,-1.0,1.0,-1.0,adjective,reversed,afraid,-0.977,0.352,-0.529,-0.02300000000000002,0.648,-0.471,0.6484080505360803,0.8014199897681614
2,30,female,16,2.0,5.0,5.0,The Bourne Identity,excitement,-0.5,1.0,-1.0,adjective,reversed,excited,0.816,0.862,0.418,-1.3159999999999998,0.138,-1.418,1.3232157798333573,1.9394906547854258
2,30,female,17,1.0,3.0,5.0,The Shawshank Redemption,sadness,-1.0,0.0,-1.0,adjective,reversed,sad,-0.55,-0.334,-0.702,-0.44999999999999996,0.334,-0.29800000000000004,0.5604069949599131,0.634712533356637
2,30,female,18,3.0,5.0,4.0,The Departed,surprise,0.0,1.0,-0.5,adjective,reversed,surprised,0.568,0.71,0.078,-0.568,0.29000000000000004,-0.578,0.6377491669927919,0.860702039035577
3,27,male,1,3.0,4.0,2.0,Searching for Bobby Fischer,calmness,0.0,0.5,0.5,adjective,reversed,calm,0.75,-0.9,-0.373,-0.75,1.4,0.873,1.588238017426859,1.812354545887752
3,27,male,2,4.0,5.0,3.0,D.O.A.,surprise,0.5,1.0,-0.0,adjective,reversed,surprised,0.568,0.71,0.078,-0.06799999999999995,0.29000000000000004,-0.078,0.29786574156824414,0.3079090774887938
3,27,male,3,5.0,5.0,4.0,The Hangover,amusement,1.0,1.0,-0.5,adjective,reversed,amused,0.884,0.694,0.192,0.11599999999999999,0.30600000000000005,-0.692,0.3272491405641885,0.7654776286737581
3,27,male,4,2.0,5.0,5.0,The Ring,fear,-0.5,1.0,-1.0,adjective,reversed,afraid,-0.977,0.352,-0.529,0.477,0.648,-0.471,0.8046322141202152,0.9323486472344988
3,27,male,5,3.0,4.0,3.0,300,excitement,0.0,0.5,-0.0,adjective,reversed,excited,0.816,0.862,0.418,-0.816,-0.362,-0.418,0.8926925562588723,0.9857098964705588
3,27,male,6,3.0,3.0,3.0,National Lampoon's Van Wilder,disgust,0.0,0.0,-0.0,adjective,reversed,disgusted,-0.898,0.546,-0.452,0.898,-0.546,0.452,1.0509614645647098,1.1440384608919405
3,27,male,7,5.0,3.0,3.0,Wall-E,happiness,1.0,0.0,-0.0,adjective,reversed,happy,0.985,0.47,0.39,0.015000000000000013,-0.47,-0.39,0.4702393007820592,0.6109214352107806
3,27,male,8,1.0,4.0,4.0,Crash,anger,-1.0,0.5,-0.5,adjective,reversed,angry,-0.756,0.66,0.208,-0.244,-0.16000000000000003,-0.708,0.2917807395973902,0.7657675887630658
3,27,male,9,1.0,2.0,3.0,My Girl,sadness,-1.0,-0.5,-0.0,adjective,reversed,sad,-0.55,-0.334,-0.702,-0.44999999999999996,-0.16599999999999998,0.702,0.4796415328138296,0.8502117383334578
3,27,male,10,3.0,2.0,2.0,The Fly,disgust,0.0,-0.5,0.5,adjective,reversed,disgusted,-0.898,0.546,-0.452,0.898,-1.046,0.952,1.378593486129976,1.6753578722171572
3,27,male,11,4.0,1.0,2.0,Pride and Prejudice,calmness,0.5,-1.0,0.5,adjective,reversed,calm,0.75,-0.9,-0.373,-0.25,-0.09999999999999998,0.873,0.2692582403567252,0.9135803194027332
3,27,male,12,5.0,3.0,3.0,Modern Times,amusement,1.0,0.0,-0.0,adjective,reversed,amused,0.884,0.694,0.192,0.11599999999999999,-0.694,-0.192,0.7036277424888817,0.729353138061392
3,27,male,13,4.0,4.0,5.0,Remember the Titans,happiness,0.5,0.5,-1.0,adjective,reversed,happy,0.985,0.47,0.39,-0.485,0.030000000000000027,-1.3900000000000001,0.4859269492423733,1.4724893887563335
3,27,male,14,3.0,2.0,2.0,Gentleman's Agreement,anger,0.0,-0.5,0.5,adjective,reversed,angry,-0.756,0.66,0.208,0.756,-1.1600000000000001,0.29200000000000004,1.3846068033922123,1.4150618361046985
3,27,male,15,4.0,2.0,3.0,Psycho,fear,0.5,-0.5,-0.0,adjective,reversed,afraid,-0.977,0.352,-0.529,1.4769999999999999,-0.852,0.529,1.7051196438959935,1.785293813353981
3,27,male,16,4.0,2.0,1.0,The Bourne Identity,excitement,0.5,-0.5,1.0,adjective,reversed,excited,0.816,0.862,0.418,-0.31599999999999995,-1.362,0.5820000000000001,1.398177385026664,1.5144715249881724
3,27,male,17,2.0,2.0,4.0,The Shawshank Redemption,sadness,-0.5,-0.5,-0.5,adjective,reversed,sad,-0.55,-0.334,-0.702,0.050000000000000044,-0.16599999999999998,0.20199999999999996,0.17336666346215468,0.2661954169402621
3,27,male,18,3.0,3.0,2.0,The Departed,surprise,0.0,0.0,0.5,adjective,reversed,surprised,0.568,0.71,0.078,-0.568,-0.71,0.422,0.9092436417154646,1.0024011173178131
4,26,female,1,3.0,3.0,1.0,Searching for Bobby Fischer,calmness,0.0,0.0,1.0,adjective,reversed,calm,0.75,-0.9,-0.373,-0.75,0.9,1.373,1.1715374513859982,1.804890301375682
4,26,female,2,3.0,3.0,2.0,D.O.A.,surprise,0.0,0.0,0.5,adjective,reversed,surprised,0.568,0.71,0.078,-0.568,-0.71,0.422,0.9092436417154646,1.0024011173178131
4,26,female,3,5.0,4.0,4.0,The Hangover,amusement,1.0,0.5,-0.5,adjective,reversed,amused,0.884,0.694,0.192,0.11599999999999999,-0.19399999999999995,-0.692,0.2260353954583219,0.7279807689767636
4,26,female,4,1.0,5.0,4.0,The Ring,fear,-1.0,1.0,-0.5,adjective,reversed,afraid,-0.977,0.352,-0.529,-0.02300000000000002,0.648,0.029000000000000026,0.6484080505360803,0.649056237933201
4,26,female,5,4.0,3.0,2.0,300,excitement,0.5,0.0,0.5,adjective,reversed,excited,0.816,0.862,0.418,-0.31599999999999995,-0.862,0.08200000000000002,0.9180958555619342,0.9217505085433909
4,26,female,6,4.0,4.0,3.0,National Lampoon's Van Wilder,disgust,0.5,0.5,-0.0,adjective,reversed,disgusted,-0.898,0.546,-0.452,1.3980000000000001,-0.04600000000000004,0.452,1.3987565906904604,1.4699741494325675
4,26,female,7,5.0,3.0,4.0,Wall-E,happiness,1.0,0.0,-0.5,adjective,reversed,happy,0.985,0.47,0.39,0.015000000000000013,-0.47,-0.89,0.4702393007820592,1.0065907808041956
4,26,female,8,1.0,4.0,4.0,Crash,anger,-1.0,0.5,-0.5,adjective,reversed,angry,-0.756,0.66,0.208,-0.244,-0.16000000000000003,-0.708,0.2917807395973902,0.7657675887630658
4,26,female,9,1.0,3.0,3.0,My Girl,sadness,-1.0,0.0,-0.0,adjective,reversed,sad,-0.55,-0.334,-0.702,-0.44999999999999996,0.334,0.702,0.5604069949599131,0.8982538616671792
4,26,female,10,1.0,4.0,3.0,The Fly,disgust,-1.0,0.5,-0.0,adjective,reversed,disgusted,-0.898,0.546,-0.452,-0.10199999999999998,-0.04600000000000004,0.452,0.11189280584559491,0.4656436405664744
4,26,female,11,3.0,1.0,2.0,Pride and Prejudice,calmness,0.0,-1.0,0.5,adjective,reversed,calm,0.75,-0.9,-0.373,-0.75,-0.09999999999999998,0.873,0.7566372975210778,1.1552614422718348
4,26,female,12,3.0,2.0,1.0,Modern Times,amusement,0.0,-0.5,1.0,adjective,reversed,amused,0.884,0.694,0.192,-0.884,-1.194,0.808,1.4856284865335612,1.69114044360603
4,26,female,13,3.0,2.0,2.0,Remember the Titans,happiness,0.0,-0.5,0.5,adjective,reversed,happy,0.985,0.47,0.39,-0.985,-0.97,0.10999999999999999,1.3824344469087857,1.3868038794292437
4,26,female,14,2.0,2.0,2.0,Gentleman's Agreement,anger,-0.5,-0.5,0.5,adjective,reversed,angry,-0.756,0.66,0.208,0.256,-1.1600000000000001,0.29200000000000004,1.1879124546867923,1.2232742946698425
4,26,female,15,1.0,2.0,2.0,Psycho,fear,-1.0,-0.5,0.5,adjective,reversed,afraid,-0.977,0.352,-0.529,-0.02300000000000002,-0.852,1.029,0.8523103894708781,1.336141459576792
4,26,female,16,3.0,1.0,1.0,The Bourne Identity,excitement,0.0,-1.0,1.0,adjective,reversed,excited,0.816,0.862,0.418,-0.816,-1.862,0.5820000000000001,2.032953516438583,2.114621479130485
4,26,female,17,1.0,3.0,4.0,The Shawshank Redemption,sadness,-1.0,0.0,-0.5,adjective,reversed,sad,-0.55,-0.334,-0.702,-0.44999999999999996,0.334,0.20199999999999996,0.5604069949599131,0.5957012674151365
4,26,female,18,2.0,3.0,3.0,The Departed,surprise,-0.5,0.0,-0.0,adjective,reversed,surprised,0.568,0.71,0.078,-1.068,-0.71,-0.078,1.2824679333223112,1.284837732945293
5,27,female,1,4.0,2.0,2.0,Searching for Bobby Fischer,calmness,0.5,-0.5,0.5,adjective,reversed,calm,0.75,-0.9,-0.373,-0.25,0.4,0.873,0.47169905660283024,0.9922847373612073
5,27,female,2,2.0,4.0,3.0,D.O.A.,surprise,-0.5,0.5,-0.0,adjective,reversed,surprised,0.568,0.71,0.078,-1.068,-0.20999999999999996,-0.078,1.0884502744728397,1.0912414948122162
5,27,female,3,5.0,4.0,4.0,The Hangover,amusement,1.0,0.5,-0.5,adjective,reversed,amused,0.884,0.694,0.192,0.11599999999999999,-0.19399999999999995,-0.692,0.2260353954583219,0.7279807689767636
5,27,female,4,1.0,4.0,4.0,The Ring,fear,-1.0,0.5,-0.5,adjective,reversed,afraid,-0.977,0.352,-0.529,-0.02300000000000002,0.14800000000000002,0.029000000000000026,0.14977650015940422,0.15255818562109347
5,27,female,5,1.0,3.0,2.0,300,excitement,-1.0,0.0,0.5,adjective,reversed,excited,0.816,0.862,0.418,-1.8159999999999998,-0.862,0.08200000000000002,2.010198995124612,2.0118707711977923
5,27,female,6,3.0,3.0,4.0,National Lampoon's Van Wilder,disgust,0.0,0.0,-0.5,adjective,reversed,disgusted,-0.898,0.546,-0.452,0.898,-0.546,-0.04799999999999999,1.0509614645647098,1.05205703267456
5,27,female,7,4.0,3.0,3.0,Wall-E,happiness,0.5,0.0,-0.0,adjective,reversed,happy,0.985,0.47,0.39,-0.485,-0.47,-0.39,0.6753702688155587,0.7798878124448413
5,27,female,8,1.0,4.0,4.0,Crash,anger,-1.0,0.5,-0.5,adjective,reversed,angry,-0.756,0.66,0.208,-0.244,-0.16000000000000003,-0.708,0.2917807395973902,0.7657675887630658
5,27,female,9,1.0,2.0,2.0,My Girl,sadness,-1.0,-0.5,0.5,adjective,reversed,sad,-0.55,-0.334,-0.702,-0.44999999999999996,-0.16599999999999998,1.202,0.4796415328138296,1.294163822705611
5,27,female,10,3.0,3.0,3.0,The Fly,disgust,0.0,0.0,-0.0,adjective,reversed,disgusted,-0.898,0.546,-0.452,0.898,-0.546,0.452,1.0509614645647098,1.1440384608919405
5,27,female,11,4.0,2.0,3.0,Pride and Prejudice,calmness,0.5,-0.5,-0.0,adjective,reversed,calm,0.75,-0.9,-0.373,-0.25,0.4,0.373,0.47169905660283024,0.6013559677927874
5,27,female,12,4.0,1.0,2.0,Modern Times,amusement,0.5,-1.0,0.5,adjective,reversed,amused,0.884,0.694,0.192,-0.384,-1.694,0.308,1.7369778352068859,1.7640736946057554
5,27,female,13,4.0,4.0,4.0,Remember the Titans,happiness,0.5,0.5,-0.5,adjective,reversed,happy,0.985,0.47,0.39,-0.485,0.030000000000000027,-0.89,0.4859269492423733,1.0140142997019321
5,27,female,14,3.0,2.0,2.0,Gentleman's Agreement,anger,0.0,-0.5,0.5,adjective,reversed,angry,-0.756,0.66,0.208,0.756,-1.1600000000000001,0.29200000000000004,1.3846068033922123,1.4150618361046985
5,27,female,15,3.0,3.0,3.0,Psycho,fear,0.0,0.0,-0.0,adjective,reversed,afraid,-0.977,0.352,-0.529,0.977,-0.352,0.529,1.038476287644547,1.1654501276330962
5,27,female,16,3.0,4.0,3.0,The Bourne Identity,excitement,0.0,0.5,-0.0,adjective,reversed,excited,0.816,0.862,0.418,-0.816,-0.362,-0.418,0.8926925562588723,0.9857098964705588
5,27,female,17,1.0,4.0,4.0,The Shawshank Redemption,sadness,-1.0,0.5,-0.5,adjective,reversed,sad,-0.55,-0.334,-0.702,-0.44999999999999996,0.8340000000000001,0.20199999999999996,0.9476581662181781,0.968947883015387
5,27,female,18,2.0,4.0,4.0,The Departed,surprise,-0.5,0.5,-0.5,adjective,reversed,surprised,0.568,0.71,0.078,-1.068,-0.20999999999999996,-0.578,1.0884502744728397,1.2323992859459145
6,25,male,1,3.0,3.0,3.0,Searching for Bobby Fischer,calmness,0.0,0.0,-0.0,adjective,reversed,calm,0.75,-0.9,-0.373,-0.75,0.9,0.373,1.1715374513859982,1.229483224773726
6,25,male,2,3.0,4.0,3.0,D.O.A.,surprise,0.0,0.5,-0.0,adjective,reversed,surprised,0.568,0.71,0.078,-0.568,-0.20999999999999996,-0.078,0.6055774104109234,0.610580052081625
6,25,male,3,4.0,4.0,4.0,The Hangover,amusement,0.5,0.5,-0.5,adjective,reversed,amused,0.884,0.694,0.192,-0.384,-0.19399999999999995,-0.692,0.43022319788686425,0.8148349526131043
6,25,male,4,2.0,5.0,5.0,The Ring,fear,-0.5,1.0,-1.0,adjective,reversed,afraid,-0.977,0.352,-0.529,0.477,0.648,-0.471,0.8046322141202152,0.9323486472344988
6,25,male,5,4.0,4.0,3.0,300,excitement,0.5,0.5,-0.0,adjective,reversed,excited,0.816,0.862,0.418,-0.31599999999999995,-0.362,-0.418,0.4805205510693585,0.6368861750736939
6,25,male,6,1.0,5.0,5.0,National Lampoon's Van Wilder,disgust,-1.0,1.0,-1.0,adjective,reversed,disgusted,-0.898,0.546,-0.452,-0.10199999999999998,0.45399999999999996,-0.548,0.4653170961828073,0.7189047224771862
6,25,male,7,4.0,3.0,3.0,Wall-E,happiness,0.5,0.0,-0.0,adjective,reversed,happy,0.985,0.47,0.39,-0.485,-0.47,-0.39,0.6753702688155587,0.7798878124448413
6,25,male,8,1.0,5.0,4.0,Crash,anger,-1.0,1.0,-0.5,adjective,reversed,angry,-0.756,0.66,0.208,-0.244,0.33999999999999997,-0.708,0.4184925327888181,0.8224354077980834
6,25,male,9,1.0,4.0,5.0,My Girl,sadness,-1.0,0.5,-1.0,adjective,reversed,sad,-0.55,-0.334,-0.702,-0.44999999999999996,0.8340000000000001,-0.29800000000000004,0.9476581662181781,0.9934082745779804
6,25,male,10,3.0,4.0,4.0,The Fly,disgust,0.0,0.5,-0.5,adjective,reversed,disgusted,-0.898,0.546,-0.452,0.898,-0.04600000000000004,-0.04799999999999999,0.8991774018512698,0.9004576614144609
6,25,male,11,4.0,2.0,3.0,Pride and Prejudice,calmness,0.5,-0.5,-0.0,adjective,reversed,calm,0.75,-0.9,-0.373,-0.25,0.4,0.373,0.47169905660283024,0.6013559677927874
6,25,male,12,4.0,3.0,3.0,Modern Times,amusement,0.5,0.0,-0.0,adjective,reversed,amused,0.884,0.694,0.192,-0.384,-0.694,-0.192,0.7931532008382743,0.8160612722093851
6,25,male,13,5.0,5.0,5.0,Remember the Titans,happiness,1.0,1.0,-1.0,adjective,reversed,happy,0.985,0.47,0.39,0.015000000000000013,0.53,-1.3900000000000001,0.5302122216622321,1.4876911641869761
6,25,male,14,2.0,3.0,3.0,Gentleman's Agreement,anger,-0.5,0.0,-0.0,adjective,reversed,angry,-0.756,0.66,0.208,0.256,-0.66,-0.208,0.7079095987483148,0.7378346698278687
6,25,male,15,3.0,3.0,3.0,Psycho,fear,0.0,0.0,-0.0,adjective,reversed,afraid,-0.977,0.352,-0.529,0.977,-0.352,0.529,1.038476287644547,1.1654501276330962
6,25,male,16,4.0,4.0,4.0,The Bourne Identity,excitement,0.5,0.5,-0.5,adjective,reversed,excited,0.816,0.862,0.418,-0.31599999999999995,-0.362,-0.9179999999999999,0.4805205510693585,1.036158289065913
6,25,male,17,2.0,4.0,4.0,The Shawshank Redemption,sadness,-0.5,0.5,-0.5,adjective,reversed,sad,-0.55,-0.334,-0.702,0.050000000000000044,0.8340000000000001,0.20199999999999996,0.8354974566089356,0.8595696597716791
6,25,male,18,4.0,5.0,4.0,The Departed,surprise,0.5,1.0,-0.5,adjective,reversed,surprised,0.568,0.71,0.078,-0.06799999999999995,0.29000000000000004,-0.578,0.29786574156824414,0.6502368799137742
7,23,female,1,3.0,3.0,2.0,Searching for Bobby Fischer,calmness,0.0,0.0,0.5,adjective,reversed,calm,0.75,-0.9,-0.373,-0.75,0.9,0.873,1.1715374513859982,1.4610369605181108
7,23,female,2,2.0,3.0,2.0,D.O.A.,surprise,-0.5,0.0,0.5,adjective,reversed,surprised,0.568,0.71,0.078,-1.068,-0.71,0.422,1.2824679333223112,1.3501140692548907
7,23,female,3,4.0,3.0,3.0,The Hangover,amusement,0.5,0.0,-0.0,adjective,reversed,amused,0.884,0.694,0.192,-0.384,-0.694,-0.192,0.7931532008382743,0.8160612722093851
7,23,female,4,2.0,4.0,4.0,The Ring,fear,-0.5,0.5,-0.5,adjective,reversed,afraid,-0.977,0.352,-0.529,0.477,0.14800000000000002,0.029000000000000026,0.49943267814591386,0.5002739249651135
7,23,female,5,3.0,4.0,3.0,300,excitement,0.0,0.5,-0.0,adjective,reversed,excited,0.816,0.862,0.418,-0.816,-0.362,-0.418,0.8926925562588723,0.9857098964705588
7,23,female,6,1.0,5.0,5.0,National Lampoon's Van Wilder,disgust,-1.0,1.0,-1.0,adjective,reversed,disgusted,-0.898,0.546,-0.452,-0.10199999999999998,0.45399999999999996,-0.548,0.4653170961828073,0.7189047224771862
7,23,female,7,5.0,5.0,4.0,Wall-E,happiness,1.0,1.0,-0.5,adjective,reversed,happy,0.985,0.47,0.39,0.015000000000000013,0.53,-0.89,0.5302122216622321,1.0359657330240224
7,23,female,8,1.0,4.0,5.0,Crash,anger,-1.0,0.5,-1.0,adjective,reversed,angry,-0.756,0.66,0.208,-0.244,-0.16000000000000003,-1.208,0.2917807395973902,1.2427389106324787
7,23,female,9,1.0,5.0,4.0,My Girl,sadness,-1.0,1.0,-0.5,adjective,reversed,sad,-0.55,-0.334,-0.702,-0.44999999999999996,1.334,0.20199999999999996,1.4078551061810303,1.422272828960745
7,23,female,10,2.0,3.0,4.0,The Fly,disgust,-0.5,0.0,-0.5,adjective,reversed,disgusted,-0.898,0.546,-0.452,0.398,-0.546,-0.04799999999999999,0.6756626377120464,0.677365484801226
7,23,female,11,3.0,2.0,2.0,Pride and Prejudice,calmness,0.0,-0.5,0.5,adjective,reversed,calm,0.75,-0.9,-0.373,-0.75,0.4,0.873,0.85,1.218453528042822
7,23,female,12,4.0,2.0,2.0,Modern Times,amusement,0.5,-0.5,0.5,adjective,reversed,amused,0.884,0.694,0.192,-0.384,-1.194,0.308,1.2542296440445027,1.2914937088503373
7,23,female,13,4.0,3.0,2.0,Remember the Titans,happiness,0.5,0.0,0.5,adjective,reversed,happy,0.985,0.47,0.39,-0.485,-0.47,0.10999999999999999,0.6753702688155587,0.6842696836774226
7,23,female,14,2.0,3.0,2.0,Gentleman's Agreement,anger,-0.5,0.0,0.5,adjective,reversed,angry,-0.756,0.66,0.208,0.256,-0.66,0.29200000000000004,0.7079095987483148,0.7657675887630659
7,23,female,15,2.0,3.0,4.0,Psycho,fear,-0.5,0.0,-0.5,adjective,reversed,afraid,-0.977,0.352,-0.529,0.477,-0.352,0.029000000000000026,0.5928178472347134,0.5935267475017448
7,23,female,16,4.0,3.0,2.0,The Bourne Identity,excitement,0.5,0.0,0.5,adjective,reversed,excited,0.816,0.862,0.418,-0.31599999999999995,-0.862,0.08200000000000002,0.9180958555619342,0.9217505085433909
7,23,female,17,1.0,4.0,5.0,The Shawshank Redemption,sadness,-1.0,0.5,-1.0,adjective,reversed,sad,-0.55,-0.334,-0.702,-0.44999999999999996,0.8340000000000001,-0.29800000000000004,0.9476581662181781,0.9934082745779804
7,23,female,18,2.0,3.0,3.0,The Departed,surprise,-0.5,0.0,-0.0,adjective,reversed,surprised,0.568,0.71,0.078,-1.068,-0.71,-0.078,1.2824679333223112,1.284837732945293
8,29,male,1,2.0,2.0,3.0,Searching for Bobby Fischer,calmness,-0.5,-0.5,-0.0,adjective,reversed,calm,0.75,-0.9,-0.373,-1.25,0.4,0.373,1.3124404748406688,1.3644152593693755
8,29,male,2,3.0,4.0,3.0,D.O.A.,surprise,0.0,0.5,-0.0,adjective,reversed,surprised,0.568,0.71,0.078,-0.568,-0.20999999999999996,-0.078,0.6055774104109234,0.610580052081625
8,29,male,3,4.0,3.0,3.0,The Hangover,amusement,0.5,0.0,-0.0,adjective,reversed,amused,0.884,0.694,0.192,-0.384,-0.694,-0.192,0.7931532008382743,0.8160612722093851
8,29,male,4,3.0,4.0,4.0,The Ring,fear,0.0,0.5,-0.5,adjective,reversed,afraid,-0.977,0.352,-0.529,0.977,0.14800000000000002,0.029000000000000026,0.9881462442371575,0.9885716969446374
8,29,male,5,3.0,2.0,2.0,300,excitement,0.0,-0.5,0.5,adjective,reversed,excited,0.816,0.862,0.418,-0.816,-1.362,0.08200000000000002,1.587734234687909,1.5898503074189092
8,29,male,6,5.0,4.0,4.0,National Lampoon's Van Wilder,disgust,1.0,0.5,-0.5,adjective,reversed,disgusted,-0.898,0.546,-0.452,1.8980000000000001,-0.04600000000000004,-0.04799999999999999,1.8985573470401151,1.8991640266180276
8,29,male,7,3.0,1.0,2.0,Wall-E,happiness,0.0,-1.0,0.5,adjective,reversed,happy,0.985,0.47,0.39,-0.985,-1.47,0.10999999999999999,1.7694985165294714,1.7729142675267746
8,29,male,8,2.0,3.0,3.0,Crash,anger,-0.5,0.0,-0.0,adjective,reversed,angry,-0.756,0.66,0.208,0.256,-0.66,-0.208,0.7079095987483148,0.7378346698278687
8,29,male,9,1.0,3.0,4.0,My Girl,sadness,-1.0,0.0,-0.5,adjective,reversed,sad,-0.55,-0.334,-0.702,-0.44999999999999996,0.334,0.20199999999999996,0.5604069949599131,0.5957012674151365
8,29,male,10,4.0,3.0,3.0,The Fly,disgust,0.5,0.0,-0.0,adjective,reversed,disgusted,-0.898,0.546,-0.452,1.3980000000000001,-0.546,0.452,1.50083976493162,1.5674259153146604
8,29,male,11,4.0,2.0,3.0,Pride and Prejudice,calmness,0.5,-0.5,-0.0,adjective,reversed,calm,0.75,-0.9,-0.373,-0.25,0.4,0.373,0.47169905660283024,0.6013559677927874
8,29,male,12,3.0,2.0,2.0,Modern Times,amusement,0.0,-0.5,0.5,adjective,reversed,amused,0.884,0.694,0.192,-0.884,-1.194,0.308,1.4856284865335612,1.517219825865718
8,29,male,13,5.0,5.0,5.0,Remember the Titans,happiness,1.0,1.0,-1.0,adjective,reversed,happy,0.985,0.47,0.39,0.015000000000000013,0.53,-1.3900000000000001,0.5302122216622321,1.4876911641869761
8,29,male,14,3.0,1.0,2.0,Gentleman's Agreement,anger,0.0,-1.0,0.5,adjective,reversed,angry,-0.756,0.66,0.208,0.756,-1.6600000000000001,0.29200000000000004,1.824043859121814,1.8472682533947256
8,29,male,15,3.0,3.0,3.0,Psycho,fear,0.0,0.0,-0.0,adjective,reversed,afraid,-0.977,0.352,-0.529,0.977,-0.352,0.529,1.038476287644547,1.1654501276330962
8,29,male,16,4.0,3.0,3.0,The Bourne Identity,excitement,0.5,0.0,-0.0,adjective,reversed,excited,0.816,0.862,0.418,-0.31599999999999995,-0.862,-0.418,0.9180958555619342,1.0087735127371258
8,29,male,17,2.0,3.0,3.0,The Shawshank Redemption,sadness,-0.5,0.0,-0.0,adjective,reversed,sad,-0.55,-0.334,-0.702,0.050000000000000044,0.334,0.702,0.3377217789838257,0.7790121950264963
8,29,male,18,3.0,4.0,3.0,The Departed,surprise,0.0,0.5,-0.0,adjective,reversed,surprised,0.568,0.71,0.078,-0.568,-0.20999999999999996,-0.078,0.6055774104109234,0.610580052081625
9,31,female,1,3.0,2.0,2.0,Searching for Bobby Fischer,calmness,0.0,-0.5,0.5,adjective,reversed,calm,0.75,-0.9,-0.373,-0.75,0.4,0.873,0.85,1.218453528042822
9,31,female,2,4.0,4.0,3.0,D.O.A.,surprise,0.5,0.5,-0.0,adjective,reversed,surprised,0.568,0.71,0.078,-0.06799999999999995,-0.20999999999999996,-0.078,0.22073513539987233,0.23411108474397357
9,31,female,3,5.0,5.0,4.0,The Hangover,amusement,1.0,1.0,-0.5,adjective,reversed,amused,0.884,0.694,0.192,0.11599999999999999,0.30600000000000005,-0.692,0.3272491405641885,0.7654776286737581
9,31,female,4,2.0,4.0,4.0,The Ring,fear,-0.5,0.5,-0.5,adjective,reversed,afraid,-0.977,0.352,-0.529,0.477,0.14800000000000002,0.029000000000000026,0.49943267814591386,0.5002739249651135
9,31,female,5,4.0,4.0,4.0,300,excitement,0.5,0.5,-0.5,adjective,reversed,excited,0.816,0.862,0.418,-0.31599999999999995,-0.362,-0.9179999999999999,0.4805205510693585,1.036158289065913
9,31,female,6,1.0,4.0,5.0,National Lampoon's Van Wilder,disgust,-1.0,0.5,-1.0,adjective,reversed,disgusted,-0.898,0.546,-0.452,-0.10199999999999998,-0.04600000000000004,-0.548,0.11189280584559491,0.5593067137090346
9,31,female,7,5.0,4.0,4.0,Wall-E,happiness,1.0,0.5,-0.5,adjective,reversed,happy,0.985,0.47,0.39,0.015000000000000013,0.030000000000000027,-0.89,0.033541019662496875,0.8906317982196683
9,31,female,8,3.0,3.0,3.0,Crash,anger,0.0,0.0,-0.0,adjective,reversed,angry,-0.756,0.66,0.208,0.756,-0.66,-0.208,1.0035616572986434,1.0248902380255165
9,31,female,9,1.0,5.0,5.0,My Girl,sadness,-1.0,1.0,-1.0,adjective,reversed,sad,-0.55,-0.334,-0.702,-0.44999999999999996,1.334,-0.29800000000000004,1.4078551061810303,1.4390482966182894
9,31,female,10,2.0,4.0,4.0,The Fly,disgust,-0.5,0.5,-0.5,adjective,reversed,disgusted,-0.898,0.546,-0.452,0.398,-0.04600000000000004,-0.04799999999999999,0.4006494727314639,0.4035145598364451
9,31,female,11,4.0,3.0,3.0,Pride and Prejudice,calmness,0.5,0.0,-0.0,adjective,reversed,calm,0.75,-0.9,-0.373,-0.25,0.9,0.373,0.9340770846134703,1.0057976933757604
9,31,female,12,4.0,3.0,3.0,Modern Times,amusement,0.5,0.0,-0.0,adjective,reversed,amused,0.884,0.694,0.192,-0.384,-0.694,-0.192,0.7931532008382743,0.8160612722093851
9,31,female,13,4.0,4.0,4.0,Remember the Titans,happiness,0.5,0.5,-0.5,adjective,reversed,happy,0.985,0.47,0.39,-0.485,0.030000000000000027,-0.89,0.4859269492423733,1.0140142997019321
9,31,female,14,3.0,3.0,3.0,Gentleman's Agreement,anger,0.0,0.0,-0.0,adjective,reversed,angry,-0.756,0.66,0.208,0.756,-0.66,-0.208,1.0035616572986434,1.0248902380255165
9,31,female,15,3.0,4.0,4.0,Psycho,fear,0.0,0.5,-0.5,adjective,reversed,afraid,-0.977,0.352,-0.529,0.977,0.14800000000000002,0.029000000000000026,0.9881462442371575,0.9885716969446374
9,31,female,16,4.0,4.0,4.0,The Bourne Identity,excitement,0.5,0.5,-0.5,adjective,reversed,excited,0.816,0.862,0.418,-0.31599999999999995,-0.362,-0.9179999999999999,0.4805205510693585,1.036158289065913
9,31,female,17,2.0,4.0,4.0,The Shawshank Redemption,sadness,-0.5,0.5,-0.5,adjective,reversed,sad,-0.55,-0.334,-0.702,0.050000000000000044,0.8340000000000001,0.20199999999999996,0.8354974566089356,0.8595696597716791
9,31,female,18,3.0,4.0,4.0,The Departed,surprise,0.0,0.5,-0.5,adjective,reversed,surprised,0.568,0.71,0.078,-0.568,-0.20999999999999996,-0.578,0.6055774104109234,0.8371427596294433
10,24,male,1,4.0,1.0,2.0,Searching for Bobby Fischer,calmness,0.5,-1.0,0.5,adjective,reversed,calm,0.75,-0.9,-0.373,-0.25,-0.09999999999999998,0.873,0.2692582403567252,0.9135803194027332
10,24,male,2,3.0,2.0,3.0,D.O.A.,surprise,0.0,-0.5,-0.0,adjective,reversed,surprised,0.568,0.71,0.078,-0.568,-1.21,-0.078,1.3366839566629054,1.3389578036667176
10,24,male,3,5.0,3.0,4.0,The Hangover,amusement,1.0,0.0,-0.5,adjective,reversed,amused,0.884,0.694,0.192,0.11599999999999999,-0.694,-0.692,0.7036277424888817,0.9868920913656163
10,24,male,4,4.0,5.0,5.0,The Ring,fear,0.5,1.0,-1.0,adjective,reversed,afraid,-0.977,0.352,-0.529,1.4769999999999999,0.648,-0.471,1.6128958428863285,1.6802600989132603
10,24,male,5,5.0,5.0,5.0,300,excitement,1.0,1.0,-1.0,adjective,reversed,excited,0.816,0.862,0.418,0.18400000000000005,0.138,-1.418,0.23000000000000004,1.4365319349043375
10,24,male,6,4.0,4.0,3.0,National Lampoon's Van Wilder,disgust,0.5,0.5,-0.0,adjective,reversed,disgusted,-0.898,0.546,-0.452,1.3980000000000001,-0.04600000000000004,0.452,1.3987565906904604,1.4699741494325675
10,24,male,7,5.0,4.0,4.0,Wall-E,happiness,1.0,0.5,-0.5,adjective,reversed,happy,0.985,0.47,0.39,0.015000000000000013,0.030000000000000027,-0.89,0.033541019662496875,0.8906317982196683
10,24,male,8,1.0,3.0,4.0,Crash,anger,-1.0,0.0,-0.5,adjective,reversed,angry,-0.756,0.66,0.208,-0.244,-0.66,-0.708,0.7036590083271869,0.9981983770774224
10,24,male,9,1.0,2.0,3.0,My Girl,sadness,-1.0,-0.5,-0.0,adjective,reversed,sad,-0.55,-0.334,-0.702,-0.44999999999999996,-0.16599999999999998,0.702,0.4796415328138296,0.8502117383334578
10,24,male,10,4.0,2.0,3.0,The Fly,disgust,0.5,-0.5,-0.0,adjective,reversed,disgusted,-0.898,0.546,-0.452,1.3980000000000001,-1.046,0.452,1.7460011454749969,1.8035587043398396
10,24,male,11,5.0,1.0,1.0,Pride and Prejudice,calmness,1.0,-1.0,1.0,adjective,reversed,calm,0.75,-0.9,-0.373,0.25,-0.09999999999999998,1.373,0.2692582403567252,1.3991529580428297
10,24,male,12,4.0,2.0,2.0,Modern Times,amusement,0.5,-0.5,0.5,adjective,reversed,amused,0.884,0.694,0.192,-0.384,-1.194,0.308,1.2542296440445027,1.2914937088503373
10,24,male,13,5.0,4.0,4.0,Remember the Titans,happiness,1.0,0.5,-0.5,adjective,reversed,happy,0.985,0.47,0.39,0.015000000000000013,0.030000000000000027,-0.89,0.033541019662496875,0.8906317982196683
10,24,male,14,2.0,2.0,3.0,Gentleman's Agreement,anger,-0.5,-0.5,-0.0,adjective,reversed,angry,-0.756,0.66,0.208,0.256,-1.1600000000000001,-0.208,1.1879124546867923,1.2059850745345069
10,24,male,15,3.0,2.0,2.0,Psycho,fear,0.0,-0.5,0.5,adjective,reversed,afraid,-0.977,0.352,-0.529,0.977,-0.852,1.029,1.2963151622965767,1.6550752248765008
10,24,male,16,4.0,5.0,4.0,The Bourne Identity,excitement,0.5,1.0,-0.5,adjective,reversed,excited,0.816,0.862,0.418,-0.31599999999999995,0.138,-0.9179999999999999,0.34481879299133333,0.9806242909493931
10,24,male,17,1.0,2.0,3.0,The Shawshank Redemption,sadness,-1.0,-0.5,-0.0,adjective,reversed,sad,-0.55,-0.334,-0.702,-0.44999999999999996,-0.16599999999999998,0.702,0.4796415328138296,0.8502117383334578
10,24,male,18,4.0,5.0,4.0,The Departed,surprise,0.5,1.0,-0.5,adjective,reversed,surprised,0.568,0.71,0.078,-0.06799999999999995,0.29000000000000004,-0.578,0.29786574156824414,0.6502368799137742
11,26,male,1,2.0,3.0,1.0,Searching for Bobby Fischer,calmness,-0.5,0.0,1.0,adjective,reversed,calm,0.75,-0.9,-0.373,-1.25,0.9,1.373,1.5402921800749363,2.0634022874854043
11,26,male,2,2.0,4.0,4.0,D.O.A.,surprise,-0.5,0.5,-0.5,adjective,reversed,surprised,0.568,0.71,0.078,-1.068,-0.20999999999999996,-0.578,1.0884502744728397,1.2323992859459145
11,26,male,3,5.0,4.0,4.0,The Hangover,amusement,1.0,0.5,-0.5,adjective,reversed,amused,0.884,0.694,0.192,0.11599999999999999,-0.19399999999999995,-0.692,0.2260353954583219,0.7279807689767636
11,26,male,4,2.0,5.0,5.0,The Ring,fear,-0.5,1.0,-1.0,adjective,reversed,afraid,-0.977,0.352,-0.529,0.477,0.648,-0.471,0.8046322141202152,0.9323486472344988
11,26,male,5,5.0,4.0,5.0,300,excitement,1.0,0.5,-1.0,adjective,reversed,excited,0.816,0.862,0.418,0.18400000000000005,-0.362,-1.418,0.40607881008493907,1.47499966101691
11,26,male,6,1.0,3.0,5.0,National Lampoon's Van Wilder,disgust,-1.0,0.0,-1.0,adjective,reversed,disgusted,-0.898,0.546,-0.452,-0.10199999999999998,-0.546,-0.548,0.5554457669295897,0.7802717475341524
11,26,male,7,5.0,2.0,4.0,Wall-E,happiness,1.0,-0.5,-0.5,adjective,reversed,happy,0.985,0.47,0.39,0.015000000000000013,-0.97,-0.89,0.9701159724486552,1.3165200340291066
11,26,male,8,1.0,4.0,4.0,Crash,anger,-1.0,0.5,-0.5,adjective,reversed,angry,-0.756,0.66,0.208,-0.244,-0.16000000000000003,-0.708,0.2917807395973902,0.7657675887630658
11,26,male,9,1.0,2.0,2.0,My Girl,sadness,-1.0,-0.5,0.5,adjective,reversed,sad,-0.55,-0.334,-0.702,-0.44999999999999996,-0.16599999999999998,1.202,0.4796415328138296,1.294163822705611
11,26,male,10,1.0,5.0,5.0,The Fly,disgust,-1.0,1.0,-1.0,adjective,reversed,disgusted,-0.898,0.546,-0.452,-0.10199999999999998,0.45399999999999996,-0.548,0.4653170961828073,0.7189047224771862
11,26,male,11,5.0,2.0,3.0,Pride and Prejudice,calmness,1.0,-0.5,-0.0,adjective,reversed,calm,0.75,-0.9,-0.373,0.25,0.4,0.373,0.47169905660283024,0.6013559677927874
11,26,male,12,4.0,2.0,3.0,Modern Times,amusement,0.5,-0.5,-0.0,adjective,reversed,amused,0.884,0.694,0.192,-0.384,-1.194,-0.192,1.2542296440445027,1.2688404154975519
11,26,male,13,5.0,4.0,4.0,Remember the Titans,happiness,1.0,0.5,-0.5,adjective,reversed,happy,0.985,0.47,0.39,0.015000000000000013,0.030000000000000027,-0.89,0.033541019662496875,0.8906317982196683
11,26,male,14,2.0,2.0,2.0,Gentleman's Agreement,anger,-0.5,-0.5,0.5,adjective,reversed,angry,-0.756,0.66,0.208,0.256,-1.1600000000000001,0.29200000000000004,1.1879124546867923,1.2232742946698425
11,26,male,15,3.0,3.0,3.0,Psycho,fear,0.0,0.0,-0.0,adjective,reversed,afraid,-0.977,0.352,-0.529,0.977,-0.352,0.529,1.038476287644547,1.1654501276330962
11,26,male,16,3.0,2.0,4.0,The Bourne Identity,excitement,0.0,-0.5,-0.5,adjective,reversed,excited,0.816,0.862,0.418,-0.816,-1.362,-0.9179999999999999,1.587734234687909,1.8340185386194983
11,26,male,17,1.0,3.0,5.0,The Shawshank Redemption,sadness,-1.0,0.0,-1.0,adjective,reversed,sad,-0.55,-0.334,-0.702,-0.44999999999999996,0.334,-0.29800000000000004,0.5604069949599131,0.634712533356637
11,26,male,18,3.0,3.0,2.0,The Departed,surprise,0.0,0.0,0.5,adjective,reversed,surprised,0.568,0.71,0.078,-0.568,-0.71,0.422,0.9092436417154646,1.0024011173178131
12,25,male,1,4.0,2.0,3.0,Searching for Bobby Fischer,calmness,0.5,-0.5,-0.0,adjective,reversed,calm,0.75,-0.9,-0.373,-0.25,0.4,0.373,0.47169905660283024,0.6013559677927874
12,25,male,2,3.0,2.0,2.0,D.O.A.,surprise,0.0,-0.5,0.5,adjective,reversed,surprised,0.568,0.71,0.078,-0.568,-1.21,0.422,1.3366839566629054,1.4017160910826414
12,25,male,3,5.0,2.0,3.0,The Hangover,amusement,1.0,-0.5,-0.0,adjective,reversed,amused,0.884,0.694,0.192,0.11599999999999999,-1.194,-0.192,1.1996216070078096,1.2148892953681005
12,25,male,4,3.0,4.0,4.0,The Ring,fear,0.0,0.5,-0.5,adjective,reversed,afraid,-0.977,0.352,-0.529,0.977,0.14800000000000002,0.029000000000000026,0.9881462442371575,0.9885716969446374
12,25,male,5,4.0,3.0,3.0,300,excitement,0.5,0.0,-0.0,adjective,reversed,excited,0.816,0.862,0.418,-0.31599999999999995,-0.862,-0.418,0.9180958555619342,1.0087735127371258
12,25,male,6,4.0,4.0,3.0,National Lampoon's Van Wilder,disgust,0.5,0.5,-0.0,adjective,reversed,disgusted,-0.898,0.546,-0.452,1.3980000000000001,-0.04600000000000004,0.452,1.3987565906904604,1.4699741494325675
12,25,male,7,5.0,4.0,4.0,Wall-E,happiness,1.0,0.5,-0.5,adjective,reversed,happy,0.985,0.47,0.39,0.015000000000000013,0.030000000000000027,-0.89,0.033541019662496875,0.8906317982196683
12,25,male,8,2.0,4.0,4.0,Crash,anger,-0.5,0.5,-0.5,adjective,reversed,angry,-0.756,0.66,0.208,0.256,-0.16000000000000003,-0.708,0.30188739622581134,0.7696752561957543
12,25,male,9,1.0,4.0,4.0,My Girl,sadness,-1.0,0.5,-0.5,adjective,reversed,sad,-0.55,-0.334,-0.702,-0.44999999999999996,0.8340000000000001,0.20199999999999996,0.9476581662181781,0.968947883015387
12,25,male,10,2.0,4.0,3.0,The Fly,disgust,-0.5,0.5,-0.0,adjective,reversed,disgusted,-0.898,0.546,-0.452,0.398,-0.04600000000000004,0.452,0.4006494727314639,0.6040066224802506
12,25,male,11,5.0,3.0,3.0,Pride and Prejudice,calmness,1.0,0.0,-0.0,adjective,reversed,calm,0.75,-0.9,-0.373,0.25,0.9,0.373,0.9340770846134703,1.0057976933757604
12,25,male,12,4.0,3.0,3.0,Modern Times,amusement,0.5,0.0,-0.0,adjective,reversed,amused,0.884,0.694,0.192,-0.384,-0.694,-0.192,0.7931532008382743,0.8160612722093851
12,25,male,13,5.0,4.0,4.0,Remember the Titans,happiness,1.0,0.5,-0.5,adjective,reversed,happy,0.985,0.47,0.39,0.015000000000000013,0.030000000000000027,-0.89,0.033541019662496875,0.8906317982196683
12,25,male,14,3.0,2.0,2.0,Gentleman's Agreement,anger,0.0,-0.5,0.5,adjective,reversed,angry,-0.756,0.66,0.208,0.756,-1.1600000000000001,0.29200000000000004,1.3846068033922123,1.4150618361046985
12,25,male,15,2.0,4.0,3.0,Psycho,fear,-0.5,0.5,-0.0,adjective,reversed,afraid,-0.977,0.352,-0.529,0.477,0.14800000000000002,0.529,0.49943267814591386,0.7275121992104325
12,25,male,16,5.0,3.0,4.0,The Bourne Identity,excitement,1.0,0.0,-0.5,adjective,reversed,excited,0.816,0.862,0.418,0.18400000000000005,-0.862,-0.9179999999999999,0.8814193099768123,1.2726444908143044
12,25,male,17,1.0,3.0,4.0,The Shawshank Redemption,sadness,-1.0,0.0,-0.5,adjective,reversed,sad,-0.55,-0.334,-0.702,-0.44999999999999996,0.334,0.20199999999999996,0.5604069949599131,0.5957012674151365
12,25,male,18,3.0,3.0,3.0,The Departed,surprise,0.0,0.0,-0.0,adjective,reversed,surprised,0.568,0.71,0.078,-0.568,-0.71,-0.078,0.9092436417154646,0.9125831468967636
13,28,male,1,4.0,3.0,2.0,Searching for Bobby Fischer,calmness,0.5,0.0,0.5,adjective,reversed,calm,0.75,-0.9,-0.373,-0.25,0.9,0.873,0.9340770846134703,1.2785261045438219
13,28,male,2,4.0,3.0,3.0,D.O.A.,surprise,0.5,0.0,-0.0,adjective,reversed,surprised,0.568,0.71,0.078,-0.06799999999999995,-0.71,-0.078,0.7132489046609185,0.7175012195111586
13,28,male,3,5.0,4.0,5.0,The Hangover,amusement,1.0,0.5,-1.0,adjective,reversed,amused,0.884,0.694,0.192,0.11599999999999999,-0.19399999999999995,-1.192,0.2260353954583219,1.2132419379497232
13,28,male,4,4.0,4.0,5.0,The Ring,fear,0.5,0.5,-1.0,adjective,reversed,afraid,-0.977,0.352,-0.529,1.4769999999999999,0.14800000000000002,-0.471,1.4843965103704602,1.5573291238527582
13,28,male,5,4.0,4.0,4.0,300,excitement,0.5,0.5,-0.5,adjective,reversed,excited,0.816,0.862,0.418,-0.31599999999999995,-0.362,-0.9179999999999999,0.4805205510693585,1.036158289065913
13,28,male,6,2.0,5.0,4.0,National Lampoon's Van Wilder,disgust,-0.5,1.0,-0.5,adjective,reversed,disgusted,-0.898,0.546,-0.452,0.398,0.45399999999999996,-0.04799999999999999,0.6037549171642413,0.6056599706105729
13,28,male,7,4.0,3.0,3.0,Wall-E,happiness,0.5,0.0,-0.0,adjective,reversed,happy,0.985,0.47,0.39,-0.485,-0.47,-0.39,0.6753702688155587,0.7798878124448413
13,28,male,8,1.0,4.0,5.0,Crash,anger,-1.0,0.5,-1.0,adjective,reversed,angry,-0.756,0.66,0.208,-0.244,-0.16000000000000003,-1.208,0.2917807395973902,1.2427389106324787
13,28,male,9,2.0,3.0,3.0,My Girl,sadness,-0.5,0.0,-0.0,adjective,reversed,sad,-0.55,-0.334,-0.702,0.050000000000000044,0.334,0.702,0.3377217789838257,0.7790121950264963
13,28,male,10,2.0,4.0,4.0,The Fly,disgust,-0.5,0.5,-0.5,adjective,reversed,disgusted,-0.898,0.546,-0.452,0.398,-0.04600000000000004,-0.04799999999999999,0.4006494727314639,0.4035145598364451
13,28,male,11,3.0,2.0,2.0,Pride and Prejudice,calmness,0.0,-0.5,0.5,adjective,reversed,calm,0.75,-0.9,-0.373,-0.75,0.4,0.873,0.85,1.218453528042822
13,28,male,12,4.0,3.0,2.0,Modern Times,amusement,0.5,0.0,0.5,adjective,reversed,amused,0.884,0.694,0.192,-0.384,-0.694,0.308,0.7931532008382743,0.8508560395272516
13,28,male,13,4.0,4.0,4.0,Remember the Titans,happiness,0.5,0.5,-0.5,adjective,reversed,happy,0.985,0.47,0.39,-0.485,0.030000000000000027,-0.89,0.4859269492423733,1.0140142997019321
13,28,male,14,3.0,2.0,2.0,Gentleman's Agreement,anger,0.0,-0.5,0.5,adjective,reversed,angry,-0.756,0.66,0.208,0.756,-1.1600000000000001,0.29200000000000004,1.3846068033922123,1.4150618361046985
13,28,male,15,3.0,3.0,4.0,Psycho,fear,0.0,0.0,-0.5,adjective,reversed,afraid,-0.977,0.352,-0.529,0.977,-0.352,0.029000000000000026,1.038476287644547,1.0388811289074416
13,28,male,16,4.0,3.0,3.0,The Bourne Identity,excitement,0.5,0.0,-0.0,adjective,reversed,excited,0.816,0.862,0.418,-0.31599999999999995,-0.862,-0.418,0.9180958555619342,1.0087735127371258
13,28,male,17,2.0,3.0,4.0,The Shawshank Redemption,sadness,-0.5,0.0,-0.5,adjective,reversed,sad,-0.55,-0.334,-0.702,0.050000000000000044,0.334,0.20199999999999996,0.3377217789838257,0.39352255335622127
13,28,male,18,4.0,5.0,5.0,The Departed,surprise,0.5,1.0,-1.0,adjective,reversed,surprised,0.568,0.71,0.078,-0.06799999999999995,0.29000000000000004,-1.078,0.29786574156824414,1.118395278959993
14,25,male,1,3.0,2.0,2.0,Searching for Bobby Fischer,calmness,0.0,-0.5,0.5,adjective,reversed,calm,0.75,-0.9,-0.373,-0.75,0.4,0.873,0.85,1.218453528042822
14,25,male,2,4.0,2.0,2.0,D.O.A.,surprise,0.5,-0.5,0.5,adjective,reversed,surprised,0.568,0.71,0.078,-0.06799999999999995,-1.21,0.422,1.211909237525649,1.283280172059087
14,25,male,3,5.0,5.0,4.0,The Hangover,amusement,1.0,1.0,-0.5,adjective,reversed,amused,0.884,0.694,0.192,0.11599999999999999,0.30600000000000005,-0.692,0.3272491405641885,0.7654776286737581
14,25,male,4,2.0,3.0,3.0,The Ring,fear,-0.5,0.0,-0.0,adjective,reversed,afraid,-0.977,0.352,-0.529,0.477,-0.352,0.529,0.5928178472347134,0.7945275325625916
14,25,male,5,4.0,4.0,4.0,300,excitement,0.5,0.5,-0.5,adjective,reversed,excited,0.816,0.862,0.418,-0.31599999999999995,-0.362,-0.9179999999999999,0.4805205510693585,1.036158289065913
14,25,male,6,5.0,5.0,5.0,National Lampoon's Van Wilder,disgust,1.0,1.0,-1.0,adjective,reversed,disgusted,-0.898,0.546,-0.452,1.8980000000000001,0.45399999999999996,-0.548,1.9515429792858778,2.0270234335103283
14,25,male,7,4.0,4.0,4.0,Wall-E,happiness,0.5,0.5,-0.5,adjective,reversed,happy,0.985,0.47,0.39,-0.485,0.030000000000000027,-0.89,0.4859269492423733,1.0140142997019321
14,25,male,8,1.0,4.0,4.0,Crash,anger,-1.0,0.5,-0.5,adjective,reversed,angry,-0.756,0.66,0.208,-0.244,-0.16000000000000003,-0.708,0.2917807395973902,0.7657675887630658
14,25,male,9,1.0,3.0,3.0,My Girl,sadness,-1.0,0.0,-0.0,adjective,reversed,sad,-0.55,-0.334,-0.702,-0.44999999999999996,0.334,0.702,0.5604069949599131,0.8982538616671792
14,25,male,10,3.0,3.0,3.0,The Fly,disgust,0.0,0.0,-0.0,adjective,reversed,disgusted,-0.898,0.546,-0.452,0.898,-0.546,0.452,1.0509614645647098,1.1440384608919405
14,25,male,11,4.0,2.0,4.0,Pride and Prejudice,calmness,0.5,-0.5,-0.5,adjective,reversed,calm,0.75,-0.9,-0.373,-0.25,0.4,-0.127,0.47169905660283024,0.48849667347895015
14,25,male,12,3.0,1.0,2.0,Modern Times,amusement,0.0,-1.0,0.5,adjective,reversed,amused,0.884,0.694,0.192,-0.884,-1.694,0.308,1.9107830855437253,1.93544723513714
14,25,male,13,5.0,3.0,3.0,Remember the Titans,happiness,1.0,0.0,-0.0,adjective,reversed,happy,0.985,0.47,0.39,0.015000000000000013,-0.47,-0.39,0.4702393007820592,0.6109214352107806
14,25,male,14,1.0,2.0,2.0,Gentleman's Agreement,anger,-1.0,-0.5,0.5,adjective,reversed,angry,-0.756,0.66,0.208,-0.244,-1.1600000000000001,0.29200000000000004,1.185384325862292,1.2208193969625485
14,25,male,15,3.0,1.0,2.0,Psycho,fear,0.0,-1.0,0.5,adjective,reversed,afraid,-0.977,0.352,-0.529,0.977,-1.3519999999999999,1.029,1.668062648703579,1.9599168349703002
14,25,male,16,4.0,2.0,2.0,The Bourne Identity,excitement,0.5,-0.5,0.5,adjective,reversed,excited,0.816,0.862,0.418,-0.31599999999999995,-1.362,0.08200000000000002,1.398177385026664,1.4005798799068907
14,25,male,17,2.0,2.0,2.0,The Shawshank Redemption,sadness,-0.5,-0.5,0.5,adjective,reversed,sad,-0.55,-0.334,-0.702,0.050000000000000044,-0.16599999999999998,1.202,0.17336666346215468,1.214438141693516
14,25,male,18,3.0,4.0,3.0,The Departed,surprise,0.0,0.5,-0.0,adjective,reversed,surprised,0.568,0.71,0.078,-0.568,-0.20999999999999996,-0.078,0.6055774104109234,0.610580052081625
15,29,male,1,3.0,2.0,4.0,Searching for Bobby Fischer,calmness,0.0,-0.5,-0.5,adjective,reversed,calm,0.75,-0.9,-0.373,-0.75,0.4,-0.127,0.85,0.8594352797040624
15,29,male,2,2.0,2.0,3.0,D.O.A.,surprise,-0.5,-0.5,-0.0,adjective,reversed,surprised,0.568,0.71,0.078,-1.068,-1.21,-0.078,1.613915735098955,1.6157994925113697
15,29,male,3,5.0,4.0,5.0,The Hangover,amusement,1.0,0.5,-1.0,adjective,reversed,amused,0.884,0.694,0.192,0.11599999999999999,-0.19399999999999995,-1.192,0.2260353954583219,1.2132419379497232
15,29,male,4,1.0,4.0,4.0,The Ring,fear,-1.0,0.5,-0.5,adjective,reversed,afraid,-0.977,0.352,-0.529,-0.02300000000000002,0.14800000000000002,0.029000000000000026,0.14977650015940422,0.15255818562109347
15,29,male,5,2.0,4.0,4.0,300,excitement,-0.5,0.5,-0.5,adjective,reversed,excited,0.816,0.862,0.418,-1.3159999999999998,-0.362,-0.9179999999999999,1.3648809471891676,1.6448781109857349
15,29,male,6,3.0,4.0,4.0,National Lampoon's Van Wilder,disgust,0.0,0.5,-0.5,adjective,reversed,disgusted,-0.898,0.546,-0.452,0.898,-0.04600000000000004,-0.04799999999999999,0.8991774018512698,0.9004576614144609
15,29,male,7,4.0,3.0,5.0,Wall-E,happiness,0.5,0.0,-1.0,adjective,reversed,happy,0.985,0.47,0.39,-0.485,-0.47,-1.3900000000000001,0.6753702688155587,1.5453883007192724
15,29,male,8,3.0,4.0,5.0,Crash,anger,0.0,0.5,-1.0,adjective,reversed,angry,-0.756,0.66,0.208,0.756,-0.16000000000000003,-1.208,0.7727457537896926,1.434015341619468
15,29,male,9,1.0,2.0,4.0,My Girl,sadness,-1.0,-0.5,-0.5,adjective,reversed,sad,-0.55,-0.334,-0.702,-0.44999999999999996,-0.16599999999999998,0.20199999999999996,0.4796415328138296,0.5204421197405144
15,29,male,10,1.0,4.0,5.0,The Fly,disgust,-1.0,0.5,-1.0,adjective,reversed,disgusted,-0.898,0.546,-0.452,-0.10199999999999998,-0.04600000000000004,-0.548,0.11189280584559491,0.5593067137090346
15,29,male,11,3.0,1.0,3.0,Pride and Prejudice,calmness,0.0,-1.0,-0.0,adjective,reversed,calm,0.75,-0.9,-0.373,-0.75,-0.09999999999999998,0.373,0.7566372975210778,0.8435810571604841
15,29,male,12,4.0,3.0,4.0,Modern Times,amusement,0.5,0.0,-0.5,adjective,reversed,amused,0.884,0.694,0.192,-0.384,-0.694,-0.692,0.7931532008382743,1.052594888834256
15,29,male,13,4.0,3.0,3.0,Remember the Titans,happiness,0.5,0.0,-0.0,adjective,reversed,happy,0.985,0.47,0.39,-0.485,-0.47,-0.39,0.6753702688155587,0.7798878124448413
15,29,male,14,2.0,3.0,4.0,Gentleman's Agreement,anger,-0.5,0.0,-0.5,adjective,reversed,angry,-0.756,0.66,0.208,0.256,-0.66,-0.708,0.7079095987483148,1.0011992808627062
15,29,male,15,1.0,4.0,4.0,Psycho,fear,-1.0,0.5,-0.5,adjective,reversed,afraid,-0.977,0.352,-0.529,-0.02300000000000002,0.14800000000000002,0.029000000000000026,0.14977650015940422,0.15255818562109347
15,29,male,16,4.0,5.0,4.0,The Bourne Identity,excitement,0.5,1.0,-0.5,adjective,reversed,excited,0.816,0.862,0.418,-0.31599999999999995,0.138,-0.9179999999999999,0.34481879299133333,0.9806242909493931
15,29,male,17,1.0,2.0,3.0,The Shawshank Redemption,sadness,-1.0,-0.5,-0.0,adjective,reversed,sad,-0.55,-0.334,-0.702,-0.44999999999999996,-0.16599999999999998,0.702,0.4796415328138296,0.8502117383334578
15,29,male,18,2.0,5.0,5.0,The Departed,surprise,-0.5,1.0,-1.0,adjective,reversed,surprised,0.568,0.71,0.078,-1.068,0.29000000000000004,-1.078,1.1066724899445184,1.5449297718666697
16,28,female,1,2.0,2.0,2.0,Searching for Bobby Fischer,calmness,-0.5,-0.5,0.5,adjective,reversed,calm,0.75,-0.9,-0.373,-1.25,0.4,0.873,1.3124404748406688,1.5762705985965735
16,28,female,2,2.0,1.0,1.0,D.O.A.,surprise,-0.5,-1.0,1.0,adjective,reversed,surprised,0.568,0.71,0.078,-1.068,-1.71,0.922,2.016116068087351,2.2169366251654554
16,28,female,3,5.0,4.0,5.0,The Hangover,amusement,1.0,0.5,-1.0,adjective,reversed,amused,0.884,0.694,0.192,0.11599999999999999,-0.19399999999999995,-1.192,0.2260353954583219,1.2132419379497232
16,28,female,4,2.0,5.0,5.0,The Ring,fear,-0.5,1.0,-1.0,adjective,reversed,afraid,-0.977,0.352,-0.529,0.477,0.648,-0.471,0.8046322141202152,0.9323486472344988
16,28,female,5,2.0,3.0,3.0,300,excitement,-0.5,0.0,-0.0,adjective,reversed,excited,0.816,0.862,0.418,-1.3159999999999998,-0.862,-0.418,1.5731814898478813,1.627766568031178
16,28,female,6,1.0,4.0,5.0,National Lampoon's Van Wilder,disgust,-1.0,0.5,-1.0,adjective,reversed,disgusted,-0.898,0.546,-0.452,-0.10199999999999998,-0.04600000000000004,-0.548,0.11189280584559491,0.5593067137090346
16,28,female,7,5.0,4.0,5.0,Wall-E,happiness,1.0,0.5,-1.0,adjective,reversed,happy,0.985,0.47,0.39,0.015000000000000013,0.030000000000000027,-1.3900000000000001,0.033541019662496875,1.3904046173686277
16,28,female,8,1.0,5.0,5.0,Crash,anger,-1.0,1.0,-1.0,adjective,reversed,angry,-0.756,0.66,0.208,-0.244,0.33999999999999997,-1.208,0.4184925327888181,1.278436545159751
16,28,female,9,1.0,2.0,3.0,My Girl,sadness,-1.0,-0.5,-0.0,adjective,reversed,sad,-0.55,-0.334,-0.702,-0.44999999999999996,-0.16599999999999998,0.702,0.4796415328138296,0.8502117383334578
16,28,female,10,2.0,2.0,2.0,The Fly,disgust,-0.5,-0.5,0.5,adjective,reversed,disgusted,-0.898,0.546,-0.452,0.398,-1.046,0.952,1.119160399585332,1.4692937078746373
16,28,female,11,4.0,3.0,3.0,Pride and Prejudice,calmness,0.5,0.0,-0.0,adjective,reversed,calm,0.75,-0.9,-0.373,-0.25,0.9,0.373,0.9340770846134703,1.0057976933757604
16,28,female,12,4.0,2.0,2.0,Modern Times,amusement,0.5,-0.5,0.5,adjective,reversed,amused,0.884,0.694,0.192,-0.384,-1.194,0.308,1.2542296440445027,1.2914937088503373
16,28,female,13,5.0,4.0,4.0,Remember the Titans,happiness,1.0,0.5,-0.5,adjective,reversed,happy,0.985,0.47,0.39,0.015000000000000013,0.030000000000000027,-0.89,0.033541019662496875,0.8906317982196683
16,28,female,14,3.0,1.0,1.0,Gentleman's Agreement,anger,0.0,-1.0,1.0,adjective,reversed,angry,-0.756,0.66,0.208,0.756,-1.6600000000000001,0.792,1.824043859121814,1.9885673234768795
16,28,female,15,2.0,2.0,2.0,Psycho,fear,-0.5,-0.5,0.5,adjective,reversed,afraid,-0.977,0.352,-0.529,0.477,-0.852,1.029,0.9764389381830284,1.418546439141137
16,28,female,16,4.0,4.0,4.0,The Bourne Identity,excitement,0.5,0.5,-0.5,adjective,reversed,excited,0.816,0.862,0.418,-0.31599999999999995,-0.362,-0.9179999999999999,0.4805205510693585,1.036158289065913
16,28,female,17,1.0,3.0,4.0,The Shawshank Redemption,sadness,-1.0,0.0,-0.5,adjective,reversed,sad,-0.55,-0.334,-0.702,-0.44999999999999996,0.334,0.20199999999999996,0.5604069949599131,0.5957012674151365
16,28,female,18,1.0,4.0,3.0,The Departed,surprise,-1.0,0.5,-0.0,adjective,reversed,surprised,0.568,0.71,0.078,-1.568,-0.20999999999999996,-0.078,1.582,1.5839217152372147
17,26,female,1,2.0,1.0,2.0,Searching for Bobby Fischer,calmness,-0.5,-1.0,0.5,adjective,reversed,calm,0.75,-0.9,-0.373,-1.25,-0.09999999999999998,0.873,1.2539936203984452,1.527949279262895
17,26,female,2,5.0,2.0,3.0,D.O.A.,surprise,1.0,-0.5,-0.0,adjective,reversed,surprised,0.568,0.71,0.078,0.43200000000000005,-1.21,-0.078,1.284805043576651,1.2871705403713993
17,26,female,3,4.0,2.0,2.0,The Hangover,amusement,0.5,-0.5,0.5,adjective,reversed,amused,0.884,0.694,0.192,-0.384,-1.194,0.308,1.2542296440445027,1.2914937088503373
17,26,female,4,2.0,5.0,4.0,The Ring,fear,-0.5,1.0,-0.5,adjective,reversed,afraid,-0.977,0.352,-0.529,0.477,0.648,0.029000000000000026,0.8046322141202152,0.8051546435312907
17,26,female,5,1.0,4.0,3.0,300,excitement,-1.0,0.5,-0.0,adjective,reversed,excited,0.816,0.862,0.418,-1.8159999999999998,-0.362,-0.418,1.8517289218457436,1.898321363731652
17,26,female,6,2.0,4.0,5.0,National Lampoon's Van Wilder,disgust,-0.5,0.5,-1.0,adjective,reversed,disgusted,-0.898,0.546,-0.452,0.398,-0.04600000000000004,-0.548,0.4006494727314639,0.6788401873784434
17,26,female,7,5.0,3.0,3.0,Wall-E,happiness,1.0,0.0,-0.0,adjective,reversed,happy,0.985,0.47,0.39,0.015000000000000013,-0.47,-0.39,0.4702393007820592,0.6109214352107806
17,26,female,8,1.0,4.0,5.0,Crash,anger,-1.0,0.5,-1.0,adjective,reversed,angry,-0.756,0.66,0.208,-0.244,-0.16000000000000003,-1.208,0.2917807395973902,1.2427389106324787
17,26,female,9,2.0,2.0,5.0,My Girl,sadness,-0.5,-0.5,-1.0,adjective,reversed,sad,-0.55,-0.334,-0.702,0.050000000000000044,-0.16599999999999998,-0.29800000000000004,0.17336666346215468,0.3447607866332829
17,26,female,10,1.0,3.0,4.0,The Fly,disgust,-1.0,0.0,-0.5,adjective,reversed,disgusted,-0.898,0.546,-0.452,-0.10199999999999998,-0.546,-0.04799999999999999,0.5554457669295897,0.557515919055232
17,26,female,11,5.0,1.0,3.0,Pride and Prejudice,calmness,1.0,-1.0,-0.0,adjective,reversed,calm,0.75,-0.9,-0.373,0.25,-0.09999999999999998,0.373,0.2692582403567252,0.4600315206591827
17,26,female,12,5.0,2.0,3.0,Modern Times,amusement,1.0,-0.5,-0.0,adjective,reversed,amused,0.884,0.694,0.192,0.11599999999999999,-1.194,-0.192,1.1996216070078096,1.2148892953681005
17,26,female,13,4.0,3.0,3.0,Remember the Titans,happiness,0.5,0.0,-0.0,adjective,reversed,happy,0.985,0.47,0.39,-0.485,-0.47,-0.39,0.6753702688155587,0.7798878124448413
17,26,female,14,2.0,2.0,2.0,Gentleman's Agreement,anger,-0.5,-0.5,0.5,adjective,reversed,angry,-0.756,0.66,0.208,0.256,-1.1600000000000001,0.29200000000000004,1.1879124546867923,1.2232742946698425
17,26,female,15,3.0,3.0,3.0,Psycho,fear,0.0,0.0,-0.0,adjective,reversed,afraid,-0.977,0.352,-0.529,0.977,-0.352,0.529,1.038476287644547,1.1654501276330962
17,26,female,16,3.0,4.0,4.0,The Bourne Identity,excitement,0.0,0.5,-0.5,adjective,reversed,excited,0.816,0.862,0.418,-0.816,-0.362,-0.9179999999999999,0.8926925562588723,1.2804780357350922
17,26,female,17,1.0,3.0,4.0,The Shawshank Redemption,sadness,-1.0,0.0,-0.5,adjective,reversed,sad,-0.55,-0.334,-0.702,-0.44999999999999996,0.334,0.20199999999999996,0.5604069949599131,0.5957012674151365
17,26,female,18,2.0,2.0,2.0,The Departed,surprise,-0.5,-0.5,0.5,adjective,reversed,surprised,0.568,0.71,0.078,-1.068,-1.21,0.422,1.613915735098955,1.6681750507665556
18,25,female,1,3.0,2.0,2.0,Searching for Bobby Fischer,calmness,0.0,-0.5,0.5,adjective,reversed,calm,0.75,-0.9,-0.373,-0.75,0.4,0.873,0.85,1.218453528042822
18,25,female,2,3.0,3.0,3.0,D.O.A.,surprise,0.0,0.0,-0.0,adjective,reversed,surprised,0.568,0.71,0.078,-0.568,-0.71,-0.078,0.9092436417154646,0.9125831468967636
18,25,female,3,4.0,4.0,4.0,The Hangover,amusement,0.5,0.5,-0.5,adjective,reversed,amused,0.884,0.694,0.192,-0.384,-0.19399999999999995,-0.692,0.43022319788686425,0.8148349526131043
18,25,female,4,1.0,4.0,5.0,The Ring,fear,-1.0,0.5,-1.0,adjective,reversed,afraid,-0.977,0.352,-0.529,-0.02300000000000002,0.14800000000000002,-0.471,0.14977650015940422,0.49424083198376073
18,25,female,5,2.0,4.0,4.0,300,excitement,-0.5,0.5,-0.5,adjective,reversed,excited,0.816,0.862,0.418,-1.3159999999999998,-0.362,-0.9179999999999999,1.3648809471891676,1.6448781109857349
18,25,female,6,1.0,4.0,5.0,National Lampoon's Van Wilder,disgust,-1.0,0.5,-1.0,adjective,reversed,disgusted,-0.898,0.546,-0.452,-0.10199999999999998,-0.04600000000000004,-0.548,0.11189280584559491,0.5593067137090346
18,25,female,7,4.0,3.0,4.0,Wall-E,happiness,0.5,0.0,-0.5,adjective,reversed,happy,0.985,0.47,0.39,-0.485,-0.47,-0.89,0.6753702688155587,1.1172399026171596
18,25,female,8,1.0,4.0,5.0,Crash,anger,-1.0,0.5,-1.0,adjective,reversed,angry,-0.756,0.66,0.208,-0.244,-0.16000000000000003,-1.208,0.2917807395973902,1.2427389106324787
18,25,female,9,2.0,4.0,3.0,My Girl,sadness,-0.5,0.5,-0.0,adjective,reversed,sad,-0.55,-0.334,-0.702,0.050000000000000044,0.8340000000000001,0.702,0.8354974566089356,1.0912653206255571
18,25,female,10,1.0,2.0,4.0,The Fly,disgust,-1.0,-0.5,-0.5,adjective,reversed,disgusted,-0.898,0.546,-0.452,-0.10199999999999998,-1.046,-0.04799999999999999,1.05096146456471,1.05205703267456
18,25,female,11,4.0,2.0,2.0,Pride and Prejudice,calmness,0.5,-0.5,0.5,adjective,reversed,calm,0.75,-0.9,-0.373,-0.25,0.4,0.873,0.47169905660283024,0.9922847373612073
18,25,female,12,4.0,3.0,3.0,Modern Times,amusement,0.5,0.0,-0.0,adjective,reversed,amused,0.884,0.694,0.192,-0.384,-0.694,-0.192,0.7931532008382743,0.8160612722093851
18,25,female,13,5.0,5.0,4.0,Remember the Titans,happiness,1.0,1.0,-0.5,adjective,reversed,happy,0.985,0.47,0.39,0.015000000000000013,0.53,-0.89,0.5302122216622321,1.0359657330240224
18,25,female,14,2.0,4.0,4.0,Gentleman's Agreement,anger,-0.5,0.5,-0.5,adjective,reversed,angry,-0.756,0.66,0.208,0.256,-0.16000000000000003,-0.708,0.30188739622581134,0.7696752561957543
18,25,female,15,2.0,3.0,3.0,Psycho,fear,-0.5,0.0,-0.0,adjective,reversed,afraid,-0.977,0.352,-0.529,0.477,-0.352,0.529,0.5928178472347134,0.7945275325625916
18,25,female,16,4.0,4.0,3.0,The Bourne Identity,excitement,0.5,0.5,-0.0,adjective,reversed,excited,0.816,0.862,0.418,-0.31599999999999995,-0.362,-0.418,0.4805205510693585,0.6368861750736939
18,25,female,17,2.0,3.0,4.0,The Shawshank Redemption,sadness,-0.5,0.0,-0.5,adjective,reversed,sad,-0.55,-0.334,-0.702,0.050000000000000044,0.334,0.20199999999999996,0.3377217789838257,0.39352255335622127
18,25,female,18,2.0,3.0,3.0,The Departed,surprise,-0.5,0.0,-0.0,adjective,reversed,surprised,0.568,0.71,0.078,-1.068,-0.71,-0.078,1.2824679333223112,1.284837732945293
19,33,male,1,3.0,2.0,1.0,Searching for Bobby Fischer,calmness,0.0,-0.5,1.0,adjective,reversed,calm,0.75,-0.9,-0.373,-0.75,0.4,1.373,0.85,1.6148154693338803
19,33,male,2,4.0,4.0,3.0,D.O.A.,surprise,0.5,0.5,-0.0,adjective,reversed,surprised,0.568,0.71,0.078,-0.06799999999999995,-0.20999999999999996,-0.078,0.22073513539987233,0.23411108474397357
19,33,male,3,4.0,4.0,4.0,The Hangover,amusement,0.5,0.5,-0.5,adjective,reversed,amused,0.884,0.694,0.192,-0.384,-0.19399999999999995,-0.692,0.43022319788686425,0.8148349526131043
19,33,male,4,3.0,4.0,4.0,The Ring,fear,0.0,0.5,-0.5,adjective,reversed,afraid,-0.977,0.352,-0.529,0.977,0.14800000000000002,0.029000000000000026,0.9881462442371575,0.9885716969446374
19,33,male,5,4.0,4.0,4.0,300,excitement,0.5,0.5,-0.5,adjective,reversed,excited,0.816,0.862,0.418,-0.31599999999999995,-0.362,-0.9179999999999999,0.4805205510693585,1.036158289065913
19,33,male,6,3.0,3.0,2.0,National Lampoon's Van Wilder,disgust,0.0,0.0,0.5,adjective,reversed,disgusted,-0.898,0.546,-0.452,0.898,-0.546,0.952,1.0509614645647098,1.4180352604924886
19,33,male,7,5.0,5.0,4.0,Wall-E,happiness,1.0,1.0,-0.5,adjective,reversed,happy,0.985,0.47,0.39,0.015000000000000013,0.53,-0.89,0.5302122216622321,1.0359657330240224
19,33,male,8,1.0,5.0,5.0,Crash,anger,-1.0,1.0,-1.0,adjective,reversed,angry,-0.756,0.66,0.208,-0.244,0.33999999999999997,-1.208,0.4184925327888181,1.278436545159751
19,33,male,9,3.0,3.0,3.0,My Girl,sadness,0.0,0.0,-0.0,adjective,reversed,sad,-0.55,-0.334,-0.702,0.55,0.334,0.702,0.6434718331053816,0.9522919720337876
19,33,male,10,2.0,3.0,3.0,The Fly,disgust,-0.5,0.0,-0.0,adjective,reversed,disgusted,-0.898,0.546,-0.452,0.398,-0.546,0.452,0.6756626377120464,0.8129108192169668
19,33,male,11,4.0,4.0,4.0,Pride and Prejudice,calmness,0.5,0.5,-0.5,adjective,reversed,calm,0.75,-0.9,-0.373,-0.25,1.4,-0.127,1.4221462653327892,1.4278056590446755
19,33,male,12,5.0,5.0,4.0,Modern Times,amusement,1.0,1.0,-0.5,adjective,reversed,amused,0.884,0.694,0.192,0.11599999999999999,0.30600000000000005,-0.692,0.3272491405641885,0.7654776286737581
19,33,male,13,4.0,4.0,4.0,Remember the Titans,happiness,0.5,0.5,-0.5,adjective,reversed,happy,0.985,0.47,0.39,-0.485,0.030000000000000027,-0.89,0.4859269492423733,1.0140142997019321
19,33,male,14,2.0,4.0,3.0,Gentleman's Agreement,anger,-0.5,0.5,-0.0,adjective,reversed,angry,-0.756,0.66,0.208,0.256,-0.16000000000000003,-0.208,0.30188739622581134,0.36660605559646725
19,33,male,15,4.0,4.0,4.0,Psycho,fear,0.5,0.5,-0.5,adjective,reversed,afraid,-0.977,0.352,-0.529,1.4769999999999999,0.14800000000000002,0.029000000000000026,1.4843965103704602,1.484679763450691
19,33,male,16,4.0,4.0,5.0,The Bourne Identity,excitement,0.5,0.5,-1.0,adjective,reversed,excited,0.816,0.862,0.418,-0.31599999999999995,-0.362,-1.418,0.4805205510693585,1.497205396730856
19,33,male,17,2.0,4.0,4.0,The Shawshank Redemption,sadness,-0.5,0.5,-0.5,adjective,reversed,sad,-0.55,-0.334,-0.702,0.050000000000000044,0.8340000000000001,0.20199999999999996,0.8354974566089356,0.8595696597716791
19,33,male,18,2.0,4.0,5.0,The Departed,surprise,-0.5,0.5,-1.0,adjective,reversed,surprised,0.568,0.71,0.078,-1.068,-0.20999999999999996,-1.078,1.0884502744728397,1.5319295022944104
20,23,female,1,4.0,3.0,2.0,Searching for Bobby Fischer,calmness,0.5,0.0,0.5,adjective,reversed,calm,0.75,-0.9,-0.373,-0.25,0.9,0.873,0.9340770846134703,1.2785261045438219
20,23,female,2,3.0,2.0,2.0,D.O.A.,surprise,0.0,-0.5,0.5,adjective,reversed,surprised,0.568,0.71,0.078,-0.568,-1.21,0.422,1.3366839566629054,1.4017160910826414
20,23,female,3,2.0,4.0,3.0,The Hangover,amusement,-0.5,0.5,-0.0,adjective,reversed,amused,0.884,0.694,0.192,-1.384,-0.19399999999999995,-0.192,1.3975306794485765,1.4106580024938715
20,23,female,4,2.0,3.0,2.0,The Ring,fear,-0.5,0.0,0.5,adjective,reversed,afraid,-0.977,0.352,-0.529,0.477,-0.352,1.029,0.5928178472347134,1.1875495779124339
20,23,female,5,2.0,4.0,4.0,300,excitement,-0.5,0.5,-0.5,adjective,reversed,excited,0.816,0.862,0.418,-1.3159999999999998,-0.362,-0.9179999999999999,1.3648809471891676,1.6448781109857349
20,23,female,6,1.0,3.0,4.0,National Lampoon's Van Wilder,disgust,-1.0,0.0,-0.5,adjective,reversed,disgusted,-0.898,0.546,-0.452,-0.10199999999999998,-0.546,-0.04799999999999999,0.5554457669295897,0.557515919055232
20,23,female,7,5.0,3.0,5.0,Wall-E,happiness,1.0,0.0,-1.0,adjective,reversed,happy,0.985,0.47,0.39,0.015000000000000013,-0.47,-1.3900000000000001,0.4702393007820592,1.4673871336494675
20,23,female,8,2.0,3.0,4.0,Crash,anger,-0.5,0.0,-0.5,adjective,reversed,angry,-0.756,0.66,0.208,0.256,-0.66,-0.708,0.7079095987483148,1.0011992808627062
20,23,female,9,3.0,2.0,4.0,My Girl,sadness,0.0,-0.5,-0.5,adjective,reversed,sad,-0.55,-0.334,-0.702,0.55,-0.16599999999999998,0.20199999999999996,0.5745050043298143,0.6089827583766227
20,23,female,10,1.0,2.0,3.0,The Fly,disgust,-1.0,-0.5,-0.0,adjective,reversed,disgusted,-0.898,0.546,-0.452,-0.10199999999999998,-1.046,0.452,1.05096146456471,1.1440384608919405
20,23,female,11,4.0,3.0,4.0,Pride and Prejudice,calmness,0.5,0.0,-0.5,adjective,reversed,calm,0.75,-0.9,-0.373,-0.25,0.9,-0.127,0.9340770846134703,0.9426712046095393
20,23,female,12,4.0,4.0,4.0,Modern Times,amusement,0.5,0.5,-0.5,adjective,reversed,amused,0.884,0.694,0.192,-0.384,-0.19399999999999995,-0.692,0.43022319788686425,0.8148349526131043
20,23,female,13,5.0,4.0,5.0,Remember the Titans,happiness,1.0,0.5,-1.0,adjective,reversed,happy,0.985,0.47,0.39,0.015000000000000013,0.030000000000000027,-1.3900000000000001,0.033541019662496875,1.3904046173686277
20,23,female,14,3.0,2.0,2.0,Gentleman's Agreement,anger,0.0,-0.5,0.5,adjective,reversed,angry,-0.756,0.66,0.208,0.756,-1.1600000000000001,0.29200000000000004,1.3846068033922123,1.4150618361046985
20,23,female,15,2.0,3.0,3.0,Psycho,fear,-0.5,0.0,-0.0,adjective,reversed,afraid,-0.977,0.352,-0.529,0.477,-0.352,0.529,0.5928178472347134,0.7945275325625916
20,23,female,16,4.0,4.0,3.0,The Bourne Identity,excitement,0.5,0.5,-0.0,adjective,reversed,excited,0.816,0.862,0.418,-0.31599999999999995,-0.362,-0.418,0.4805205510693585,0.6368861750736939
20,23,female,17,3.0,3.0,5.0,The Shawshank Redemption,sadness,0.0,0.0,-1.0,adjective,reversed,sad,-0.55,-0.334,-0.702,0.55,0.334,-0.29800000000000004,0.6434718331053816,0.7091262228968832
20,23,female,18,2.0,4.0,4.0,The Departed,surprise,-0.5,0.5,-0.5,adjective,reversed,surprised,0.568,0.71,0.078,-1.068,-0.20999999999999996,-0.578,1.0884502744728397,1.2323992859459145
21,26,male,1,4.0,2.0,3.0,Searching for Bobby Fischer,calmness,0.5,-0.5,-0.0,adjective,reversed,calm,0.75,-0.9,-0.373,-0.25,0.4,0.373,0.47169905660283024,0.6013559677927874
21,26,male,2,2.0,3.0,5.0,D.O.A.,surprise,-0.5,0.0,-1.0,adjective,reversed,surprised,0.568,0.71,0.078,-1.068,-0.71,-1.078,1.2824679333223112,1.6753530971111732
21,26,male,3,5.0,4.0,4.0,The Hangover,amusement,1.0,0.5,-0.5,adjective,reversed,amused,0.884,0.694,0.192,0.11599999999999999,-0.19399999999999995,-0.692,0.2260353954583219,0.7279807689767636
21,26,male,4,1.0,5.0,5.0,The Ring,fear,-1.0,1.0,-1.0,adjective,reversed,afraid,-0.977,0.352,-0.529,-0.02300000000000002,0.648,-0.471,0.6484080505360803,0.8014199897681614
21,26,male,5,3.0,4.0,5.0,300,excitement,0.0,0.5,-1.0,adjective,reversed,excited,0.816,0.862,0.418,-0.816,-0.362,-1.418,0.8926925562588723,1.6755966101660624
21,26,male,6,5.0,5.0,3.0,National Lampoon's Van Wilder,disgust,1.0,1.0,-0.0,adjective,reversed,disgusted,-0.898,0.546,-0.452,1.8980000000000001,0.45399999999999996,0.452,1.9515429792858778,2.0032034345018483
21,26,male,7,4.0,2.0,3.0,Wall-E,happiness,0.5,-0.5,-0.0,adjective,reversed,happy,0.985,0.47,0.39,-0.485,-0.97,-0.39,1.084492969087398,1.152486442436526
21,26,male,8,1.0,4.0,5.0,Crash,anger,-1.0,0.5,-1.0,adjective,reversed,angry,-0.756,0.66,0.208,-0.244,-0.16000000000000003,-1.208,0.2917807395973902,1.2427389106324787
21,26,male,9,1.0,5.0,5.0,My Girl,sadness,-1.0,1.0,-1.0,adjective,reversed,sad,-0.55,-0.334,-0.702,-0.44999999999999996,1.334,-0.29800000000000004,1.4078551061810303,1.4390482966182894
21,26,male,10,1.0,5.0,5.0,The Fly,disgust,-1.0,1.0,-1.0,adjective,reversed,disgusted,-0.898,0.546,-0.452,-0.10199999999999998,0.45399999999999996,-0.548,0.4653170961828073,0.7189047224771862
21,26,male,11,4.0,2.0,3.0,Pride and Prejudice,calmness,0.5,-0.5,-0.0,adjective,reversed,calm,0.75,-0.9,-0.373,-0.25,0.4,0.373,0.47169905660283024,0.6013559677927874
21,26,male,12,3.0,3.0,3.0,Modern Times,amusement,0.0,0.0,-0.0,adjective,reversed,amused,0.884,0.694,0.192,-0.884,-0.694,-0.192,1.123873658379802,1.1401561296594427
21,26,male,13,5.0,5.0,5.0,Remember the Titans,happiness,1.0,1.0,-1.0,adjective,reversed,happy,0.985,0.47,0.39,0.015000000000000013,0.53,-1.3900000000000001,0.5302122216622321,1.4876911641869761
21,26,male,14,1.0,2.0,2.0,Gentleman's Agreement,anger,-1.0,-0.5,0.5,adjective,reversed,angry,-0.756,0.66,0.208,-0.244,-1.1600000000000001,0.29200000000000004,1.185384325862292,1.2208193969625485
21,26,male,15,2.0,4.0,4.0,Psycho,fear,-0.5,0.5,-0.5,adjective,reversed,afraid,-0.977,0.352,-0.529,0.477,0.14800000000000002,0.029000000000000026,0.49943267814591386,0.5002739249651135
21,26,male,16,3.0,3.0,4.0,The Bourne Identity,excitement,0.0,0.0,-0.5,adjective,reversed,excited,0.816,0.862,0.418,-0.816,-0.862,-0.9179999999999999,1.1869709347747315,1.5005412356879766
21,26,male,17,1.0,4.0,4.0,The Shawshank Redemption,sadness,-1.0,0.5,-0.5,adjective,reversed,sad,-0.55,-0.334,-0.702,-0.44999999999999996,0.8340000000000001,0.20199999999999996,0.9476581662181781,0.968947883015387
21,26,male,18,3.0,4.0,5.0,The Departed,surprise,0.0,0.5,-1.0,adjective,reversed,surprised,0.568,0.71,0.078,-0.568,-0.20999999999999996,-1.078,0.6055774104109234,1.236449756358907
22,28,male,1,3.0,2.0,2.0,Searching for Bobby Fischer,calmness,0.0,-0.5,0.5,adjective,reversed,calm,0.75,-0.9,-0.373,-0.75,0.4,0.873,0.85,1.218453528042822
22,28,male,2,4.0,3.0,3.0,D.O.A.,surprise,0.5,0.0,-0.0,adjective,reversed,surprised,0.568,0.71,0.078,-0.06799999999999995,-0.71,-0.078,0.7132489046609185,0.7175012195111586
22,28,male,3,4.0,4.0,3.0,The Hangover,amusement,0.5,0.5,-0.0,adjective,reversed,amused,0.884,0.694,0.192,-0.384,-0.19399999999999995,-0.192,0.43022319788686425,0.4711220648621756
22,28,male,4,1.0,4.0,4.0,The Ring,fear,-1.0,0.5,-0.5,adjective,reversed,afraid,-0.977,0.352,-0.529,-0.02300000000000002,0.14800000000000002,0.029000000000000026,0.14977650015940422,0.15255818562109347
22,28,male,5,4.0,4.0,4.0,300,excitement,0.5,0.5,-0.5,adjective,reversed,excited,0.816,0.862,0.418,-0.31599999999999995,-0.362,-0.9179999999999999,0.4805205510693585,1.036158289065913
22,28,male,6,4.0,3.0,3.0,National Lampoon's Van Wilder,disgust,0.5,0.0,-0.0,adjective,reversed,disgusted,-0.898,0.546,-0.452,1.3980000000000001,-0.546,0.452,1.50083976493162,1.5674259153146604
22,28,male,7,5.0,3.0,4.0,Wall-E,happiness,1.0,0.0,-0.5,adjective,reversed,happy,0.985,0.47,0.39,0.015000000000000013,-0.47,-0.89,0.4702393007820592,1.0065907808041956
22,28,male,8,1.0,4.0,5.0,Crash,anger,-1.0,0.5,-1.0,adjective,reversed,angry,-0.756,0.66,0.208,-0.244,-0.16000000000000003,-1.208,0.2917807395973902,1.2427389106324787
22,28,male,9,1.0,4.0,4.0,My Girl,sadness,-1.0,0.5,-0.5,adjective,reversed,sad,-0.55,-0.334,-0.702,-0.44999999999999996,0.8340000000000001,0.20199999999999996,0.9476581662181781,0.968947883015387
22,28,male,10,3.0,2.0,3.0,The Fly,disgust,0.0,-0.5,-0.0,adjective,reversed,disgusted,-0.898,0.546,-0.452,0.898,-1.046,0.452,1.378593486129976,1.4508011579813411
22,28,male,11,3.0,1.0,1.0,Pride and Prejudice,calmness,0.0,-1.0,1.0,adjective,reversed,calm,0.75,-0.9,-0.373,-0.75,-0.09999999999999998,1.373,0.7566372975210778,1.5676826847292789
22,28,male,12,4.0,3.0,3.0,Modern Times,amusement,0.5,0.0,-0.0,adjective,reversed,amused,0.884,0.694,0.192,-0.384,-0.694,-0.192,0.7931532008382743,0.8160612722093851
22,28,male,13,3.0,1.0,3.0,Remember the Titans,happiness,0.0,-1.0,-0.0,adjective,reversed,happy,0.985,0.47,0.39,-0.985,-1.47,-0.39,1.7694985165294714,1.811967163057874
22,28,male,14,3.0,1.0,3.0,Gentleman's Agreement,anger,0.0,-1.0,-0.0,adjective,reversed,angry,-0.756,0.66,0.208,0.756,-1.6600000000000001,-0.208,1.824043859121814,1.8358649187780676
22,28,male,15,3.0,3.0,3.0,Psycho,fear,0.0,0.0,-0.0,adjective,reversed,afraid,-0.977,0.352,-0.529,0.977,-0.352,0.529,1.038476287644547,1.1654501276330962
22,28,male,16,4.0,3.0,4.0,The Bourne Identity,excitement,0.5,0.0,-0.5,adjective,reversed,excited,0.816,0.862,0.418,-0.31599999999999995,-0.862,-0.9179999999999999,0.9180958555619342,1.29831583214563
22,28,male,17,2.0,3.0,3.0,The Shawshank Redemption,sadness,-0.5,0.0,-0.0,adjective,reversed,sad,-0.55,-0.334,-0.702,0.050000000000000044,0.334,0.702,0.3377217789838257,0.7790121950264963
22,28,male,18,3.0,4.0,4.0,The Departed,surprise,0.0,0.5,-0.5,adjective,reversed,surprised,0.568,0.71,0.078,-0.568,-0.20999999999999996,-0.578,0.6055774104109234,0.8371427596294433
23,25,male,1,4.0,1.0,1.0,Searching for Bobby Fischer,calmness,0.5,-1.0,1.0,adjective,reversed,calm,0.75,-0.9,-0.373,-0.25,-0.09999999999999998,1.373,0.2692582403567252,1.3991529580428297
23,25,male,2,3.0,2.0,2.0,D.O.A.,surprise,0.0,-0.5,0.5,adjective,reversed,surprised,0.568,0.71,0.078,-0.568,-1.21,0.422,1.3366839566629054,1.4017160910826414
23,25,male,3,5.0,3.0,4.0,The Hangover,amusement,1.0,0.0,-0.5,adjective,reversed,amused,0.884,0.694,0.192,0.11599999999999999,-0.694,-0.692,0.7036277424888817,0.9868920913656163
23,25,male,4,1.0,4.0,4.0,The Ring,fear,-1.0,0.5,-0.5,adjective,reversed,afraid,-0.977,0.352,-0.529,-0.02300000000000002,0.14800000000000002,0.029000000000000026,0.14977650015940422,0.15255818562109347
23,25,male,5,4.0,4.0,4.0,300,excitement,0.5,0.5,-0.5,adjective,reversed,excited,0.816,0.862,0.418,-0.31599999999999995,-0.362,-0.9179999999999999,0.4805205510693585,1.036158289065913
23,25,male,6,5.0,4.0,5.0,National Lampoon's Van Wilder,disgust,1.0,0.5,-1.0,adjective,reversed,disgusted,-0.898,0.546,-0.452,1.8980000000000001,-0.04600000000000004,-0.548,1.8985573470401151,1.9760627520400258
23,25,male,7,4.0,2.0,1.0,Wall-E,happiness,0.5,-0.5,1.0,adjective,reversed,happy,0.985,0.47,0.39,-0.485,-0.97,0.61,1.084492969087398,1.2442768984434291
23,25,male,8,1.0,5.0,5.0,Crash,anger,-1.0,1.0,-1.0,adjective,reversed,angry,-0.756,0.66,0.208,-0.244,0.33999999999999997,-1.208,0.4184925327888181,1.278436545159751
23,25,male,9,2.0,2.0,2.0,My Girl,sadness,-0.5,-0.5,0.5,adjective,reversed,sad,-0.55,-0.334,-0.702,0.050000000000000044,-0.16599999999999998,1.202,0.17336666346215468,1.214438141693516
23,25,male,10,2.0,5.0,5.0,The Fly,disgust,-0.5,1.0,-1.0,adjective,reversed,disgusted,-0.898,0.546,-0.452,0.398,0.45399999999999996,-0.548,0.6037549171642413,0.8153674018502335
23,25,male,11,4.0,1.0,1.0,Pride and Prejudice,calmness,0.5,-1.0,1.0,adjective,reversed,calm,0.75,-0.9,-0.373,-0.25,-0.09999999999999998,1.373,0.2692582403567252,1.3991529580428297
23,25,male,12,4.0,2.0,2.0,Modern Times,amusement,0.5,-0.5,0.5,adjective,reversed,amused,0.884,0.694,0.192,-0.384,-1.194,0.308,1.2542296440445027,1.2914937088503373
23,25,male,13,4.0,3.0,3.0,Remember the Titans,happiness,0.5,0.0,-0.0,adjective,reversed,happy,0.985,0.47,0.39,-0.485,-0.47,-0.39,0.6753702688155587,0.7798878124448413
23,25,male,14,2.0,2.0,2.0,Gentleman's Agreement,anger,-0.5,-0.5,0.5,adjective,reversed,angry,-0.756,0.66,0.208,0.256,-1.1600000000000001,0.29200000000000004,1.1879124546867923,1.2232742946698425
23,25,male,15,2.0,2.0,2.0,Psycho,fear,-0.5,-0.5,0.5,adjective,reversed,afraid,-0.977,0.352,-0.529,0.477,-0.852,1.029,0.9764389381830284,1.418546439141137
23,25,male,16,3.0,3.0,2.0,The Bourne Identity,excitement,0.0,0.0,0.5,adjective,reversed,excited,0.816,0.862,0.418,-0.816,-0.862,0.08200000000000002,1.1869709347747315,1.189799983190452
23,25,male,17,2.0,2.0,4.0,The Shawshank Redemption,sadness,-0.5,-0.5,-0.5,adjective,reversed,sad,-0.55,-0.334,-0.702,0.050000000000000044,-0.16599999999999998,0.20199999999999996,0.17336666346215468,0.2661954169402621
23,25,male,18,2.0,4.0,2.0,The Departed,surprise,-0.5,0.5,0.5,adjective,reversed,surprised,0.568,0.71,0.078,-1.068,-0.20999999999999996,0.422,1.0884502744728397,1.167393678242263
